{
    "affinity_pred_value": 1.7157502174377441,
    "affinity_probability_binary": 0.15100400149822235,
    "affinity_pred_value1": 1.5796340703964233,
    "affinity_probability_binary1": 0.023103944957256317,
    "affinity_pred_value2": 1.851866364479065,
    "affinity_probability_binary2": 0.2789040505886078
}