{
    "confidence_score": 0.959228515625,
    "ptm": 0.9771982431411743,
    "iptm": 0.8896797299385071,
    "ligand_iptm": 0.8896797299385071,
    "protein_iptm": 0.0,
    "complex_plddt": 0.9766156673431396,
    "complex_iplddt": 0.9311822056770325,
    "complex_pde": 0.33689451217651367,
    "complex_ipde": 1.2308719158172607,
    "chains_ptm": {
        "0": 0.9802379012107849,
        "1": 0.925301194190979
    },
    "pair_chains_iptm": {
        "0": {
            "0": 0.9802379012107849,
            "1": 0.36146968603134155
        },
        "1": {
            "0": 0.8896797299385071,
            "1": 0.925301194190979
        }
    }
}