{
    "affinity_pred_value": 0.5815370678901672,
    "affinity_probability_binary": 0.44466257095336914,
    "affinity_pred_value1": -0.07451753318309784,
    "affinity_probability_binary1": 0.5043359994888306,
    "affinity_pred_value2": 1.2375916242599487,
    "affinity_probability_binary2": 0.3849891126155853
}