{
    "confidence_score": 0.8950492739677429,
    "ptm": 0.9358136057853699,
    "iptm": 0.9065260887145996,
    "ligand_iptm": 0.9065260887145996,
    "protein_iptm": 0.0,
    "complex_plddt": 0.8921801447868347,
    "complex_iplddt": 0.8296027779579163,
    "complex_pde": 0.46367520093917847,
    "complex_ipde": 1.2544960975646973,
    "chains_ptm": {
        "0": 0.9384781718254089,
        "1": 0.8345997333526611
    },
    "pair_chains_iptm": {
        "0": {
            "0": 0.9384781718254089,
            "1": 0.3882932662963867
        },
        "1": {
            "0": 0.9065260887145996,
            "1": 0.8345997333526611
        }
    }
}