{
    "confidence_score": 0.9754558801651001,
    "ptm": 0.984096884727478,
    "iptm": 0.9519620537757874,
    "ligand_iptm": 0.9519620537757874,
    "protein_iptm": 0.0,
    "complex_plddt": 0.9813292622566223,
    "complex_iplddt": 0.9340159893035889,
    "complex_pde": 0.306917279958725,
    "complex_ipde": 0.673593282699585,
    "chains_ptm": {
        "0": 0.9857962727546692,
        "1": 0.9211295247077942
    },
    "pair_chains_iptm": {
        "0": {
            "0": 0.9857962727546692,
            "1": 0.5179544687271118
        },
        "1": {
            "0": 0.9519620537757874,
            "1": 0.9211295247077942
        }
    }
}