{
    "affinity_pred_value": 1.5209846496582031,
    "affinity_probability_binary": 0.26239681243896484,
    "affinity_pred_value1": 1.7713191509246826,
    "affinity_probability_binary1": 0.2472776621580124,
    "affinity_pred_value2": 1.2706501483917236,
    "affinity_probability_binary2": 0.2775159478187561
}