{
    "affinity_pred_value": 1.6610634326934814,
    "affinity_probability_binary": 0.16321474313735962,
    "affinity_pred_value1": 1.7867439985275269,
    "affinity_probability_binary1": 0.1574058085680008,
    "affinity_pred_value2": 1.5353829860687256,
    "affinity_probability_binary2": 0.16902366280555725
}