{
    "confidence_score": 0.8931211829185486,
    "ptm": 0.9021665453910828,
    "iptm": 0.857811689376831,
    "ligand_iptm": 0.857811689376831,
    "protein_iptm": 0.0,
    "complex_plddt": 0.9019484519958496,
    "complex_iplddt": 0.8492284417152405,
    "complex_pde": 0.6755753755569458,
    "complex_ipde": 1.396601915359497,
    "chains_ptm": {
        "0": 0.9056377410888672,
        "1": 0.8956759572029114
    },
    "pair_chains_iptm": {
        "0": {
            "0": 0.9056377410888672,
            "1": 0.35170167684555054
        },
        "1": {
            "0": 0.857811689376831,
            "1": 0.8956759572029114
        }
    }
}