{
    "affinity_pred_value": 1.6341912746429443,
    "affinity_probability_binary": 0.1307975798845291,
    "affinity_pred_value1": 1.8466826677322388,
    "affinity_probability_binary1": 0.0166633203625679,
    "affinity_pred_value2": 1.4216997623443604,
    "affinity_probability_binary2": 0.24493184685707092
}