{
    "confidence_score": 0.9596821665763855,
    "ptm": 0.9699953198432922,
    "iptm": 0.9038118720054626,
    "ligand_iptm": 0.9038118720054626,
    "protein_iptm": 0.0,
    "complex_plddt": 0.9736497402191162,
    "complex_iplddt": 0.9487414360046387,
    "complex_pde": 0.35629212856292725,
    "complex_ipde": 0.9639219641685486,
    "chains_ptm": {
        "0": 0.9733947515487671,
        "1": 0.9112420678138733
    },
    "pair_chains_iptm": {
        "0": {
            "0": 0.9733947515487671,
            "1": 0.37352678179740906
        },
        "1": {
            "0": 0.9038118720054626,
            "1": 0.9112420678138733
        }
    }
}