Snapshot, Tunnel cluster, Tunnel, Throughput, Cost, Bottleneck radius, Average R error bound, Max. R error bound, Bottleneck R error bound, Curvature, Length, , Axis, Values...
1.pdb, 1, 1, 0.506891916345032, 0.6794574808690429, 1.0175823126324894, -, -, -, 1.3495124417646782, 16.472029391658733, , X, 8.522870107701266, 8.598635515213457, 8.65798418823605, 8.713029407920263, 8.766070382651161, 8.788370361076362, 8.749435194816451, 8.698000425903874, 8.70265400107781, 8.931222388996307, 8.840024734063196, 8.942631434633974, 9.053782399657306, 9.163833661699307, 9.232230490378335, 9.300627319057362, 9.414810893516199, 9.859771430806218, 10.311179140211326, 10.722031303541486, 11.132883466871649, 11.481594474255756, 11.813078761529663, 12.14456304880357, 12.476047336077478, 12.833703495668157, 13.214335508179582, 13.594967520691007, 13.762872030055322, 13.822333778237562, 13.847396413508397, 13.947711366387233, 14.133962086576275, 14.42700240643183, 14.795292529296551
1.pdb, 1, 1, 0.506891916345032, 0.6794574808690429, 1.0175823126324894, -, -, -, 1.3495124417646782, 16.472029391658733, , Y, -0.07607034308504666, 0.37317028673618935, 0.7030262837884818, 0.9254020081755079, 1.1393972773897496, 1.2258992969476883, 0.9251236238938952, 0.5690517839369398, 0.2974269759001409, 0.4367464069448761, 0.2861763601047293, 0.16205709661767, 0.07179710523531446, -0.30356925663620377, -0.7425842940615558, -1.181599331486908, -1.6096548307695557, -1.6726329605908636, -1.633468322306163, -1.5826562651539184, -1.531844208001674, -1.8099796166510589, -2.1793055710515388, -2.548631525452019, -2.9179574798524994, -3.26304263338888, -3.586847189626238, -3.910651745863596, -4.27823511285928, -4.700243882046976, -5.085683909417559, -4.961836115548231, -5.0036001758092885, -5.243789641182202, -5.489283563848637
1.pdb, 1, 1, 0.506891916345032, 0.6794574808690429, 1.0175823126324894, -, -, -, 1.3495124417646782, 16.472029391658733, , Z, 0.224005311677615, 0.43002098958182366, 0.7257969925688227, 1.1701877356132613, 1.6189556931965994, 2.0590484530348756, 2.4529601148347298, 2.8001881513418327, 3.1391708504029188, 3.551855354603089, 3.979269855198013, 4.4523960339884745, 4.909714362780368, 5.15910193962273, 5.388421957809255, 5.617741975995781, 5.84851295654312, 5.94715437579232, 6.126936348023721, 6.407326495380727, 6.687716642737733, 6.796306215231748, 6.857269373751334, 6.9182325322709195, 6.9791956907905055, 7.016443255169676, 7.0328712925275, 7.049299329885324, 7.277471905033693, 7.498430058582973, 7.791990054529184, 8.257155941272726, 8.639461025995868, 8.963943154535828, 9.187158462313825
1.pdb, 1, 1, 0.506891916345032, 0.6794574808690429, 1.0175823126324894, -, -, -, 1.3495124417646782, 16.472029391658733, , distance, 0.7260039024468935, 0.6707953637248659, 0.8048591008471931, 1.0437945014272028, 1.42049206057708, 1.7559493874843382, 1.870001410066689, 2.037891937322592, 2.303321012140967, 2.7297727075599423, 3.1294705477103184, 3.591101266920497, 4.04739243029543, 4.307384077938733, 4.58514276114848, 4.8983171278863225, 5.243386838412517, 5.420329442879648, 5.676662329407188, 6.038199411590711, 6.41834940355838, 6.71377243325997, 7.005598519528919, 7.319978206801579, 7.654132954115337, 7.990569280385921, 8.330771557236512, 8.686444154720304, 9.105463582534663, 9.492747287879153, 9.902654810029183, 10.22263960075216, 10.613189794544189, 11.108459654513355, 11.57171892570829
1.pdb, 1, 1, 0.506891916345032, 0.6794574808690429, 1.0175823126324894, -, -, -, 1.3495124417646782, 16.472029391658733, , length, 0.7260039024468935, 1.2260039024468936, 1.7260039024468936, 2.2260039024468936, 2.7260039024468936, 3.2260039024468936, 3.7260039024468936, 4.226003902446894, 4.726003902446894, 5.226003902446894, 5.726003902446894, 6.226003902446894, 6.726003902446894, 7.226003902446894, 7.726003902446894, 8.226003902446895, 8.726003902446895, 9.226003902446895, 9.726003902446895, 10.226003902446895, 10.726003902446895, 11.226003902446895, 11.726003902446895, 12.226003902446895, 12.726003902446895, 13.226003902446895, 13.726003902446895, 14.226003902446895, 14.726003902446895, 15.226003902446895, 15.726003902446895, 16.226003902446895, 16.726003902446895, 17.226003902446895, 17.726003902446895
1.pdb, 1, 1, 0.506891916345032, 0.6794574808690429, 1.0175823126324894, -, -, -, 1.3495124417646782, 16.472029391658733, , R, 1.644004010618665, 1.5571569295263818, 1.507202947507149, 1.4693259562890078, 1.5220951674185612, 1.6171741588023816, 1.6294911425229326, 1.699216201961147, 1.8142186352252387, 1.776753889427258, 1.825052725327114, 1.837840723532359, 1.9038812521874602, 1.8112404210453674, 1.7306760007403843, 1.7343065227228436, 1.8038389181852528, 1.7236868166701746, 1.5858690208976645, 1.4500733170596376, 1.404747774734749, 1.2245159321884753, 1.0689162866779183, 1.0175853369078902, 1.0775838814378373, 1.2133928656187722, 1.416316307400255, 1.6923618233058975, 1.7602326182574168, 1.798594408658439, 1.862962091114399, 1.9341680086323512, 1.9677804108127168, 1.9623266638996564, 1.9130796793824205
1.pdb, 1, 1, 0.506891916345032, 0.6794574808690429, 1.0175823126324894, -, -, -, 1.3495124417646782, 16.472029391658733, , Upper limit of R overestimation, -, -, -, -, -, -, -, -, -, -, -, -, -, -, -, -, -, -, -, -, -, -, -, -, -, -, -, -, -, -, -, -, -, -, -
2.pdb, 1, 1, 0.5606546387229536, 0.5786501802791825, 1.1391447787099478, -, -, -, 1.2311425094723383, 15.610422309113083, , X, 8.809032966825214, 8.83905257588365, 8.83653778174993, 8.810298854528924, 8.789350909379076, 8.780115907388941, 8.917812727484236, 8.939531762338591, 9.038298757127592, 9.46534914336233, 9.913630535059287, 10.359096691612283, 10.783934562740242, 11.165772048272002, 11.436442906927283, 11.707113765582564, 11.73905618406616, 11.92149395772995, 12.241775493135341, 12.547119870170404, 12.8391561452147, 13.131192420258996, 13.423228695303294, 13.71526497034759, 13.935061262882385, 14.1316428019481, 14.44544051356312, 14.66807136802558, 15.02247860301077, 15.478841770545591, 15.935204938080412, 16.367145848499877, 16.730208598377377
2.pdb, 1, 1, 0.5606546387229536, 0.5786501802791825, 1.1391447787099478, -, -, -, 1.2311425094723383, 15.610422309113083, , Y, -0.21242387968192222, -0.11906696746638111, -0.060434621425988704, -0.06283403233854569, -0.070647127612984, -0.09012901939249955, -0.23925566969440948, -0.3473903346332689, -0.3475726485448985, -0.3372682856191129, -0.35708065394304095, -0.3650325920810706, -0.2860787029515434, -0.29901891461843244, -0.5495280939526167, -0.8000372732868011, -1.1690005717061775, -1.5561819205091223, -1.9311653056810496, -2.2992565229657176, -2.6612072367552004, -3.0231579505446833, -3.385108664334166, -3.747059378123649, -4.164797062726071, -4.621276110320876, -4.909571707863723, -5.299373252843008, -5.542227687835096, -5.740967919485916, -5.9397081511367364, -6.137025314511072, -6.3303289944163375
2.pdb, 1, 1, 0.5606546387229536, 0.5786501802791825, 1.1391447787099478, -, -, -, 1.2311425094723383, 15.610422309113083, , Z, 0.6073544974277413, 1.0976435040488957, 1.591305003006595, 2.0904245179717726, 2.589924406997017, 3.084856966386069, 3.5251979925200456, 3.99934016694659, 4.423760845057228, 4.613519981590466, 4.834090296727469, 5.058381230934914, 5.30993453869847, 5.585491642707083, 5.923104493979257, 6.26071734525143, 6.556894449264879, 6.726134925791656, 6.808640676641933, 6.944605326786015, 7.128198613279656, 7.311791899773296, 7.495385186266937, 7.678978472760577, 7.790345938721647, 7.767504923235138, 7.624933431223512, 7.747303635664496, 7.903739366683604, 7.951014937975374, 7.998290509267142, 8.107606052359156, 8.391893102691158
2.pdb, 1, 1, 0.5606546387229536, 0.5786501802791825, 1.1391447787099478, -, -, -, 1.2311425094723383, 15.610422309113083, , distance, 0.3047135254949145, 0.23524029829437484, 0.7220588604948325, 1.2217516274796998, 1.721697717368461, 2.2167846769309327, 2.66222542046837, 3.143790008744295, 3.570274243941356, 3.8032879303855407, 4.113966454491153, 4.460923623910109, 4.846420441783697, 5.256970290569448, 5.695505380465564, 6.143437672988513, 6.471905320921923, 6.777202060558545, 7.087331295005017, 7.452205006603275, 7.860702476245369, 8.279246788184128, 8.706389110260602, 9.140924203759242, 9.514308754706033, 9.807884697202255, 10.018427491817588, 10.416599321741879, 10.841113596427453, 11.236172722903419, 11.639304571459306, 12.070819706776689, 12.564742430127842
2.pdb, 1, 1, 0.5606546387229536, 0.5786501802791825, 1.1391447787099478, -, -, -, 1.2311425094723383, 15.610422309113083, , length, 0.3047135254949145, 0.8047135254949145, 1.3047135254949145, 1.8047135254949145, 2.3047135254949147, 2.8047135254949147, 3.3047135254949147, 3.8047135254949147, 4.304713525494915, 4.804713525494915, 5.304713525494915, 5.804713525494915, 6.304713525494915, 6.804713525494915, 7.304713525494915, 7.804713525494915, 8.304713525494915, 8.804713525494915, 9.304713525494915, 9.804713525494915, 10.304713525494915, 10.804713525494915, 11.304713525494915, 11.804713525494915, 12.304713525494915, 12.804713525494915, 13.304713525494915, 13.804713525494915, 14.304713525494915, 14.804713525494915, 15.304713525494915, 15.804713525494915, 16.304713525494915
2.pdb, 1, 1, 0.5606546387229536, 0.5786501802791825, 1.1391447787099478, -, -, -, 1.2311425094723383, 15.610422309113083, , R, 1.8900890289546892, 1.8564823143241072, 1.8784013488601599, 1.9274649993774065, 2.04731669114466, 2.221501495766179, 2.2028965069353497, 2.1377651269515763, 2.1392952036248394, 1.9013399599552299, 1.6985973238795384, 1.5649855788581932, 1.4633233628949365, 1.4307299623315226, 1.4336584090653715, 1.5297569665764519, 1.600658091785234, 1.4840992955570067, 1.304570654999756, 1.1852545511782686, 1.1389426781084293, 1.1983049074372134, 1.3559890466505935, 1.5954057995500757, 1.840652038543139, 2.0354650908333403, 2.0957008572311944, 2.0678350530157985, 2.0481129810676766, 1.9486453723100483, 1.926930991141093, 1.9508186458302597, 1.958278876974845
2.pdb, 1, 1, 0.5606546387229536, 0.5786501802791825, 1.1391447787099478, -, -, -, 1.2311425094723383, 15.610422309113083, , Upper limit of R overestimation, -, -, -, -, -, -, -, -, -, -, -, -, -, -, -, -, -, -, -, -, -, -, -, -, -, -, -, -, -, -, -, -, -
2.pdb, 1, 2, 0.5488043835631613, 0.6000132150601584, 1.1391447787099478, -, -, -, 1.3873097012644586, 15.647490052107134, , X, 8.809032966825214, 8.83905257588365, 8.83653778174993, 8.810298854528924, 8.789350909379076, 8.780115907388941, 8.917812727484236, 8.939531762338591, 9.038298757127592, 9.46534914336233, 9.913630535059287, 10.359096691612283, 10.783934562740242, 11.165772048272002, 11.436442906927283, 11.707113765582564, 11.73905618406616, 11.92149395772995, 12.241775493135341, 12.547119870170404, 12.8391561452147, 13.131192420258996, 13.423228695303294, 13.71526497034759, 13.935061262882385, 14.1316428019481, 14.44544051356312, 14.66807136802558, 14.869411130586183, 14.931654383161183, 15.045010171865691, 15.158365960570197, 15.271721749274706
2.pdb, 1, 2, 0.5488043835631613, 0.6000132150601584, 1.1391447787099478, -, -, -, 1.3873097012644586, 15.647490052107134, , Y, -0.21242387968192222, -0.11906696746638111, -0.060434621425988704, -0.06283403233854569, -0.070647127612984, -0.09012901939249955, -0.23925566969440948, -0.3473903346332689, -0.3475726485448985, -0.3372682856191129, -0.35708065394304095, -0.3650325920810706, -0.2860787029515434, -0.29901891461843244, -0.5495280939526167, -0.8000372732868011, -1.1690005717061775, -1.5561819205091223, -1.9311653056810496, -2.2992565229657176, -2.6612072367552004, -3.0231579505446833, -3.385108664334166, -3.747059378123649, -4.164797062726071, -4.621276110320876, -4.909571707863723, -5.299373252843008, -5.736942288448706, -6.124797622758147, -6.52181876146809, -6.918839900178033, -7.3158610388879755
2.pdb, 1, 2, 0.5488043835631613, 0.6000132150601584, 1.1391447787099478, -, -, -, 1.3873097012644586, 15.647490052107134, , Z, 0.6073544974277413, 1.0976435040488957, 1.591305003006595, 2.0904245179717726, 2.589924406997017, 3.084856966386069, 3.5251979925200456, 3.99934016694659, 4.423760845057228, 4.613519981590466, 4.834090296727469, 5.058381230934914, 5.30993453869847, 5.585491642707083, 5.923104493979257, 6.26071734525143, 6.556894449264879, 6.726134925791656, 6.808640676641933, 6.944605326786015, 7.128198613279656, 7.311791899773296, 7.495385186266937, 7.678978472760577, 7.790345938721647, 7.767504923235138, 7.624933431223512, 7.747303635664496, 7.667041368742114, 7.368682652990756, 7.086681446282984, 6.804680239575212, 6.52267903286744
2.pdb, 1, 2, 0.5488043835631613, 0.6000132150601584, 1.1391447787099478, -, -, -, 1.3873097012644586, 15.647490052107134, , distance, 0.3047135254949145, 0.23524029829437484, 0.7220588604948325, 1.2217516274796998, 1.721697717368461, 2.2167846769309327, 2.66222542046837, 3.143790008744295, 3.570274243941356, 3.8032879303855407, 4.113966454491153, 4.460923623910109, 4.846420441783697, 5.256970290569448, 5.695505380465564, 6.143437672988513, 6.471905320921923, 6.777202060558545, 7.087331295005017, 7.452205006603275, 7.860702476245369, 8.279246788184128, 8.706389110260602, 9.140924203759242, 9.514308754706033, 9.807884697202255, 10.018427491817588, 10.416599321741879, 10.70338322742679, 10.76562995035818, 10.893732289677859, 11.043007659613883, 11.212610451692854
2.pdb, 1, 2, 0.5488043835631613, 0.6000132150601584, 1.1391447787099478, -, -, -, 1.3873097012644586, 15.647490052107134, , length, 0.3047135254949145, 0.8047135254949145, 1.3047135254949145, 1.8047135254949145, 2.3047135254949147, 2.8047135254949147, 3.3047135254949147, 3.8047135254949147, 4.304713525494915, 4.804713525494915, 5.304713525494915, 5.804713525494915, 6.304713525494915, 6.804713525494915, 7.304713525494915, 7.804713525494915, 8.304713525494915, 8.804713525494915, 9.304713525494915, 9.804713525494915, 10.304713525494915, 10.804713525494915, 11.304713525494915, 11.804713525494915, 12.304713525494915, 12.804713525494915, 13.304713525494915, 13.804713525494915, 14.304713525494915, 14.804713525494915, 15.304713525494915, 15.804713525494915, 16.304713525494915
2.pdb, 1, 2, 0.5488043835631613, 0.6000132150601584, 1.1391447787099478, -, -, -, 1.3873097012644586, 15.647490052107134, , R, 1.8900890289546892, 1.8564823143241072, 1.8784013488601599, 1.9274649993774065, 2.04731669114466, 2.221501495766179, 2.2028965069353497, 2.1377651269515763, 2.1392952036248394, 1.9013399599552299, 1.6985973238795384, 1.5649855788581932, 1.4633233628949365, 1.4307299623315226, 1.4336584090653715, 1.5297569665764519, 1.600658091785234, 1.4840992955570067, 1.304570654999756, 1.1852545511782686, 1.1389426781084293, 1.1983049074372134, 1.3559890466505935, 1.5954057995500757, 1.840652038543139, 2.0354650908333403, 2.0957008572311944, 2.0678350530157985, 1.9559703364865666, 1.7948461474378525, 1.6993689378422283, 1.6885250611039193, 1.7632438002173274
2.pdb, 1, 2, 0.5488043835631613, 0.6000132150601584, 1.1391447787099478, -, -, -, 1.3873097012644586, 15.647490052107134, , Upper limit of R overestimation, -, -, -, -, -, -, -, -, -, -, -, -, -, -, -, -, -, -, -, -, -, -, -, -, -, -, -, -, -, -, -, -, -
3.pdb, 1, 2, 0.4805104817987472, 0.7329062364522851, 0.9852603609485755, -, -, -, 1.3562000825484137, 15.605002724631635, , X, 8.954810850888068, 8.979528387597401, 8.976853060686878, 8.974177733776354, 8.97150240686583, 8.965832138640042, 8.87862929569339, 8.831071859787656, 8.996908337284442, 9.162744814781227, 9.340135493281222, 9.766514978129832, 10.112042334034717, 10.461707648784682, 10.811372963534646, 11.157716554865045, 11.501454721316817, 11.89128061551131, 11.9145927942242, 11.821133897149222, 11.928368338408896, 12.163917012718674, 12.399465687028451, 12.63501436133823, 12.888113972517445, 13.190368975323256, 13.492623978129066, 13.794878980934877, 13.983216020701326, 14.28855069497566, 14.6714106558294, 15.051364188992803, 15.455735313728136
3.pdb, 1, 2, 0.4805104817987472, 0.7329062364522851, 0.9852603609485755, -, -, -, 1.3562000825484137, 15.605002724631635, , Y, -0.2898745856000346, -0.07802687202078065, 0.2195479617219756, 0.5171227954647319, 0.8146976292074882, 1.1023884708990055, 0.987118633077563, 0.7537257395451443, 0.5860419589447634, 0.4183581783443826, 0.26552455698140737, 0.4588550105244638, 0.2508288021545323, 0.08164117234109342, -0.08754645747234552, -0.21012081709861252, -0.2961336216283609, -0.38032562268163195, -0.7161897491523124, -1.1623356181238371, -1.5883802698749805, -2.0027032940828047, -2.4170263182906293, -2.831349342498453, -3.236374236975119, -3.6153576037698154, -3.994340970564511, -4.3733243373592074, -4.802633024091109, -5.110251457762585, -5.336339568346757, -5.444559277930121, -5.548710684937042
3.pdb, 1, 2, 0.4805104817987472, 0.7329062364522851, 0.9852603609485755, -, -, -, 1.3562000825484137, 15.605002724631635, , Z, 0.5354724305062158, 0.9759011245879117, 1.3776996573738003, 1.7794981901596887, 2.1812967229455773, 2.58470535971375, 3.0575244388447036, 3.460887199597458, 3.9017731400117803, 4.3426590804261025, 4.771452338512926, 4.9423279364965085, 5.229189192984703, 5.5440061454807825, 5.858823097976862, 6.194909258207328, 6.547678120752341, 6.847317575516569, 7.098041585877798, 7.301689872907449, 7.4451914418081415, 7.5963643680951884, 7.747537294382235, 7.898710220669283, 8.042346891750364, 8.164876565592321, 8.287406239434278, 8.409935913276234, 8.36537832685398, 8.462338268119256, 8.29905936697717, 8.173334075864929, 8.439916742822897
3.pdb, 1, 2, 0.4805104817987472, 0.7329062364522851, 0.9852603609485755, -, -, -, 1.3562000825484137, 15.605002724631635, , distance, 0.41539225251017503, 0.16442697918987442, 0.5945932670607371, 1.0862992566426686, 1.5832090818116435, 2.0771972718497915, 2.427536344242887, 2.7174632994983567, 3.104425978696336, 3.5199878593951017, 3.9457948133373946, 4.2062247028824915, 4.548224941150944, 4.945092900110228, 5.359247845186267, 5.803801384406442, 6.268940695753268, 6.712205261597707, 6.970044630352211, 7.167822226602792, 7.416829711153932, 7.7432895291124355, 8.08750285929278, 8.447299702655013, 8.819300136803108, 9.199481217295016, 9.590664962958108, 9.99155914740341, 10.24411225203142, 10.613186970592261, 10.80865332626028, 10.985981941144882, 11.443926764696172
3.pdb, 1, 2, 0.4805104817987472, 0.7329062364522851, 0.9852603609485755, -, -, -, 1.3562000825484137, 15.605002724631635, , length, 0.41539225251017503, 0.915392252510175, 1.415392252510175, 1.915392252510175, 2.415392252510175, 2.915392252510175, 3.415392252510175, 3.915392252510175, 4.415392252510175, 4.915392252510175, 5.415392252510175, 5.915392252510175, 6.415392252510175, 6.915392252510175, 7.415392252510175, 7.915392252510175, 8.415392252510175, 8.915392252510175, 9.415392252510175, 9.915392252510175, 10.415392252510175, 10.915392252510175, 11.415392252510175, 11.915392252510175, 12.415392252510175, 12.915392252510175, 13.415392252510175, 13.915392252510175, 14.415392252510175, 14.915392252510175, 15.415392252510175, 15.915392252510175, 16.415392252510173
3.pdb, 1, 2, 0.4805104817987472, 0.7329062364522851, 0.9852603609485755, -, -, -, 1.3562000825484137, 15.605002724631635, , R, 2.018186798952068, 1.850063625300962, 1.7116637041374128, 1.6552903413835798, 1.685754726446013, 1.797182290311959, 1.8235992976607627, 1.8233625830547788, 1.7551416210073094, 1.7706906085628902, 1.8568357067045185, 1.7378447695760062, 1.4849231130776335, 1.2848582461890097, 1.1749166057292528, 1.149022163455834, 1.2138211472319405, 1.324889145537077, 1.3187797454387191, 1.3782750029529127, 1.2456622318845747, 1.0655597479870218, 0.98729471972375, 1.0216560062628435, 1.150618873899263, 1.3380811392943384, 1.603266424896473, 1.9264595676678853, 2.1296623512139803, 2.2075873558159103, 2.2323061099780066, 2.206777701782154, 2.2043315194966135
3.pdb, 1, 2, 0.4805104817987472, 0.7329062364522851, 0.9852603609485755, -, -, -, 1.3562000825484137, 15.605002724631635, , Upper limit of R overestimation, -, -, -, -, -, -, -, -, -, -, -, -, -, -, -, -, -, -, -, -, -, -, -, -, -, -, -, -, -, -, -, -, -
6.pdb, 1, 1, 0.6709463680193162, 0.39906607364109353, 1.6901136713650466, -, -, -, 1.2855947383860726, 14.242397212673868, , X, 9.22459209747779, 9.247546922473603, 9.270501747469414, 9.293456572465226, 9.316411397461037, 9.324898611411115, 9.26208214168884, 9.224663038731057, 9.3033002115917, 9.314140193710033, 9.340414266653749, 9.39646810373211, 9.452521940810472, 9.508575777888835, 9.564629614967195, 10.000812340260804, 10.45207990920497, 10.903347478149136, 11.273039199478742, 11.568184289104046, 11.859720977220613, 12.185918220663126, 12.512281093706923, 12.847552530115228, 13.198230927254066, 13.436910090901682, 13.737296153198676, 13.864733397296938, 14.147724043518531, 14.50376169860716
6.pdb, 1, 1, 0.6709463680193162, 0.39906607364109353, 1.6901136713650466, -, -, -, 1.2855947383860726, 14.242397212673868, , Y, 0.034075899261322457, 0.15864776524248608, 0.2832196312236497, 0.40779149720481334, 0.5323633631859769, 0.5900839204557338, 0.23062046841356518, -0.05392381022246508, -0.09075114259129412, -0.33948606753753907, -0.7691469881286399, -1.1929176305474467, -1.6166882729662533, -2.0404589153850603, -2.4642295578038667, -2.4254711938157327, -2.368358061321961, -2.3112449288281893, -2.247533017031299, -2.1805521776824692, -2.113503228581465, -2.410746606561287, -2.764875052074774, -3.1103164457031194, -3.4276401713609057, -3.843527305691445, -4.222036177087133, -4.592700363981606, -4.9756672163225435, -5.319099896516757
6.pdb, 1, 1, 0.6709463680193162, 0.39906607364109353, 1.6901136713650466, -, -, -, 1.2855947383860726, 14.242397212673868, , Z, 0.29468703890342135, 0.778375912266643, 1.2620647856298648, 1.7457536589930864, 2.229442532356308, 2.692213269426617, 3.033643281505166, 3.4183372202091244, 3.8854323357230895, 4.288363326458093, 4.535190867456864, 4.79456783245712, 5.053944797457376, 5.313321762457633, 5.572698727457889, 5.782270154760798, 5.989865124150645, 6.197460093540491, 6.517119222560688, 6.914778277694013, 7.3154162662902955, 7.478983871946785, 7.6134469493204655, 7.740399033608487, 7.824215188102974, 7.955833011882376, 8.06482355655618, 8.28631753158653, 8.35864946815855, 8.431389981860397
6.pdb, 1, 1, 0.6709463680193162, 0.39906607364109353, 1.6901136713650466, -, -, -, 1.2855947383860726, 14.242397212673868, , distance, 0.690395414338804, 0.4604367246430867, 0.6688483584939543, 1.0875266782567048, 1.555014606098626, 1.9927374241530602, 2.2217367079664303, 2.575539058205452, 3.0492013041094244, 3.460552394472493, 3.764337695966973, 4.119937818019587, 4.503058622693919, 4.90725853144993, 5.3277420761104946, 5.5699965408450485, 5.837724484208056, 6.134589867466168, 6.520012671411098, 6.956063213494629, 7.401279844060687, 7.764523651282435, 8.13336237564774, 8.510588891741467, 8.862627306266491, 9.24636257115837, 9.638420745650501, 10.03075942852702, 10.403132763205562, 10.803110259893044
6.pdb, 1, 1, 0.6709463680193162, 0.39906607364109353, 1.6901136713650466, -, -, -, 1.2855947383860726, 14.242397212673868, , length, 0.690395414338804, 1.190395414338804, 1.690395414338804, 2.190395414338804, 2.690395414338804, 3.190395414338804, 3.690395414338804, 4.190395414338804, 4.690395414338804, 5.190395414338804, 5.690395414338804, 6.190395414338804, 6.690395414338804, 7.190395414338804, 7.690395414338804, 8.190395414338804, 8.690395414338804, 9.190395414338804, 9.690395414338804, 10.190395414338804, 10.690395414338804, 11.190395414338804, 11.690395414338804, 12.190395414338804, 12.690395414338804, 13.190395414338804, 13.690395414338804, 14.190395414338804, 14.690395414338804, 15.190395414338804
6.pdb, 1, 1, 0.6709463680193162, 0.39906607364109353, 1.6901136713650466, -, -, -, 1.2855947383860726, 14.242397212673868, , R, 2.0182891879451574, 1.8901421972721535, 1.839830965938605, 1.871183127655611, 1.981785553068239, 2.1432753918791363, 2.2330157175273646, 2.2095134304079833, 2.187346895173044, 2.1008720785408324, 1.9174085619383205, 1.7895070758938194, 1.7421198091838594, 1.7790913692542107, 1.8974024280254242, 1.7622530430853807, 1.6939789857058407, 1.7112343856421812, 1.7189412472056154, 1.7378817879524544, 1.8370163941005055, 1.7423842813092965, 1.696500309346184, 1.7251672847274067, 1.7852980075077218, 2.0075398684672994, 2.2369044491129957, 2.337362754364656, 2.2971788829350768, 2.2577421015601233
6.pdb, 1, 1, 0.6709463680193162, 0.39906607364109353, 1.6901136713650466, -, -, -, 1.2855947383860726, 14.242397212673868, , Upper limit of R overestimation, -, -, -, -, -, -, -, -, -, -, -, -, -, -, -, -, -, -, -, -, -, -, -, -, -, -, -, -, -, -
7.pdb, 1, 1, 0.6249304479784616, 0.47011491867263544, 1.4180373311214962, -, -, -, 1.2490067264260802, 13.120086271728182, , X, 8.453867583925243, 8.461801076051032, 8.46973456817682, 8.47766806030261, 8.407785306725994, 8.233441405379372, 8.209455030196905, 8.353972250442133, 8.64214065647374, 8.978412074425933, 9.396225911680023, 9.787230317830543, 10.178234723981063, 10.408236896803205, 10.592861786536906, 10.777486676270607, 11.067010195419126, 11.430439536447599, 11.847447831253247, 12.202376523557577, 12.423486043943036, 12.540723524262571, 12.738519387559375, 12.963496309721346, 13.212749836109593, 13.654263666025425, 14.095777495941256, 14.537291325857089
7.pdb, 1, 1, 0.6249304479784616, 0.47011491867263544, 1.4180373311214962, -, -, -, 1.2490067264260802, 13.120086271728182, , Y, -0.05701524165434703, 0.02798103557449387, 0.11297731280333477, 0.19797359003217568, 0.19144002939216487, 0.06243927480086768, -0.16263887715642333, -0.3749278499041526, -0.530396665964603, -0.6352280869176319, -0.6877524707146971, -0.8081285955918885, -0.9285047204690798, -1.227541254538612, -1.5769318973494968, -1.9263225401603816, -2.216965001069423, -2.110879570867931, -2.3458077696394186, -2.6348573453094817, -3.0061778490691973, -3.490559663632859, -3.9220827795994135, -4.335912799636309, -4.697973546008314, -4.9257620817709675, -5.153550617533621, -5.381339153296274
7.pdb, 1, 1, 0.6249304479784616, 0.47011491867263544, 1.4180373311214962, -, -, -, 1.2490067264260802, 13.120086271728182, , Z, 0.318388684311938, 0.8110474836446284, 1.3037062829773187, 1.7963650823100092, 2.273267830771133, 2.719778287933238, 3.1098108729619507, 3.5383200874351948, 3.9161467842535256, 4.220749926466943, 4.391669435495829, 4.679115331153482, 4.966561226811136, 5.268741363123501, 5.575074235677224, 5.881407108230947, 5.98930702190405, 6.207019405809979, 6.345070073413761, 6.545925206218836, 6.71114175534195, 6.751445686033707, 6.817944742271125, 6.985665042207624, 7.194689548489357, 7.1383164966989785, 7.081943444908599, 7.02557039311822
7.pdb, 1, 1, 0.6249304479784616, 0.47011491867263544, 1.4180373311214962, -, -, -, 1.2490067264260802, 13.120086271728182, , distance, 0.6816445223718509, 0.40798866868669625, 0.6068527438134699, 1.034449492034836, 1.4952645527980402, 1.955976871672253, 2.3335476094012564, 2.733187294869325, 3.089485950695839, 3.401833055840953, 3.6177013580342083, 3.9920012651046126, 4.391398989532961, 4.808312442317129, 5.239440490877353, 5.681866310636718, 5.978367570972436, 6.269925018938439, 6.644059547015519, 7.073636382300166, 7.450877983966548, 7.741023950877626, 8.083985563334984, 8.516851930864615, 8.970621009856421, 9.271896898619367, 9.58979159808895, 9.922707981742052
7.pdb, 1, 1, 0.6249304479784616, 0.47011491867263544, 1.4180373311214962, -, -, -, 1.2490067264260802, 13.120086271728182, , length, 0.6816445223718509, 1.181644522371851, 1.681644522371851, 2.181644522371851, 2.681644522371851, 3.181644522371851, 3.681644522371851, 4.181644522371851, 4.681644522371851, 5.181644522371851, 5.681644522371851, 6.181644522371851, 6.681644522371851, 7.181644522371851, 7.681644522371851, 8.181644522371851, 8.681644522371851, 9.181644522371851, 9.681644522371851, 10.181644522371851, 10.681644522371851, 11.181644522371851, 11.681644522371851, 12.181644522371851, 12.681644522371851, 13.181644522371851, 13.681644522371851, 14.181644522371851
7.pdb, 1, 1, 0.6249304479784616, 0.47011491867263544, 1.4180373311214962, -, -, -, 1.2490067264260802, 13.120086271728182, , R, 1.9510006823447628, 1.8771179262851707, 1.8835862505196663, 1.9699138153145952, 2.0695418999384376, 2.157092699268202, 2.1528196278200813, 2.1740305942942983, 2.2262227106348655, 2.3130121223336877, 2.1395182267683612, 1.9109325294868695, 1.7501559991161575, 1.6327336557534442, 1.5906425580119021, 1.6374269697625972, 1.5494845319129549, 1.6266829538629024, 1.6162773643579744, 1.5912562108091246, 1.5256665316656826, 1.4658990839100758, 1.4640923319951396, 1.4512110536960974, 1.4678335914396239, 1.4177529480667375, 1.4623157067880868, 1.5970018498579874
7.pdb, 1, 1, 0.6249304479784616, 0.47011491867263544, 1.4180373311214962, -, -, -, 1.2490067264260802, 13.120086271728182, , Upper limit of R overestimation, -, -, -, -, -, -, -, -, -, -, -, -, -, -, -, -, -, -, -, -, -, -, -, -, -, -, -, -
9.pdb, 1, 1, 0.6076096636307939, 0.4982226037938525, 1.2283487797543715, -, -, -, 1.4680742812007912, 14.989822124484517, , X, 8.93085179244777, 9.023679115111195, 9.053486685965938, 9.055773778518281, 9.058362647734725, 9.076915438336648, 9.084408439815634, 9.242277228125076, 9.431339883407347, 9.619673217820928, 9.8226788708272, 10.229645823206718, 10.28846452623565, 10.594871907420883, 10.915212486146945, 11.281917499170524, 11.627859395684911, 11.870730948534357, 12.092165157647152, 12.171499404327088, 12.00987825833095, 11.851869346308627, 11.968027146018615, 12.178399781341573, 12.352719156685035, 12.606729171074194, 12.860739185463352, 13.11474919985251, 13.383046641291257, 13.60214659138674, 14.03454641792256, 14.493391998128322
9.pdb, 1, 1, 0.6076096636307939, 0.4982226037938525, 1.2283487797543715, -, -, -, 1.4680742812007912, 14.989822124484517, , Y, -0.20480638395210957, -0.1773912041409559, 0.0342858618499593, 0.3159959149083845, 0.5977619771740709, 0.8824909145986075, 1.1860241350716323, 1.3919061444965146, 1.3493983665092946, 1.2041346594060334, 1.0794379566462893, 1.266560841649328, 1.1472948478599116, 0.9332689528693203, 0.7185548362158073, 0.503585510823408, 0.4218918096639094, 0.1421669167225919, -0.1318677840101527, -0.47027602806075564, -0.936106950261424, -1.3795981982847396, -1.8049988540978357, -2.258049379183243, -2.6294952068572197, -3.0575808814849434, -3.485666556112667, -3.9137522307403905, -4.2789340689286135, -4.629758924031125, -4.688172917573493, -4.862021443581568
9.pdb, 1, 1, 0.6076096636307939, 0.4982226037938525, 1.2283487797543715, -, -, -, 1.4680742812007912, 14.989822124484517, , Z, -0.34916640479511013, 0.12460205933192176, 0.5665007012545127, 0.9795796467521938, 1.3926124393278119, 1.8032037521365165, 2.1837516155106034, 2.5006658759799425, 2.9471866263272863, 3.3869922772087637, 3.8141825294506697, 4.0279010705825975, 4.445987692615306, 4.776384536646374, 5.092781142099191, 5.356059744654951, 5.696010958504429, 6.031819524633209, 6.385867779918725, 6.653131717215914, 6.736078429559259, 6.8977818417951955, 7.02477337542367, 7.04687713137396, 6.926976591966545, 6.879843081928076, 6.832709571889607, 6.785576061851138, 6.948948019105138, 7.097681591739309, 6.8954839090631745, 6.8357828364825535
9.pdb, 1, 1, 0.6076096636307939, 0.4982226037938525, 1.2283487797543715, -, -, -, 1.4680742812007912, 14.989822124484517, , distance, 1.229107624771522, 0.7721255922739105, 0.37533587499471655, 0.4436797900214946, 0.8677413226943476, 1.3479445087852522, 1.8282566146408163, 2.2204612813178635, 2.578132240097583, 2.920753035645953, 3.3038111915490993, 3.692660347851838, 4.039001017930341, 4.391546329977345, 4.76374098651465, 5.132405270573337, 5.587518406705543, 5.982224654308354, 6.396444703383268, 6.679444102877813, 6.717953274417272, 6.859483395072088, 7.11405025822772, 7.349771197618416, 7.450445482945243, 7.691653851022964, 7.957005720343148, 8.244170128229449, 8.673459910018849, 9.064885771733666, 9.193668345785293, 9.508386429460463
9.pdb, 1, 1, 0.6076096636307939, 0.4982226037938525, 1.2283487797543715, -, -, -, 1.4680742812007912, 14.989822124484517, , length, 1.229107624771522, 1.729107624771522, 2.229107624771522, 2.729107624771522, 3.229107624771522, 3.729107624771522, 4.2291076247715225, 4.7291076247715225, 5.2291076247715225, 5.7291076247715225, 6.2291076247715225, 6.7291076247715225, 7.2291076247715225, 7.7291076247715225, 8.229107624771522, 8.729107624771522, 9.229107624771522, 9.729107624771522, 10.229107624771522, 10.729107624771522, 11.229107624771522, 11.729107624771522, 12.229107624771522, 12.729107624771522, 13.229107624771522, 13.729107624771522, 14.229107624771522, 14.729107624771522, 15.229107624771522, 15.729107624771522, 16.229107624771522, 16.729107624771522
9.pdb, 1, 1, 0.6076096636307939, 0.4982226037938525, 1.2283487797543715, -, -, -, 1.4680742812007912, 14.989822124484517, , R, 2.0953462155184592, 2.0189969495846576, 1.9564924782107458, 1.9500515195294257, 2.0218598551878335, 2.152831137374374, 2.334819664328469, 2.3445303969754807, 2.2466296145322673, 2.1719541875197725, 2.159946902680214, 2.061429413508171, 2.1018713333700383, 1.9358298227112833, 1.8284000003949046, 1.7477436141773166, 1.6862818756935825, 1.628405892430585, 1.6299437819889497, 1.6397621791596266, 1.6215378995088996, 1.655110235164983, 1.5196050867268325, 1.3491578251563443, 1.2750723872863772, 1.2284313672209868, 1.2836615083980554, 1.4343633142171972, 1.5920680165318404, 1.6938805498624998, 1.7522611397724612, 1.8615886121327863
9.pdb, 1, 1, 0.6076096636307939, 0.4982226037938525, 1.2283487797543715, -, -, -, 1.4680742812007912, 14.989822124484517, , Upper limit of R overestimation, -, -, -, -, -, -, -, -, -, -, -, -, -, -, -, -, -, -, -, -, -, -, -, -, -, -, -, -, -, -, -, -
10.pdb, 1, 2, 0.4121034013905126, 0.886480986872562, 0.909521375716815, -, -, -, 1.3460498754201946, 16.503421593145944, , X, 8.630647840760554, 8.590675802126762, 8.54636360351055, 8.505423414763793, 8.487120629465814, 8.48847740489632, 8.491454470400045, 8.49443153590377, 8.506117187014233, 8.635716250750606, 8.765315314486978, 8.797818667974143, 8.703246659712041, 8.752570475536018, 8.996994104396196, 9.486384520065704, 9.975774935735211, 10.457683429237997, 10.906295242547401, 11.300129994423383, 11.653999355011, 11.945865237084636, 12.19901842575961, 12.462453383788853, 12.780963708750273, 13.099474033711694, 13.417984358673113, 13.736494683634533, 13.994203081593936, 14.323312517966281, 14.784129029348485, 15.24494554073069, 15.69391341736412, 15.964843754070138, 16.20204506155851
10.pdb, 1, 2, 0.4121034013905126, 0.886480986872562, 0.909521375716815, -, -, -, 1.3460498754201946, 16.503421593145944, , Y, -0.2210575598032428, -0.4845494979594224, -0.5309712312391641, -0.5789253690838797, -0.6371670392096562, -0.328470070897619, 0.010469029553139109, 0.34940813000389725, 0.4064500594300773, 0.3505548488528599, 0.2946596382756426, 0.07078774596963405, -0.38329538239983185, -0.8294423564387721, -1.107374510822456, -1.110030406983665, -1.112686303144874, -1.1219755270325946, -1.1607849446627632, -1.2253525447301281, -1.2424858213468584, -1.526606732589916, -1.9531698057370175, -2.371459235945547, -2.756097121076481, -3.140735006207415, -3.525372891338349, -3.910010776469283, -4.208327468156362, -4.3437377652112605, -4.506999699787464, -4.6702616343636665, -4.826006721236145, -4.877776304933849, -4.913356227306337
10.pdb, 1, 2, 0.4121034013905126, 0.886480986872562, 0.909521375716815, -, -, -, 1.3460498754201946, 16.503421593145944, , Z, 0.3801370318536669, 0.7781724878589913, 1.2740368359755925, 1.769952338689802, 2.2662112589232786, 2.64358456159054, 3.011159619594504, 3.3787346775984677, 3.807770357834326, 4.2874367086587135, 4.767103059483101, 5.127419130178169, 5.312609971205276, 5.523984966384538, 5.699863276438575, 5.802283817671314, 5.904704358904054, 6.028211879002072, 6.245562448503179, 6.5398871838532315, 6.8810634902816465, 6.9442216793780425, 6.975341623054041, 7.042015947619629, 7.066610056974778, 7.091204166329926, 7.115798275685075, 7.140392385040223, 7.344584540079353, 7.615415481436821, 7.7202662494643866, 7.825117017491953, 7.953623990081784, 8.36634859630003, 8.805062180372571
10.pdb, 1, 2, 0.4121034013905126, 0.886480986872562, 0.909521375716815, -, -, -, 1.3460498754201946, 16.503421593145944, , distance, 0.5607553777020934, 0.5050121097738735, 0.6906093103074289, 1.0945978338267226, 1.5539121542585475, 1.830753948582751, 2.173576363691751, 2.5685031433400223, 2.9960840875066808, 3.4499702458702712, 3.915107857437598, 4.2604455331335975, 4.457159713729926, 4.718123343970425, 4.943812296022551, 5.081859737801136, 5.263963978891262, 5.5045805452064664, 5.857732128584171, 6.283387094091286, 6.735162690513543, 6.971027168932151, 7.213393212043271, 7.512547420715428, 7.81441567940723, 8.135835302698371, 8.474581979938636, 8.828661472543171, 9.24737672490201, 9.681239432840599, 10.090999534062787, 10.508574890865223, 10.937676947004885, 11.398491382309835, 11.851963793536664
10.pdb, 1, 2, 0.4121034013905126, 0.886480986872562, 0.909521375716815, -, -, -, 1.3460498754201946, 16.503421593145944, , length, 0.5607553777020934, 1.0607553777020935, 1.5607553777020935, 2.0607553777020935, 2.5607553777020935, 3.0607553777020935, 3.5607553777020935, 4.060755377702094, 4.560755377702094, 5.060755377702094, 5.560755377702094, 6.060755377702094, 6.560755377702094, 7.060755377702094, 7.560755377702094, 8.060755377702094, 8.560755377702094, 9.060755377702094, 9.560755377702094, 10.060755377702094, 10.560755377702094, 11.060755377702094, 11.560755377702094, 12.060755377702094, 12.560755377702094, 13.060755377702094, 13.560755377702094, 14.060755377702094, 14.560755377702094, 15.060755377702094, 15.560755377702094, 16.060755377702094, 16.560755377702094, 17.060755377702094, 17.560755377702094
10.pdb, 1, 2, 0.4121034013905126, 0.886480986872562, 0.909521375716815, -, -, -, 1.3460498754201946, 16.503421593145944, , R, 1.9314936914991419, 1.8264071616949609, 1.711718895197859, 1.6776337079573997, 1.7110191076092083, 1.694561264314504, 1.7526134886246425, 1.8914992986488597, 1.9041399947873667, 1.8248682257177313, 1.8272050572557788, 1.8185959660200506, 1.7543287921583366, 1.6857585492668135, 1.5687845978947859, 1.3522153411500828, 1.2210407154082066, 1.1750180098455758, 1.1697573637629375, 1.2090024381540017, 1.2707594190284668, 1.1519771617482053, 0.9978367346678183, 0.9244535767934055, 0.9232142610294469, 1.0366883100976192, 1.248981501525862, 1.5371967764675583, 1.762375882992129, 1.730749990733375, 1.5612289836949225, 1.4757196214495452, 1.4708124854839244, 1.4134581797731471, 1.4337188657090076
10.pdb, 1, 2, 0.4121034013905126, 0.886480986872562, 0.909521375716815, -, -, -, 1.3460498754201946, 16.503421593145944, , Upper limit of R overestimation, -, -, -, -, -, -, -, -, -, -, -, -, -, -, -, -, -, -, -, -, -, -, -, -, -, -, -, -, -, -, -, -, -, -, -
13.pdb, 1, 1, 0.5757609086243866, 0.5520627936533858, 1.2518445609049886, -, -, -, 1.262105498974711, 14.110138479516575, , X, 9.02136971502556, 9.092688543289874, 9.025039824094108, 8.874092567110115, 8.977460315697233, 9.10257469348851, 9.486208810151448, 9.902968046098808, 10.311658612651303, 10.546112552925079, 10.73466617196134, 11.013810126889915, 11.375670560321938, 11.737530993753959, 12.085273110769599, 12.35749421754018, 12.598885162369282, 12.840276107198383, 13.081667052027486, 13.323057996856587, 13.638601185891002, 13.785828129820027, 14.08913246029436, 14.419642619075669, 14.750152777856975, 15.03388656803361, 15.13908337099686, 15.244280173960108, 15.359527593639172, 15.551927480589285
13.pdb, 1, 1, 0.5757609086243866, 0.5520627936533858, 1.2518445609049886, -, -, -, 1.262105498974711, 14.110138479516575, , Y, 0.010288907331837722, 0.2887410328570205, 0.31778389173942795, 0.18751312573941664, 0.04933646945028847, -0.08951622427619071, -0.18268200263736573, -0.2699937424333682, -0.30551404522021247, -0.5898157873014782, -0.9598490873783503, -1.1954947197261783, -1.3499374069198333, -1.5043800941134884, -1.724986907014552, -2.1385909079741157, -2.5730540754431623, -3.0075172429122086, -3.4419804103812552, -3.876443577850302, -4.200837377032127, -4.526164922607933, -4.890084931914648, -5.265235190124946, -5.640385448335244, -6.035812880035383, -6.50863463652109, -6.9814563930067965, -7.414676868047332, -7.829963205001842
13.pdb, 1, 1, 0.5757609086243866, 0.5520627936533858, 1.2518445609049886, -, -, -, 1.262105498974711, 14.110138479516575, , Z, 1.91619713217359, 2.325315743978911, 2.7830287351216128, 3.241552947279246, 3.7048935323524943, 4.168645968372837, 4.453636172265913, 4.715720890146159, 4.9953753376503425, 5.278455473041587, 5.5568847990518835, 5.871445596903431, 6.179997834115856, 6.48855007132828, 6.613588094443174, 6.564867422136629, 6.510349829863339, 6.455832237590048, 6.4013146453167575, 6.346797053043467, 6.247777405715832, 6.435364126964864, 6.513123381894239, 6.518155151672546, 6.523186921450853, 6.552914862718163, 6.676903649469556, 6.800892436220948, 6.634745578642811, 6.484687159147324
13.pdb, 1, 1, 0.5757609086243866, 0.5520627936533858, 1.2518445609049886, -, -, -, 1.262105498974711, 14.110138479516575, , distance, 1.0624535695417565, 1.5166994902997366, 1.9586539452612137, 2.3854378025554217, 2.8403109383190124, 3.3085330889550155, 3.641243802997314, 3.9917707441865726, 4.38214714640763, 4.751360921164716, 5.129081269692937, 5.564209713374095, 6.01739641703453, 6.4774755534137975, 6.796204702678139, 7.000637104222803, 7.220217246309838, 7.466870449043494, 7.738008239959943, 8.031151146664902, 8.30195650720524, 8.67197678999173, 9.085047808103308, 9.48292069962545, 9.890069580910284, 10.302562953698233, 10.712112993321492, 11.129057738571538, 11.383311720469452, 11.691439121134842
13.pdb, 1, 1, 0.5757609086243866, 0.5520627936533858, 1.2518445609049886, -, -, -, 1.262105498974711, 14.110138479516575, , length, 1.0624535695417565, 1.5624535695417565, 2.0624535695417565, 2.5624535695417565, 3.0624535695417565, 3.5624535695417565, 4.0624535695417565, 4.5624535695417565, 5.0624535695417565, 5.5624535695417565, 6.0624535695417565, 6.5624535695417565, 7.0624535695417565, 7.5624535695417565, 8.062453569541756, 8.562453569541756, 9.062453569541756, 9.562453569541756, 10.062453569541756, 10.562453569541756, 11.062453569541756, 11.562453569541756, 12.062453569541756, 12.562453569541756, 13.062453569541756, 13.562453569541756, 14.062453569541756, 14.562453569541756, 15.062453569541756, 15.562453569541756
13.pdb, 1, 1, 0.5757609086243866, 0.5520627936533858, 1.2518445609049886, -, -, -, 1.262105498974711, 14.110138479516575, , R, 2.0153195080893704, 2.0734476547744602, 2.140518046932926, 2.2356809377066904, 2.198224262346642, 2.2164554693192766, 2.055756785676194, 1.9321499333732122, 1.8548545952058648, 1.8226667636214058, 1.8725522072647889, 1.860492948835074, 1.814372370783001, 1.8506170670227788, 1.7899533215195393, 1.5342011280384844, 1.3524939759322685, 1.2606087022877326, 1.2685957292310375, 1.3755260749954201, 1.4790040216071312, 1.5711958166097222, 1.463521297233928, 1.402559426373856, 1.4367186870798594, 1.5193174948869237, 1.5265644335438402, 1.6237598308876036, 1.7149648881387327, 1.8119416387988456
13.pdb, 1, 1, 0.5757609086243866, 0.5520627936533858, 1.2518445609049886, -, -, -, 1.262105498974711, 14.110138479516575, , Upper limit of R overestimation, -, -, -, -, -, -, -, -, -, -, -, -, -, -, -, -, -, -, -, -, -, -, -, -, -, -, -, -, -, -
13.pdb, 1, 2, 0.524187759303921, 0.6459053395598259, 1.1657450756947554, -, -, -, 1.2166608915466302, 14.580764182972755, , X, 9.02136971502556, 9.092688543289874, 9.025039824094108, 8.874092567110115, 8.977460315697233, 9.10257469348851, 9.486208810151448, 9.902968046098808, 10.311658612651303, 10.546112552925079, 10.73466617196134, 11.013810126889915, 11.375670560321938, 11.737530993753959, 12.085273110769599, 12.35749421754018, 12.598885162369282, 12.840276107198383, 13.081667052027486, 13.323057996856587, 13.638601185891002, 13.785828129820027, 14.12376577143075, 14.521651969038944, 14.919538166647136, 15.31742436425533, 15.715310561863525, 16.046737150381617, 16.24326044502039, 16.636872473092783, 17.050422557569917
13.pdb, 1, 2, 0.524187759303921, 0.6459053395598259, 1.1657450756947554, -, -, -, 1.2166608915466302, 14.580764182972755, , Y, 0.010288907331837722, 0.2887410328570205, 0.31778389173942795, 0.18751312573941664, 0.04933646945028847, -0.08951622427619071, -0.18268200263736573, -0.2699937424333682, -0.30551404522021247, -0.5898157873014782, -0.9598490873783503, -1.1954947197261783, -1.3499374069198333, -1.5043800941134884, -1.724986907014552, -2.1385909079741157, -2.5730540754431623, -3.0075172429122086, -3.4419804103812552, -3.876443577850302, -4.200837377032127, -4.526164922607933, -4.597566133723829, -4.611855737302902, -4.626145340881974, -4.640434944461047, -4.654724548040121, -4.936128645867394, -5.314373154063854, -5.538832298975533, -5.752354458855772
13.pdb, 1, 2, 0.524187759303921, 0.6459053395598259, 1.1657450756947554, -, -, -, 1.2166608915466302, 14.580764182972755, , Z, 1.91619713217359, 2.325315743978911, 2.7830287351216128, 3.241552947279246, 3.7048935323524943, 4.168645968372837, 4.453636172265913, 4.715720890146159, 4.9953753376503425, 5.278455473041587, 5.5568847990518835, 5.871445596903431, 6.179997834115856, 6.48855007132828, 6.613588094443174, 6.564867422136629, 6.510349829863339, 6.455832237590048, 6.4013146453167575, 6.346797053043467, 6.247777405715832, 6.435364126964864, 6.738546812213778, 7.041007356719084, 7.34346790122439, 7.645928445729696, 7.948388990235002, 8.079424382110545, 8.34078560089317, 8.513621580966127, 8.69472345051106
13.pdb, 1, 2, 0.524187759303921, 0.6459053395598259, 1.1657450756947554, -, -, -, 1.2166608915466302, 14.580764182972755, , distance, 1.0624535695417565, 1.5166994902997366, 1.9586539452612137, 2.3854378025554217, 2.8403109383190124, 3.3085330889550155, 3.641243802997314, 3.9917707441865726, 4.38214714640763, 4.751360921164716, 5.129081269692937, 5.564209713374095, 6.01739641703453, 6.4774755534137975, 6.796204702678139, 7.000637104222803, 7.220217246309838, 7.466870449043494, 7.738008239959943, 8.031151146664902, 8.30195650720524, 8.67197678999173, 9.097208933610553, 9.53319777111536, 9.975194690061645, 10.422435342378924, 10.874272749361424, 11.289033422925526, 11.746211050866094, 12.205101559977104, 12.679000724853385
13.pdb, 1, 2, 0.524187759303921, 0.6459053395598259, 1.1657450756947554, -, -, -, 1.2166608915466302, 14.580764182972755, , length, 1.0624535695417565, 1.5624535695417565, 2.0624535695417565, 2.5624535695417565, 3.0624535695417565, 3.5624535695417565, 4.0624535695417565, 4.5624535695417565, 5.0624535695417565, 5.5624535695417565, 6.0624535695417565, 6.5624535695417565, 7.0624535695417565, 7.5624535695417565, 8.062453569541756, 8.562453569541756, 9.062453569541756, 9.562453569541756, 10.062453569541756, 10.562453569541756, 11.062453569541756, 11.562453569541756, 12.062453569541756, 12.562453569541756, 13.062453569541756, 13.562453569541756, 14.062453569541756, 14.562453569541756, 15.062453569541756, 15.562453569541756, 16.062453569541756
13.pdb, 1, 2, 0.524187759303921, 0.6459053395598259, 1.1657450756947554, -, -, -, 1.2166608915466302, 14.580764182972755, , R, 2.0153195080893704, 2.0734476547744602, 2.140518046932926, 2.2356809377066904, 2.198224262346642, 2.2164554693192766, 2.055756785676194, 1.9321499333732122, 1.8548545952058648, 1.8226667636214058, 1.8725522072647889, 1.860492948835074, 1.814372370783001, 1.8506170670227788, 1.7899533215195393, 1.5342011280384844, 1.3524939759322685, 1.2606087022877326, 1.2685957292310375, 1.3755260749954201, 1.4790040216071312, 1.5711958166097222, 1.3995100098518554, 1.234974955679087, 1.1665911726043323, 1.202582885503251, 1.3385143815187475, 1.4419858741355507, 1.4338282180411623, 1.3603257632290215, 1.3105830371918714
13.pdb, 1, 2, 0.524187759303921, 0.6459053395598259, 1.1657450756947554, -, -, -, 1.2166608915466302, 14.580764182972755, , Upper limit of R overestimation, -, -, -, -, -, -, -, -, -, -, -, -, -, -, -, -, -, -, -, -, -, -, -, -, -, -, -, -, -, -, -
14.pdb, 1, 1, 0.6130878801983224, 0.48924699247555936, 1.427501130112874, -, -, -, 1.3268027939593638, 12.894821788086375, , X, 8.804251409786842, 8.690536956385717, 8.81101313042328, 8.938027674328291, 9.028618140398738, 9.135321367437363, 9.267787637877667, 9.424191207119005, 9.554193847211128, 9.859929668060532, 10.30147373381428, 10.537664720964903, 10.923973398513649, 11.303341021411732, 11.678834676003643, 12.050129342917415, 12.27089339760843, 12.50838310413841, 12.724279706266984, 12.922955288492437, 13.12163087071789, 13.310914578579673, 13.281534791117283, 13.494039216178193, 13.905093248452602, 14.31614728072701, 14.72720131300142, 15.00993556236797
14.pdb, 1, 1, 0.6130878801983224, 0.48924699247555936, 1.427501130112874, -, -, -, 1.3268027939593638, 12.894821788086375, , Y, 0.1654704393812464, -0.06744952863606019, -0.38413230800552806, -0.7031536619274769, -0.7889061429714683, -0.601192295998642, -0.4400741712491699, -0.5547130420140522, -0.6218004608057863, -0.6361174317813119, -0.6218415428198242, -0.814776440204959, -0.8278749291592189, -0.9813379706906191, -1.213141819975477, -1.4354963250883, -1.78814133136185, -2.2195346447740465, -2.6333419280662964, -3.081080676019714, -3.5288194239731316, -3.97467122726172, -4.330655950143613, -4.688827543209299, -4.8997598826204385, -5.110692222031577, -5.321624561442717, -5.703094545067884
14.pdb, 1, 1, 0.6130878801983224, 0.48924699247555936, 1.427501130112874, -, -, -, 1.3268027939593638, 12.894821788086375, , Z, 1.6795913990995215, 2.1071628101953763, 2.4723500821006876, 2.8357956507604376, 3.1436428893391053, 3.5363211307669435, 3.858745929072895, 4.305805106781341, 4.783924957664925, 5.117989866280756, 5.342887480877788, 5.689153035342747, 6.006318662795745, 6.270814067401533, 6.505912963226106, 6.750624137655251, 6.935462619829448, 7.022056201783023, 7.1803105612041955, 7.280600274577417, 7.380889987950638, 7.473262513681963, 7.231371671246741, 6.95803320073388, 6.766873239597942, 6.575713278462004, 6.384553317326066, 6.316713654102982
14.pdb, 1, 1, 0.6130878801983224, 0.48924699247555936, 1.427501130112874, -, -, -, 1.3268027939593638, 12.894821788086375, , distance, 0.8435037259818323, 1.2485517046014742, 1.6351048074054981, 2.0692407905771857, 2.3931979482105143, 2.734803396648137, 3.040969611173896, 3.5175371490552685, 4.015326924066883, 4.403068382857917, 4.7344323429328705, 5.159872188370136, 5.590285873807178, 6.000861601032172, 6.408120642225442, 6.832114687102029, 7.1719746523507375, 7.473139914648407, 7.835784329055359, 8.170287034550313, 8.521013108921519, 8.874601943290747, 8.847164182967767, 8.943170111402656, 9.146987925332878, 9.373072312261607, 9.619853483062245, 9.967706292685554
14.pdb, 1, 1, 0.6130878801983224, 0.48924699247555936, 1.427501130112874, -, -, -, 1.3268027939593638, 12.894821788086375, , length, 0.8435037259818323, 1.3435037259818323, 1.8435037259818323, 2.343503725981832, 2.843503725981832, 3.343503725981832, 3.843503725981832, 4.343503725981832, 4.843503725981832, 5.343503725981832, 5.843503725981832, 6.343503725981832, 6.843503725981832, 7.343503725981832, 7.843503725981832, 8.343503725981833, 8.843503725981833, 9.343503725981833, 9.843503725981833, 10.343503725981833, 10.843503725981833, 11.343503725981833, 11.843503725981833, 12.343503725981833, 12.843503725981833, 13.343503725981833, 13.843503725981833, 14.343503725981833
14.pdb, 1, 1, 0.6130878801983224, 0.48924699247555936, 1.427501130112874, -, -, -, 1.3268027939593638, 12.894821788086375, , R, 2.256117244613236, 2.2977329040998553, 2.1780678662985506, 2.1231820636925525, 2.1093226853949716, 2.0921613389832077, 2.083002374432997, 2.0150873154595184, 2.0002461488512955, 1.8947092789190714, 1.7233654705929926, 1.651546689062661, 1.5706535750947952, 1.5064890289300112, 1.4930038315701053, 1.5691164542010136, 1.5344767899630771, 1.4811231089597163, 1.4532753784125976, 1.4305415199087157, 1.5017822159154133, 1.6542737647218646, 1.5924666802477099, 1.521523103111157, 1.4783408257159738, 1.5276970426764895, 1.664812862047924, 1.7013011206359667
14.pdb, 1, 1, 0.6130878801983224, 0.48924699247555936, 1.427501130112874, -, -, -, 1.3268027939593638, 12.894821788086375, , Upper limit of R overestimation, -, -, -, -, -, -, -, -, -, -, -, -, -, -, -, -, -, -, -, -, -, -, -, -, -, -, -, -
14.pdb, 1, 2, 0.432489646580587, 0.83819689143873, 0.9186037305989168, -, -, -, 1.2383675971225405, 15.89096933554727, , X, 8.804251409786842, 8.690536956385717, 8.81101313042328, 8.938027674328291, 9.028618140398738, 9.135321367437363, 9.267787637877667, 9.424191207119005, 9.554193847211128, 9.859929668060532, 10.30147373381428, 10.537664720964903, 10.923973398513649, 11.303341021411732, 11.678834676003643, 12.050129342917415, 12.27089339760843, 12.50838310413841, 12.724279706266984, 12.922955288492437, 13.12163087071789, 13.326642698134249, 13.819333713694894, 14.314118475046694, 14.808903236398494, 15.064745329941243, 15.188410795229798, 15.312076260518351, 15.411442625550361, 15.58582685801681, 15.804835552738218, 15.98464555323088, 16.271659664867347, 16.586117385687285
14.pdb, 1, 2, 0.432489646580587, 0.83819689143873, 0.9186037305989168, -, -, -, 1.2383675971225405, 15.89096933554727, , Y, 0.1654704393812464, -0.06744952863606019, -0.38413230800552806, -0.7031536619274769, -0.7889061429714683, -0.601192295998642, -0.4400741712491699, -0.5547130420140522, -0.6218004608057863, -0.6361174317813119, -0.6218415428198242, -0.814776440204959, -0.8278749291592189, -0.9813379706906191, -1.213141819975477, -1.4354963250883, -1.78814133136185, -2.2195346447740465, -2.6333419280662964, -3.081080676019714, -3.5288194239731316, -3.969091280600923, -4.017577979614676, -4.046462910036483, -4.0753478404582895, -4.069181671573778, -4.051759713806084, -4.03433775603839, -4.015724932676979, -4.32546285258777, -4.6787994720575785, -5.040670855386573, -5.42130707969978, -5.805691215190421
14.pdb, 1, 2, 0.432489646580587, 0.83819689143873, 0.9186037305989168, -, -, -, 1.2383675971225405, 15.89096933554727, , Z, 1.6795913990995215, 2.1071628101953763, 2.4723500821006876, 2.8357956507604376, 3.1436428893391053, 3.5363211307669435, 3.858745929072895, 4.305805106781341, 4.783924957664925, 5.117989866280756, 5.342887480877788, 5.689153035342747, 6.006318662795745, 6.270814067401533, 6.505912963226106, 6.750624137655251, 6.935462619829448, 7.022056201783023, 7.1803105612041955, 7.280600274577417, 7.380889987950638, 7.478056598301572, 7.4180869241681195, 7.352104345190259, 7.2861217662124, 7.680735148201766, 8.164887322711502, 8.649039497221239, 9.13180616342802, 9.431044164508553, 9.708872213808965, 10.002413051841653, 10.011229064588129, 9.953218908582125
14.pdb, 1, 2, 0.432489646580587, 0.83819689143873, 0.9186037305989168, -, -, -, 1.2383675971225405, 15.89096933554727, , distance, 0.8435037259818323, 1.2485517046014742, 1.6351048074054981, 2.0692407905771857, 2.3931979482105143, 2.734803396648137, 3.040969611173896, 3.5175371490552685, 4.015326924066883, 4.403068382857917, 4.7344323429328705, 5.159872188370136, 5.590285873807178, 6.000861601032172, 6.408120642225442, 6.832114687102029, 7.1719746523507375, 7.473139914648407, 7.835784329055359, 8.170287034550313, 8.521013108921519, 8.883619993448963, 9.119197901327409, 9.364110778004115, 9.628778269432287, 10.04966811773038, 10.451674648615866, 10.86182197628522, 11.263628034506176, 11.694643576686932, 12.154491180346024, 12.609907815677182, 12.933652890368469, 13.238268097201424
14.pdb, 1, 2, 0.432489646580587, 0.83819689143873, 0.9186037305989168, -, -, -, 1.2383675971225405, 15.89096933554727, , length, 0.8435037259818323, 1.3435037259818323, 1.8435037259818323, 2.343503725981832, 2.843503725981832, 3.343503725981832, 3.843503725981832, 4.343503725981832, 4.843503725981832, 5.343503725981832, 5.843503725981832, 6.343503725981832, 6.843503725981832, 7.343503725981832, 7.843503725981832, 8.343503725981833, 8.843503725981833, 9.343503725981833, 9.843503725981833, 10.343503725981833, 10.843503725981833, 11.343503725981833, 11.843503725981833, 12.343503725981833, 12.843503725981833, 13.343503725981833, 13.843503725981833, 14.343503725981833, 14.843503725981833, 15.343503725981833, 15.843503725981833, 16.343503725981833, 16.843503725981833, 17.343503725981833
14.pdb, 1, 2, 0.432489646580587, 0.83819689143873, 0.9186037305989168, -, -, -, 1.2383675971225405, 15.89096933554727, , R, 2.256117244613236, 2.2977329040998553, 2.1780678662985506, 2.1231820636925525, 2.1093226853949716, 2.0921613389832077, 2.083002374432997, 2.0150873154595184, 2.0002461488512955, 1.8947092789190714, 1.7233654705929926, 1.651546689062661, 1.5706535750947952, 1.5064890289300112, 1.4930038315701053, 1.5691164542010136, 1.5344767899630771, 1.4811231089597163, 1.4532753784125976, 1.4305415199087157, 1.5017822159154133, 1.6531787595088618, 1.5448479266311612, 1.5121384094285852, 1.5707759497051084, 1.3907559936311034, 1.2124642144555005, 1.129796247211612, 1.1428597239311247, 0.98800368868515, 0.9195225767791404, 0.9395306824376111, 1.0232745164211814, 1.2011983109721773
14.pdb, 1, 2, 0.432489646580587, 0.83819689143873, 0.9186037305989168, -, -, -, 1.2383675971225405, 15.89096933554727, , Upper limit of R overestimation, -, -, -, -, -, -, -, -, -, -, -, -, -, -, -, -, -, -, -, -, -, -, -, -, -, -, -, -, -, -, -, -, -, -
15.pdb, 1, 1, 0.6041102738487202, 0.5039985251144516, 1.2404768469167682, -, -, -, 1.3525155251438343, 14.635058155836601, , X, 9.322397366181693, 9.246163285512791, 9.175274336298004, 9.097547510287354, 8.99489481758718, 8.840364383009172, 9.012827073744782, 9.20608787733255, 9.380110430813778, 9.459643752638625, 9.541608117196548, 9.614257557447877, 9.669803866688476, 10.072414063340387, 10.492487408903315, 10.912560754466245, 11.28465215248528, 11.492830426078564, 11.800897718268073, 12.143537154114949, 12.486176589961826, 12.8288160258087, 13.213261781091456, 13.697678235608768, 14.18209469012608, 14.630526012444346, 14.681860236074955, 14.750931219913106, 14.849315701425828, 14.947700182938553, 15.031499020250203
15.pdb, 1, 1, 0.6041102738487202, 0.5039985251144516, 1.2404768469167682, -, -, -, 1.3525155251438343, 14.635058155836601, , Y, 0.8068414866839055, 0.5150606995736026, 0.20617709193721512, -0.11695461075243885, -0.385855161814825, -0.5042932663161755, -0.5625894711528225, -0.6170583126153584, -0.7394216233007991, -1.1448842833182464, -1.5599033339277408, -1.9683275883846634, -2.2986769898688832, -2.2013634983488197, -2.0691568356472234, -1.9369501729456267, -1.9330586051955112, -2.3675095641893225, -2.7468133406219595, -3.105364121465232, -3.4639149023085043, -3.8224656831517767, -4.095873469693575, -4.165680346370597, -4.2354872230476195, -4.382046845807622, -4.737704452943362, -5.177173846709612, -5.654609576147079, -6.132045305584547, -6.615682194636981
15.pdb, 1, 1, 0.6041102738487202, 0.5039985251144516, 1.2404768469167682, -, -, -, 1.3525155251438343, 14.635058155836601, , Z, 1.2080188415967412, 1.51503723987658, 1.9015839841051947, 2.275140463416149, 2.6757065661825905, 3.1362368041556596, 3.5943154128820773, 4.0522274209211115, 4.490198340093745, 4.766162239510207, 5.0326974727793, 5.309439019325176, 5.651418406344265, 5.913167949110196, 6.149937420716808, 6.38670689232342, 6.600169673851237, 6.734013503119076, 6.816186947590033, 6.879744437779736, 6.943301927969437, 7.006859418159139, 7.021506419198257, 6.919194647825282, 6.816882876452309, 6.710426234588341, 6.4673742330245885, 6.351891892536762, 6.463137647754595, 6.574383402972428, 6.630024329956493
15.pdb, 1, 1, 0.6041102738487202, 0.5039985251144516, 1.2404768469167682, -, -, -, 1.3525155251438343, 14.635058155836601, , distance, 1.0447415103477886, 0.9513651061944453, 1.1139210027920807, 1.4274112594296304, 1.8399948022280985, 2.309155683325002, 2.7745579858397766, 3.2494559661751223, 3.720414509519887, 4.088761955623042, 4.476769342614326, 4.890407660155298, 5.340835632451136, 5.611518399185577, 5.880919171093667, 6.179100407783952, 6.499031298352409, 6.830598364112282, 7.158152727911552, 7.495844958677225, 7.850874652734302, 8.220995923935561, 8.549735033895827, 8.767809775707638, 9.008385392297733, 9.280036454654793, 9.33447518568687, 9.537482960970475, 9.923503597524965, 10.319315193818811, 10.689140130987287
15.pdb, 1, 1, 0.6041102738487202, 0.5039985251144516, 1.2404768469167682, -, -, -, 1.3525155251438343, 14.635058155836601, , length, 1.0447415103477886, 1.5447415103477886, 2.0447415103477886, 2.5447415103477886, 3.0447415103477886, 3.5447415103477886, 4.044741510347789, 4.544741510347789, 5.044741510347789, 5.544741510347789, 6.044741510347789, 6.544741510347789, 7.044741510347789, 7.544741510347789, 8.044741510347789, 8.544741510347789, 9.044741510347789, 9.544741510347789, 10.044741510347789, 10.544741510347789, 11.044741510347789, 11.544741510347789, 12.044741510347789, 12.544741510347789, 13.044741510347789, 13.544741510347789, 14.044741510347789, 14.544741510347789, 15.044741510347789, 15.544741510347789, 16.04474151034779
15.pdb, 1, 1, 0.6041102738487202, 0.5039985251144516, 1.2404768469167682, -, -, -, 1.3525155251438343, 14.635058155836601, , R, 2.0893484060630643, 2.036717491698706, 2.0544251468220738, 2.143059335154632, 2.2671198654108364, 2.35851829789494, 2.268951230554043, 2.2338771790274556, 2.242965172441947, 2.17630895910799, 2.171780302344591, 2.229255813149197, 2.2553172336640728, 2.0369394101832077, 1.8692485166160593, 1.777044871731454, 1.7112933212545907, 1.5317096982645888, 1.3622035239565393, 1.256447978693336, 1.2501809006434283, 1.3441376180798692, 1.4627004980925717, 1.5139990256890938, 1.6533502204146393, 1.8181710327640743, 1.8804745719054174, 1.8788225152641205, 1.7591395469375175, 1.7212780826210057, 1.7325990410015597
15.pdb, 1, 1, 0.6041102738487202, 0.5039985251144516, 1.2404768469167682, -, -, -, 1.3525155251438343, 14.635058155836601, , Upper limit of R overestimation, -, -, -, -, -, -, -, -, -, -, -, -, -, -, -, -, -, -, -, -, -, -, -, -, -, -, -, -, -, -, -
15.pdb, 1, 2, 0.44794759424217345, 0.8030790305475166, 0.9040774325624044, -, -, -, 1.3687813366954678, 16.558566115130283, , X, 9.322397366181693, 9.246163285512791, 9.175274336298004, 9.097547510287354, 8.99489481758718, 8.840364383009172, 9.012827073744782, 9.20608787733255, 9.380110430813778, 9.459643752638625, 9.541608117196548, 9.614257557447877, 9.669803866688476, 10.072414063340387, 10.492487408903315, 10.912560754466245, 11.28465215248528, 11.492830426078564, 11.800897718268073, 12.143537154114949, 12.486176589961826, 12.8288160258087, 13.213261781091456, 13.697678235608768, 14.18209469012608, 14.630526012444346, 14.957055869575624, 15.260409336167038, 15.686384348117368, 16.13880956800663, 16.58744540726066, 17.026533096505272, 17.461530987310887, 17.778037443476826, 17.909258869414735
15.pdb, 1, 2, 0.44794759424217345, 0.8030790305475166, 0.9040774325624044, -, -, -, 1.3687813366954678, 16.558566115130283, , Y, 0.8068414866839055, 0.5150606995736026, 0.20617709193721512, -0.11695461075243885, -0.385855161814825, -0.5042932663161755, -0.5625894711528225, -0.6170583126153584, -0.7394216233007991, -1.1448842833182464, -1.5599033339277408, -1.9683275883846634, -2.2986769898688832, -2.2013634983488197, -2.0691568356472234, -1.9369501729456267, -1.9330586051955112, -2.3675095641893225, -2.7468133406219595, -3.105364121465232, -3.4639149023085043, -3.8224656831517767, -4.095873469693575, -4.165680346370597, -4.2354872230476195, -4.382046845807622, -4.1993335327113455, -3.801870763937801, -3.624895678017095, -3.4959121931988513, -3.4204636255073546, -3.4799076612970623, -3.551175612620078, -3.7888661171431623, -4.2185520882974705
15.pdb, 1, 2, 0.44794759424217345, 0.8030790305475166, 0.9040774325624044, -, -, -, 1.3687813366954678, 16.558566115130283, , Z, 1.2080188415967412, 1.51503723987658, 1.9015839841051947, 2.275140463416149, 2.6757065661825905, 3.1362368041556596, 3.5943154128820773, 4.0522274209211115, 4.490198340093745, 4.766162239510207, 5.0326974727793, 5.309439019325176, 5.651418406344265, 5.913167949110196, 6.149937420716808, 6.38670689232342, 6.600169673851237, 6.734013503119076, 6.816186947590033, 6.879744437779736, 6.943301927969437, 7.006859418159139, 7.021506419198257, 6.919194647825282, 6.816882876452309, 6.710426234588341, 6.670722417334118, 6.670869882040758, 6.81005700390552, 6.979393004367014, 7.166437390828165, 7.398101820041754, 7.6321217397835195, 7.870157574735931, 8.089590716189088
15.pdb, 1, 2, 0.44794759424217345, 0.8030790305475166, 0.9040774325624044, -, -, -, 1.3687813366954678, 16.558566115130283, , distance, 1.0447415103477886, 0.9513651061944453, 1.1139210027920807, 1.4274112594296304, 1.8399948022280985, 2.309155683325002, 2.7745579858397766, 3.2494559661751223, 3.720414509519887, 4.088761955623042, 4.476769342614326, 4.890407660155298, 5.340835632451136, 5.611518399185577, 5.880919171093667, 6.179100407783952, 6.499031298352409, 6.830598364112282, 7.158152727911552, 7.495844958677225, 7.850874652734302, 8.220995923935561, 8.549735033895827, 8.767809775707638, 9.008385392297733, 9.280036454654793, 9.380336196036819, 9.415802068734784, 9.728233971285752, 10.107584505157725, 10.52181488162099, 11.002984295886277, 11.487667323870633, 11.937551317439208, 12.303264583766847
15.pdb, 1, 2, 0.44794759424217345, 0.8030790305475166, 0.9040774325624044, -, -, -, 1.3687813366954678, 16.558566115130283, , length, 1.0447415103477886, 1.5447415103477886, 2.0447415103477886, 2.5447415103477886, 3.0447415103477886, 3.5447415103477886, 4.044741510347789, 4.544741510347789, 5.044741510347789, 5.544741510347789, 6.044741510347789, 6.544741510347789, 7.044741510347789, 7.544741510347789, 8.044741510347789, 8.544741510347789, 9.044741510347789, 9.544741510347789, 10.044741510347789, 10.544741510347789, 11.044741510347789, 11.544741510347789, 12.044741510347789, 12.544741510347789, 13.044741510347789, 13.544741510347789, 14.044741510347789, 14.544741510347789, 15.044741510347789, 15.544741510347789, 16.04474151034779, 16.54474151034779, 17.04474151034779, 17.54474151034779, 18.04474151034779
15.pdb, 1, 2, 0.44794759424217345, 0.8030790305475166, 0.9040774325624044, -, -, -, 1.3687813366954678, 16.558566115130283, , R, 2.0893484060630643, 2.036717491698706, 2.0544251468220738, 2.143059335154632, 2.2671198654108364, 2.35851829789494, 2.268951230554043, 2.2338771790274556, 2.242965172441947, 2.17630895910799, 2.171780302344591, 2.229255813149197, 2.2553172336640728, 2.0369394101832077, 1.8692485166160593, 1.777044871731454, 1.7112933212545907, 1.5317096982645888, 1.3622035239565393, 1.256447978693336, 1.2501809006434283, 1.3441376180798692, 1.4627004980925717, 1.5139990256890938, 1.6533502204146393, 1.8181710327640743, 1.6468164325439056, 1.3964717159334727, 1.1505859344992675, 0.9754569637912434, 0.9051960174566214, 0.9472362955467959, 1.0992965162589454, 1.3031822643566644, 1.5185091140279001
15.pdb, 1, 2, 0.44794759424217345, 0.8030790305475166, 0.9040774325624044, -, -, -, 1.3687813366954678, 16.558566115130283, , Upper limit of R overestimation, -, -, -, -, -, -, -, -, -, -, -, -, -, -, -, -, -, -, -, -, -, -, -, -, -, -, -, -, -, -, -, -, -, -, -
17.pdb, 1, 1, 0.6442230503722873, 0.4397102613338589, 1.6265647492839628, -, -, -, 1.2530696077944503, 14.241223095428303, , X, 8.806267157060631, 8.951860388495664, 9.097453619930699, 9.179796112754284, 9.186323979475123, 9.065094819398068, 9.101350284459022, 9.243539795069173, 9.446989040428264, 9.784291635638212, 10.213361493333524, 10.467394646060828, 10.86785387513502, 11.241225034331682, 11.614596193528342, 11.969495017560545, 12.297920452943751, 12.496977136483185, 12.729316583227522, 13.0144231933499, 13.29952980347228, 13.579086128796929, 13.970550299717607, 14.233895191560265, 14.628905127017134, 15.023915062474003, 15.418924997930873, 15.606275253832615, 15.687199830429055, 15.768124407025496
17.pdb, 1, 1, 0.6442230503722873, 0.4397102613338589, 1.6265647492839628, -, -, -, 1.2530696077944503, 14.241223095428303, , Y, 0.06600989347805819, 0.13683719990595922, 0.20766450633386027, 0.3179882318156951, 0.4344771719367935, 0.24880943955902524, 0.05480707592679615, -0.12601463913694033, -0.2879082477159598, -0.3838431470380415, -0.45310150205079236, -0.8087967003354583, -1.0415745582054905, -1.1427115448703888, -1.243848531535287, -1.3094632495642855, -1.4197062776046363, -1.850735348784844, -2.268923991552623, -2.666755160401806, -3.064586329250988, -3.4427229283906065, -3.658794182670235, -3.9574873448176073, -4.232499971661803, -4.507512598506, -4.782525225350196, -5.201811663612462, -5.6950384952097615, -6.188265326807061
17.pdb, 1, 1, 0.6442230503722873, 0.4397102613338589, 1.6265647492839628, -, -, -, 1.2530696077944503, 14.241223095428303, , Z, 0.6185115245080365, 1.0915718838962154, 1.5646322432843942, 2.034897644229753, 2.521094840628023, 2.9570821042330557, 3.3960893902448035, 3.840032686662099, 4.26192372150522, 4.581436146495713, 4.77184725780521, 5.009566387132231, 5.170115643022854, 5.486920452658827, 5.803725262294801, 6.148862695350247, 6.47321851562618, 6.6300317055555, 6.765720881109446, 6.867919618658493, 6.97011835620754, 7.099246188255113, 7.315754860293206, 7.4834247024922975, 7.348017147434926, 7.212609592377555, 7.077202037320183, 7.040153560359297, 7.053514155225388, 7.066874750091479
17.pdb, 1, 1, 0.6442230503722873, 0.4397102613338589, 1.6265647492839628, -, -, -, 1.2530696077944503, 14.241223095428303, , distance, 0.286823272161021, 0.31472269265108777, 0.7847503788377214, 1.268706619971482, 1.7567273762464668, 2.121333013910825, 2.5413635767358174, 2.9964911473908566, 3.4509751492538787, 3.8398549628205703, 4.150304490444691, 4.504982757176743, 4.847962006744935, 5.308342429639782, 5.775314976846334, 6.254856528692455, 6.715179191093447, 7.045600197149613, 7.391737558611155, 7.749614882553094, 8.122516698683606, 8.51721074141866, 8.980312477537192, 9.372095944352111, 9.62735692478322, 9.901303970902092, 10.192430489889624, 10.490675697080892, 10.799539720764846, 11.122312699229044
17.pdb, 1, 1, 0.6442230503722873, 0.4397102613338589, 1.6265647492839628, -, -, -, 1.2530696077944503, 14.241223095428303, , length, 0.286823272161021, 0.786823272161021, 1.2868232721610209, 1.7868232721610209, 2.286823272161021, 2.786823272161021, 3.286823272161021, 3.786823272161021, 4.286823272161021, 4.786823272161021, 5.286823272161021, 5.786823272161021, 6.286823272161021, 6.786823272161021, 7.286823272161021, 7.786823272161021, 8.28682327216102, 8.78682327216102, 9.28682327216102, 9.78682327216102, 10.28682327216102, 10.78682327216102, 11.28682327216102, 11.78682327216102, 12.28682327216102, 12.78682327216102, 13.28682327216102, 13.78682327216102, 14.28682327216102, 14.78682327216102
17.pdb, 1, 1, 0.6442230503722873, 0.4397102613338589, 1.6265647492839628, -, -, -, 1.2530696077944503, 14.241223095428303, , R, 1.979357512795955, 2.017101517884421, 2.1303408472071474, 2.231794136824923, 2.2941549969711073, 2.3410569485619064, 2.3213803421740886, 2.2919624904895626, 2.284335889720362, 2.2153559063316406, 2.07269027518368, 2.0227517440349247, 1.8511957685525655, 1.7007519900761563, 1.6317712827536919, 1.642026610195442, 1.702681925124531, 1.645180789204441, 1.6460651877179242, 1.6886649683630692, 1.8147443583422047, 1.9963842510075975, 1.972184808315456, 1.8867909136694478, 1.7932262227953275, 1.7816988944135355, 1.8531382826633032, 1.7966290852904414, 1.712989719997421, 1.7139719186726337
17.pdb, 1, 1, 0.6442230503722873, 0.4397102613338589, 1.6265647492839628, -, -, -, 1.2530696077944503, 14.241223095428303, , Upper limit of R overestimation, -, -, -, -, -, -, -, -, -, -, -, -, -, -, -, -, -, -, -, -, -, -, -, -, -, -, -, -, -, -
18.pdb, 1, 1, 0.6367965657475323, 0.4513050374509089, 1.4934625203731902, -, -, -, 1.3201405625258749, 14.250400846423343, , X, 8.699411988164035, 8.718372426199956, 8.737332864235876, 8.751704281114696, 8.702261232234056, 8.692308106123612, 8.761295088238574, 8.830282070353539, 8.931750492711048, 9.05482963507743, 9.177908777443813, 9.63241940569206, 10.088898618550871, 10.545377831409683, 10.974836430831987, 11.393499116356706, 11.79869487435361, 12.193265785675571, 12.509222606557335, 12.699236948108172, 12.870627048603001, 13.04924173303483, 13.210964985953321, 13.3129009997527, 13.367933420194953, 13.805621409229076, 14.243309398263198, 14.680997387297321, 15.118685376331443, 15.375563127656065
18.pdb, 1, 1, 0.6367965657475323, 0.4513050374509089, 1.4934625203731902, -, -, -, 1.3201405625258749, 14.250400846423343, , Y, -0.14694792245877872, -0.06759756007182097, 0.011752802315136784, 0.10556476574376093, 0.18221466813456005, -0.17534327710260386, -0.49865612205720355, -0.8219689670118032, -1.0270529644757975, -1.1250252105087462, -1.2229974565416948, -1.226369218815818, -1.2291790880157691, -1.2319889572157203, -1.1954286111344665, -1.2378460026783888, -1.4360452845278202, -1.6671707624801106, -1.7311762167566829, -2.1357769472582113, -2.54787034037157, -2.9946670986483013, -3.4547986410672054, -3.937583374045105, -4.345574337767807, -4.567888775162589, -4.790203212557373, -5.012517649952155, -5.234832087346938, -5.628850125023111
18.pdb, 1, 1, 0.6367965657475323, 0.4513050374509089, 1.4934625203731902, -, -, -, 1.3201405625258749, 14.250400846423343, , Z, 0.11604160019312076, 0.6093407201786976, 1.1026398401642743, 1.5913760777561792, 2.04668079409837, 2.35121215294582, 2.726324936766943, 3.101437720588066, 3.5272921950125173, 4.001900416308373, 4.476508637604227, 4.682113365417752, 4.886120308590966, 5.090127251764181, 5.337355689634837, 5.584572276168564, 5.800288391411917, 5.9994886073122, 6.376292295310344, 6.532761041259193, 6.756324483966527, 6.8827748972563665, 6.992886445863501, 7.047100837150831, 6.966694725318746, 6.871797332408788, 6.776899939498832, 6.682002546588874, 6.587105153678918, 6.589165415287078
18.pdb, 1, 1, 0.6367965657475323, 0.4513050374509089, 1.4934625203731902, -, -, -, 1.3201405625258749, 14.250400846423343, , distance, 0.7737951457742765, 0.29384949981778413, 0.2719119884493691, 0.7486911292620925, 1.212321699581293, 1.4947745913449269, 1.9093253963836945, 2.357264486565118, 2.827941545545134, 3.313259271813811, 3.8023835445020753, 4.06098579173423, 4.360450252273512, 4.694192923649066, 5.0730451158885765, 5.482157298670437, 5.9043035842225455, 6.327026469499167, 6.816004387920085, 7.151453310210466, 7.546517240484341, 7.895587352108853, 8.24428050805867, 8.546381131690845, 8.710601060406667, 8.990083692076071, 9.288091232729496, 9.602899182251205, 9.932910281556724, 10.305353969147047
18.pdb, 1, 1, 0.6367965657475323, 0.4513050374509089, 1.4934625203731902, -, -, -, 1.3201405625258749, 14.250400846423343, , length, 0.7737951457742765, 1.2737951457742764, 1.7737951457742764, 2.2737951457742764, 2.7737951457742764, 3.2737951457742764, 3.7737951457742764, 4.273795145774276, 4.773795145774276, 5.273795145774276, 5.773795145774276, 6.273795145774276, 6.773795145774276, 7.273795145774276, 7.773795145774276, 8.273795145774276, 8.773795145774276, 9.273795145774276, 9.773795145774276, 10.273795145774276, 10.773795145774276, 11.273795145774276, 11.773795145774276, 12.273795145774276, 12.773795145774276, 13.273795145774276, 13.773795145774276, 14.273795145774276, 14.773795145774276, 15.273795145774276
18.pdb, 1, 1, 0.6367965657475323, 0.4513050374509089, 1.4934625203731902, -, -, -, 1.3201405625258749, 14.250400846423343, , R, 2.1310645969981596, 2.116343215143778, 2.1764290740197456, 2.3005979138593116, 2.417293844528933, 2.3862130502809586, 2.311315019848341, 2.306813695538964, 2.267819935741577, 2.2091899774479744, 2.2233576351203403, 1.9568748536386893, 1.7493016334294318, 1.61618561326535, 1.5628598812880428, 1.5352351796826864, 1.4931791758626376, 1.5225363584690788, 1.613477233440319, 1.5524908606054575, 1.5272622947118621, 1.4952313050393424, 1.5437685090186586, 1.6441888496311854, 1.6822233378102893, 1.6349939932231587, 1.6752687725157982, 1.7995249768584378, 1.9979883769943128, 2.0690457916753173
18.pdb, 1, 1, 0.6367965657475323, 0.4513050374509089, 1.4934625203731902, -, -, -, 1.3201405625258749, 14.250400846423343, , Upper limit of R overestimation, -, -, -, -, -, -, -, -, -, -, -, -, -, -, -, -, -, -, -, -, -, -, -, -, -, -, -, -, -, -
21.pdb, 1, 1, 0.5786433478202674, 0.5470689707875401, 1.3866523635453831, -, -, -, 1.4423864132003126, 15.445792496965565, , X, 8.749729178717034, 8.750481551439554, 8.751233924162074, 8.596683655056323, 8.417068751324068, 8.540403589597041, 8.69618719159812, 8.845224748630205, 8.949384642953778, 9.227363317219277, 9.68427548350374, 10.128387660681675, 10.553964806911816, 10.979541953141958, 11.315307255747436, 11.6365956793585, 11.939374645074734, 12.221198936026049, 12.537543587466962, 12.846123949404484, 13.154704311342009, 13.477717184036564, 13.97176239465561, 14.33666858817295, 14.407587839964176, 14.40622770157671, 14.603398142908386, 14.740529805218639, 14.741658192262223, 14.92128872417748, 15.085419734336417, 15.522845552927212, 15.732020059368548
21.pdb, 1, 1, 0.5786433478202674, 0.5470689707875401, 1.3866523635453831, -, -, -, 1.4423864132003126, 15.445792496965565, , Y, -0.09516120472038114, -0.015370390979368959, 0.06442042276164323, -0.011328706394177546, -0.17574816855079362, -0.4133270204014339, -0.6526408157686368, -0.898415164752222, -0.987405503928668, -1.1814069215070562, -1.227380649661459, -1.2769312903526977, -1.3316614811213652, -1.3863916718900324, -1.4554175542215495, -1.5267477762542059, -1.6094990463981846, -1.9838907386235556, -2.3547397719149195, -2.735834527625597, -3.1169292833362743, -3.472771637530553, -3.52936063641702, -3.782626818870104, -4.153883009997618, -4.577453851972007, -5.0359749276843235, -5.496296881427247, -5.936711887253359, -6.333801539525456, -6.64727525127127, -6.752168774091262, -6.866640550888042
21.pdb, 1, 1, 0.5786433478202674, 0.5470689707875401, 1.3866523635453831, -, -, -, 1.4423864132003126, 15.445792496965565, , Z, 1.1584782227132286, 1.6520700175982668, 2.145661812483305, 2.5876703088355795, 3.0052211403314297, 3.4274964180905125, 3.8379356665725672, 4.244584151267295, 4.62011468682325, 4.864568511901532, 5.06235043377718, 5.284194775145915, 5.5408827156983165, 5.797570656250718, 6.15736283426166, 6.533774508201629, 6.916487682536016, 7.077954218668814, 7.187282690804172, 7.284980937443127, 7.382679184082082, 7.468718479942894, 7.4165934852723, 7.234791480589523, 6.981231957127259, 6.777068563272522, 6.7473660348836315, 6.723595459101295, 6.708470262763824, 6.497401633265619, 6.231397321232228, 6.013094774062975, 5.638056105275259
21.pdb, 1, 1, 0.5786433478202674, 0.5470689707875401, 1.3866523635453831, -, -, -, 1.4423864132003126, 15.445792496965565, , distance, 0.30912528895371794, 0.791020714397343, 1.2868057728113622, 1.738282763916344, 2.183021507657207, 2.6008390472932565, 3.0304060588624866, 3.476719834924155, 3.8637744535325242, 4.1650812289867645, 4.429589172545052, 4.752094012549001, 5.129858455833292, 5.527069571632382, 5.995906730362165, 6.477745764544568, 6.961917909696842, 7.31864060310049, 7.6631149390342586, 8.014144799288292, 8.380316411632027, 8.748674449379516, 9.0030456388344, 9.186633996506004, 9.21477429046822, 9.278317115480558, 9.608034881555122, 9.920693060509352, 10.160485125314548, 10.381904460628366, 10.53128566361065, 10.754010885986563, 10.784659141929547
21.pdb, 1, 1, 0.5786433478202674, 0.5470689707875401, 1.3866523635453831, -, -, -, 1.4423864132003126, 15.445792496965565, , length, 0.30912528895371794, 0.8091252889537179, 1.309125288953718, 1.809125288953718, 2.3091252889537177, 2.8091252889537177, 3.3091252889537177, 3.8091252889537177, 4.309125288953718, 4.809125288953718, 5.309125288953718, 5.809125288953718, 6.309125288953718, 6.809125288953718, 7.309125288953718, 7.809125288953718, 8.309125288953718, 8.809125288953718, 9.309125288953718, 9.809125288953718, 10.309125288953718, 10.809125288953718, 11.309125288953718, 11.809125288953718, 12.309125288953718, 12.809125288953718, 13.309125288953718, 13.809125288953718, 14.309125288953718, 14.809125288953718, 15.309125288953718, 15.809125288953718, 16.309125288953716
21.pdb, 1, 1, 0.5786433478202674, 0.5470689707875401, 1.3866523635453831, -, -, -, 1.4423864132003126, 15.445792496965565, , R, 2.041817216855841, 2.0470851349520256, 2.1283246355711576, 2.163444457764279, 2.1857750688464863, 2.1128529642525047, 2.097471441606328, 2.1517483295170203, 2.1924781231231414, 2.0408473669959157, 1.8175678486637452, 1.645635131809071, 1.5256674398940258, 1.4946032513917287, 1.4568102356226877, 1.4963567027174294, 1.603451828057305, 1.4875806274511307, 1.3995693674941745, 1.397583563840237, 1.4901895557472942, 1.648638594010493, 1.6573462629392115, 1.678082630761139, 1.679949101119828, 1.6696840070053687, 1.6264237791258125, 1.6414870569416313, 1.5402383370766446, 1.623213619515438, 1.720094043322251, 1.9479148797504406, 1.9877490243606089
21.pdb, 1, 1, 0.5786433478202674, 0.5470689707875401, 1.3866523635453831, -, -, -, 1.4423864132003126, 15.445792496965565, , Upper limit of R overestimation, -, -, -, -, -, -, -, -, -, -, -, -, -, -, -, -, -, -, -, -, -, -, -, -, -, -, -, -, -, -, -, -, -
21.pdb, 1, 2, 0.527579988857006, 0.6394547874841277, 1.1463262800099077, -, -, -, 1.2172116199914773, 14.584637411649451, , X, 8.749729178717034, 8.750481551439554, 8.751233924162074, 8.596683655056323, 8.417068751324068, 8.540403589597041, 8.69618719159812, 8.845224748630205, 8.949384642953778, 9.227363317219277, 9.68427548350374, 10.128387660681675, 10.553964806911816, 10.979541953141958, 11.315307255747436, 11.6365956793585, 11.939374645074734, 12.221198936026049, 12.537543587466962, 12.846123949404484, 13.154704311342009, 13.477717184036564, 13.97176239465561, 14.33666858817295, 14.695566061609554, 15.071694050650056, 15.396919740257726, 15.88522235053113, 16.36546924234033, 16.84454162420404, 17.32361400606775
21.pdb, 1, 2, 0.527579988857006, 0.6394547874841277, 1.1463262800099077, -, -, -, 1.2172116199914773, 14.584637411649451, , Y, -0.09516120472038114, -0.015370390979368959, 0.06442042276164323, -0.011328706394177546, -0.17574816855079362, -0.4133270204014339, -0.6526408157686368, -0.898415164752222, -0.987405503928668, -1.1814069215070562, -1.227380649661459, -1.2769312903526977, -1.3316614811213652, -1.3863916718900324, -1.4554175542215495, -1.5267477762542059, -1.6094990463981846, -1.9838907386235556, -2.3547397719149195, -2.735834527625597, -3.1169292833362743, -3.472771637530553, -3.52936063641702, -3.782626818870104, -4.009296911262164, -4.188592073076551, -4.267727779213959, -4.336669516621956, -4.442400704439087, -4.56524546630208, -4.6880902281650725
21.pdb, 1, 2, 0.527579988857006, 0.6394547874841277, 1.1463262800099077, -, -, -, 1.2172116199914773, 14.584637411649451, , Z, 1.1584782227132286, 1.6520700175982668, 2.145661812483305, 2.5876703088355795, 3.0052211403314297, 3.4274964180905125, 3.8379356665725672, 4.244584151267295, 4.62011468682325, 4.864568511901532, 5.06235043377718, 5.284194775145915, 5.5408827156983165, 5.797570656250718, 6.15736283426166, 6.533774508201629, 6.916487682536016, 7.077954218668814, 7.187282690804172, 7.284980937443127, 7.382679184082082, 7.468718479942894, 7.4165934852723, 7.234791480589523, 7.327819465116239, 7.604190557689794, 7.869839205797475, 7.922076229438815, 8.008808629233485, 8.082285274626804, 8.15576192002012
21.pdb, 1, 2, 0.527579988857006, 0.6394547874841277, 1.1463262800099077, -, -, -, 1.2172116199914773, 14.584637411649451, , distance, 0.30912528895371794, 0.791020714397343, 1.2868057728113622, 1.738282763916344, 2.183021507657207, 2.6008390472932565, 3.0304060588624866, 3.476719834924155, 3.8637744535325242, 4.1650812289867645, 4.429589172545052, 4.752094012549001, 5.129858455833292, 5.527069571632382, 5.995906730362165, 6.477745764544568, 6.961917909696842, 7.31864060310049, 7.6631149390342586, 8.014144799288292, 8.380316411632027, 8.748674449379516, 9.0030456388344, 9.186633996506004, 9.559703183798053, 10.050675855672436, 10.462948959353474, 10.83600981740388, 11.249348841643613, 11.666999267476426, 12.090901308570936
21.pdb, 1, 2, 0.527579988857006, 0.6394547874841277, 1.1463262800099077, -, -, -, 1.2172116199914773, 14.584637411649451, , length, 0.30912528895371794, 0.8091252889537179, 1.309125288953718, 1.809125288953718, 2.3091252889537177, 2.8091252889537177, 3.3091252889537177, 3.8091252889537177, 4.309125288953718, 4.809125288953718, 5.309125288953718, 5.809125288953718, 6.309125288953718, 6.809125288953718, 7.309125288953718, 7.809125288953718, 8.309125288953718, 8.809125288953718, 9.309125288953718, 9.809125288953718, 10.309125288953718, 10.809125288953718, 11.309125288953718, 11.809125288953718, 12.309125288953718, 12.809125288953718, 13.309125288953718, 13.809125288953718, 14.309125288953718, 14.809125288953718, 15.309125288953718
21.pdb, 1, 2, 0.527579988857006, 0.6394547874841277, 1.1463262800099077, -, -, -, 1.2172116199914773, 14.584637411649451, , R, 2.041817216855841, 2.0470851349520256, 2.1283246355711576, 2.163444457764279, 2.1857750688464863, 2.1128529642525047, 2.097471441606328, 2.1517483295170203, 2.1924781231231414, 2.0408473669959157, 1.8175678486637452, 1.645635131809071, 1.5256674398940258, 1.4946032513917287, 1.4568102356226877, 1.4963567027174294, 1.603451828057305, 1.4875806274511307, 1.3995693674941745, 1.397583563840237, 1.4901895557472942, 1.648638594010493, 1.6573462629392115, 1.678082630761139, 1.584794338585047, 1.4679419031968097, 1.3666994283498115, 1.2364222974201995, 1.1536717553046156, 1.1671885500225467, 1.283423550463551
21.pdb, 1, 2, 0.527579988857006, 0.6394547874841277, 1.1463262800099077, -, -, -, 1.2172116199914773, 14.584637411649451, , Upper limit of R overestimation, -, -, -, -, -, -, -, -, -, -, -, -, -, -, -, -, -, -, -, -, -, -, -, -, -, -, -, -, -, -, -
23.pdb, 1, 1, 0.5847455252899629, 0.5365785258943483, 1.3346101572809956, -, -, -, 1.3024749216102873, 13.705543563717683, , X, 8.788494198976059, 8.874839661068192, 8.92387721599778, 8.972914770927368, 9.010065666429309, 9.087147036020834, 9.245283852983183, 9.40342066994553, 9.56155748690788, 9.932855694112867, 10.348479464626616, 10.654022209392469, 10.944127978474759, 11.250704192357736, 11.448804468327578, 11.695870431440065, 11.911882516786282, 12.09750164995494, 12.287917214609536, 12.559955317157543, 12.864364878306407, 13.170468252600783, 13.656021909042508, 14.141575565484231, 14.356790847995908, 14.56330317415004, 14.728274101796314, 14.89324502944259, 15.058215957088866
23.pdb, 1, 1, 0.5847455252899629, 0.5365785258943483, 1.3346101572809956, -, -, -, 1.3024749216102873, 13.705543563717683, , Y, 0.11044587552433974, 0.09720526029616822, 0.039442624871708215, -0.018320010552751786, 0.15550100309033704, 0.3834392022902483, 0.30255791485529704, 0.22167662742034577, 0.1407953399853945, 0.16158230993652428, 0.15015656550058715, -0.11981384092706093, -0.4180238726679382, -0.6309129459711462, -0.9274144348770024, -1.3479533672103652, -1.7820377949452784, -2.240163348843453, -2.6961477440939223, -3.1122132980365707, -3.5076174853145234, -3.900015055964215, -3.973877961984138, -4.047740868004061, -4.328566923481443, -4.674619441153125, -5.130521229160848, -5.586423017168572, -6.042324805176295
23.pdb, 1, 1, 0.5847455252899629, 0.5365785258943483, 1.3346101572809956, -, -, -, 1.3024749216102873, 13.705543563717683, , Z, 0.8915512956824033, 1.3785027161666545, 1.8727281669028026, 2.3669536176389503, 2.8142385394766, 3.136964036054802, 3.6043514176387315, 4.071738799222661, 4.539126180806591, 4.839876552159347, 5.108372585903604, 5.3867903323214215, 5.664115808457817, 5.981119688000596, 6.209319754567864, 6.301358252773359, 6.410644881050854, 6.485921134060725, 6.559529745154588, 6.603859624831061, 6.6353294161271155, 6.665628678665267, 6.571916791317057, 6.478204903968847, 6.818380857961414, 7.051407950678334, 6.929186214792738, 6.806964478907143, 6.684742743021547
23.pdb, 1, 1, 0.5847455252899629, 0.5365785258943483, 1.3346101572809956, -, -, -, 1.3024749216102873, 13.705543563717683, , distance, 0.18799152838614167, 0.5343036026804642, 1.0109099229648635, 1.5027965280969768, 1.9632345197752719, 2.3228347252257637, 2.786788684565239, 3.261413985394536, 3.7426529622492755, 4.120280881056179, 4.499398276749792, 4.862687433826423, 5.241981439354816, 5.673597451532757, 5.998937882870722, 6.262942489860827, 6.557496568123592, 6.840612785886407, 7.147716928431176, 7.476729557707848, 7.821676031890901, 8.181302902986795, 8.417533978069034, 8.676176540013076, 9.156736773754035, 9.594735255793996, 9.84302812406964, 10.109968381437973, 10.394119428606022
23.pdb, 1, 1, 0.5847455252899629, 0.5365785258943483, 1.3346101572809956, -, -, -, 1.3024749216102873, 13.705543563717683, , length, 0.18799152838614167, 0.6879915283861416, 1.1879915283861417, 1.6879915283861417, 2.1879915283861417, 2.6879915283861417, 3.1879915283861417, 3.6879915283861417, 4.187991528386142, 4.687991528386142, 5.187991528386142, 5.687991528386142, 6.187991528386142, 6.687991528386142, 7.187991528386142, 7.687991528386142, 8.187991528386142, 8.687991528386142, 9.187991528386142, 9.687991528386142, 10.187991528386142, 10.687991528386142, 11.187991528386142, 11.687991528386142, 12.187991528386142, 12.687991528386142, 13.187991528386142, 13.687991528386142, 14.187991528386142
23.pdb, 1, 1, 0.5847455252899629, 0.5365785258943483, 1.3346101572809956, -, -, -, 1.3024749216102873, 13.705543563717683, , R, 1.8451912722083634, 1.8224419631258686, 1.8542256588278823, 1.9656647531949833, 2.07192530624624, 2.138531224878003, 2.0839365574954076, 2.1049489992773207, 2.2001671226564037, 2.0994099630660275, 1.9930244961857928, 1.9133478942228013, 1.9080729026362533, 1.9434034600432544, 1.905976828298641, 1.691767265586951, 1.514581504806314, 1.3979937235934285, 1.3717362457202207, 1.3872615986491008, 1.4745838973826786, 1.6459490388454496, 1.6496574598142877, 1.73967163894968, 1.7405615302589388, 1.722446638836965, 1.5084482925018101, 1.3750126115152261, 1.3348940304811479
23.pdb, 1, 1, 0.5847455252899629, 0.5365785258943483, 1.3346101572809956, -, -, -, 1.3024749216102873, 13.705543563717683, , Upper limit of R overestimation, -, -, -, -, -, -, -, -, -, -, -, -, -, -, -, -, -, -, -, -, -, -, -, -, -, -, -, -, -
24.pdb, 1, 1, 0.7027027741557917, 0.3528212729395055, 1.7441511520258521, -, -, -, 1.245671174339331, 14.065993249052765, , X, 9.223027771069905, 9.292052781610975, 9.160428784343212, 9.012330717132128, 8.919213878729675, 8.9742483032117, 9.124993375676297, 9.420679178004267, 9.846709705177151, 10.272740232350033, 10.698770759522915, 11.1248012866958, 11.550831813868681, 11.976862341041564, 12.341099595866933, 12.614598349271116, 12.894043174678758, 13.173488000086403, 13.452932825494047, 13.732175000325066, 14.176412157192503, 14.620649314059943, 14.944398561009407, 15.07085592594918, 15.245959907948532, 15.605106746031128, 15.796225077586382, 16.188275521082343, 16.5803259645783, 16.97237640807426
24.pdb, 1, 1, 0.7027027741557917, 0.3528212729395055, 1.7441511520258521, -, -, -, 1.245671174339331, 14.065993249052765, , Y, -0.11065175612657493, -0.11744128513840238, -0.3052251442700434, -0.507869347274299, -0.7528545224320095, -1.1089446638125786, -1.3071704576434746, -1.1549012714394518, -1.1730860646030044, -1.1912708577665572, -1.20945565093011, -1.2276404440936628, -1.2458252372572154, -1.2640100304207682, -1.3985457460986892, -1.811070731778686, -2.2254203050288024, -2.6397698782789187, -3.054119451529035, -3.463976457361022, -3.675363183112951, -3.88674990886488, -4.147630458333439, -4.498151960067583, -4.831318493075444, -5.069339461965622, -5.145699703525019, -5.247117256343386, -5.348534809161753, -5.44995236198012
24.pdb, 1, 1, 0.7027027741557917, 0.3528212729395055, 1.7441511520258521, -, -, -, 1.245671174339331, 14.065993249052765, , Z, 1.9604072919678635, 2.4555733754344136, 2.8927704700126737, 3.325208083405763, 3.7345091161959547, 4.077976956743089, 4.356975169467256, 4.64802017739424, 4.909108865801827, 5.170197554209415, 5.431286242617002, 5.69237493102459, 5.953463619432178, 6.2145523078397655, 6.3216712164190625, 6.277723721051157, 6.262723031055768, 6.247722341060378, 6.232721651064988, 6.206001895760244, 6.116732636582104, 6.027463377403965, 6.0069732939140135, 6.339998571618451, 6.647136973915137, 6.885445665470683, 7.321287840404795, 7.6145640408284825, 7.9078402412521696, 8.201116441675856
24.pdb, 1, 1, 0.7027027741557917, 0.3528212729395055, 1.7441511520258521, -, -, -, 1.245671174339331, 14.065993249052765, , distance, 1.152279095795846, 1.6460747651180894, 2.060377593532733, 2.5004646360249527, 2.947365617790456, 3.376462364666925, 3.7122645190327197, 3.973331169015678, 4.304895284814553, 4.666571144616318, 5.051895592974259, 5.455860327836466, 5.874621243229806, 6.3052309700719125, 6.607601993224943, 6.814400815579293, 7.076214403082736, 7.36271431480425, 7.671135110559015, 7.989074064031924, 8.300194171117562, 8.62908698275318, 8.952702837755975, 9.392836280619704, 9.84648381770776, 10.33486583564824, 10.753155346220431, 11.231120225915381, 11.710925375818176, 12.192353537648039
24.pdb, 1, 1, 0.7027027741557917, 0.3528212729395055, 1.7441511520258521, -, -, -, 1.245671174339331, 14.065993249052765, , length, 1.152279095795846, 1.652279095795846, 2.152279095795846, 2.652279095795846, 3.152279095795846, 3.652279095795846, 4.152279095795846, 4.652279095795846, 5.152279095795846, 5.652279095795846, 6.152279095795846, 6.652279095795846, 7.152279095795846, 7.652279095795846, 8.152279095795846, 8.652279095795846, 9.152279095795846, 9.652279095795846, 10.152279095795846, 10.652279095795846, 11.152279095795846, 11.652279095795846, 12.152279095795846, 12.652279095795846, 13.152279095795846, 13.652279095795846, 14.152279095795846, 14.652279095795846, 15.152279095795846, 15.652279095795846
24.pdb, 1, 1, 0.7027027741557917, 0.3528212729395055, 1.7441511520258521, -, -, -, 1.245671174339331, 14.065993249052765, , R, 2.005622585733108, 2.140430829728537, 2.2057503146646766, 2.3302218642642494, 2.4578350286245128, 2.4864279422520914, 2.449351105369942, 2.2871975521903316, 2.0600743677497846, 1.8976802608590984, 1.8105084477166014, 1.80511218243678, 1.8819210477049662, 2.035085077636105, 2.1187689556654226, 2.0091890348537245, 1.961454083214093, 1.9922859488330202, 2.0994828743247647, 2.2656379192502305, 2.2652465729144913, 2.336272251233801, 2.36486731501535, 2.309586140522619, 2.2723832150671157, 2.0971631659895644, 1.997891310447898, 1.8802933941181144, 1.8413658040849359, 1.8840889278142956
24.pdb, 1, 1, 0.7027027741557917, 0.3528212729395055, 1.7441511520258521, -, -, -, 1.245671174339331, 14.065993249052765, , Upper limit of R overestimation, -, -, -, -, -, -, -, -, -, -, -, -, -, -, -, -, -, -, -, -, -, -, -, -, -, -, -, -, -, -
25.pdb, 1, 1, 0.5833047729298626, 0.5390454626229649, 1.1277932736784775, -, -, -, 1.347254898351282, 14.614463358272227, , X, 7.968575687664831, 7.987276167541128, 8.268398763516272, 8.541935905366987, 8.653239053326057, 8.786366506306651, 8.968373423990982, 9.148939678785858, 9.230808021702414, 9.36766002179566, 9.544948797415538, 9.902767364156743, 10.260585930897948, 10.635321990675918, 11.009338273433883, 11.364925047358827, 11.720511821283774, 11.900458866468917, 12.022903677760066, 12.145616592488528, 12.368694431852635, 12.634655140503826, 12.900615849155017, 13.166576557806206, 13.419624108799285, 13.62748269672332, 14.067917470381898, 14.38960277352968, 14.654955984139898, 14.94669826941208, 15.17304818823032
25.pdb, 1, 1, 0.5833047729298626, 0.5390454626229649, 1.1277932736784775, -, -, -, 1.347254898351282, 14.614463358272227, , Y, -1.0227143900393738, -1.074984464603059, -0.7259295046959312, -0.37429249039084234, 0.034453217437200784, 0.3472672326358717, 0.1827101158600607, 0.07150661739420291, -0.04667173518597556, -0.2505973388993251, -0.4485774513890672, -0.6200139467201019, -0.7914504420511366, -0.954212211149479, -0.8980787381917035, -0.8035305549256662, -0.7089823716596286, -1.050680532993905, -1.5352002502631001, -2.0188731648551186, -2.4483499916161904, -2.8658978861135194, -3.283445780610848, -3.7009936751081765, -4.126223105866147, -4.539581421786455, -4.727193561072469, -5.06124120937602, -5.46468711046935, -5.8518455350583105, -6.275117581539585
25.pdb, 1, 1, 0.5833047729298626, 0.5390454626229649, 1.1277932736784775, -, -, -, 1.347254898351282, 14.614463358272227, , Z, 1.3897368541876034, 1.8258495200263947, 2.0475040282061956, 2.271238782152119, 2.536543351147122, 2.800346642937773, 3.233753620685564, 3.6865555746989114, 4.153891700418949, 4.589421123329301, 5.0009286819610415, 5.305190742303573, 5.6094528026461035, 5.889392077662598, 6.1958797146380356, 6.534433532000565, 6.872987349363095, 6.944626600742698, 6.928881386699898, 6.918164472502401, 7.017153381102089, 7.0872865205912365, 7.157419660080385, 7.227552799569533, 7.286267293811932, 7.267348650649942, 7.21168670614736, 7.371392970033637, 7.501081360068519, 7.5496597037837025, 7.568568335954628
25.pdb, 1, 1, 0.5833047729298626, 0.5390454626229649, 1.1277932736784775, -, -, -, 1.347254898351282, 14.614463358272227, , distance, 1.4055058272987393, 1.6399896763465138, 1.4730604941999328, 1.4694074722567, 1.682098278075325, 1.9753642852982025, 2.3798059275136945, 2.8356032328140164, 3.3058817153967617, 3.759728507916565, 4.206275610254174, 4.5915651652955765, 4.9972179084859265, 5.4001433221116955, 5.805809516380184, 6.240062437186051, 6.683512123088426, 6.867011045860916, 6.994030440121904, 7.157956386047266, 7.471621886943979, 7.797282987348598, 8.140645573179771, 8.499564618935898, 8.860739741884604, 9.150969781960482, 9.441588952067052, 9.893395009497219, 10.333692395252584, 10.734659107354847, 11.107369880789705
25.pdb, 1, 1, 0.5833047729298626, 0.5390454626229649, 1.1277932736784775, -, -, -, 1.347254898351282, 14.614463358272227, , length, 1.4055058272987393, 1.9055058272987393, 2.4055058272987395, 2.9055058272987395, 3.4055058272987395, 3.9055058272987395, 4.4055058272987395, 4.9055058272987395, 5.4055058272987395, 5.9055058272987395, 6.4055058272987395, 6.9055058272987395, 7.4055058272987395, 7.9055058272987395, 8.40550582729874, 8.90550582729874, 9.40550582729874, 9.90550582729874, 10.40550582729874, 10.90550582729874, 11.40550582729874, 11.90550582729874, 12.40550582729874, 12.90550582729874, 13.40550582729874, 13.90550582729874, 14.40550582729874, 14.90550582729874, 15.40550582729874, 15.90550582729874, 16.40550582729874
25.pdb, 1, 1, 0.5833047729298626, 0.5390454626229649, 1.1277932736784775, -, -, -, 1.347254898351282, 14.614463358272227, , R, 1.905415985837241, 1.9921158482707344, 1.9904375549933004, 2.0593209145759364, 2.0546991544371025, 2.080587148343464, 2.0263618733345794, 2.002442666307182, 1.9539151647196118, 1.8747503269081964, 1.8349460751123476, 1.6898326679447504, 1.6269007797589043, 1.6252320152181332, 1.5653027862967563, 1.5916464511473511, 1.7051127889475468, 1.5658052502452102, 1.393400604316174, 1.3087530344210327, 1.1872501087194005, 1.1279503505427326, 1.1748142217030944, 1.3219302806807567, 1.5447208052059287, 1.7547851775093404, 1.8568930174552303, 1.9703699988160739, 2.068737723643169, 2.219446074935309, 2.323100087092879
25.pdb, 1, 1, 0.5833047729298626, 0.5390454626229649, 1.1277932736784775, -, -, -, 1.347254898351282, 14.614463358272227, , Upper limit of R overestimation, -, -, -, -, -, -, -, -, -, -, -, -, -, -, -, -, -, -, -, -, -, -, -, -, -, -, -, -, -, -, -
26.pdb, 1, 1, 0.6392532825725352, 0.4474545297868172, 1.420253381047594, -, -, -, 1.2290907215732634, 14.609458289616796, , X, 9.36041964377009, 9.153468811515287, 9.176555139022053, 9.056281263774514, 8.92495480118893, 8.78852331744178, 9.074076789507876, 9.504283290627821, 9.902205943773971, 10.230219282574538, 10.548842940124738, 10.867430998511182, 11.181905058645217, 11.434750307101305, 11.603305982317513, 11.766337503582598, 11.926275304030158, 12.08621310447772, 12.24615090492528, 12.414922254688683, 12.7301934096613, 13.086769245375658, 13.444982809895047, 13.698308996143576, 14.024699283128864, 14.430923926512916, 14.887300928481974, 15.343677930451031, 15.77330508466522, 16.146261558254412, 16.519218031843604
26.pdb, 1, 1, 0.6392532825725352, 0.4474545297868172, 1.420253381047594, -, -, -, 1.2290907215732634, 14.609458289616796, , Y, 0.488406396975999, 0.18637332374530532, 0.10787490563844498, 0.08700065406672292, 0.04263614174655059, -0.012578162983665667, -0.006112542243935003, 0.024412448866038994, -0.027738025964536624, -0.20676728904155708, -0.4086273272547963, -0.5120135783636319, -0.4484766941418421, -0.6052573614445725, -1.075690238914481, -1.529288192715007, -1.9734579961999978, -2.4176277996849884, -2.861797603169979, -3.303996893875758, -3.6753089100896537, -4.023992494777313, -4.368930273760469, -4.627902335598775, -4.899276643947932, -5.079545429584978, -5.111168544939173, -5.142791660293368, -5.329496123100048, -5.571764399966117, -5.814032676832187
26.pdb, 1, 1, 0.6392532825725352, 0.4474545297868172, 1.420253381047594, -, -, -, 1.2290907215732634, 14.609458289616796, , Z, 1.7317907611103582, 2.0195269869248933, 2.499007006725911, 2.9838765361400204, 3.46394236902694, 3.941789447908573, 4.278777248840454, 4.531740865417758, 4.825201225883015, 5.151765912489369, 5.479990667530609, 5.825150443216113, 6.2073654718248195, 6.558082926936491, 6.574872571000328, 6.686488017389523, 6.851209253604229, 7.015930489818935, 7.18065172603364, 7.34077470613335, 7.404893177473218, 7.440578344615488, 7.479906085307679, 7.694515241825556, 7.744354194456846, 7.924094313898506, 8.125886312374735, 8.327678310850965, 8.368268777422294, 8.596762871070817, 8.825256964719342
26.pdb, 1, 1, 0.6392532825725352, 0.4474545297868172, 1.420253381047594, -, -, -, 1.2290907215732634, 14.609458289616796, , distance, 1.14202297002585, 1.214242159877203, 1.6698180645396712, 2.129310725343209, 2.5975864526951624, 3.0734480432096474, 3.4168116747329207, 3.720418858098671, 4.092149078447605, 4.499954951990001, 4.923891088451683, 5.367429648314621, 5.835699174762594, 6.26963603041186, 6.413132494737068, 6.667877969262076, 6.989985846231788, 7.332067078803283, 7.691457154897313, 8.065254346374294, 8.412512093407626, 8.761781763277904, 9.126784271302501, 9.532473517977701, 9.867608665924827, 10.29632667794401, 10.701315930205624, 11.114044368149866, 11.481308636045691, 11.967000506050855, 12.453824883444664
26.pdb, 1, 1, 0.6392532825725352, 0.4474545297868172, 1.420253381047594, -, -, -, 1.2290907215732634, 14.609458289616796, , length, 1.14202297002585, 1.64202297002585, 2.1420229700258497, 2.6420229700258497, 3.1420229700258497, 3.6420229700258497, 4.14202297002585, 4.64202297002585, 5.14202297002585, 5.64202297002585, 6.14202297002585, 6.64202297002585, 7.14202297002585, 7.64202297002585, 8.142022970025849, 8.642022970025849, 9.142022970025849, 9.642022970025849, 10.142022970025849, 10.642022970025849, 11.142022970025849, 11.642022970025849, 12.142022970025849, 12.642022970025849, 13.142022970025849, 13.642022970025849, 14.142022970025849, 14.642022970025849, 15.142022970025849, 15.642022970025849, 16.14202297002585
26.pdb, 1, 1, 0.6392532825725352, 0.4474545297868172, 1.420253381047594, -, -, -, 1.2290907215732634, 14.609458289616796, , R, 2.1282833285132288, 2.042844081529341, 2.173935616920555, 2.225692404615349, 2.341951785288961, 2.519695685464269, 2.412888875307062, 2.2376864589285335, 2.090942806301441, 1.9763391822451297, 1.9363334620126074, 1.9327400839803495, 1.927257423818937, 1.9300897281159524, 1.7030762115822953, 1.5313828232803537, 1.4340629068136057, 1.4298522138690066, 1.5191833216118582, 1.6857038017640058, 1.775483291489669, 1.9003666828304906, 2.0933197505126815, 2.125037204491223, 2.0943636455331447, 1.9597696707120915, 1.811986461536401, 1.74278448361499, 1.6628164124570846, 1.5272102889903805, 1.4794839259298314
26.pdb, 1, 1, 0.6392532825725352, 0.4474545297868172, 1.420253381047594, -, -, -, 1.2290907215732634, 14.609458289616796, , Upper limit of R overestimation, -, -, -, -, -, -, -, -, -, -, -, -, -, -, -, -, -, -, -, -, -, -, -, -, -, -, -, -, -, -, -
26.pdb, 1, 2, 0.5189587943645549, 0.6559307932560898, 1.1346444988420743, -, -, -, 1.6422534249238738, 17.133377125306414, , X, 9.36041964377009, 9.153468811515287, 9.176555139022053, 9.056281263774514, 8.92495480118893, 8.78852331744178, 9.074076789507876, 9.504283290627821, 9.902205943773971, 10.230219282574538, 10.548842940124738, 10.867430998511182, 11.181905058645217, 11.434750307101305, 11.603305982317513, 11.766337503582598, 11.926275304030158, 12.08621310447772, 12.24615090492528, 12.414922254688683, 12.7301934096613, 13.086769245375658, 13.446158438419511, 13.763651763752371, 13.906601113947316, 14.049550464142262, 14.19304068576803, 14.405220044261961, 14.628309770348475, 14.929161313277485, 15.307269734214543, 15.569316416482897, 15.670981882199715, 15.738811538535735, 15.802264720374609, 15.768537095764493
26.pdb, 1, 2, 0.5189587943645549, 0.6559307932560898, 1.1346444988420743, -, -, -, 1.6422534249238738, 17.133377125306414, , Y, 0.488406396975999, 0.18637332374530532, 0.10787490563844498, 0.08700065406672292, 0.04263614174655059, -0.012578162983665667, -0.006112542243935003, 0.024412448866038994, -0.027738025964536624, -0.20676728904155708, -0.4086273272547963, -0.5120135783636319, -0.4484766941418421, -0.6052573614445725, -1.075690238914481, -1.529288192715007, -1.9734579961999978, -2.4176277996849884, -2.861797603169979, -3.303996893875758, -3.6753089100896537, -4.023992494777313, -4.367016582461301, -4.489165511484804, -4.607848565041462, -4.726531618598122, -4.8437111003540405, -4.763453118415883, -4.640322026339778, -4.737708720230458, -5.023834698236852, -5.305596379599607, -5.748796983200779, -6.1733761519720405, -6.6008401793577685, -7.092363276853002
26.pdb, 1, 2, 0.5189587943645549, 0.6559307932560898, 1.1346444988420743, -, -, -, 1.6422534249238738, 17.133377125306414, , Z, 1.7317907611103582, 2.0195269869248933, 2.499007006725911, 2.9838765361400204, 3.46394236902694, 3.941789447908573, 4.278777248840454, 4.531740865417758, 4.825201225883015, 5.151765912489369, 5.479990667530609, 5.825150443216113, 6.2073654718248195, 6.558082926936491, 6.574872571000328, 6.686488017389523, 6.851209253604229, 7.015930489818935, 7.18065172603364, 7.34077470613335, 7.404893177473218, 7.440578344615488, 7.472198634755144, 7.190372326223115, 6.7261742908144, 6.261976255405686, 5.797885126470017, 5.353562023325465, 4.923364733377248, 4.638465650379465, 4.479827865705169, 4.197011377956071, 4.354714596414113, 4.609923662018849, 4.857808552343084, 4.943058138657917
26.pdb, 1, 2, 0.5189587943645549, 0.6559307932560898, 1.1346444988420743, -, -, -, 1.6422534249238738, 17.133377125306414, , distance, 1.14202297002585, 1.214242159877203, 1.6698180645396712, 2.129310725343209, 2.5975864526951624, 3.0734480432096474, 3.4168116747329207, 3.720418858098671, 4.092149078447605, 4.499954951990001, 4.923891088451683, 5.367429648314621, 5.835699174762594, 6.26963603041186, 6.413132494737068, 6.667877969262076, 6.989985846231788, 7.332067078803283, 7.691457154897313, 8.065254346374294, 8.412512093407626, 8.761781763277904, 9.120892085120893, 9.144984924674327, 8.970297429751595, 8.820528480986582, 8.696531594239266, 8.543827522950364, 8.408806929449103, 8.540754692911019, 8.903180852911154, 9.14489654826925, 9.535285454646328, 9.934914609978664, 10.33933222078351, 10.667200500155552
26.pdb, 1, 2, 0.5189587943645549, 0.6559307932560898, 1.1346444988420743, -, -, -, 1.6422534249238738, 17.133377125306414, , length, 1.14202297002585, 1.64202297002585, 2.1420229700258497, 2.6420229700258497, 3.1420229700258497, 3.6420229700258497, 4.14202297002585, 4.64202297002585, 5.14202297002585, 5.64202297002585, 6.14202297002585, 6.64202297002585, 7.14202297002585, 7.64202297002585, 8.142022970025849, 8.642022970025849, 9.142022970025849, 9.642022970025849, 10.142022970025849, 10.642022970025849, 11.142022970025849, 11.642022970025849, 12.142022970025849, 12.642022970025849, 13.142022970025849, 13.642022970025849, 14.142022970025849, 14.642022970025849, 15.142022970025849, 15.642022970025849, 16.14202297002585, 16.64202297002585, 17.14202297002585, 17.64202297002585, 18.14202297002585, 18.64202297002585
26.pdb, 1, 2, 0.5189587943645549, 0.6559307932560898, 1.1346444988420743, -, -, -, 1.6422534249238738, 17.133377125306414, , R, 2.1282833285132288, 2.042844081529341, 2.173935616920555, 2.225692404615349, 2.341951785288961, 2.519695685464269, 2.412888875307062, 2.2376864589285335, 2.090942806301441, 1.9763391822451297, 1.9363334620126074, 1.9327400839803495, 1.927257423818937, 1.9300897281159524, 1.7030762115822953, 1.5313828232803537, 1.4340629068136057, 1.4298522138690066, 1.5191833216118582, 1.6857038017640058, 1.775483291489669, 1.9003666828304906, 2.090630305661345, 1.9560729511783224, 1.716522807288017, 1.5479836421825548, 1.4628637762912093, 1.3230070172999617, 1.246796351178901, 1.2041438355197698, 1.197200669773837, 1.1451305440790411, 1.1781293532814183, 1.3277500285810186, 1.5537152165061878, 1.6939558815774711
26.pdb, 1, 2, 0.5189587943645549, 0.6559307932560898, 1.1346444988420743, -, -, -, 1.6422534249238738, 17.133377125306414, , Upper limit of R overestimation, -, -, -, -, -, -, -, -, -, -, -, -, -, -, -, -, -, -, -, -, -, -, -, -, -, -, -, -, -, -, -, -, -, -, -, -
27.pdb, 1, 1, 0.6500277004884055, 0.4307403008644875, 1.4933208123345107, -, -, -, 1.4516309997652779, 14.458131189728627, , X, 9.048826718130279, 9.08025417271917, 9.040062161620423, 8.999870150521673, 8.959678139422923, 9.030255565124426, 9.240884337130334, 9.424620029334125, 9.608355721537917, 9.967705103694316, 10.385509684453298, 10.809872457667623, 11.222376738356447, 11.388408540747191, 11.338401687911542, 11.29970495829875, 11.632258024362553, 11.964811090426355, 12.297364156490158, 12.62991722255396, 12.827440544601364, 13.275530098352213, 13.564540703882624, 13.888671560060173, 14.212802416237723, 14.480681334005366, 14.68699075224823, 14.965248451024527, 15.282982077614625, 15.547920625055646, 15.702548995323243
27.pdb, 1, 1, 0.6500277004884055, 0.4307403008644875, 1.4933208123345107, -, -, -, 1.4516309997652779, 14.458131189728627, , Y, 0.5251548777631786, 0.7445084266589933, 0.818026347871758, 0.8915442690845227, 0.9650621902972873, 0.8979745534342408, 0.8270196845627739, 0.6195493125504434, 0.41207894053811295, 0.2864212578672052, 0.10170719016989734, 0.007921602922520435, -0.011329172477999801, -0.24087513048709838, -0.7199860231003004, -1.1723227305310349, -1.5272336082182134, -1.8821444859053917, -2.23705536359257, -2.5919662412797493, -2.9990821454683223, -3.0458942080466644, -3.293606343513965, -3.52061621701338, -3.7476260905127954, -4.0756268621543, -4.514165318912648, -4.9180127341207, -5.3028261843490245, -5.555005291089163, -5.8021848730734265
27.pdb, 1, 1, 0.6500277004884055, 0.4307403008644875, 1.4933208123345107, -, -, -, 1.4516309997652779, 14.458131189728627, , Z, 0.9519821546274874, 1.3930907665992767, 1.8860204953683901, 2.3789502241375033, 2.8718799529066166, 3.304766669729824, 3.7403631449963695, 4.156532870165631, 4.572702595334893, 4.8294290269872295, 5.032239071795865, 5.27946467794238, 5.551383939439754, 5.742366013581873, 5.875891671372266, 6.083301095837649, 6.199261119772111, 6.315221143706573, 6.431181167641035, 6.547141191575497, 6.503576645715388, 6.6613734461120995, 6.397403957902887, 6.091780487915081, 5.786157017927273, 5.567740771690129, 5.444775549418554, 5.381162937875948, 5.350115376662914, 5.174022576413147, 4.811100331895707
27.pdb, 1, 1, 0.6500277004884055, 0.4307403008644875, 1.4933208123345107, -, -, -, 1.4516309997652779, 14.458131189728627, , distance, 0.6257054639888214, 0.989252881642555, 1.3585248492374353, 1.7923610875471192, 2.253780550610593, 2.624256099964395, 3.030641365081566, 3.4053512453691797, 3.8089430456402718, 4.128209735175049, 4.438300958975263, 4.824388188717738, 5.246670695717609, 5.494956424161922, 5.626884089753812, 5.864208215021965, 6.185534761874469, 6.529375359985349, 6.892361343749335, 7.271626172599668, 7.492538820108674, 7.872670433947867, 7.9478440390108025, 8.03483928895315, 8.151629280712582, 8.35555560549409, 8.645787273166922, 9.013994149082452, 9.425528764438782, 9.66828188427897, 9.764852181952476
27.pdb, 1, 1, 0.6500277004884055, 0.4307403008644875, 1.4933208123345107, -, -, -, 1.4516309997652779, 14.458131189728627, , length, 0.6257054639888214, 1.1257054639888215, 1.6257054639888215, 2.1257054639888215, 2.6257054639888215, 3.1257054639888215, 3.6257054639888215, 4.1257054639888215, 4.6257054639888215, 5.1257054639888215, 5.6257054639888215, 6.1257054639888215, 6.6257054639888215, 7.1257054639888215, 7.6257054639888215, 8.125705463988822, 8.625705463988822, 9.125705463988822, 9.625705463988822, 10.125705463988822, 10.625705463988822, 11.125705463988822, 11.625705463988822, 12.125705463988822, 12.625705463988822, 13.125705463988822, 13.625705463988822, 14.125705463988822, 14.625705463988822, 15.125705463988822, 15.625705463988822
27.pdb, 1, 1, 0.6500277004884055, 0.4307403008644875, 1.4933208123345107, -, -, -, 1.4516309997652779, 14.458131189728627, , R, 2.0393723654177, 2.0079503354911035, 2.0172125636731675, 2.1030240696572973, 2.259693531169262, 2.294774480459785, 2.2862358381297216, 2.2828141275311067, 2.350513790256347, 2.303145016084951, 2.224916964378381, 2.166336008748978, 2.141559936207651, 2.134662927381253, 2.154109789605071, 2.191295697443781, 2.0143814568633127, 1.9086347152653251, 1.8813911526579583, 1.9346982435961453, 1.947449585870116, 2.068098012379372, 1.9117788156884028, 1.7793632091020946, 1.7274635549798292, 1.6797011515108922, 1.6284284067147776, 1.5868054821882358, 1.5911593465342826, 1.610786233765291, 1.5208632050898327
27.pdb, 1, 1, 0.6500277004884055, 0.4307403008644875, 1.4933208123345107, -, -, -, 1.4516309997652779, 14.458131189728627, , Upper limit of R overestimation, -, -, -, -, -, -, -, -, -, -, -, -, -, -, -, -, -, -, -, -, -, -, -, -, -, -, -, -, -, -, -
28.pdb, 1, 1, 0.6540924856843162, 0.4245065221037125, 1.3834350255123706, -, -, -, 1.530475467759433, 12.68869345494625, , X, 9.06929951414597, 9.139658105213162, 9.05124928451863, 9.087775398759295, 9.214983448955591, 9.348699020067011, 9.401989343246035, 9.482832151935387, 9.91343834291605, 10.344044533896714, 10.774650724877375, 11.166280151144543, 11.4714971880135, 11.71951978946968, 11.99466389589644, 12.284218659470572, 12.573713531562762, 12.863208403654951, 13.152703275747141, 13.13739161014204, 13.023958361752623, 12.934016549036738, 13.314168256161635, 13.694319963286532, 14.074471670411429, 14.454623377536326, 14.800200412565054
28.pdb, 1, 1, 0.6540924856843162, 0.4245065221037125, 1.3834350255123706, -, -, -, 1.530475467759433, 12.68869345494625, , Y, 0.2248087928417576, 0.13447297558138194, 0.05983775137944989, 0.03749639739203714, 0.02682256848026369, 0.017065890566207303, -0.2255480189158283, -0.6637313738854919, -0.7371302512801396, -0.8105291286747873, -0.8839280060694351, -0.9762854604299138, -1.0976776395858174, -1.235003089018268, -1.4213599842263194, -1.8176303514056573, -2.2139848464271457, -2.610339341448634, -3.0066938364701223, -3.336278233567629, -3.642502934768984, -3.943244733937656, -4.134266686635196, -4.325288639332736, -4.516310592030275, -4.707332544727815, -4.8866530111678
28.pdb, 1, 1, 0.6540924856843162, 0.4245065221037125, 1.3834350255123706, -, -, -, 1.530475467759433, 12.68869345494625, , Z, 1.9278612445943746, 2.3788768527622626, 2.858257098817645, 3.3449590515505045, 3.828329268908484, 4.310018954575956, 4.636531341615511, 4.853954290604901, 5.097246117607639, 5.340537944610379, 5.583829771613117, 5.878291645059972, 6.249043292298791, 6.660900682793467, 6.990693783841223, 7.086177669488942, 7.181549747732983, 7.276921825977023, 7.372293904221064, 7.143159409575309, 6.764531187523695, 6.391421844492447, 6.128752293235272, 5.866082741978097, 5.603413190720922, 5.3407436394637475, 5.052797769094093
28.pdb, 1, 1, 0.6540924856843162, 0.4245065221037125, 1.3834350255123706, -, -, -, 1.530475467759433, 12.68869345494625, , distance, 1.1178138584263755, 1.5487725593620665, 2.002264087015449, 2.4884638315328607, 2.9820454338500175, 3.476720831585962, 3.8099777955039147, 4.077969600519695, 4.409918049112762, 4.771259617440479, 5.155818021822143, 5.591289677665173, 6.07077470754887, 6.566379450748944, 7.012078588763145, 7.313150573997153, 7.635023247153506, 7.975273578454474, 8.331650335786637, 8.270782245579598, 8.058388147374178, 7.885356317414563, 8.006954021416794, 8.157437167982074, 8.335241424102136, 8.538660202078605, 8.72374716829212
28.pdb, 1, 1, 0.6540924856843162, 0.4245065221037125, 1.3834350255123706, -, -, -, 1.530475467759433, 12.68869345494625, , length, 1.1178138584263755, 1.6178138584263755, 2.1178138584263753, 2.6178138584263753, 3.1178138584263753, 3.6178138584263753, 4.117813858426375, 4.617813858426375, 5.117813858426375, 5.617813858426375, 6.117813858426375, 6.617813858426375, 7.117813858426375, 7.617813858426375, 8.117813858426375, 8.617813858426375, 9.117813858426375, 9.617813858426375, 10.117813858426375, 10.617813858426375, 11.117813858426375, 11.617813858426375, 12.117813858426375, 12.617813858426375, 13.117813858426375, 13.617813858426375, 14.117813858426375
28.pdb, 1, 1, 0.6540924856843162, 0.4245065221037125, 1.3834350255123706, -, -, -, 1.530475467759433, 12.68869345494625, , R, 2.333937156994745, 2.454014637847057, 2.4845535374253886, 2.454731541358531, 2.4195398307171816, 2.4478231356273357, 2.4233045504910624, 2.2967970823077994, 2.0946970884308334, 1.9595043874305487, 1.8999850070397384, 1.8694423016060642, 1.8294684539722776, 1.8167378670620338, 1.7993652711695007, 1.638693111482324, 1.5604037922658789, 1.5715482336655249, 1.6710851827685531, 1.6187721765446315, 1.5337682567145665, 1.5288163070469996, 1.411036664151833, 1.3862301686981835, 1.4570021658674162, 1.6161559852685088, 1.8274007362917153
28.pdb, 1, 1, 0.6540924856843162, 0.4245065221037125, 1.3834350255123706, -, -, -, 1.530475467759433, 12.68869345494625, , Upper limit of R overestimation, -, -, -, -, -, -, -, -, -, -, -, -, -, -, -, -, -, -, -, -, -, -, -, -, -, -, -
29.pdb, 1, 1, 0.6938291641615906, 0.36552950992840744, 1.7911519169392205, -, -, -, 1.2601400385003936, 14.559491537239527, , X, 8.982263750595019, 9.050105736460953, 9.129898980933001, 9.033314220419168, 8.979494970869156, 9.130403999501432, 9.287111043975035, 9.368582778696961, 9.43140176816156, 9.56150354042161, 9.73697746652636, 10.010544895590453, 10.448178690543699, 10.787099475536547, 11.128381185221333, 11.469662894906119, 11.810944604590903, 12.104581335281502, 12.424802561884013, 12.765448894732607, 13.09804566758336, 13.347202340600573, 13.590069933615094, 13.832937526629616, 14.103388260828014, 14.409778918151327, 14.783507217362645, 15.149559674650382, 15.574045158092632, 15.974830597771723, 16.37561603745081
29.pdb, 1, 1, 0.6938291641615906, 0.36552950992840744, 1.7911519169392205, -, -, -, 1.2601400385003936, 14.559491537239527, , Y, -0.02199913454047728, 0.3103454992598152, 0.6022004021367728, 0.48506865860046533, 0.3485793074565297, 0.2416943284386351, 0.13381693700269046, -0.17075336321317286, -0.6005449761506507, -1.0080440240457194, -1.3927514366704394, -1.6470016784427883, -1.6286747224388898, -1.5931355043683197, -1.5518219326195732, -1.5105083608708267, -1.4691947891220802, -1.644219487028456, -2.0075814414310846, -2.3648410274539837, -2.734822295837153, -3.162487550141984, -3.5945005845077116, -4.026513618873439, -4.402381374508179, -4.703945019693773, -5.015826319735073, -5.346246994640687, -5.541040443421559, -5.721347437205893, -5.9016544309902255
29.pdb, 1, 1, 0.6938291641615906, 0.36552950992840744, 1.7911519169392205, -, -, -, 1.2601400385003936, 14.559491537239527, , Z, 1.5938915703546785, 1.9282360255999258, 2.326298525470619, 2.7410764338078004, 3.138395690107513, 3.6022530541871305, 4.064643982546808, 4.3921380694632965, 4.63440878005201, 4.893287235740015, 5.159460629878566, 5.400550971987673, 5.622068161652313, 5.987691476932354, 6.350761695242794, 6.713831913553236, 7.076902131863676, 7.324310937182006, 7.445389360674149, 7.4630858024234445, 7.513018234117154, 7.454974551906763, 7.388792451596713, 7.322610351286665, 7.380768335494788, 7.617030778382724, 7.7012039401880505, 7.783072486288163, 7.769791463040369, 8.008245692052343, 8.246699921064318
29.pdb, 1, 1, 0.6938291641615906, 0.36552950992840744, 1.7911519169392205, -, -, -, 1.2601400385003936, 14.559491537239527, , distance, 0.7367008460883359, 1.1398105728546475, 1.6253372921656282, 1.9586055077432531, 2.309474695445225, 2.763569821519252, 3.2303091091513823, 3.5614950870321396, 3.8463957561634934, 4.1930104495628235, 4.5768265592792, 4.936773641723017, 5.251047469652533, 5.6804358225674605, 6.1177073179688675, 6.563941995657185, 7.017430171820322, 7.397417304711168, 7.730696120959532, 8.003824851978674, 8.323066567637131, 8.552740041884277, 8.796981360471854, 9.062251369771632, 9.421472775463197, 9.895163018977039, 10.3121482940279, 10.738787698819818, 11.079623190426668, 11.561132095743309, 12.044147982676552
29.pdb, 1, 1, 0.6938291641615906, 0.36552950992840744, 1.7911519169392205, -, -, -, 1.2601400385003936, 14.559491537239527, , length, 0.7367008460883359, 1.2367008460883357, 1.7367008460883357, 2.2367008460883357, 2.7367008460883357, 3.2367008460883357, 3.7367008460883357, 4.236700846088336, 4.736700846088336, 5.236700846088336, 5.736700846088336, 6.236700846088336, 6.736700846088336, 7.236700846088336, 7.736700846088336, 8.236700846088336, 8.736700846088336, 9.236700846088336, 9.736700846088336, 10.236700846088336, 10.736700846088336, 11.236700846088336, 11.736700846088336, 12.236700846088336, 12.736700846088336, 13.236700846088336, 13.736700846088336, 14.236700846088336, 14.736700846088336, 15.236700846088336, 15.736700846088336
29.pdb, 1, 1, 0.6938291641615906, 0.36552950992840744, 1.7911519169392205, -, -, -, 1.2601400385003936, 14.559491537239527, , R, 2.2566474931739124, 2.2293016121296407, 2.276716179874577, 2.325736509259878, 2.323523060344656, 2.2394466659587806, 2.2213398644816422, 2.1696033686832434, 2.1000399240555376, 2.072293501756138, 2.098023335755533, 2.117967044472584, 2.0184373756065277, 1.8707568074244214, 1.7974739215291418, 1.806684627650723, 1.8976531423087126, 1.8994135030757426, 1.8685808058037405, 1.8705353527603872, 1.9322270404501378, 1.9912794452977278, 2.119533111629657, 2.314873491383662, 2.431481212085849, 2.418651125102955, 2.320628740747515, 2.271729237376718, 2.1875667104422343, 2.0253790303787937, 1.9353678510691632
29.pdb, 1, 1, 0.6938291641615906, 0.36552950992840744, 1.7911519169392205, -, -, -, 1.2601400385003936, 14.559491537239527, , Upper limit of R overestimation, -, -, -, -, -, -, -, -, -, -, -, -, -, -, -, -, -, -, -, -, -, -, -, -, -, -, -, -, -, -, -
30.pdb, 1, 1, 0.7591849461564673, 0.2755098604440359, 1.7795878172215847, -, -, -, 1.3234646996016557, 12.631743426569107, , X, 8.974123221779077, 9.063740374944937, 9.095964560014105, 9.109364844945944, 9.122637094275525, 8.952417143532193, 9.059955498991284, 9.176755818953628, 9.479558235294986, 9.83355402392234, 10.231427587379237, 10.613684166781612, 10.995940746183987, 11.346764970841832, 11.48244149903671, 11.54843847111233, 11.730880920026626, 11.989382939993652, 12.247884959960677, 12.542992156721082, 12.874201221772838, 13.205410286824593, 13.459736940806188, 13.610711390438889, 13.727831066779762, 13.78940400071921, 13.719931655369002
30.pdb, 1, 1, 0.7591849461564673, 0.2755098604440359, 1.7795878172215847, -, -, -, 1.3234646996016557, 12.631743426569107, , Y, -0.1734904028743113, -0.17225734340377874, 0.011436294119296336, 0.2549738430859117, 0.49822869731527664, 0.23431076878769935, 0.21957869104619862, 0.2150991141748742, 0.4882237328386575, 0.46948491921083, 0.5200876488207021, 0.41249550336124047, 0.3049033579017789, 0.31406642949503616, -0.06641435477052923, -0.48826568249321145, -0.8671645956053643, -1.231531376370944, -1.5958981571365234, -1.9410887127463579, -2.267366709654298, -2.5936447065622383, -3.0154680692930804, -3.4830633979756795, -3.95822219332667, -4.373133167763917, -4.315048559499103
30.pdb, 1, 1, 0.7591849461564673, 0.2755098604440359, 1.7795878172215847, -, -, -, 1.3234646996016557, 12.631743426569107, , Z, 1.2980071591614473, 1.7899088215115446, 2.2400725372626726, 2.6765469289594583, 3.1129449354862, 3.4427478943326744, 3.930824187539559, 4.416720122635299, 4.583619135879024, 4.810469082913417, 5.089922594182283, 5.393738060771834, 5.697553527361384, 6.022528916123514, 6.314462858340142, 6.557596302647198, 6.805884389617862, 7.03041401961688, 7.254943649615898, 7.459050702548739, 7.643015981776326, 7.826981261003914, 7.899406637697093, 7.855113671663111, 7.8123844702944725, 8.06742768422806, 8.468874283838531
30.pdb, 1, 1, 0.7591849461564673, 0.2755098604440359, 1.7795878172215847, -, -, -, 1.3234646996016557, 12.631743426569107, , distance, 0.45805156650670537, 0.9499870214942618, 1.3936536739807193, 1.8525462039703442, 2.3282729753615734, 2.59232523342929, 3.0812680178355056, 3.5727153588286598, 3.806552161625049, 4.0955556443633006, 4.477485802803739, 4.87739483859484, 5.294344313396525, 5.736360384044935, 6.045773514238516, 6.307880176631491, 6.645053269764205, 7.0103259727539955, 7.391387388747432, 7.7812132689411495, 8.178612035646822, 8.586740343256473, 8.907005929080691, 9.116248283333599, 9.333460668204802, 9.732806744778163, 9.97446040542628
30.pdb, 1, 1, 0.7591849461564673, 0.2755098604440359, 1.7795878172215847, -, -, -, 1.3234646996016557, 12.631743426569107, , length, 0.45805156650670537, 0.9580515665067053, 1.4580515665067053, 1.9580515665067053, 2.4580515665067053, 2.9580515665067053, 3.4580515665067053, 3.9580515665067053, 4.458051566506706, 4.958051566506706, 5.458051566506706, 5.958051566506706, 6.458051566506706, 6.958051566506706, 7.458051566506706, 7.958051566506706, 8.458051566506706, 8.958051566506706, 9.458051566506706, 9.958051566506706, 10.458051566506706, 10.958051566506706, 11.458051566506706, 11.958051566506706, 12.458051566506706, 12.958051566506706, 13.458051566506706
30.pdb, 1, 1, 0.7591849461564673, 0.2755098604440359, 1.7795878172215847, -, -, -, 1.3234646996016557, 12.631743426569107, , R, 2.1776424977828786, 2.2882858349378763, 2.3275482645050163, 2.391135117448945, 2.5213371860460656, 2.5417957361780656, 2.547586059875096, 2.616800408385738, 2.6202879129246632, 2.4896708176668367, 2.3625213686302065, 2.246286568169273, 2.2003270016192626, 2.1539418575218203, 2.099808217364024, 2.051624199994266, 1.9263714192830539, 1.8128821758521714, 1.7800536504944826, 1.796115071554934, 1.8607623644175255, 2.0030964676186223, 2.1446053568732832, 2.2708247239992394, 2.4276086898046616, 2.5226460934585395, 2.4093472349360665
30.pdb, 1, 1, 0.7591849461564673, 0.2755098604440359, 1.7795878172215847, -, -, -, 1.3234646996016557, 12.631743426569107, , Upper limit of R overestimation, -, -, -, -, -, -, -, -, -, -, -, -, -, -, -, -, -, -, -, -, -, -, -, -, -, -, -
31.pdb, 1, 1, 0.8440716959919781, 0.16951784013625096, 2.327376781228815, -, -, -, 1.1795311123486765, 8.32072917084548, , X, 9.35118165548165, 9.27829473060115, 9.20540780572065, 9.13252088084015, 9.119970648616185, 9.258472487457434, 9.412793918730483, 9.651142942579586, 10.081224707872336, 10.511306473165083, 10.941388238457833, 11.369261517692298, 11.72927847477106, 12.052985842744043, 12.340276140634936, 12.606814180138448, 12.89933427844903, 13.19513137473202
31.pdb, 1, 1, 0.8440716959919781, 0.16951784013625096, 2.327376781228815, -, -, -, 1.1795311123486765, 8.32072917084548, , Y, -0.32128140341041345, -0.42890689964272916, -0.5365323958750449, -0.6441578921073605, -0.7808380071975382, -0.9902559565848876, -0.8483117518474085, -0.937074329974371, -0.9653657739551099, -0.9936572179358488, -1.0219486619165876, -1.0607070218721808, -1.3449445230738748, -1.4690591520148675, -1.7277600155800878, -2.1447686219846607, -2.501905683756608, -2.8137659745650385
31.pdb, 1, 1, 0.8440716959919781, 0.16951784013625096, 2.327376781228815, -, -, -, 1.1795311123486765, 8.32072917084548, , Z, 1.2939218046299787, 1.7767305128594515, 2.2595392210889242, 2.742347929318397, 3.2107657090253072, 3.643155999286306, 4.027945441709413, 4.432440593857463, 4.6858755349373356, 4.939310476017207, 5.192745417097078, 5.440923458055089, 5.594703443904122, 5.954993741862371, 6.187432881399784, 6.247552443452448, 6.402652270127256, 6.658087656962036
31.pdb, 1, 1, 0.8440716959919781, 0.16951784013625096, 2.327376781228815, -, -, -, 1.1795311123486765, 8.32072917084548, , distance, 0.7018276939446657, 1.0655713067911279, 1.5094112453951762, 1.980202617308209, 2.4628515933242614, 2.9519430256330166, 3.3018387752739335, 3.753765314587565, 4.108643528184001, 4.491230259781374, 4.895032875381274, 5.311600350257736, 5.677157327225016, 6.169590843203563, 6.5723645798964645, 6.879642756586429, 7.274348204277105, 7.7399006993130826
31.pdb, 1, 1, 0.8440716959919781, 0.16951784013625096, 2.327376781228815, -, -, -, 1.1795311123486765, 8.32072917084548, , length, 0.7018276939446657, 1.2018276939446657, 1.7018276939446657, 2.201827693944666, 2.701827693944666, 3.201827693944666, 3.701827693944666, 4.201827693944666, 4.701827693944666, 5.201827693944666, 5.701827693944666, 6.201827693944666, 6.701827693944666, 7.201827693944666, 7.701827693944666, 8.201827693944665, 8.701827693944665, 9.201827693944665
31.pdb, 1, 1, 0.8440716959919781, 0.16951784013625096, 2.327376781228815, -, -, -, 1.1795311123486765, 8.32072917084548, , R, 2.3396374866314202, 2.333365754255883, 2.3972647344795313, 2.5277276706476206, 2.6563209521498505, 2.69150851656058, 2.7282011621285207, 2.761130685630075, 2.604679597798965, 2.509530613861436, 2.480441265452108, 2.515792917020679, 2.513820168474189, 2.496300789967921, 2.5238939805382747, 2.5620815392492524, 2.576553376374201, 2.59102181699918
31.pdb, 1, 1, 0.8440716959919781, 0.16951784013625096, 2.327376781228815, -, -, -, 1.1795311123486765, 8.32072917084548, , Upper limit of R overestimation, -, -, -, -, -, -, -, -, -, -, -, -, -, -, -, -, -, -
31.pdb, 1, 2, 0.7511609242070787, 0.2861353702697606, 1.6878675368925913, -, -, -, 1.4602755797356748, 13.230681066846739, , X, 9.35118165548165, 9.27829473060115, 9.20540780572065, 9.13252088084015, 9.119970648616185, 9.258472487457434, 9.412793918730483, 9.651142942579586, 10.081224707872336, 10.511306473165083, 10.941388238457833, 11.369261517692298, 11.72927847477106, 12.052985842744043, 12.340276140634936, 12.606814180138448, 12.89933427844903, 13.19513137473202, 13.261816789396871, 13.434733004156099, 13.631070566370335, 13.828018744227732, 14.167955173707238, 14.509644488302364, 14.841660732911022, 14.929064365807529, 14.618648466028661
31.pdb, 1, 2, 0.7511609242070787, 0.2861353702697606, 1.6878675368925913, -, -, -, 1.4602755797356748, 13.230681066846739, , Y, -0.32128140341041345, -0.42890689964272916, -0.5365323958750449, -0.6441578921073605, -0.7808380071975382, -0.9902559565848876, -0.8483117518474085, -0.937074329974371, -0.9653657739551099, -0.9936572179358488, -1.0219486619165876, -1.0607070218721808, -1.3449445230738748, -1.4690591520148675, -1.7277600155800878, -2.1447686219846607, -2.501905683756608, -2.8137659745650385, -3.292552751268776, -4.355086076637563, -4.678111068101857, -5.001170196462195, -5.3322231833746, -5.389544642419299, -5.494536996286398, -5.683606508276518, -5.450548326605563
31.pdb, 1, 2, 0.7511609242070787, 0.2861353702697606, 1.6878675368925913, -, -, -, 1.4602755797356748, 13.230681066846739, , Z, 1.2939218046299787, 1.7767305128594515, 2.2595392210889242, 2.742347929318397, 3.2107657090253072, 3.643155999286306, 4.027945441709413, 4.432440593857463, 4.6858755349373356, 4.939310476017207, 5.192745417097078, 5.440923458055089, 5.594703443904122, 5.954993741862371, 6.187432881399784, 6.247552443452448, 6.402652270127256, 6.658087656962036, 6.70528195322726, 6.226479087914383, 5.899207921214253, 5.572658109032643, 5.415028341002933, 5.750193492173792, 6.069506399488113, 6.275526349342513, 6.58875560036642
31.pdb, 1, 2, 0.7511609242070787, 0.2861353702697606, 1.6878675368925913, -, -, -, 1.4602755797356748, 13.230681066846739, , distance, 0.7018276939446657, 1.0655713067911279, 1.5094112453951762, 1.980202617308209, 2.4628515933242614, 2.9519430256330166, 3.3018387752739335, 3.753765314587565, 4.108643528184001, 4.491230259781374, 4.895032875381274, 5.311600350257736, 5.677157327225016, 6.169590843203563, 6.5723645798964645, 6.879642756586429, 7.274348204277105, 7.7399006993130826, 7.99376592539057, 8.25135925762038, 8.330615990616131, 8.439584747263632, 8.754646700949921, 9.17376543086365, 9.610999253667647, 9.884319041197527, 9.743963635140023
31.pdb, 1, 2, 0.7511609242070787, 0.2861353702697606, 1.6878675368925913, -, -, -, 1.4602755797356748, 13.230681066846739, , length, 0.7018276939446657, 1.2018276939446657, 1.7018276939446657, 2.201827693944666, 2.701827693944666, 3.201827693944666, 3.701827693944666, 4.201827693944666, 4.701827693944666, 5.201827693944666, 5.701827693944666, 6.201827693944666, 6.701827693944666, 7.201827693944666, 7.701827693944666, 8.201827693944665, 8.701827693944665, 9.201827693944665, 9.701827693944665, 10.201827693944665, 10.701827693944665, 11.201827693944665, 11.701827693944665, 12.201827693944665, 12.701827693944665, 13.201827693944665, 13.701827693944665
31.pdb, 1, 2, 0.7511609242070787, 0.2861353702697606, 1.6878675368925913, -, -, -, 1.4602755797356748, 13.230681066846739, , R, 2.3396374866314202, 2.333365754255883, 2.3972647344795313, 2.5277276706476206, 2.6563209521498505, 2.69150851656058, 2.7282011621285207, 2.761130685630075, 2.604679597798965, 2.509530613861436, 2.480441265452108, 2.515792917020679, 2.513820168474189, 2.496300789967921, 2.5238939805382747, 2.5620815392492524, 2.576553376374201, 2.59102181699918, 2.551638852256662, 2.1557981486346174, 1.9013315982887045, 1.711589224285382, 1.690632603349129, 1.930080278107188, 2.1843623940800265, 2.20682708739392, 2.1710768670437988
31.pdb, 1, 2, 0.7511609242070787, 0.2861353702697606, 1.6878675368925913, -, -, -, 1.4602755797356748, 13.230681066846739, , Upper limit of R overestimation, -, -, -, -, -, -, -, -, -, -, -, -, -, -, -, -, -, -, -, -, -, -, -, -, -, -, -
34.pdb, 1, 1, 0.6060450411807806, 0.5008009702939907, 1.2924464949806447, -, -, -, 1.416208156730723, 13.720414040213441, , X, 8.508648299009765, 8.690804886659471, 8.872961474309177, 8.983152541723872, 9.092536438071779, 9.239977676947914, 9.43180315889552, 9.623628640843126, 10.063175314911597, 10.499167599812992, 10.875388797606925, 11.132910972802748, 11.47244820757154, 11.805348666735831, 11.992265622496989, 12.157001223812395, 12.391642750642385, 12.655815388975222, 12.91998802730806, 13.366966036541319, 13.848699490508299, 14.0551065243196, 14.2030751051696, 14.404335746398408, 14.712817439032452, 15.015300479140333, 15.31322928599793, 15.533027624926287, 15.665001999742561
34.pdb, 1, 1, 0.6060450411807806, 0.5008009702939907, 1.2924464949806447, -, -, -, 1.416208156730723, 13.720414040213441, , Y, -0.60610755094068, -0.2910963841413573, 0.023914782657965428, -0.11671339395102598, -0.33328570423556725, -0.5425303157022077, -0.7432290239637833, -0.943927732225359, -1.0262202793479358, -1.0751860499572532, -0.9766388420091711, -1.2091031629014908, -1.410358360635176, -1.6563981845184657, -2.1088681675384535, -2.574863974336246, -3.0097061306144846, -3.431387715447005, -3.8530693002795258, -4.019889946634631, -4.113067098789616, -4.322794086455302, -4.523191417069695, -4.807604940653316, -5.142791070143237, -5.46088017884857, -5.785024699097706, -6.1712442213522865, -6.6272402711623
34.pdb, 1, 1, 0.6060450411807806, 0.5008009702939907, 1.2924464949806447, -, -, -, 1.416208156730723, 13.720414040213441, , Z, 1.8510934844079063, 2.1940030094543013, 2.5369125345006966, 2.96193226004499, 3.3991182589490796, 3.8264504071244265, 4.242290536233804, 4.658130665343181, 4.871316378941412, 5.107354232186598, 5.353979547632904, 5.714038804970477, 6.014651520562303, 6.229925856323757, 6.324040197842072, 6.399605333361876, 6.456469310317717, 6.505433155850941, 6.5543970013841655, 6.516000257397619, 6.438320588787157, 6.090656125575771, 5.6571284921268035, 5.379983283142943, 5.211563476106799, 4.97277451064224, 4.735775025332955, 4.536436824633366, 4.37943247135131
34.pdb, 1, 1, 0.6060450411807806, 0.5008009702939907, 1.2924464949806447, -, -, -, 1.416208156730723, 13.720414040213441, , distance, 1.1736034502308954, 1.353827505041641, 1.6698361501718335, 2.0970274008255285, 2.5549886913494464, 3.0200710060093474, 3.4885328020452375, 3.964705958901982, 4.289549231223439, 4.656755449076854, 5.002564467938179, 5.474479862359079, 5.927609950676842, 6.322557753845143, 6.616359705501442, 6.913031303063524, 7.23875309292523, 7.58614152091703, 7.949813834954131, 8.23955145235106, 8.505534293178098, 8.51112689072655, 8.450328620215283, 8.581477037368357, 8.886058931697777, 9.160396978479481, 9.454487499201557, 9.76428772796306, 10.088224559439
34.pdb, 1, 1, 0.6060450411807806, 0.5008009702939907, 1.2924464949806447, -, -, -, 1.416208156730723, 13.720414040213441, , length, 1.1736034502308954, 1.6736034502308954, 2.173603450230895, 2.673603450230895, 3.173603450230895, 3.673603450230895, 4.173603450230895, 4.673603450230895, 5.173603450230895, 5.673603450230895, 6.173603450230895, 6.673603450230895, 7.173603450230895, 7.673603450230895, 8.173603450230896, 8.673603450230896, 9.173603450230896, 9.673603450230896, 10.173603450230896, 10.673603450230896, 11.173603450230896, 11.673603450230896, 12.173603450230896, 12.673603450230896, 13.173603450230896, 13.673603450230896, 14.173603450230896, 14.673603450230896, 15.173603450230896
34.pdb, 1, 1, 0.6060450411807806, 0.5008009702939907, 1.2924464949806447, -, -, -, 1.416208156730723, 13.720414040213441, , R, 2.261137978497783, 2.203612955291317, 2.219018308323907, 2.1355184070360655, 2.0865114616459213, 2.081286181937605, 2.114792592133332, 2.221821276739824, 2.120306494951281, 2.071141462329221, 1.910816458233038, 1.904744443775159, 1.8840208378910732, 1.8707458528462182, 1.742873781747014, 1.67763841835626, 1.6548787534305982, 1.700677223044955, 1.8294428543536074, 1.8373363328768366, 1.8575775884125478, 1.7154776394910518, 1.555198721843061, 1.4552252777412467, 1.3530289190544134, 1.2933717093910049, 1.3295457484624496, 1.41170026666754, 1.5298092593598922
34.pdb, 1, 1, 0.6060450411807806, 0.5008009702939907, 1.2924464949806447, -, -, -, 1.416208156730723, 13.720414040213441, , Upper limit of R overestimation, -, -, -, -, -, -, -, -, -, -, -, -, -, -, -, -, -, -, -, -, -, -, -, -, -, -, -, -, -
34.pdb, 1, 2, 0.46823859415827285, 0.7587772963993031, 0.9622422528108279, -, -, -, 1.2623198195581022, 15.161939711409042, , X, 8.508648299009765, 8.690804886659471, 8.872961474309177, 8.983152541723872, 9.092536438071779, 9.239977676947914, 9.43180315889552, 9.623628640843126, 10.063175314911597, 10.499167599812992, 10.875388797606925, 11.132910972802748, 11.47244820757154, 11.805348666735831, 11.992265622496989, 12.157001223812395, 12.391642750642385, 12.655815388975222, 12.91998802730806, 13.366966036541319, 13.8485143162082, 14.224739320321778, 14.529460292250652, 14.834181264179525, 15.1389022361084, 15.443623208037273, 15.76016652463726, 16.180723929899433, 16.52927404016688, 16.87782415043432, 17.299968275505876, 17.67136952154111
34.pdb, 1, 2, 0.46823859415827285, 0.7587772963993031, 0.9622422528108279, -, -, -, 1.2623198195581022, 15.161939711409042, , Y, -0.60610755094068, -0.2910963841413573, 0.023914782657965428, -0.11671339395102598, -0.33328570423556725, -0.5425303157022077, -0.7432290239637833, -0.943927732225359, -1.0262202793479358, -1.0751860499572532, -0.9766388420091711, -1.2091031629014908, -1.410358360635176, -1.6563981845184657, -2.1088681675384535, -2.574863974336246, -3.0097061306144846, -3.431387715447005, -3.8530693002795258, -4.019889946634631, -4.091287647808518, -4.186470821607171, -4.333234457244134, -4.4799980928810985, -4.626761728518063, -4.773525364155026, -4.918636357442817, -4.97006965892933, -4.929320359690295, -4.88857106045126, -4.9000007308349876, -5.121307415956096
34.pdb, 1, 2, 0.46823859415827285, 0.7587772963993031, 0.9622422528108279, -, -, -, 1.2623198195581022, 15.161939711409042, , Z, 1.8510934844079063, 2.1940030094543013, 2.5369125345006966, 2.96193226004499, 3.3991182589490796, 3.8264504071244265, 4.242290536233804, 4.658130665343181, 4.871316378941412, 5.107354232186598, 5.353979547632904, 5.714038804970477, 6.014651520562303, 6.229925856323757, 6.324040197842072, 6.399605333361876, 6.456469310317717, 6.505433155850941, 6.5543970013841655, 6.516000257397619, 6.496711748780261, 6.751155401368697, 7.119402009664473, 7.487648617960249, 7.855895226256026, 8.224141834551801, 8.5792999903102, 8.524419545737551, 8.168256219096415, 7.812092892455279, 7.918609756436766, 8.169775967468787
34.pdb, 1, 2, 0.46823859415827285, 0.7587772963993031, 0.9622422528108279, -, -, -, 1.2623198195581022, 15.161939711409042, , distance, 1.1736034502308954, 1.353827505041641, 1.6698361501718335, 2.0970274008255285, 2.5549886913494464, 3.0200710060093474, 3.4885328020452375, 3.964705958901982, 4.289549231223439, 4.656755449076854, 5.002564467938179, 5.474479862359079, 5.927609950676842, 6.322557753845143, 6.616359705501442, 6.913031303063524, 7.23875309292523, 7.58614152091703, 7.949813834954131, 8.23955145235106, 8.533470378520665, 8.967894975241334, 9.459786863846093, 9.952486861675899, 10.445880621291236, 10.93987427609221, 11.431988852103535, 11.676219717914739, 11.654966733223443, 11.655144452303851, 12.016446087201052, 12.51396905796639
34.pdb, 1, 2, 0.46823859415827285, 0.7587772963993031, 0.9622422528108279, -, -, -, 1.2623198195581022, 15.161939711409042, , length, 1.1736034502308954, 1.6736034502308954, 2.173603450230895, 2.673603450230895, 3.173603450230895, 3.673603450230895, 4.173603450230895, 4.673603450230895, 5.173603450230895, 5.673603450230895, 6.173603450230895, 6.673603450230895, 7.173603450230895, 7.673603450230895, 8.173603450230896, 8.673603450230896, 9.173603450230896, 9.673603450230896, 10.173603450230896, 10.673603450230896, 11.173603450230896, 11.673603450230896, 12.173603450230896, 12.673603450230896, 13.173603450230896, 13.673603450230896, 14.173603450230896, 14.673603450230896, 15.173603450230896, 15.673603450230896, 16.173603450230896, 16.673603450230896
34.pdb, 1, 2, 0.46823859415827285, 0.7587772963993031, 0.9622422528108279, -, -, -, 1.2623198195581022, 15.161939711409042, , R, 2.261137978497783, 2.203612955291317, 2.219018308323907, 2.1355184070360655, 2.0865114616459213, 2.081286181937605, 2.114792592133332, 2.221821276739824, 2.120306494951281, 2.071141462329221, 1.910816458233038, 1.904744443775159, 1.8840208378910732, 1.8707458528462182, 1.742873781747014, 1.67763841835626, 1.6548787534305982, 1.700677223044955, 1.8294428543536074, 1.8373363328768366, 1.829950517735689, 1.6062035802114234, 1.3170571903356552, 1.10138550991559, 0.9810945947112091, 0.972089316052051, 1.0694705313928952, 1.0737471132967331, 1.0324492984348101, 1.1016806479046835, 1.1565659365526504, 1.0748677765640096
34.pdb, 1, 2, 0.46823859415827285, 0.7587772963993031, 0.9622422528108279, -, -, -, 1.2623198195581022, 15.161939711409042, , Upper limit of R overestimation, -, -, -, -, -, -, -, -, -, -, -, -, -, -, -, -, -, -, -, -, -, -, -, -, -, -, -, -, -, -, -, -
36.pdb, 1, 2, 0.6466862998247126, 0.43589395550006593, 1.4557700659744366, -, -, -, 1.2346341762752855, 11.591541862522055, , X, 8.460195290609095, 8.299941781696505, 8.240719613418518, 8.195955611601768, 8.151191609785018, 8.106427607968268, 8.178393146277209, 8.386112106371192, 8.606909271138896, 8.8433685678712, 9.093477774392962, 9.320011036119608, 9.519114469914891, 9.650942912765755, 9.759181759619217, 10.063356884907174, 10.500211371014572, 10.933571879348023, 11.330247842585118, 11.726923805822214, 12.101880447517242, 12.432138863892787, 12.772490381105616, 13.032679458446957, 13.292868535788296
36.pdb, 1, 2, 0.6466862998247126, 0.43589395550006593, 1.4557700659744366, -, -, -, 1.2346341762752855, 11.591541862522055, , Y, 0.5948843585837991, 0.3863284656971389, 0.36244324136651296, 0.36821001062306263, 0.3739767798796123, 0.37974354913616204, 0.22068179964439733, 0.023799911567356016, -0.1366806950294796, -0.18854876622527308, -0.2508772277963779, -0.6429804626607563, -0.9778612725912406, -1.2672924521414362, -1.6129209591485139, -1.7469945662776478, -1.7024078295935041, -1.6880196534580618, -1.9906971623291176, -2.2933746712001732, -2.6135042247991764, -2.939745269293069, -3.0954320237110142, -3.4649214423956525, -3.8344108610802907
36.pdb, 1, 2, 0.6466862998247126, 0.43589395550006593, 1.4557700659744366, -, -, -, 1.2346341762752855, 11.591541862522055, , Z, 0.2917733677559938, 0.7166068946883162, 1.2040484367566113, 1.702007198617161, 2.199965960477711, 2.6979247223382603, 3.106531831851691, 3.5148416577612824, 3.933762398399479, 4.345275067449323, 4.671232211815581, 4.883217434273132, 5.174196410508811, 5.560008351692205, 5.877752511162206, 6.093399030225617, 6.332501896958119, 6.548015059350506, 6.515851324904163, 6.483687590457818, 6.428569251184775, 6.3402686311384375, 6.5849578431466735, 6.798918618786393, 7.012879394426113
36.pdb, 1, 2, 0.6466862998247126, 0.43589395550006593, 1.4557700659744366, -, -, -, 1.2346341762752855, 11.591541862522055, , distance, 0.9611162075474825, 0.7309100654211665, 0.8192004304536521, 1.1463822890171667, 1.5675762692414774, 2.024944040512186, 2.354390273934266, 2.6880135686831217, 3.075154575613878, 3.478034559266622, 3.8137973541393966, 4.0818475569593735, 4.450473164473146, 4.90738482673403, 5.31971977228096, 5.6197745347672585, 5.935964653897122, 6.261282370008619, 6.459143948865008, 6.688604053712415, 6.9242860745841055, 7.1411090885015565, 7.563272542496632, 8.011093140205709, 8.464758416518363
36.pdb, 1, 2, 0.6466862998247126, 0.43589395550006593, 1.4557700659744366, -, -, -, 1.2346341762752855, 11.591541862522055, , length, 0.9611162075474825, 1.4611162075474824, 1.9611162075474824, 2.4611162075474824, 2.9611162075474824, 3.4611162075474824, 3.9611162075474824, 4.461116207547482, 4.961116207547482, 5.461116207547482, 5.961116207547482, 6.461116207547482, 6.961116207547482, 7.461116207547482, 7.961116207547482, 8.461116207547482, 8.961116207547482, 9.461116207547482, 9.961116207547482, 10.461116207547482, 10.961116207547482, 11.461116207547482, 11.961116207547482, 12.461116207547482, 12.961116207547482
36.pdb, 1, 2, 0.6466862998247126, 0.43589395550006593, 1.4557700659744366, -, -, -, 1.2346341762752855, 11.591541862522055, , R, 1.8516305820080554, 1.6838195071614048, 1.5330893315314362, 1.4597398282111993, 1.4793011427263874, 1.589819577151345, 1.6006558029222966, 1.5595373856342511, 1.6089775743381656, 1.7361897985155303, 1.8511081157270344, 1.9251994732882933, 1.985867783273042, 2.0379301872310274, 2.1413092479971123, 2.0731827525067654, 1.9721923046170493, 1.9311800136375175, 1.7859838374055326, 1.7202586660587273, 1.7270354950625746, 1.7891792280885939, 1.7625759452569236, 1.6491077198214235, 1.6209880125369398
36.pdb, 1, 2, 0.6466862998247126, 0.43589395550006593, 1.4557700659744366, -, -, -, 1.2346341762752855, 11.591541862522055, , Upper limit of R overestimation, -, -, -, -, -, -, -, -, -, -, -, -, -, -, -, -, -, -, -, -, -, -, -, -, -
38.pdb, 1, 2, 0.5553065423822039, 0.5882349890964269, 1.2618772719076337, -, -, -, 1.3657091662947394, 16.377862072683545, , X, 8.350121450888917, 8.4719713507479, 8.605834552365083, 8.754007415145288, 8.886263646969066, 8.862895622972294, 8.862105825062775, 8.977316883167742, 8.979965784338555, 9.02878657532196, 9.12181142373808, 9.19829967722492, 9.274787930711762, 9.351276184198602, 9.802895203149282, 10.171394139170303, 10.539893075191324, 10.908392011212346, 11.276890947233365, 11.530451681453906, 11.50374072609146, 11.622315598897991, 11.920794584717722, 12.246090432780596, 12.618508155728449, 12.96328314134752, 13.30805812696659, 13.652833112585661, 13.72282990965593, 14.063135577276693, 14.408699382438593, 14.754263187600493, 14.797154033462334, 14.874043178792606, 15.060830193981687
38.pdb, 1, 2, 0.5553065423822039, 0.5882349890964269, 1.2618772719076337, -, -, -, 1.3657091662947394, 16.377862072683545, , Y, -1.1850671194875755, -0.7860401306472042, -0.3913783567378952, -0.0019162146887155007, 0.37133741629790207, 0.5498973622285898, 0.5436881395471823, 0.5572257488096395, 0.3725682982334012, 0.2353851981926885, -0.19766610876622728, -0.6261973785999728, -1.0547286484337182, -1.4832599182674637, -1.5295409492430314, -1.5617331077832892, -1.5939252663235473, -1.626117424863805, -1.6583095834040629, -1.6979084609869688, -1.8035323603737365, -2.104780914923606, -2.492295979523352, -2.836248762799414, -3.1233187105533804, -3.4823574114705, -3.8413961123876197, -4.200434813304739, -4.5464602868682995, -4.562003826974058, -4.572048593554184, -4.5820933601343095, -4.6697810120301915, -4.8992652213693235, -5.113966861181844
38.pdb, 1, 2, 0.5553065423822039, 0.5882349890964269, 1.2618772719076337, -, -, -, 1.3657091662947394, 16.377862072683545, , Z, 1.6444777292463648, 1.9200318329743657, 2.195944808877699, 2.47228525587376, 2.768792670718203, 3.1494163460630227, 3.6333119040125217, 4.119668918175771, 4.567620284346778, 4.979213134366967, 5.179663813916007, 5.425652630436617, 5.671641446957228, 5.917630263477838, 6.0639900811223555, 6.400400840581524, 6.736811600040692, 7.07322235949986, 7.409633118959028, 7.7894395915331085, 8.268430845362564, 8.582285508504588, 8.684125486121252, 8.629613964790714, 8.462374599861182, 8.415242651724945, 8.36811070358871, 8.320978755452476, 8.626760222027709, 8.987998819997019, 9.34922556212221, 9.710452304247402, 10.061078391920656, 10.46507303214506, 10.773720674939293
38.pdb, 1, 2, 0.5553065423822039, 0.5882349890964269, 1.2618772719076337, -, -, -, 1.3657091662947394, 16.377862072683545, , distance, 1.4533520550787216, 1.3310308223351326, 1.3887817627205488, 1.6071715133773226, 1.9488099360958921, 2.361146510862524, 2.829852102192215, 3.3112793087721615, 3.725908731343858, 4.124279003782617, 4.320493990740861, 4.603536431470704, 4.921222107132351, 5.267286434168766, 5.479888355292697, 5.879381667715203, 6.293256804140341, 6.7188565702098275, 7.154088762326398, 7.596943710681574, 8.048992098493006, 8.444535835486384, 8.738673004384605, 8.910923448762135, 9.00974563323985, 9.246715743322952, 9.504103729439642, 9.780297713366425, 10.196259047030878, 10.64270472219474, 11.093794803324046, 11.54891347585101, 11.874680014052911, 12.316013913349256, 12.732187613367309
38.pdb, 1, 2, 0.5553065423822039, 0.5882349890964269, 1.2618772719076337, -, -, -, 1.3657091662947394, 16.377862072683545, , length, 1.4533520550787216, 1.9533520550787216, 2.453352055078722, 2.953352055078722, 3.453352055078722, 3.953352055078722, 4.453352055078722, 4.953352055078722, 5.453352055078722, 5.953352055078722, 6.453352055078722, 6.953352055078722, 7.453352055078722, 7.953352055078722, 8.453352055078721, 8.953352055078721, 9.453352055078721, 9.953352055078721, 10.453352055078721, 10.953352055078721, 11.453352055078721, 11.953352055078721, 12.453352055078721, 12.953352055078721, 13.453352055078721, 13.953352055078721, 14.453352055078721, 14.953352055078721, 15.453352055078721, 15.953352055078721, 16.45335205507872, 16.95335205507872, 17.45335205507872, 17.95335205507872, 18.45335205507872
38.pdb, 1, 2, 0.5553065423822039, 0.5882349890964269, 1.2618772719076337, -, -, -, 1.3657091662947394, 16.377862072683545, , R, 2.0916141553618104, 1.970018230825165, 1.912895330584307, 1.9215442697345282, 2.004411077586364, 2.0816649953737203, 2.0975782636701883, 2.0946249231794685, 2.1096510005840505, 2.090940902977173, 1.9549389433841797, 1.8552681441462477, 1.8357350228219238, 1.8978558431502905, 1.732969148219272, 1.5121342359130534, 1.3708045827750663, 1.3223798865402652, 1.3721128243583107, 1.4592869130771418, 1.4573051666585373, 1.386864045339425, 1.2980969255465584, 1.2712025625685357, 1.277459090705417, 1.3668584347217292, 1.5458552222732458, 1.7984461941926557, 1.9436720151782139, 1.8111844034793319, 1.7525668019748484, 1.7779304774441569, 1.7799873803833808, 1.7235526524753564, 1.6887272385428764
38.pdb, 1, 2, 0.5553065423822039, 0.5882349890964269, 1.2618772719076337, -, -, -, 1.3657091662947394, 16.377862072683545, , Upper limit of R overestimation, -, -, -, -, -, -, -, -, -, -, -, -, -, -, -, -, -, -, -, -, -, -, -, -, -, -, -, -, -, -, -, -, -, -, -
38.pdb, 1, 3, 0.4899829153854681, 0.7133847550455866, 1.0992692123232806, -, -, -, 1.5834790731484991, 16.563777810283685, , X, 8.350121450888917, 8.4719713507479, 8.605834552365083, 8.754007415145288, 8.886263646969066, 8.862895622972294, 8.862105825062775, 8.977316883167742, 8.979965784338555, 9.02878657532196, 9.12181142373808, 9.19829967722492, 9.274787930711762, 9.351276184198602, 9.802895203149282, 10.171394139170303, 10.539893075191324, 10.908392011212346, 11.276890947233365, 11.530451681453906, 11.50374072609146, 11.622315598897991, 11.920794584717722, 12.246090432780596, 12.618508155728449, 12.96328314134752, 13.30805812696659, 13.652833112585661, 13.72282990965593, 13.72456948890368, 13.983983932097287, 14.35915026479434, 14.734316597491393, 15.109482930188447, 15.484649262885501
38.pdb, 1, 3, 0.4899829153854681, 0.7133847550455866, 1.0992692123232806, -, -, -, 1.5834790731484991, 16.563777810283685, , Y, -1.1850671194875755, -0.7860401306472042, -0.3913783567378952, -0.0019162146887155007, 0.37133741629790207, 0.5498973622285898, 0.5436881395471823, 0.5572257488096395, 0.3725682982334012, 0.2353851981926885, -0.19766610876622728, -0.6261973785999728, -1.0547286484337182, -1.4832599182674637, -1.5295409492430314, -1.5617331077832892, -1.5939252663235473, -1.626117424863805, -1.6583095834040629, -1.6979084609869688, -1.8035323603737365, -2.104780914923606, -2.492295979523352, -2.836248762799414, -3.1233187105533804, -3.4823574114705, -3.8413961123876197, -4.200434813304739, -4.5464602868682995, -4.783485529835785, -5.0611588196216415, -5.357865829466625, -5.654572839311607, -5.95127984915659, -6.247986859001573
38.pdb, 1, 3, 0.4899829153854681, 0.7133847550455866, 1.0992692123232806, -, -, -, 1.5834790731484991, 16.563777810283685, , Z, 1.6444777292463648, 1.9200318329743657, 2.195944808877699, 2.47228525587376, 2.768792670718203, 3.1494163460630227, 3.6333119040125217, 4.119668918175771, 4.567620284346778, 4.979213134366967, 5.179663813916007, 5.425652630436617, 5.671641446957228, 5.917630263477838, 6.0639900811223555, 6.400400840581524, 6.736811600040692, 7.07322235949986, 7.409633118959028, 7.7894395915331085, 8.268430845362564, 8.582285508504588, 8.684125486121252, 8.629613964790714, 8.462374599861182, 8.415242651724945, 8.36811070358871, 8.320978755452476, 8.626760222027709, 8.198780352984345, 7.961613883846179, 7.8159595906739785, 7.670305297501779, 7.524651004329579, 7.378996711157378
38.pdb, 1, 3, 0.4899829153854681, 0.7133847550455866, 1.0992692123232806, -, -, -, 1.5834790731484991, 16.563777810283685, , distance, 1.4533520550787216, 1.3310308223351326, 1.3887817627205488, 1.6071715133773226, 1.9488099360958921, 2.361146510862524, 2.829852102192215, 3.3112793087721615, 3.725908731343858, 4.124279003782617, 4.320493990740861, 4.603536431470704, 4.921222107132351, 5.267286434168766, 5.479888355292697, 5.879381667715203, 6.293256804140341, 6.7188565702098275, 7.154088762326398, 7.596943710681574, 8.048992098493006, 8.444535835486384, 8.738673004384605, 8.910923448762135, 9.00974563323985, 9.246715743322952, 9.504103729439642, 9.780297713366425, 10.196259047030878, 9.98523813746007, 10.078518661593497, 10.323487300306741, 10.586417792015421, 10.86600631762226, 11.161001071683176
38.pdb, 1, 3, 0.4899829153854681, 0.7133847550455866, 1.0992692123232806, -, -, -, 1.5834790731484991, 16.563777810283685, , length, 1.4533520550787216, 1.9533520550787216, 2.453352055078722, 2.953352055078722, 3.453352055078722, 3.953352055078722, 4.453352055078722, 4.953352055078722, 5.453352055078722, 5.953352055078722, 6.453352055078722, 6.953352055078722, 7.453352055078722, 7.953352055078722, 8.453352055078721, 8.953352055078721, 9.453352055078721, 9.953352055078721, 10.453352055078721, 10.953352055078721, 11.453352055078721, 11.953352055078721, 12.453352055078721, 12.953352055078721, 13.453352055078721, 13.953352055078721, 14.453352055078721, 14.953352055078721, 15.453352055078721, 15.953352055078721, 16.45335205507872, 16.95335205507872, 17.45335205507872, 17.95335205507872, 18.45335205507872
38.pdb, 1, 3, 0.4899829153854681, 0.7133847550455866, 1.0992692123232806, -, -, -, 1.5834790731484991, 16.563777810283685, , R, 2.0916141553618104, 1.970018230825165, 1.912895330584307, 1.9215442697345282, 2.004411077586364, 2.0816649953737203, 2.0975782636701883, 2.0946249231794685, 2.1096510005840505, 2.090940902977173, 1.9549389433841797, 1.8552681441462477, 1.8357350228219238, 1.8978558431502905, 1.732969148219272, 1.5121342359130534, 1.3708045827750663, 1.3223798865402652, 1.3721128243583107, 1.4592869130771418, 1.4573051666585373, 1.386864045339425, 1.2980969255465584, 1.2712025625685357, 1.277459090705417, 1.3668584347217292, 1.5458552222732458, 1.7984461941926557, 1.9436720151782139, 1.8379849887431876, 1.6082744651221204, 1.3542126091004258, 1.179411404847486, 1.1019980917778722, 1.1316929033600547
38.pdb, 1, 3, 0.4899829153854681, 0.7133847550455866, 1.0992692123232806, -, -, -, 1.5834790731484991, 16.563777810283685, , Upper limit of R overestimation, -, -, -, -, -, -, -, -, -, -, -, -, -, -, -, -, -, -, -, -, -, -, -, -, -, -, -, -, -, -, -, -, -, -, -
39.pdb, 1, 1, 0.5149647167160464, 0.6636568918963803, 1.2494439964430117, -, -, -, 1.3013561678278704, 16.580657133728906, , X, 8.843534927400304, 8.804972794946623, 8.766410662492943, 8.72784853003926, 8.707686329135477, 8.696734389917257, 8.70650572392274, 8.726901004600373, 8.89162013634327, 9.110117915308795, 9.338121394066807, 9.541323646656938, 9.74452589924707, 10.113907846119897, 10.560947358291823, 10.99065168678697, 11.362793876096625, 11.734936065406279, 12.047303686676502, 12.268792847092032, 12.435238688535845, 12.600204864788068, 12.775235107901013, 12.942296960062542, 13.231890005837094, 13.535954689698611, 13.891950072001576, 14.252896421040061, 14.667280425399618, 15.075736707401665, 15.484192989403713, 15.899528617481037, 16.191829742270226, 16.522317321267966, 16.966108257833117
39.pdb, 1, 1, 0.5149647167160464, 0.6636568918963803, 1.2494439964430117, -, -, -, 1.3013561678278704, 16.580657133728906, , Y, 0.7060604091143501, 0.536663123786734, 0.36726583845911787, 0.19786855313150176, 0.016165626177821024, -0.17169700736375978, 0.016132038317236197, -0.06538511418220133, -0.13300006509335793, -0.18982269792968381, -0.5042149573809094, -0.8741177684142626, -1.2440205794476156, -1.237152293148191, -1.1596427981286836, -1.1853102214259144, -1.1195763107108665, -1.0538423999958189, -1.2505548306687935, -1.69261735317225, -2.1637204075340475, -2.6356747693584017, -3.1002501009469943, -3.563581840707689, -3.943475442499997, -4.3135145207238645, -4.659493282587457, -5.003178183025707, -5.1672112739433445, -5.166768781371547, -5.16632628879975, -5.120981956448508, -5.398105601813926, -5.719642758826817, -5.892488565874954
39.pdb, 1, 1, 0.5149647167160464, 0.6636568918963803, 1.2494439964430117, -, -, -, 1.3013561678278704, 16.580657133728906, , Z, 0.4823784323387591, 0.9512254454083306, 1.420072458477902, 1.888919471547474, 2.3540272719394397, 2.8172633736696286, 3.268550442822818, 3.744806928236087, 4.209346645720459, 4.654322280903739, 4.926584994712947, 5.194690859870574, 5.462796725028202, 5.660769617482798, 5.870883759650592, 6.075255294140696, 6.402652978796413, 6.730050663452129, 6.8704689086914135, 6.808596404327371, 6.812506777276637, 6.8192329238470775, 6.785234304032364, 6.699129504615099, 6.561618964615264, 6.4180371112513175, 6.442040181132233, 6.48202045535012, 6.450134865707394, 6.738515291349267, 7.02689571699114, 7.2816442893444195, 7.4443929762738446, 7.616434048911406, 7.749947912697596
39.pdb, 1, 1, 0.5149647167160464, 0.6636568918963803, 1.2494439964430117, -, -, -, 1.3013561678278704, 16.580657133728906, , distance, 0.8619743001445128, 0.6082696148194975, 0.7049710309762358, 1.060177525096026, 1.4939777709797224, 1.9571542164908646, 2.4049850708394307, 2.878167542485742, 3.340770035785424, 3.7955087187064156, 4.109408503639566, 4.453618920899126, 4.825163700372891, 5.090928828084072, 5.39673280096805, 5.737461460812685, 6.1659808841092705, 6.604557253297989, 6.900048291513848, 7.041276088576675, 7.248902744760911, 7.485968127109792, 7.719021735550444, 7.933345711680837, 8.16137532904111, 8.411677447698954, 8.805849712994345, 9.221362788643072, 9.53778062168423, 9.958995708947548, 10.387200386740219, 10.784922715725916, 11.203191599237522, 11.674575769784937, 12.128581984516204
39.pdb, 1, 1, 0.5149647167160464, 0.6636568918963803, 1.2494439964430117, -, -, -, 1.3013561678278704, 16.580657133728906, , length, 0.8619743001445128, 1.3619743001445128, 1.8619743001445128, 2.361974300144513, 2.861974300144513, 3.361974300144513, 3.861974300144513, 4.361974300144513, 4.861974300144513, 5.361974300144513, 5.861974300144513, 6.361974300144513, 6.861974300144513, 7.361974300144513, 7.861974300144513, 8.361974300144514, 8.861974300144514, 9.361974300144514, 9.861974300144514, 10.361974300144514, 10.861974300144514, 11.361974300144514, 11.861974300144514, 12.361974300144514, 12.861974300144514, 13.361974300144514, 13.861974300144514, 14.361974300144514, 14.861974300144514, 15.361974300144514, 15.861974300144514, 16.361974300144514, 16.861974300144514, 17.361974300144514, 17.861974300144514
39.pdb, 1, 1, 0.5149647167160464, 0.6636568918963803, 1.2494439964430117, -, -, -, 1.3013561678278704, 16.580657133728906, , R, 1.8414133726682296, 1.7041466843309887, 1.649199997328411, 1.6812867412740695, 1.7805907102210676, 1.9488234711226886, 2.0943190198525743, 2.1322850157026956, 2.13050523916832, 2.1599165141009617, 2.0311597658975495, 1.9630648679586857, 1.9732578346352325, 1.8608220080949078, 1.770635997494961, 1.6787361033760086, 1.663630054156468, 1.7348990819542454, 1.6869767601630776, 1.516272202857219, 1.3496193936045324, 1.27177051467984, 1.2512444881350426, 1.2828312977896246, 1.3219898886399923, 1.446148419443955, 1.5147088363799803, 1.657163470514013, 1.7588945656909585, 1.6173454847710287, 1.560401077786328, 1.5662499654987936, 1.5592747988611404, 1.5444757398330957, 1.4077667870877646
39.pdb, 1, 1, 0.5149647167160464, 0.6636568918963803, 1.2494439964430117, -, -, -, 1.3013561678278704, 16.580657133728906, , Upper limit of R overestimation, -, -, -, -, -, -, -, -, -, -, -, -, -, -, -, -, -, -, -, -, -, -, -, -, -, -, -, -, -, -, -, -, -, -, -
39.pdb, 1, 2, 0.4655691291559473, 0.7644946881222937, 1.2494439964430117, -, -, -, 1.6893539515559148, 19.388844485999783, , X, 8.843534927400304, 8.804972794946623, 8.766410662492943, 8.72784853003926, 8.707686329135477, 8.696734389917257, 8.70650572392274, 8.726901004600373, 8.89162013634327, 9.110117915308795, 9.338121394066807, 9.541323646656938, 9.74452589924707, 10.113907846119897, 10.560947358291823, 10.99065168678697, 11.362793876096625, 11.734936065406279, 12.047303686676502, 12.268792847092032, 12.435238688535845, 12.600204864788068, 12.775235107901013, 12.942296960062542, 13.231890005837094, 13.535954689698611, 13.891950072001576, 14.252896421040061, 14.610636821658217, 14.621806433755536, 14.632976045852855, 14.644145657950174, 14.793681633964157, 15.009236484695345, 15.01070958720938, 15.022625170424925, 14.896356063886234, 15.114625811332845, 15.507700780588584, 15.900775749844323, 16.060481449851846
39.pdb, 1, 2, 0.4655691291559473, 0.7644946881222937, 1.2494439964430117, -, -, -, 1.6893539515559148, 19.388844485999783, , Y, 0.7060604091143501, 0.536663123786734, 0.36726583845911787, 0.19786855313150176, 0.016165626177821024, -0.17169700736375978, 0.016132038317236197, -0.06538511418220133, -0.13300006509335793, -0.18982269792968381, -0.5042149573809094, -0.8741177684142626, -1.2440205794476156, -1.237152293148191, -1.1596427981286836, -1.1853102214259144, -1.1195763107108665, -1.0538423999958189, -1.2505548306687935, -1.69261735317225, -2.1637204075340475, -2.6356747693584017, -3.1002501009469943, -3.563581840707689, -3.943475442499997, -4.3135145207238645, -4.659493282587457, -5.003178183025707, -5.2336641834145246, -5.699308828056227, -6.164953472697929, -6.630598117339632, -7.095095869522203, -7.463185626566364, -7.42765912687505, -7.356857639283111, -7.015883311098274, -6.9794560528512175, -7.139674370296833, -7.299892687742448, -7.637747096638452
39.pdb, 1, 2, 0.4655691291559473, 0.7644946881222937, 1.2494439964430117, -, -, -, 1.6893539515559148, 19.388844485999783, , Z, 0.4823784323387591, 0.9512254454083306, 1.420072458477902, 1.888919471547474, 2.3540272719394397, 2.8172633736696286, 3.268550442822818, 3.744806928236087, 4.209346645720459, 4.654322280903739, 4.926584994712947, 5.194690859870574, 5.462796725028202, 5.660769617482798, 5.870883759650592, 6.075255294140696, 6.402652978796413, 6.730050663452129, 6.8704689086914135, 6.808596404327371, 6.812506777276637, 6.8192329238470775, 6.785234304032364, 6.699129504615099, 6.561618964615264, 6.4180371112513175, 6.442040181132233, 6.48202045535012, 6.383098717695126, 6.2013012900947935, 6.019503862494461, 5.8377064348941285, 5.754005268673461, 5.543487523608586, 5.09252329032988, 4.597704971922607, 4.336510600889802, 3.967910526935813, 3.7036716968984855, 3.439432866861158, 3.6477920680206153
39.pdb, 1, 2, 0.4655691291559473, 0.7644946881222937, 1.2494439964430117, -, -, -, 1.6893539515559148, 19.388844485999783, , distance, 0.8619743001445128, 0.6082696148194975, 0.7049710309762358, 1.060177525096026, 1.4939777709797224, 1.9571542164908646, 2.4049850708394307, 2.878167542485742, 3.340770035785424, 3.7955087187064156, 4.109408503639566, 4.453618920899126, 4.825163700372891, 5.090928828084072, 5.39673280096805, 5.737461460812685, 6.1659808841092705, 6.604557253297989, 6.900048291513848, 7.041276088576675, 7.248902744760911, 7.485968127109792, 7.719021735550444, 7.933345711680837, 8.16137532904111, 8.411677447698954, 8.805849712994345, 9.221362788643072, 9.500155322160415, 9.666501391515165, 9.855432367945934, 10.065676587599475, 10.41935646354256, 10.699022605932294, 10.485728626855739, 10.253059103614449, 9.841095348049596, 9.828882737973197, 10.11713816713275, 10.421421856391808, 10.816649268855208
39.pdb, 1, 2, 0.4655691291559473, 0.7644946881222937, 1.2494439964430117, -, -, -, 1.6893539515559148, 19.388844485999783, , length, 0.8619743001445128, 1.3619743001445128, 1.8619743001445128, 2.361974300144513, 2.861974300144513, 3.361974300144513, 3.861974300144513, 4.361974300144513, 4.861974300144513, 5.361974300144513, 5.861974300144513, 6.361974300144513, 6.861974300144513, 7.361974300144513, 7.861974300144513, 8.361974300144514, 8.861974300144514, 9.361974300144514, 9.861974300144514, 10.361974300144514, 10.861974300144514, 11.361974300144514, 11.861974300144514, 12.361974300144514, 12.861974300144514, 13.361974300144514, 13.861974300144514, 14.361974300144514, 14.861974300144514, 15.361974300144514, 15.861974300144514, 16.361974300144514, 16.861974300144514, 17.361974300144514, 17.861974300144514, 18.361974300144514, 18.861974300144514, 19.361974300144514, 19.861974300144514, 20.361974300144514, 20.861974300144514
39.pdb, 1, 2, 0.4655691291559473, 0.7644946881222937, 1.2494439964430117, -, -, -, 1.6893539515559148, 19.388844485999783, , R, 1.8414133726682296, 1.7041466843309887, 1.649199997328411, 1.6812867412740695, 1.7805907102210676, 1.9488234711226886, 2.0943190198525743, 2.1322850157026956, 2.13050523916832, 2.1599165141009617, 2.0311597658975495, 1.9630648679586857, 1.9732578346352325, 1.8608220080949078, 1.770635997494961, 1.6787361033760086, 1.663630054156468, 1.7348990819542454, 1.6869767601630776, 1.516272202857219, 1.3496193936045324, 1.27177051467984, 1.2512444881350426, 1.2828312977896246, 1.3219898886399923, 1.446148419443955, 1.5147088363799803, 1.657163470514013, 1.7634654711235973, 1.6555863533955997, 1.6331288789704839, 1.6980795482550042, 1.762542918240409, 1.7628566146727824, 1.6624994628890348, 1.6038295349908875, 1.529896059913581, 1.430664260954899, 1.3536174658161426, 1.373233349227607, 1.4544732556480435
39.pdb, 1, 2, 0.4655691291559473, 0.7644946881222937, 1.2494439964430117, -, -, -, 1.6893539515559148, 19.388844485999783, , Upper limit of R overestimation, -, -, -, -, -, -, -, -, -, -, -, -, -, -, -, -, -, -, -, -, -, -, -, -, -, -, -, -, -, -, -, -, -, -, -, -, -, -, -, -, -
40.pdb, 1, 1, 0.6011444086977829, 0.5089200926145663, 1.4266773202971776, -, -, -, 1.3482149013585016, 15.363393142807908, , X, 9.050162908178187, 9.024301027757186, 9.01859602288021, 9.012891018003232, 9.007186013126256, 8.864654541572945, 8.679106653240723, 8.577948841891283, 8.658959077492844, 8.840843663367266, 9.052001242761836, 9.257761902122715, 9.426950869056506, 9.874580704079646, 10.33512815126265, 10.792141537927217, 11.1806179342028, 11.527079840263879, 11.807489705880217, 12.040215672317688, 12.253716132303838, 12.457717457896715, 12.75631143168854, 13.108675152304526, 13.461038872920513, 13.845906564510255, 14.257555803666987, 14.497215096703721, 14.7067401213138, 14.929552481833932, 15.078039892010947, 15.27884411909326, 15.435674979511155
40.pdb, 1, 1, 0.6011444086977829, 0.5089200926145663, 1.4266773202971776, -, -, -, 1.3482149013585016, 15.363393142807908, , Y, 0.033855062837103864, -0.07006570508752577, -0.09755311083256757, -0.1250405165776094, -0.1525279223226512, -0.2983133381202724, -0.5123919297203076, -0.7715333689413413, -0.9416736360503577, -0.8774854429734771, -0.9627808328392381, -1.129390540823764, -1.4666845540531939, -1.645605666192836, -1.8171794383857645, -1.9690412450694152, -1.9663496970841416, -1.9017860309535382, -2.097900386378445, -2.5268946850773464, -2.9691597325873293, -3.2549353087015667, -3.601169147320217, -3.9316666439399564, -4.262164140559696, -4.4539431485814776, -4.5436788460126785, -4.881335459876178, -5.3281192328675235, -5.769586103522628, -6.229541056377554, -6.640748948913492, -7.08479474867614
40.pdb, 1, 1, 0.6011444086977829, 0.5089200926145663, 1.4266773202971776, -, -, -, 1.3482149013585016, 15.363393142807908, , Z, 0.056870488021004396, 0.5114303712045631, 1.0106416445596038, 1.5098529179146443, 2.009064191269685, 2.43577402269683, 2.8477675151466437, 3.235551766802249, 3.589457728258818, 4.018545235293657, 4.4631490684623865, 4.864924664732165, 5.192961007394775, 5.295397243381841, 5.387367290618471, 5.505753070106714, 5.800675157345297, 6.155352025303022, 6.322450847930978, 6.43109023411105, 6.516106550449826, 6.76814871492176, 6.883227407991729, 7.012111903264605, 7.1409963985374825, 7.093827523236123, 6.832243761719209, 6.717584366206618, 6.723591888164066, 6.687596438195322, 6.622376712154512, 6.4219987386073205, 6.253988593277542
40.pdb, 1, 1, 0.6011444086977829, 0.5089200926145663, 1.4266773202971776, -, -, -, 1.3482149013585016, 15.363393142807908, , distance, 0.8414463458748985, 0.3961297990045064, 0.21868802821203293, 0.6623670354925449, 1.1530983157264165, 1.5837410209763072, 2.036062414764594, 2.485069214356982, 2.8647737717302246, 3.2524581774681933, 3.709581052612897, 4.1546085999562505, 4.581163285556238, 4.809335540848181, 5.067118940694636, 5.373706932093207, 5.774438540095822, 6.201447660939412, 6.5260164978249495, 6.866077126340553, 7.202477053171393, 7.612883559595462, 7.993561606601984, 8.413359124297573, 8.841504190479194, 9.106227418765082, 9.209225993968424, 9.44678822822585, 9.809414571333283, 10.163885057485778, 10.480273019502365, 10.740114164590608, 11.026784026316081
40.pdb, 1, 1, 0.6011444086977829, 0.5089200926145663, 1.4266773202971776, -, -, -, 1.3482149013585016, 15.363393142807908, , length, 0.8414463458748985, 1.3414463458748984, 1.8414463458748984, 2.3414463458748984, 2.8414463458748984, 3.3414463458748984, 3.8414463458748984, 4.341446345874898, 4.841446345874898, 5.341446345874898, 5.841446345874898, 6.341446345874898, 6.841446345874898, 7.341446345874898, 7.841446345874898, 8.341446345874898, 8.841446345874898, 9.341446345874898, 9.841446345874898, 10.341446345874898, 10.841446345874898, 11.341446345874898, 11.841446345874898, 12.341446345874898, 12.841446345874898, 13.341446345874898, 13.841446345874898, 14.341446345874898, 14.841446345874898, 15.341446345874898, 15.841446345874898, 16.3414463458749, 16.8414463458749
40.pdb, 1, 1, 0.6011444086977829, 0.5089200926145663, 1.4266773202971776, -, -, -, 1.3482149013585016, 15.363393142807908, , R, 2.111722541901261, 1.96897845653958, 1.8473023671158264, 1.804942424614396, 1.845210375961763, 1.8588168449600697, 1.930233372807426, 1.9815134534123071, 1.9405199638806077, 1.9424065171099543, 1.9619903579618774, 2.0191569507939384, 2.0974428842007207, 1.9018423847626706, 1.7605386362763749, 1.6902791558215295, 1.6395401646857397, 1.6525642575450423, 1.6336634920650452, 1.5492208328482928, 1.5438561115340603, 1.527478399014005, 1.4962453289349311, 1.498121060449338, 1.5910527834272645, 1.7099193027615873, 1.808147341947872, 1.7550350424401102, 1.6211875825134079, 1.5192137191300976, 1.4288390455354334, 1.4907630912055028, 1.5914255488388938
40.pdb, 1, 1, 0.6011444086977829, 0.5089200926145663, 1.4266773202971776, -, -, -, 1.3482149013585016, 15.363393142807908, , Upper limit of R overestimation, -, -, -, -, -, -, -, -, -, -, -, -, -, -, -, -, -, -, -, -, -, -, -, -, -, -, -, -, -, -, -, -, -
44.pdb, 1, 2, 0.6015965444119391, 0.5081682503591157, 1.2544558211294208, -, -, -, 1.4252960753773836, 15.170007033715446, , X, 8.722123091833886, 8.819663411645791, 8.917203731457699, 8.964692118335243, 8.983433154801157, 9.00765221912809, 9.00042191219288, 9.141668010247624, 9.258524087591086, 9.454396499387894, 9.789188663199164, 10.123980827010437, 10.458772990821707, 10.79356515463298, 11.074147738417377, 11.390952187983562, 11.62437643286521, 11.841612406026822, 12.093032593130307, 12.420731451186887, 12.748430309243467, 13.076129167300047, 13.064204194039004, 13.060045517778617, 13.449189652473317, 13.838333787168017, 14.236323951954537, 14.680770597331433, 14.964897533819657, 15.011989426108535, 15.153823618305317, 15.340711937574167
44.pdb, 1, 2, 0.6015965444119391, 0.5081682503591157, 1.2544558211294208, -, -, -, 1.4252960753773836, 15.170007033715446, , Y, 0.1038329587634384, 0.2719006230353375, 0.43996828730723664, 0.5443827472673582, 0.5894005949775074, 0.6611404733626689, 0.6771821076163409, 0.7110870393807296, 0.7256246989757135, 0.4051653828375614, 0.1726415108521297, -0.05988236113330203, -0.2924062331187337, -0.5249301051041654, -0.7798712184100144, -0.8280527885117727, -1.17533266917567, -1.5919720319864765, -1.9885972688794116, -2.340562975853098, -2.6925286828267847, -3.0444943898004713, -3.479367527804645, -3.9052048694718238, -4.1001971181651085, -4.295189366858392, -4.474160087577227, -4.568990940395156, -4.950881250208401, -5.4174071199032365, -5.84821205093136, -6.302243074417009
44.pdb, 1, 2, 0.6015965444119391, 0.5081682503591157, 1.2544558211294208, -, -, -, 1.4252960753773836, 15.170007033715446, , Z, 0.7313502099023625, 1.192044410253506, 1.652738610604649, 2.133615561499281, 2.6312320472990676, 3.114566240613862, 3.59010585999888, 4.068348969690812, 4.519066746216961, 4.733158031328552, 5.022721247237392, 5.312284463146232, 5.601847679055072, 5.8914108949639115, 6.171716203987279, 6.552560000884423, 6.7660093250632904, 6.936948417494288, 7.097344603682003, 7.234215343955174, 7.371086084228346, 7.507956824501517, 7.282157966785945, 7.042094910942489, 6.796036248460857, 6.549977585979225, 6.309925916770457, 6.1014210276981675, 6.120330751912477, 6.172166159935091, 6.147320935211834, 6.064135240527862
44.pdb, 1, 2, 0.6015965444119391, 0.5081682503591157, 1.2544558211294208, -, -, -, 1.4252960753773836, 15.170007033715446, , distance, 0.2547576301714214, 0.46703910677599275, 0.9334610888439193, 1.407195589414867, 1.883398252456716, 2.364218441674075, 2.8235224418492844, 3.3038883605367704, 3.755768807806521, 3.93794095057021, 4.263579709500236, 4.620481029973655, 5.0019574125966635, 5.402805842015334, 5.79230826077543, 6.2699506283404665, 6.608601994941419, 6.93316542509389, 7.278412577571119, 7.642454467157106, 8.021155210803098, 8.412535381739431, 8.396705592771006, 8.398721419005664, 8.515964262089192, 8.66052961153624, 8.832144817272113, 9.033712349576685, 9.422531814271158, 9.730682042203263, 10.049283475648398, 10.390610563172814
44.pdb, 1, 2, 0.6015965444119391, 0.5081682503591157, 1.2544558211294208, -, -, -, 1.4252960753773836, 15.170007033715446, , length, 0.2547576301714214, 0.7547576301714214, 1.2547576301714214, 1.7547576301714214, 2.2547576301714214, 2.7547576301714214, 3.2547576301714214, 3.7547576301714214, 4.254757630171421, 4.754757630171421, 5.254757630171421, 5.754757630171421, 6.254757630171421, 6.754757630171421, 7.254757630171421, 7.754757630171421, 8.254757630171422, 8.754757630171422, 9.254757630171422, 9.754757630171422, 10.254757630171422, 10.754757630171422, 11.254757630171422, 11.754757630171422, 12.254757630171422, 12.754757630171422, 13.254757630171422, 13.754757630171422, 14.254757630171422, 14.754757630171422, 15.254757630171422, 15.754757630171422
44.pdb, 1, 2, 0.6015965444119391, 0.5081682503591157, 1.2544558211294208, -, -, -, 1.4252960753773836, 15.170007033715446, , R, 2.300134652255794, 2.2765168510421043, 2.324400125870733, 2.3977640529998068, 2.492171528419446, 2.644330157214683, 2.6376745951963256, 2.574210384589583, 2.5574146027817655, 2.3233923508022087, 2.06589889142373, 1.8688593125645185, 1.744435326446346, 1.7019823057586725, 1.7271885974469618, 1.705247799592282, 1.533461050663192, 1.3902713257264725, 1.3082046234093496, 1.2544507374779588, 1.3015128247762704, 1.444012935356825, 1.4781502171702556, 1.581307515712924, 1.5064134512951977, 1.5228066478804492, 1.6183434782814994, 1.7426769500911397, 1.79095403022792, 1.7088420734728358, 1.6821487171526337, 1.7204788424062853
44.pdb, 1, 2, 0.6015965444119391, 0.5081682503591157, 1.2544558211294208, -, -, -, 1.4252960753773836, 15.170007033715446, , Upper limit of R overestimation, -, -, -, -, -, -, -, -, -, -, -, -, -, -, -, -, -, -, -, -, -, -, -, -, -, -, -, -, -, -, -, -
45.pdb, 1, 2, 0.5461792964317165, 0.6048079753996455, 1.1760876544501169, -, -, -, 1.39081513020268, 14.352139038046397, , X, 9.30692206691759, 9.216749208496122, 9.192937150616793, 9.169125092737463, 9.145313034858134, 9.179327466836076, 9.509928551790301, 9.94952698775972, 9.878211305782349, 10.12174425566927, 10.27279298606637, 10.559109229432496, 10.88393029608248, 11.208751362732468, 11.523820683019151, 11.834634513933558, 12.063614113359185, 12.313632570329158, 12.443294863934549, 12.569247269895419, 12.7588458619055, 12.994932740099985, 13.162517905798689, 13.419470296190557, 13.890503202342108, 14.36153610849366, 14.791454011497661, 15.102305148984081, 15.333664898491643, 15.565024647999204, 15.796384397506765
45.pdb, 1, 2, 0.5461792964317165, 0.6048079753996455, 1.1760876544501169, -, -, -, 1.39081513020268, 14.352139038046397, , Y, 0.14042154516153277, -0.1415882261261481, -0.17781222297905397, -0.2140362198319598, -0.25026021668486564, -0.43654944074821583, -0.32593401086236445, -0.28167148568381817, -0.28588878341273843, -0.19561279012927613, -0.19873962045849708, -0.42623153462611496, -0.6535488158020278, -0.8808660969779407, -0.94004865446492, -0.9236361252418676, -1.078613335653695, -1.399970220413964, -1.8707610933099759, -2.341172503211062, -2.7912817148587528, -3.2265618462242958, -3.6960142543088073, -4.046441530676197, -4.126523902789707, -4.2066062749032165, -4.288952259144794, -4.467581234880217, -4.850162917023989, -5.232744599167762, -5.6153262813115346
45.pdb, 1, 2, 0.5461792964317165, 0.6048079753996455, 1.1760876544501169, -, -, -, 1.39081513020268, 14.352139038046397, , Z, 1.051408194173922, 1.4304558104050789, 1.928573073658976, 2.426690336912873, 2.92480760016677, 3.307877221450855, 3.4693116597737834, 3.670328746952221, 4.1461286943351405, 4.57337797444695, 5.005518430510569, 5.32303141309602, 5.627692090471943, 5.932352767847867, 6.296869558792636, 6.688175033663959, 7.014515143061784, 7.223762919245883, 7.326557362741539, 7.439911219612581, 7.5277719540952, 7.597012066622395, 7.587055357576184, 7.527702294149729, 7.380342818719412, 7.232983343289096, 7.136482202884894, 7.312623124726847, 7.088784069162721, 6.864945013598596, 6.641105958034471
45.pdb, 1, 2, 0.5461792964317165, 0.6048079753996455, 1.1760876544501169, -, -, -, 1.39081513020268, 14.352139038046397, , distance, 0.528351096041705, 0.6720042133523942, 1.1175121602616729, 1.5956431912874667, 2.0840635689612235, 2.487916209715823, 2.693817803461841, 3.014986314427864, 3.4398584564260455, 3.916738244841614, 4.374371190317343, 4.782190559406605, 5.206221901643676, 5.6427073671980335, 6.111193579641642, 6.59351863691794, 7.006153573474562, 7.356898738260326, 7.604878738683826, 7.883640982998704, 8.186025372516587, 8.508855051176974, 8.767676024056263, 9.001458257398117, 9.178881216640969, 9.379630590739065, 9.610786888776447, 9.996732342772287, 10.176464208774268, 10.377195673779015, 10.597733545967841
45.pdb, 1, 2, 0.5461792964317165, 0.6048079753996455, 1.1760876544501169, -, -, -, 1.39081513020268, 14.352139038046397, , length, 0.528351096041705, 1.028351096041705, 1.528351096041705, 2.028351096041705, 2.528351096041705, 3.028351096041705, 3.528351096041705, 4.028351096041705, 4.528351096041705, 5.028351096041705, 5.528351096041705, 6.028351096041705, 6.528351096041705, 7.028351096041705, 7.528351096041705, 8.028351096041705, 8.528351096041705, 9.028351096041705, 9.528351096041705, 10.028351096041705, 10.528351096041705, 11.028351096041705, 11.528351096041705, 12.028351096041705, 12.528351096041705, 13.028351096041705, 13.528351096041705, 14.028351096041705, 14.528351096041705, 15.028351096041705, 15.528351096041705
45.pdb, 1, 2, 0.5461792964317165, 0.6048079753996455, 1.1760876544501169, -, -, -, 1.39081513020268, 14.352139038046397, , R, 2.0998506616268813, 2.0639405934884927, 2.066350083385805, 2.1443650423730505, 2.2929231606291216, 2.306879199858276, 2.181347771765001, 1.8795614600941553, 1.9915085951769635, 1.907668372852992, 1.9395888325279513, 1.7893204287999434, 1.6781990945537595, 1.6516702876979792, 1.6344948479369028, 1.6697656955172666, 1.740334581429596, 1.6672054972117063, 1.5109215251761217, 1.4360096531046727, 1.4024566797335434, 1.4260218926550088, 1.501972047713248, 1.5449403829242516, 1.4176400056859182, 1.38251441291746, 1.4055259091140295, 1.24244537608918, 1.1768502042690854, 1.215221391899419, 1.3528752124307106
45.pdb, 1, 2, 0.5461792964317165, 0.6048079753996455, 1.1760876544501169, -, -, -, 1.39081513020268, 14.352139038046397, , Upper limit of R overestimation, -, -, -, -, -, -, -, -, -, -, -, -, -, -, -, -, -, -, -, -, -, -, -, -, -, -, -, -, -, -, -
46.pdb, 1, 1, 0.5496580780628838, 0.5984588703257283, 1.275849299622127, -, -, -, 1.5866936714838067, 16.666965362683207, , X, 8.838604569301607, 8.918125666796948, 8.99212417449888, 9.062488194108177, 9.150680610019588, 9.238873025930998, 9.185969310637258, 9.114058376791892, 9.042147442946527, 9.212828166912548, 9.440879261510844, 9.616752037217463, 9.775065332549522, 9.986768883506087, 9.82526510209305, 9.862608162339363, 9.924541698197748, 10.344604623990502, 10.772939164927857, 11.156449867364275, 11.529675321056281, 11.902900774748288, 12.276126228440296, 12.649351682132302, 12.89299189080099, 12.94252630398785, 13.300024332002764, 13.657522360017676, 14.012341737987889, 14.286848057351756, 14.563427741099373, 14.53103256463415, 14.703894031926835, 14.957993355168497, 15.145396113823637
46.pdb, 1, 1, 0.5496580780628838, 0.5984588703257283, 1.275849299622127, -, -, -, 1.5866936714838067, 16.666965362683207, , Y, -0.27403016836514305, -0.2690324373314124, -0.10557618088890636, 0.24128971103533547, 0.5835273120472158, 0.9257649130590961, 0.9280528896205201, 0.8845458698678522, 0.8410388501151842, 0.8271701451910496, 0.8640074459627959, 0.6445206286043691, 0.3664068977777114, 0.097893314742618, -0.3601442781326035, -0.7745993187581808, -1.2208068169224164, -1.3081720315605276, -1.3835672022032401, -1.6682597470439688, -2.000709596843339, -2.333159446642709, -2.6656092964420783, -2.9980591462414483, -3.36444644079616, -3.705918301291113, -3.843159262812075, -3.9804002243330374, -4.1234948444951085, -4.540918418551566, -4.95728350162141, -5.419559608414892, -5.884357384935774, -6.2850870590265036, -6.732084103974947
46.pdb, 1, 1, 0.5496580780628838, 0.5984588703257283, 1.275849299622127, -, -, -, 1.5866936714838067, 16.666965362683207, , Z, 0.3860863563762867, 0.8588051728429464, 1.3007424624604371, 1.6535979262961968, 2.007286379923597, 2.3609748335509977, 2.8373349361436224, 3.3302202745599, 3.8231056129761773, 4.278981262477561, 4.722417516661148, 5.126710693537602, 5.5108846817861314, 5.828768256404118, 5.832471236140826, 6.0249540062108835, 6.241894333762245, 6.489361054295773, 6.7359995204235386, 6.792255038075189, 6.805666156029039, 6.819077273982888, 6.832488391936738, 6.845899509890587, 6.801003962489558, 6.480536665158922, 6.159040042398666, 5.8375434196384095, 5.521034301586439, 5.507511339987038, 5.495519837232544, 5.622209117975641, 5.58272608020444, 5.63512346347676, 5.757899063071315
46.pdb, 1, 1, 0.5496580780628838, 0.5984588703257283, 1.275849299622127, -, -, -, 1.5866936714838067, 16.666965362683207, , distance, 0.527308130000228, 0.2147941300712601, 0.4544438865945388, 0.8666612590146267, 1.3421394042263328, 1.8307306254272397, 2.228491385340286, 2.649922245553653, 3.0948347226345327, 3.5421611117753824, 4.006191458401733, 4.3824958605739655, 4.7512517710532824, 5.089365185734081, 5.065605713646539, 5.300857388082764, 5.5986513297977, 5.945579225188318, 6.311559834881497, 6.553593875739193, 6.792868645576381, 7.059499712018063, 7.350510725923168, 7.663124668165066, 7.898189202293138, 7.839355144083076, 7.875268428380659, 7.942557306248193, 8.044551522605541, 8.429667585754272, 8.82784310843074, 9.137175701530708, 9.502683443353153, 9.932773998282464, 10.388900753598431
46.pdb, 1, 1, 0.5496580780628838, 0.5984588703257283, 1.275849299622127, -, -, -, 1.5866936714838067, 16.666965362683207, , length, 0.527308130000228, 1.027308130000228, 1.527308130000228, 2.027308130000228, 2.527308130000228, 3.027308130000228, 3.527308130000228, 4.027308130000228, 4.527308130000228, 5.027308130000228, 5.527308130000228, 6.027308130000228, 6.527308130000228, 7.027308130000228, 7.527308130000228, 8.027308130000229, 8.527308130000229, 9.027308130000229, 9.527308130000229, 10.027308130000229, 10.527308130000229, 11.027308130000229, 11.527308130000229, 12.027308130000229, 12.527308130000229, 13.027308130000229, 13.527308130000229, 14.027308130000229, 14.527308130000229, 15.027308130000229, 15.527308130000229, 16.02730813000023, 16.52730813000023, 17.02730813000023, 17.52730813000023
46.pdb, 1, 1, 0.5496580780628838, 0.5984588703257283, 1.275849299622127, -, -, -, 1.5866936714838067, 16.666965362683207, , R, 1.9128387800666655, 1.800217265392521, 1.7321765762116275, 1.704236825447081, 1.7452573083378786, 1.868304040728758, 1.9060420589444578, 2.0007590719871162, 2.167821254443848, 2.2226034076580206, 2.2736838251764437, 2.3122137574905457, 2.3994090136743056, 2.469536685686629, 2.4886365077494457, 2.437489041280073, 2.3829842363705946, 2.1668853580372165, 2.0087082612949416, 1.7759728167608195, 1.5775679353304948, 1.459577610195441, 1.432835447560228, 1.50005405931186, 1.5518152247796773, 1.5738441394632383, 1.4697692979302162, 1.457277723217324, 1.5339836031252314, 1.446940904062841, 1.450615840292573, 1.3274122335164769, 1.2845710192802804, 1.2855950531997384, 1.2911503904286163
46.pdb, 1, 1, 0.5496580780628838, 0.5984588703257283, 1.275849299622127, -, -, -, 1.5866936714838067, 16.666965362683207, , Upper limit of R overestimation, -, -, -, -, -, -, -, -, -, -, -, -, -, -, -, -, -, -, -, -, -, -, -, -, -, -, -, -, -, -, -, -, -, -, -
48.pdb, 1, 1, 0.6397725883967234, 0.4466424964034264, 1.455345846126484, -, -, -, 1.6098509396797607, 14.918354435775292, , X, 8.792660509499964, 8.89125760369762, 8.793315414293712, 8.780284935617805, 8.744142593211567, 8.729201699415091, 8.7226856957395, 8.71616969206391, 8.709653688388318, 8.889780952594261, 9.072205377303542, 9.124495732828455, 9.235645918449809, 9.360957904309522, 9.428738536195876, 9.466878943361325, 9.502990070246218, 9.837610175092149, 10.249662767601096, 10.73803204193953, 11.169910289747744, 11.557707765401563, 11.906105054936065, 12.265567072676184, 12.625029090416302, 12.9877648000852, 13.449366570204365, 13.706165953736345, 13.934704580886974, 14.163243208037603, 14.292456444650766, 14.514518276986285
48.pdb, 1, 1, 0.6397725883967234, 0.4466424964034264, 1.455345846126484, -, -, -, 1.6098509396797607, 14.918354435775292, , Y, -0.3128557265080159, -0.6781322654712344, -0.7536224860579196, -0.8461327366198127, -0.5631047152289221, -0.29405536531523147, 0.01084763886583412, 0.31575064304689965, 0.6206536472279653, 0.7948387861632196, 0.7235862591840475, 0.4746529229931099, 0.3739140405393997, 0.1705181991346223, -0.300952683504514, -0.7718995469931994, -1.2441984528979955, -1.4613509470934172, -1.4987044433640389, -1.5054214824953647, -1.5255731267727795, -1.6999290460039491, -2.0454731483563373, -2.3674173258195816, -2.689361503282826, -3.0085966900185945, -3.1481152401873844, -3.467851344977901, -3.815757335578454, -4.163663326179007, -4.5519009398861705, -4.990646586938924
48.pdb, 1, 1, 0.6397725883967234, 0.4466424964034264, 1.455345846126484, -, -, -, 1.6098509396797607, 14.918354435775292, , Z, 0.3191388099712984, 0.6133162542213988, 1.0894129353387338, 1.580607459093277, 1.9799273176144698, 2.3284369796877322, 2.724658760686027, 3.120880541684322, 3.517102322682617, 3.908581146950571, 4.367880975328982, 4.794921486293323, 5.228569634962026, 5.512333441041527, 5.663073610076093, 5.826626698912964, 5.986719578193198, 6.109589724652875, 6.17607864496733, 6.277732897448839, 6.525998432317712, 6.665445170342305, 6.724393794643837, 6.855309815052793, 6.986225835461749, 7.11385607261709, 7.064534291994467, 6.808162578022735, 6.531158033647821, 6.254153489272907, 6.000201755015439, 5.90969871743077
48.pdb, 1, 1, 0.6397725883967234, 0.4466424964034264, 1.455345846126484, -, -, -, 1.6098509396797607, 14.918354435775292, , distance, 0.6071990527441533, 0.6663965624065279, 0.7264483375139713, 1.0597053154065588, 1.222474562113849, 1.4823161279573653, 1.8613844493734046, 2.28740967767817, 2.7385642221248654, 3.1583086461141794, 3.592526400070688, 3.9713751533368127, 4.397530449133111, 4.676219621281857, 4.833611613384215, 5.044675110737107, 5.291390478118472, 5.5115144596299315, 5.671279198527934, 5.905310866495422, 6.284204352843373, 6.601071469806763, 6.893152255710935, 7.264153611008432, 7.649856688085135, 8.046286611629942, 8.306551710181445, 8.389762462490923, 8.481382049730906, 8.60113764393836, 8.719614231616717, 9.039136252702544
48.pdb, 1, 1, 0.6397725883967234, 0.4466424964034264, 1.455345846126484, -, -, -, 1.6098509396797607, 14.918354435775292, , length, 0.6071990527441533, 1.1071990527441533, 1.6071990527441533, 2.1071990527441535, 2.6071990527441535, 3.1071990527441535, 3.6071990527441535, 4.1071990527441535, 4.6071990527441535, 5.1071990527441535, 5.6071990527441535, 6.1071990527441535, 6.6071990527441535, 7.1071990527441535, 7.6071990527441535, 8.107199052744154, 8.607199052744154, 9.107199052744154, 9.607199052744154, 10.107199052744154, 10.607199052744154, 11.107199052744154, 11.607199052744154, 12.107199052744154, 12.607199052744154, 13.107199052744154, 13.607199052744154, 14.107199052744154, 14.607199052744154, 15.107199052744154, 15.607199052744154, 16.107199052744154
48.pdb, 1, 1, 0.6397725883967234, 0.4466424964034264, 1.455345846126484, -, -, -, 1.6098509396797607, 14.918354435775292, , R, 1.7563682398948284, 1.676999219623214, 1.6722152083150317, 1.6818385018677258, 1.628214893947966, 1.6292415838431886, 1.7031550153893436, 1.8581056468037664, 2.0826378494506317, 2.1375395213171133, 2.121820180968607, 2.1242800201934937, 2.2054663661305085, 2.2105177357593213, 2.1400598455146858, 2.11406314782156, 2.160947327282723, 2.109580123961611, 2.029259673521974, 1.9622923258327696, 1.8588541480465273, 1.7642798970463305, 1.6488995042667371, 1.5960911815777241, 1.63196458416806, 1.7490050473792367, 1.7165461491328513, 1.617113540413478, 1.5922900158882827, 1.65615797288557, 1.741422909537276, 1.765802845690345
48.pdb, 1, 1, 0.6397725883967234, 0.4466424964034264, 1.455345846126484, -, -, -, 1.6098509396797607, 14.918354435775292, , Upper limit of R overestimation, -, -, -, -, -, -, -, -, -, -, -, -, -, -, -, -, -, -, -, -, -, -, -, -, -, -, -, -, -, -, -, -
3.pdb, 2, 1, 0.4853205622600236, 0.7229456532645121, 1.0000214898101147, -, -, -, 1.2900751754859832, 15.084746035495634, , X, 8.954810850888068, 8.919299113002346, 8.80154277408529, 8.683786435168232, 8.566030096251176, 8.563535992426377, 8.698969998654425, 8.858025721712414, 8.822675165084066, 8.749320845496502, 8.739816194150784, 8.73868308446796, 8.737549974785136, 8.812088386926217, 9.021302095089522, 9.489303903148855, 9.957305711208186, 10.425893360073328, 10.84139909579871, 11.254402833793689, 11.67056559493632, 12.027243521732794, 12.341109473493445, 12.685007741330596, 13.051112717563141, 13.417217693795687, 13.78332267002823, 14.046472873575865, 14.44253568964353, 14.80870822648597, 15.214757448805816, 15.585791323851831
3.pdb, 2, 1, 0.4853205622600236, 0.7229456532645121, 1.0000214898101147, -, -, -, 1.2900751754859832, 15.084746035495634, , Y, -0.2898745856000346, -0.2698463292422177, -0.3387839167099752, -0.4077215041777327, -0.4766590916454902, -0.6061819788879821, -0.8082040319520056, -1.0200950020541184, -1.4462718602949682, -1.9125218082358724, -2.393477972830846, -2.876362318241995, -3.3592466636531446, -3.7485970592878233, -3.7483463326182003, -3.8435493696686276, -3.9387524067190554, -4.038858584639297, -4.241117036578553, -4.424196047477044, -4.444170426405076, -4.374065204064728, -4.433865982750071, -4.502163400440108, -4.5767434632727175, -4.651323526105326, -4.7259035889379355, -4.9289098912395355, -5.224133949574737, -5.377754887446909, -5.4870277961902305, -5.612788848211382
3.pdb, 2, 1, 0.4853205622600236, 0.7229456532645121, 1.0000214898101147, -, -, -, 1.2900751754859832, 15.084746035495634, , Z, 0.5354724305062158, 1.017363241885937, 1.498384087254385, 1.979404932622833, 2.460425777991281, 2.9213418535329327, 3.3581996336316946, 3.7819714823501016, 3.987623285804494, 4.152638830050938, 4.2864301747955995, 4.416127611236312, 4.545825047677024, 4.844058236263859, 5.178632906199991, 5.326655503763916, 5.474678101327839, 5.6138475318098795, 5.777486326783462, 5.991752488765716, 6.16035168939633, 6.424442405094798, 6.809035737322501, 7.163549675623398, 7.495822094890558, 7.828094514157718, 8.160366933424879, 8.4970758417895, 8.437621643584437, 8.169731641843537, 8.267092167020158, 8.561745770964727
3.pdb, 2, 1, 0.4853205622600236, 0.7229456532645121, 1.0000214898101147, -, -, -, 1.2900751754859832, 15.084746035495634, , distance, 0.41539225251017503, 0.261481946087133, 0.6883750213217733, 1.1744562707184925, 1.6687824584649211, 2.142188585398044, 2.602273718615868, 3.065395418320655, 3.410928815450339, 3.769245157035694, 4.137045243421553, 4.527854348494087, 4.938399199764711, 5.419888078823613, 5.671921149651303, 5.8782313649699605, 6.1185389132023555, 6.385620097291818, 6.744075201734276, 7.141853854835866, 7.423382667466014, 7.713456146631574, 8.156410459471912, 8.601255983609073, 9.048794462585706, 9.501566079161504, 9.958857097439614, 10.430678665880032, 10.729605227349872, 10.815565546677668, 11.16156743843693, 11.630294794997203
3.pdb, 2, 1, 0.4853205622600236, 0.7229456532645121, 1.0000214898101147, -, -, -, 1.2900751754859832, 15.084746035495634, , length, 0.41539225251017503, 0.915392252510175, 1.415392252510175, 1.915392252510175, 2.415392252510175, 2.915392252510175, 3.415392252510175, 3.915392252510175, 4.415392252510175, 4.915392252510175, 5.415392252510175, 5.915392252510175, 6.415392252510175, 6.915392252510175, 7.415392252510175, 7.915392252510175, 8.415392252510175, 8.915392252510175, 9.415392252510175, 9.915392252510175, 10.415392252510175, 10.915392252510175, 11.415392252510175, 11.915392252510175, 12.415392252510175, 12.915392252510175, 13.415392252510175, 13.915392252510175, 14.415392252510175, 14.915392252510175, 15.415392252510175, 15.915392252510175
3.pdb, 2, 1, 0.4853205622600236, 0.7229456532645121, 1.0000214898101147, -, -, -, 1.2900751754859832, 15.084746035495634, , R, 2.018186798952068, 1.8490376360769665, 1.7085342351246873, 1.6500021557133737, 1.6784463132477232, 1.6745108750606088, 1.6142093279358682, 1.6168744740973306, 1.5170365074200627, 1.4711153416262015, 1.455710372563776, 1.525227262358859, 1.6811334019904554, 1.820435217535343, 1.7188405258111235, 1.4604864089555265, 1.2772456174866467, 1.1852673801815865, 1.0668567330551173, 1.0004999399081658, 1.047056364792155, 1.0550777341557598, 1.07054192000592, 1.1729915213707656, 1.356779385062177, 1.618359964103291, 1.9383411144491107, 2.192376558321504, 2.229994101947007, 2.2242569389530775, 2.1980230318870415, 2.190223979871263
3.pdb, 2, 1, 0.4853205622600236, 0.7229456532645121, 1.0000214898101147, -, -, -, 1.2900751754859832, 15.084746035495634, , Upper limit of R overestimation, -, -, -, -, -, -, -, -, -, -, -, -, -, -, -, -, -, -, -, -, -, -, -, -, -, -, -, -, -, -, -, -
4.pdb, 2, 1, 0.6505515970820588, 0.42993466506362843, 1.4133005877814198, -, -, -, 1.19703438202048, 13.80949184799388, , X, 9.05057059060866, 9.040224643430793, 8.911655739390904, 8.710245206553028, 8.523770093837324, 8.345915235461419, 8.179334382867516, 8.255508237144767, 8.417194212427018, 8.57888018770927, 8.740566162991522, 8.902252138273774, 9.0666795547138, 9.422611412650237, 9.80022756020562, 10.243943980780301, 10.68766040135498, 11.131376821929662, 11.575093242504341, 12.018809663079022, 12.462526083653703, 12.906262301320595, 13.274631255750146, 13.544911672906608, 13.739001640832544, 13.937802093074794, 14.129054432027482, 14.493735946832514, 14.821957488298983
4.pdb, 2, 1, 0.6505515970820588, 0.42993466506362843, 1.4133005877814198, -, -, -, 1.19703438202048, 13.80949184799388, , Y, -0.1312205247434691, -0.35297360406304656, -0.45712447068996387, -0.6330160457585037, -0.8221174298820824, -1.018843099958325, -1.2224604556949143, -1.5703137110773597, -1.9430890175921114, -2.315864324106863, -2.6886396306216147, -3.061414937136367, -3.434679508137392, -3.7195195361606537, -3.6529708616570415, -3.715208623901343, -3.7774463861456447, -3.839684148389946, -3.9019219106342478, -3.9641596728785498, -4.026397435122851, -4.088632191248331, -4.324514185587586, -4.660607782913618, -4.884747349051939, -5.036644719181796, -4.965607329350876, -5.213710167849826, -5.525224834460354
4.pdb, 2, 1, 0.6505515970820588, 0.42993466506362843, 1.4133005877814198, -, -, -, 1.19703438202048, 13.80949184799388, , Z, 0.35528026410812164, 0.7726776452132752, 1.215986647502133, 1.6384744592575387, 2.0618393047835175, 2.4857103465935713, 2.906465284383166, 3.2550230808224754, 3.546392633538369, 3.8377621862542624, 4.129131738970156, 4.420501291686049, 4.709657493584933, 4.829489219458593, 5.110958910346953, 5.332864744121586, 5.554770577896219, 5.776676411670853, 5.998582245445486, 6.22048807922012, 6.442393912994753, 6.664253534581077, 6.875813689230378, 7.103800575099583, 7.4944308107202655, 7.913988921018856, 8.357097680961502, 8.574089613018076, 8.762705917437973
4.pdb, 2, 1, 0.6505515970820588, 0.42993466506362843, 1.4133005877814198, -, -, -, 1.19703438202048, 13.80949184799388, , distance, 0.5542480951702272, 0.35664068634738183, 0.5270770781981808, 0.9674937494545872, 1.4512432606761638, 1.9449928376403818, 2.438799159399146, 2.8842770462957605, 3.2997535856450604, 3.735999648309174, 4.1865275609214745, 4.647185456224439, 5.114010118648933, 5.4190905962979325, 5.635973605817769, 5.931459184935312, 6.253016683140415, 6.596834636150224, 6.959614701532705, 7.3385452489488046, 7.731251900432942, 8.135715466756768, 8.58843745961003, 9.054884103323348, 9.538508753367033, 10.009359604729118, 10.387777978799932, 10.847856536015243, 11.301889672704297
4.pdb, 2, 1, 0.6505515970820588, 0.42993466506362843, 1.4133005877814198, -, -, -, 1.19703438202048, 13.80949184799388, , length, 0.5542480951702272, 1.054248095170227, 1.554248095170227, 2.054248095170227, 2.554248095170227, 3.054248095170227, 3.554248095170227, 4.054248095170227, 4.554248095170227, 5.054248095170227, 5.554248095170227, 6.054248095170227, 6.554248095170227, 7.054248095170227, 7.554248095170227, 8.054248095170227, 8.554248095170227, 9.054248095170227, 9.554248095170227, 10.054248095170227, 10.554248095170227, 11.054248095170227, 11.554248095170227, 12.054248095170227, 12.554248095170227, 13.054248095170227, 13.554248095170227, 14.054248095170227, 14.554248095170227
4.pdb, 2, 1, 0.6505515970820588, 0.42993466506362843, 1.4133005877814198, -, -, -, 1.19703438202048, 13.80949184799388, , R, 1.8997479617256425, 1.8648697155965983, 1.7495692781392147, 1.6684330423278129, 1.6552412740656381, 1.7184219404977006, 1.8505998064740445, 1.793722055622265, 1.722519462363923, 1.735961217297093, 1.8329221109433955, 2.0058329327377704, 2.2405054443272245, 2.2710202838335283, 2.086034701892311, 1.8092309758972276, 1.5951597576092638, 1.4590158094334778, 1.4130082432085949, 1.4618149979543966, 1.6004831882362474, 1.8166196445558251, 1.9654603034211406, 2.1055384780604696, 2.1451410756770537, 2.2289301545928213, 2.267921505826984, 2.2454489838023193, 2.2250777004350146
4.pdb, 2, 1, 0.6505515970820588, 0.42993466506362843, 1.4133005877814198, -, -, -, 1.19703438202048, 13.80949184799388, , Upper limit of R overestimation, -, -, -, -, -, -, -, -, -, -, -, -, -, -, -, -, -, -, -, -, -, -, -, -, -, -, -, -, -
4.pdb, 2, 2, 0.4999145532567306, 0.6933180886504399, 1.0080591063449826, -, -, -, 1.5183056163774629, 15.723318274020588, , X, 9.05057059060866, 9.040224643430793, 8.911655739390904, 8.710245206553028, 8.523770093837324, 8.345915235461419, 8.179334382867516, 8.255508237144767, 8.417194212427018, 8.57888018770927, 8.740566162991522, 8.902252138273774, 9.0666795547138, 9.422611412650237, 9.80022756020562, 10.243943980780301, 10.68766040135498, 11.131376821929662, 11.575093242504341, 12.018809663079022, 12.462526083653703, 12.906262301320595, 13.365537660784577, 13.62223382109071, 13.800644037021437, 13.979054252952164, 14.232885524077865, 14.52181436509222, 14.803167484689187, 15.099501376361307, 15.395184799652645, 15.684710183093685, 15.991215741435962
4.pdb, 2, 2, 0.4999145532567306, 0.6933180886504399, 1.0080591063449826, -, -, -, 1.5183056163774629, 15.723318274020588, , Y, -0.1312205247434691, -0.35297360406304656, -0.45712447068996387, -0.6330160457585037, -0.8221174298820824, -1.018843099958325, -1.2224604556949143, -1.5703137110773597, -1.9430890175921114, -2.315864324106863, -2.6886396306216147, -3.061414937136367, -3.434679508137392, -3.7195195361606537, -3.6529708616570415, -3.715208623901343, -3.7774463861456447, -3.839684148389946, -3.9019219106342478, -3.9641596728785498, -4.026397435122851, -4.088632191248331, -4.117351921291422, -4.099714507860557, -4.0675206439778195, -4.035326780095082, -4.271575949340089, -4.581882127892085, -4.939356454256531, -5.322941348000639, -5.709087354930852, -6.088533174939521, -6.457890278890619
4.pdb, 2, 2, 0.4999145532567306, 0.6933180886504399, 1.0080591063449826, -, -, -, 1.5183056163774629, 15.723318274020588, , Z, 0.35528026410812164, 0.7726776452132752, 1.215986647502133, 1.6384744592575387, 2.0618393047835175, 2.4857103465935713, 2.906465284383166, 3.2550230808224754, 3.546392633538369, 3.8377621862542624, 4.129131738970156, 4.420501291686049, 4.709657493584933, 4.829489219458593, 5.110958910346953, 5.332864744121586, 5.554770577896219, 5.776676411670853, 5.998582245445486, 6.22048807922012, 6.442393912994753, 6.664253534581077, 6.547534126954001, 6.15540530097118, 5.6894296042016475, 5.223453907432115, 4.959221777916017, 4.711585852195479, 4.504094820863181, 4.506928194718804, 4.616210904929276, 4.765193863757686, 4.719218438761167
4.pdb, 2, 2, 0.4999145532567306, 0.6933180886504399, 1.0080591063449826, -, -, -, 1.5183056163774629, 15.723318274020588, , distance, 0.5542480951702272, 0.35664068634738183, 0.5270770781981808, 0.9674937494545872, 1.4512432606761638, 1.9449928376403818, 2.438799159399146, 2.8842770462957605, 3.2997535856450604, 3.735999648309174, 4.1865275609214745, 4.647185456224439, 5.114010118648933, 5.4190905962979325, 5.635973605817769, 5.931459184935312, 6.253016683140415, 6.596834636150224, 6.959614701532705, 7.3385452489488046, 7.731251900432942, 8.135715466756768, 8.307527998061959, 8.182582392956483, 7.982458809505206, 7.809266461926696, 7.959368018545455, 8.20280701102192, 8.50649510066114, 8.937647318419502, 9.416967611428905, 9.905392169608175, 10.326091913238308
4.pdb, 2, 2, 0.4999145532567306, 0.6933180886504399, 1.0080591063449826, -, -, -, 1.5183056163774629, 15.723318274020588, , length, 0.5542480951702272, 1.054248095170227, 1.554248095170227, 2.054248095170227, 2.554248095170227, 3.054248095170227, 3.554248095170227, 4.054248095170227, 4.554248095170227, 5.054248095170227, 5.554248095170227, 6.054248095170227, 6.554248095170227, 7.054248095170227, 7.554248095170227, 8.054248095170227, 8.554248095170227, 9.054248095170227, 9.554248095170227, 10.054248095170227, 10.554248095170227, 11.054248095170227, 11.554248095170227, 12.054248095170227, 12.554248095170227, 13.054248095170227, 13.554248095170227, 14.054248095170227, 14.554248095170227, 15.054248095170227, 15.554248095170227, 16.054248095170227, 16.554248095170227
4.pdb, 2, 2, 0.4999145532567306, 0.6933180886504399, 1.0080591063449826, -, -, -, 1.5183056163774629, 15.723318274020588, , R, 1.8997479617256425, 1.8648697155965983, 1.7495692781392147, 1.6684330423278129, 1.6552412740656381, 1.7184219404977006, 1.8505998064740445, 1.793722055622265, 1.722519462363923, 1.735961217297093, 1.8329221109433955, 2.0058329327377704, 2.2405054443272245, 2.2710202838335283, 2.086034701892311, 1.8092309758972276, 1.5951597576092638, 1.4590158094334778, 1.4130082432085949, 1.4618149979543966, 1.6004831882362474, 1.8166196445558251, 1.8803975321864088, 1.7678874562593363, 1.6556428304503779, 1.6286102589759122, 1.5937238145393116, 1.3494067881054341, 1.141205376196923, 1.0257171382381338, 1.0217490596757821, 1.1307803310066948, 1.1570125857098954
4.pdb, 2, 2, 0.4999145532567306, 0.6933180886504399, 1.0080591063449826, -, -, -, 1.5183056163774629, 15.723318274020588, , Upper limit of R overestimation, -, -, -, -, -, -, -, -, -, -, -, -, -, -, -, -, -, -, -, -, -, -, -, -, -, -, -, -, -, -, -, -, -
4.pdb, 2, 4, 0.43535959775621497, 0.8315829278813494, 1.0806327761730785, -, -, -, 1.518673348935416, 19.260237712885058, , X, 9.05057059060866, 9.040224643430793, 8.911655739390904, 8.710245206553028, 8.523770093837324, 8.345915235461419, 8.179334382867516, 8.255508237144767, 8.417194212427018, 8.57888018770927, 8.740566162991522, 8.902252138273774, 9.0666795547138, 9.422611412650237, 9.80022756020562, 10.243943980780301, 10.68766040135498, 11.131376821929662, 11.575093242504341, 12.018809663079022, 12.462526083653703, 12.906262301320595, 13.274631255750146, 13.544911672906608, 13.739001640832544, 13.937802093074794, 14.015622688794352, 13.890922199111456, 13.797597363316505, 13.641825534500386, 13.401738923566029, 13.079129388681139, 12.707685367843936, 12.53199118706957, 12.6181719747869, 12.704352762504229, 12.655333646147874, 12.75066994480507, 12.495631453733465, 12.208596938497422, 11.921562423261381
4.pdb, 2, 4, 0.43535959775621497, 0.8315829278813494, 1.0806327761730785, -, -, -, 1.518673348935416, 19.260237712885058, , Y, -0.1312205247434691, -0.35297360406304656, -0.45712447068996387, -0.6330160457585037, -0.8221174298820824, -1.018843099958325, -1.2224604556949143, -1.5703137110773597, -1.9430890175921114, -2.315864324106863, -2.6886396306216147, -3.061414937136367, -3.434679508137392, -3.7195195361606537, -3.6529708616570415, -3.715208623901343, -3.7774463861456447, -3.839684148389946, -3.9019219106342478, -3.9641596728785498, -4.026397435122851, -4.088632191248331, -4.324514185587586, -4.660607782913618, -4.884747349051939, -5.036644719181796, -4.731081442389754, -4.431999985726417, -4.217100095312025, -4.03702677800126, -3.759188310589678, -3.3855803459658613, -3.0956187091764007, -3.1322237779661606, -3.5951819139527266, -4.058140049939292, -4.38066735163348, -4.813981869014183, -4.698157521293364, -4.519304081915181, -4.3404506425369975
4.pdb, 2, 4, 0.43535959775621497, 0.8315829278813494, 1.0806327761730785, -, -, -, 1.518673348935416, 19.260237712885058, , Z, 0.35528026410812164, 0.7726776452132752, 1.215986647502133, 1.6384744592575387, 2.0618393047835175, 2.4857103465935713, 2.906465284383166, 3.2550230808224754, 3.546392633538369, 3.8377621862542624, 4.129131738970156, 4.420501291686049, 4.709657493584933, 4.829489219458593, 5.110958910346953, 5.332864744121586, 5.554770577896219, 5.776676411670853, 5.998582245445486, 6.22048807922012, 6.442393912994753, 6.664253534581077, 6.875813689230378, 7.103800575099583, 7.4944308107202655, 7.913988921018856, 8.169607798767561, 8.45368057548986, 8.87658524045734, 9.295185846617324, 9.591271579958661, 9.670896806934818, 9.835667228282174, 10.004190893228357, 10.172246348814497, 10.340301804400637, 10.63409774820418, 10.864639543081973, 11.232524093299459, 11.60079387794898, 11.9690636625985
4.pdb, 2, 4, 0.43535959775621497, 0.8315829278813494, 1.0806327761730785, -, -, -, 1.518673348935416, 19.260237712885058, , distance, 0.5542480951702272, 0.35664068634738183, 0.5270770781981808, 0.9674937494545872, 1.4512432606761638, 1.9449928376403818, 2.438799159399146, 2.8842770462957605, 3.2997535856450604, 3.735999648309174, 4.1865275609214745, 4.647185456224439, 5.114010118648933, 5.4190905962979325, 5.635973605817769, 5.931459184935312, 6.253016683140415, 6.596834636150224, 6.959614701532705, 7.3385452489488046, 7.731251900432942, 8.135715466756768, 8.58843745961003, 9.054884103323348, 9.538508753367033, 10.009359604729118, 10.084921987911148, 10.09753125923122, 10.285491557290742, 10.473358459265398, 10.506995831632697, 10.312184487458227, 10.218925228834484, 10.313932804736998, 10.638240776686235, 10.975751625509275, 11.332426089181704, 11.73208189656028, 11.921502933125561, 12.093690770845342, 12.283830051622262
4.pdb, 2, 4, 0.43535959775621497, 0.8315829278813494, 1.0806327761730785, -, -, -, 1.518673348935416, 19.260237712885058, , length, 0.5542480951702272, 1.054248095170227, 1.554248095170227, 2.054248095170227, 2.554248095170227, 3.054248095170227, 3.554248095170227, 4.054248095170227, 4.554248095170227, 5.054248095170227, 5.554248095170227, 6.054248095170227, 6.554248095170227, 7.054248095170227, 7.554248095170227, 8.054248095170227, 8.554248095170227, 9.054248095170227, 9.554248095170227, 10.054248095170227, 10.554248095170227, 11.054248095170227, 11.554248095170227, 12.054248095170227, 12.554248095170227, 13.054248095170227, 13.554248095170227, 14.054248095170227, 14.554248095170227, 15.054248095170227, 15.554248095170227, 16.054248095170227, 16.554248095170227, 17.054248095170227, 17.554248095170227, 18.054248095170227, 18.554248095170227, 19.054248095170227, 19.554248095170227, 20.054248095170227, 20.554248095170227
4.pdb, 2, 4, 0.43535959775621497, 0.8315829278813494, 1.0806327761730785, -, -, -, 1.518673348935416, 19.260237712885058, , R, 1.8997479617256425, 1.8648697155965983, 1.7495692781392147, 1.6684330423278129, 1.6552412740656381, 1.7184219404977006, 1.8505998064740445, 1.793722055622265, 1.722519462363923, 1.735961217297093, 1.8329221109433955, 2.0058329327377704, 2.2405054443272245, 2.2710202838335283, 2.086034701892311, 1.8092309758972276, 1.5951597576092638, 1.4590158094334778, 1.4130082432085949, 1.4618149979543966, 1.6004831882362474, 1.8166196445558251, 1.9654603034211406, 2.1055384780604696, 2.1451410756770537, 2.2289301545928213, 2.165163550018078, 1.947798174977552, 1.81287394858903, 1.689698188384822, 1.533941113377242, 1.320412163228098, 1.155321779186245, 1.0830176291098008, 1.1126252690997667, 1.2462832574604683, 1.3278712760065001, 1.559938724721423, 1.4133158955038125, 1.3047555220620375, 1.2936279756426459
4.pdb, 2, 4, 0.43535959775621497, 0.8315829278813494, 1.0806327761730785, -, -, -, 1.518673348935416, 19.260237712885058, , Upper limit of R overestimation, -, -, -, -, -, -, -, -, -, -, -, -, -, -, -, -, -, -, -, -, -, -, -, -, -, -, -, -, -, -, -, -, -, -, -, -, -, -, -, -, -
5.pdb, 2, 1, 0.498668575657042, 0.6958135809338964, 1.0066696759120755, -, -, -, 1.2036280344375923, 14.177971134879584, , X, 8.579975246995428, 8.522239933053838, 8.464504619112247, 8.406769305170657, 8.487703545022992, 8.454329997423413, 8.420956449823834, 8.415827958821064, 8.512909079318376, 8.65176914397779, 8.832440554846835, 9.02256907348057, 9.20654251834021, 9.645805333272584, 10.08706560016803, 10.525301177813839, 10.917002313046526, 11.259931512769903, 11.638446814387194, 12.027242500144599, 12.386225920267226, 12.72220380779888, 13.058181695330534, 13.289248317884525, 13.75929321714257, 14.11410984912117, 14.19039642104268, 14.524166372063343, 14.828243953212969, 15.195806069274722
5.pdb, 2, 1, 0.498668575657042, 0.6958135809338964, 1.0066696759120755, -, -, -, 1.2036280344375923, 14.177971134879584, , Y, -0.04589325571504255, -0.13117878800353694, -0.21646432029203136, -0.3017498525805258, -0.4896335351241984, -0.9076207595080047, -1.325607983891811, -1.7510466435264431, -2.195853426305811, -2.6386511283777425, -3.0794381915810654, -3.49296712928176, -3.701885739956438, -3.6961943234196237, -3.576182932705361, -3.445408993458623, -3.4853274279712534, -3.7041455551247675, -3.917729159299147, -4.129800574609003, -4.202946675688751, -4.168886874225368, -4.134827072761985, -4.2303854464277775, -4.3694587687092366, -4.5974011149645975, -4.914585074740504, -5.244730483470812, -5.5649477523362405, -5.807006096002588
5.pdb, 2, 1, 0.498668575657042, 0.6958135809338964, 1.0066696759120755, -, -, -, 1.2036280344375923, 14.177971134879584, , Z, 0.7599844728377445, 1.2492625241606443, 1.7385405754835443, 2.227818626806444, 2.6431242378605426, 2.9154712344889986, 3.1878182311174545, 3.446939705596555, 3.653633155024577, 3.8329256851923112, 3.9847960450627555, 4.179503782285993, 4.500458462971661, 4.682241992601, 4.878907981409929, 5.081016257587166, 5.326390294945792, 5.617110420162662, 5.862338035636394, 6.09442342842298, 6.40363363938734, 6.772359538957796, 7.141085438528252, 7.544305540844457, 7.578356535357002, 7.755397110709103, 8.134309626476714, 8.171899048057632, 8.383702505824246, 8.620884308996825
5.pdb, 2, 1, 0.498668575657042, 0.6958135809338964, 1.0066696759120755, -, -, -, 1.2036280344375923, 14.177971134879584, , distance, 0.2965435071988849, 0.5093553288740663, 0.964856284864747, 1.4499836032981872, 1.8605939671759242, 2.249048428320903, 2.674813592603044, 3.111618080280106, 3.5232364693994147, 3.930902894274616, 4.33571505403185, 4.768857940267313, 5.151859333732201, 5.324964499975856, 5.470726049775427, 5.6533900031401725, 5.9850944321840345, 6.447816266842008, 6.894014658507296, 7.341247252512283, 7.760627009707504, 8.16390872913936, 8.577381878617393, 9.031871563183794, 9.359391223806613, 9.7788519623009, 10.235843819860152, 10.597399373181343, 11.063622954618834, 11.544365243674442
5.pdb, 2, 1, 0.498668575657042, 0.6958135809338964, 1.0066696759120755, -, -, -, 1.2036280344375923, 14.177971134879584, , length, 0.2965435071988849, 0.7965435071988849, 1.296543507198885, 1.796543507198885, 2.296543507198885, 2.796543507198885, 3.296543507198885, 3.796543507198885, 4.296543507198885, 4.796543507198885, 5.296543507198885, 5.796543507198885, 6.296543507198885, 6.796543507198885, 7.296543507198885, 7.796543507198885, 8.296543507198885, 8.796543507198885, 9.296543507198885, 9.796543507198885, 10.296543507198885, 10.796543507198885, 11.296543507198885, 11.796543507198885, 12.296543507198885, 12.796543507198885, 13.296543507198885, 13.796543507198885, 14.296543507198885, 14.796543507198885
5.pdb, 2, 1, 0.498668575657042, 0.6958135809338964, 1.0066696759120755, -, -, -, 1.2036280344375923, 14.177971134879584, , R, 1.8871244475968936, 1.7562164447987667, 1.7065605072055352, 1.7422733210215415, 1.6925417234395772, 1.5067127419298052, 1.404954915696533, 1.3711316468086159, 1.3396272188549683, 1.365574262580483, 1.447253752881067, 1.5977095646667976, 1.7000863885235618, 1.5117503839876105, 1.3098197426782356, 1.190931286823534, 1.094160836356141, 1.0183854054363828, 1.0135934258232722, 1.1080210102951937, 1.2321739355193297, 1.3966900680323133, 1.6407971709039229, 1.8400068649416774, 1.9113484556286557, 2.0312132958290157, 2.156258271653458, 2.2221004097149715, 2.1298362065666376, 2.016306424814135
5.pdb, 2, 1, 0.498668575657042, 0.6958135809338964, 1.0066696759120755, -, -, -, 1.2036280344375923, 14.177971134879584, , Upper limit of R overestimation, -, -, -, -, -, -, -, -, -, -, -, -, -, -, -, -, -, -, -, -, -, -, -, -, -, -, -, -, -, -
5.pdb, 2, 3, 0.3542794126140063, 1.0376693760132079, 0.9015188479906817, -, -, -, 1.3601428724194011, 14.626447812693458, , X, 8.579975246995428, 8.522239933053838, 8.464504619112247, 8.406769305170657, 8.487703545022992, 8.454329997423413, 8.420956449823834, 8.415827958821064, 8.512909079318376, 8.65176914397779, 8.832440554846835, 9.02256907348057, 9.20654251834021, 9.645805333272584, 10.08706560016803, 10.525301177813839, 10.917002313046526, 11.259931512769903, 11.638446814387194, 12.027242500144599, 12.4474362304254, 12.891859207333235, 13.336282184241071, 13.825299460241343, 14.076766376115097, 14.197874080202117, 14.352763193590496, 14.513001764704644, 14.67324033581879, 14.839884216919842, 14.9886493484966
5.pdb, 2, 3, 0.3542794126140063, 1.0376693760132079, 0.9015188479906817, -, -, -, 1.3601428724194011, 14.626447812693458, , Y, -0.04589325571504255, -0.13117878800353694, -0.21646432029203136, -0.3017498525805258, -0.4896335351241984, -0.9076207595080047, -1.325607983891811, -1.7510466435264431, -2.195853426305811, -2.6386511283777425, -3.0794381915810654, -3.49296712928176, -3.701885739956438, -3.6961943234196237, -3.576182932705361, -3.445408993458623, -3.4853274279712534, -3.7041455551247675, -3.917729159299147, -4.129800574609003, -4.2577912941966884, -4.320898612790805, -4.384005931384921, -4.426625071955247, -4.724707783898879, -5.160402267590147, -5.626264250802742, -6.096903410773766, -6.5675425707447905, -6.91409243144427, -7.132084118738334
5.pdb, 2, 3, 0.3542794126140063, 1.0376693760132079, 0.9015188479906817, -, -, -, 1.3601428724194011, 14.626447812693458, , Z, 0.7599844728377445, 1.2492625241606443, 1.7385405754835443, 2.227818626806444, 2.6431242378605426, 2.9154712344889986, 3.1878182311174545, 3.446939705596555, 3.653633155024577, 3.8329256851923112, 3.9847960450627555, 4.179503782285993, 4.500458462971661, 4.682241992601, 4.878907981409929, 5.081016257587166, 5.326390294945792, 5.617110420162662, 5.862338035636394, 6.09442342842298, 6.071200061689834, 5.850960001899982, 5.6307199421101295, 5.563937824230698, 5.410859167312788, 5.197544280603562, 5.1225192842367795, 5.069393194327346, 5.016267104417912, 5.270383488077498, 5.695058139896554
5.pdb, 2, 3, 0.3542794126140063, 1.0376693760132079, 0.9015188479906817, -, -, -, 1.3601428724194011, 14.626447812693458, , distance, 0.2965435071988849, 0.5093553288740663, 0.964856284864747, 1.4499836032981872, 1.8605939671759242, 2.249048428320903, 2.674813592603044, 3.111618080280106, 3.5232364693994147, 3.930902894274616, 4.33571505403185, 4.768857940267313, 5.151859333732201, 5.324964499975856, 5.470726049775427, 5.6533900031401725, 5.9850944321840345, 6.447816266842008, 6.894014658507296, 7.341247252512283, 7.586265477465034, 7.69627478747661, 7.836700027059764, 8.110145821528834, 8.343460696443561, 8.558734257964735, 8.902398530831505, 9.276225065537469, 9.661470039867654, 10.104985320471759, 10.529284867674226
5.pdb, 2, 3, 0.3542794126140063, 1.0376693760132079, 0.9015188479906817, -, -, -, 1.3601428724194011, 14.626447812693458, , length, 0.2965435071988849, 0.7965435071988849, 1.296543507198885, 1.796543507198885, 2.296543507198885, 2.796543507198885, 3.296543507198885, 3.796543507198885, 4.296543507198885, 4.796543507198885, 5.296543507198885, 5.796543507198885, 6.296543507198885, 6.796543507198885, 7.296543507198885, 7.796543507198885, 8.296543507198885, 8.796543507198885, 9.296543507198885, 9.796543507198885, 10.296543507198885, 10.796543507198885, 11.296543507198885, 11.796543507198885, 12.296543507198885, 12.796543507198885, 13.296543507198885, 13.796543507198885, 14.296543507198885, 14.796543507198885, 15.296543507198885
5.pdb, 2, 3, 0.3542794126140063, 1.0376693760132079, 0.9015188479906817, -, -, -, 1.3601428724194011, 14.626447812693458, , R, 1.8871244475968936, 1.7562164447987667, 1.7065605072055352, 1.7422733210215415, 1.6925417234395772, 1.5067127419298052, 1.404954915696533, 1.3711316468086159, 1.3396272188549683, 1.365574262580483, 1.447253752881067, 1.5977095646667976, 1.7000863885235618, 1.5117503839876105, 1.3098197426782356, 1.190931286823534, 1.094160836356141, 1.0183854054363828, 1.0135934258232722, 1.1080210102951937, 1.1006403836612224, 1.0399469315487992, 1.089493030646065, 1.2696827964399409, 1.1905299207300135, 1.011796407735609, 0.9111023090130759, 0.9221724440593702, 1.0473270357314506, 1.1782536662062888, 1.3288487954218609
5.pdb, 2, 3, 0.3542794126140063, 1.0376693760132079, 0.9015188479906817, -, -, -, 1.3601428724194011, 14.626447812693458, , Upper limit of R overestimation, -, -, -, -, -, -, -, -, -, -, -, -, -, -, -, -, -, -, -, -, -, -, -, -, -, -, -, -, -, -, -
8.pdb, 2, 1, 0.6084051373665729, 0.4969142745718794, 1.2117374165859276, -, -, -, 1.1897602518146309, 13.200762807339009, , X, 8.903845507845906, 8.854312359252802, 8.751324479086795, 8.650205930166294, 8.744597167198188, 8.780840507329629, 8.744403714817139, 8.744192942764274, 8.805882362944423, 8.928744952341162, 9.306175016567446, 9.68360508079373, 10.061035145020014, 10.442912223469403, 10.800709101142191, 11.15850597881498, 11.516302856487766, 11.80058317518063, 12.112133489799083, 12.423683804417538, 12.735234119035992, 13.056094033769046, 13.405199931571756, 13.704343810383017, 13.99780899610726, 14.25245201420247, 14.511251996554742, 14.836055773050745
8.pdb, 2, 1, 0.6084051373665729, 0.4969142745718794, 1.2117374165859276, -, -, -, 1.1897602518146309, 13.200762807339009, , Y, -0.060040865246596714, -0.08155992332961948, -0.20902034378612583, -0.33733639070332894, -0.5334141663866948, -0.8930183517975014, -1.3432691172810878, -1.796774533087346, -2.2450537130794834, -2.6008649209311336, -2.9264675534287647, -3.2520701859263954, -3.5776728184240265, -3.7468984734860626, -3.7133928228345665, -3.679887172183071, -3.6463815215315747, -3.7202465478621316, -3.9335449035261902, -4.146843259190249, -4.3601416148543075, -4.573636237803252, -4.752893178698798, -4.787121062743797, -4.74941263720503, -4.635651099461228, -4.528994554502369, -4.576586727553528
8.pdb, 2, 1, 0.6084051373665729, 0.4969142745718794, 1.2117374165859276, -, -, -, 1.1897602518146309, 13.200762807339009, , Z, 0.7967694557785198, 1.2819517146689623, 1.7542854570259783, 2.226842364887618, 2.662434176752006, 2.9581742457857003, 3.1725258455764322, 3.377294893807287, 3.581736973212916, 3.890637611442926, 3.929746080202975, 3.968854548963024, 4.007963017723073, 4.1929507544603775, 4.540598227774976, 4.8882457010895735, 5.235893174404172, 5.612805455293134, 5.94058619440413, 6.268366933515126, 6.596147672626122, 6.913333728771117, 7.209532546453885, 7.608708437163176, 7.831421429812453, 8.246103301693436, 8.659424976563582, 9.013561604578069
8.pdb, 2, 1, 0.6084051373665729, 0.4969142745718794, 1.2117374165859276, -, -, -, 1.1897602518146309, 13.200762807339009, , distance, 0.08771308200812061, 0.4128351487456692, 0.9025689519887062, 1.3996556642926903, 1.8566545310286744, 2.2484093733841455, 2.636795800494909, 3.0502157217681245, 3.480751182600071, 3.9456801261505805, 4.214546566154207, 4.522876723797011, 4.86317025807727, 5.208705804054123, 5.530003002342869, 5.876329658779805, 6.243522027781211, 6.6741111724395035, 7.162293600957433, 7.652002307275514, 8.142961930083167, 8.632163482878815, 9.104196200760514, 9.552031437336147, 9.842272063142017, 10.21994040177861, 10.611915372943843, 11.06628619158002
8.pdb, 2, 1, 0.6084051373665729, 0.4969142745718794, 1.2117374165859276, -, -, -, 1.1897602518146309, 13.200762807339009, , length, 0.08771308200812061, 0.5877130820081207, 1.0877130820081207, 1.5877130820081207, 2.0877130820081207, 2.5877130820081207, 3.0877130820081207, 3.5877130820081207, 4.08771308200812, 4.58771308200812, 5.08771308200812, 5.58771308200812, 6.08771308200812, 6.58771308200812, 7.08771308200812, 7.58771308200812, 8.08771308200812, 8.58771308200812, 9.08771308200812, 9.58771308200812, 10.08771308200812, 10.58771308200812, 11.08771308200812, 11.58771308200812, 12.08771308200812, 12.58771308200812, 13.08771308200812, 13.58771308200812
8.pdb, 2, 1, 0.6084051373665729, 0.4969142745718794, 1.2117374165859276, -, -, -, 1.1897602518146309, 13.200762807339009, , R, 2.040328848515302, 2.010158436551964, 1.999550357046705, 2.0646207534558183, 2.0215434150744542, 1.912401145876694, 1.823521650422338, 1.78470079766826, 1.7689924368772096, 1.7283025239435859, 1.553438143085028, 1.462308686808626, 1.4635227575370597, 1.407908551106494, 1.261472612178267, 1.2117437322553644, 1.2645827719194924, 1.3279771008366679, 1.3389406052356823, 1.4460858964656647, 1.6385421867632093, 1.8958841977181586, 2.167959853955022, 2.4055554004353006, 2.5346106636820593, 2.440108770608675, 2.4078601174010927, 2.338152869609327
8.pdb, 2, 1, 0.6084051373665729, 0.4969142745718794, 1.2117374165859276, -, -, -, 1.1897602518146309, 13.200762807339009, , Upper limit of R overestimation, -, -, -, -, -, -, -, -, -, -, -, -, -, -, -, -, -, -, -, -, -, -, -, -, -, -, -, -
8.pdb, 2, 2, 0.5398256047980504, 0.6165091456624003, 1.2117374165859276, -, -, -, 1.3171065023904711, 17.594639370732747, , X, 8.903845507845906, 8.854312359252802, 8.751324479086795, 8.650205930166294, 8.744597167198188, 8.780840507329629, 8.744403714817139, 8.744192942764274, 8.805882362944423, 8.928744952341162, 9.306175016567446, 9.68360508079373, 10.061035145020014, 10.442912223469403, 10.800709101142191, 11.15850597881498, 11.516302856487766, 11.80058317518063, 12.112133489799083, 12.423683804417538, 12.735234119035992, 13.056094033769046, 13.405199931571756, 13.704343810383017, 13.816704099056881, 13.715938336288216, 13.512538782371552, 13.246859880635473, 12.926732051862329, 12.708637847013268, 12.421884580316764, 12.276003934515181, 12.16733853870167, 12.377896826310277, 12.636763293423765, 12.525457874770833, 12.512367693872246
8.pdb, 2, 2, 0.5398256047980504, 0.6165091456624003, 1.2117374165859276, -, -, -, 1.3171065023904711, 17.594639370732747, , Y, -0.060040865246596714, -0.08155992332961948, -0.20902034378612583, -0.33733639070332894, -0.5334141663866948, -0.8930183517975014, -1.3432691172810878, -1.796774533087346, -2.2450537130794834, -2.6008649209311336, -2.9264675534287647, -3.2520701859263954, -3.5776728184240265, -3.7468984734860626, -3.7133928228345665, -3.679887172183071, -3.6463815215315747, -3.7202465478621316, -3.9335449035261902, -4.146843259190249, -4.3601416148543075, -4.573636237803252, -4.752893178698798, -4.787121062743797, -4.661709667719462, -4.493286433454696, -4.436062295358322, -4.286860504285671, -4.0143064481377335, -4.147909678342449, -4.11149699606029, -4.133929475293229, -4.05814977437111, -4.294037059819375, -4.440202899009666, -4.4245380582025, -4.354224839089675
8.pdb, 2, 2, 0.5398256047980504, 0.6165091456624003, 1.2117374165859276, -, -, -, 1.3171065023904711, 17.594639370732747, , Z, 0.7967694557785198, 1.2819517146689623, 1.7542854570259783, 2.226842364887618, 2.662434176752006, 2.9581742457857003, 3.1725258455764322, 3.377294893807287, 3.581736973212916, 3.890637611442926, 3.929746080202975, 3.968854548963024, 4.007963017723073, 4.1929507544603775, 4.540598227774976, 4.8882457010895735, 5.235893174404172, 5.612805455293134, 5.94058619440413, 6.268366933515126, 6.596147672626122, 6.913333728771117, 7.209532546453885, 7.608708437163176, 8.025974227072624, 8.48584363811607, 8.93777900583427, 9.328029953648242, 9.542995469624422, 9.877390157390536, 10.275415185987484, 10.753134372388843, 11.214597059455635, 11.60068337198011, 12.002707873295615, 12.42583537779929, 12.920693638700364
8.pdb, 2, 2, 0.5398256047980504, 0.6165091456624003, 1.2117374165859276, -, -, -, 1.3171065023904711, 17.594639370732747, , distance, 0.08771308200812061, 0.4128351487456692, 0.9025689519887062, 1.3996556642926903, 1.8566545310286744, 2.2484093733841455, 2.636795800494909, 3.0502157217681245, 3.480751182600071, 3.9456801261505805, 4.214546566154207, 4.522876723797011, 4.86317025807727, 5.208705804054123, 5.530003002342869, 5.876329658779805, 6.243522027781211, 6.6741111724395035, 7.162293600957433, 7.652002307275514, 8.142961930083167, 8.632163482878815, 9.104196200760514, 9.552031437336147, 9.847484515948125, 10.06262304333442, 10.29102084269998, 10.424398911283154, 10.364063586513929, 10.6146729712101, 10.843268874025707, 11.222930192964537, 11.573512652347683, 12.06079068684706, 12.545978879395097, 12.885488897113557, 13.304661964713837
8.pdb, 2, 2, 0.5398256047980504, 0.6165091456624003, 1.2117374165859276, -, -, -, 1.3171065023904711, 17.594639370732747, , length, 0.08771308200812061, 0.5877130820081207, 1.0877130820081207, 1.5877130820081207, 2.0877130820081207, 2.5877130820081207, 3.0877130820081207, 3.5877130820081207, 4.08771308200812, 4.58771308200812, 5.08771308200812, 5.58771308200812, 6.08771308200812, 6.58771308200812, 7.08771308200812, 7.58771308200812, 8.08771308200812, 8.58771308200812, 9.08771308200812, 9.58771308200812, 10.08771308200812, 10.58771308200812, 11.08771308200812, 11.58771308200812, 12.08771308200812, 12.58771308200812, 13.08771308200812, 13.58771308200812, 14.08771308200812, 14.58771308200812, 15.08771308200812, 15.58771308200812, 16.087713082008122, 16.587713082008122, 17.087713082008122, 17.587713082008122, 18.087713082008122
8.pdb, 2, 2, 0.5398256047980504, 0.6165091456624003, 1.2117374165859276, -, -, -, 1.3171065023904711, 17.594639370732747, , R, 2.040328848515302, 2.010158436551964, 1.999550357046705, 2.0646207534558183, 2.0215434150744542, 1.912401145876694, 1.823521650422338, 1.78470079766826, 1.7689924368772096, 1.7283025239435859, 1.553438143085028, 1.462308686808626, 1.4635227575370597, 1.407908551106494, 1.261472612178267, 1.2117437322553644, 1.2645827719194924, 1.3279771008366679, 1.3389406052356823, 1.4460858964656647, 1.6385421867632093, 1.8958841977181586, 2.167959853955022, 2.4055554004353006, 2.49113044721212, 2.421491161468256, 2.320760369342479, 2.207140993151368, 2.0364306797135834, 2.0009374284525867, 1.9039551648362896, 1.812015118089614, 1.7077827535135703, 1.71577023781341, 1.7076472539742944, 1.707260996260464, 1.70553460128094
8.pdb, 2, 2, 0.5398256047980504, 0.6165091456624003, 1.2117374165859276, -, -, -, 1.3171065023904711, 17.594639370732747, , Upper limit of R overestimation, -, -, -, -, -, -, -, -, -, -, -, -, -, -, -, -, -, -, -, -, -, -, -, -, -, -, -, -, -, -, -, -, -, -, -, -, -
11.pdb, 2, 1, 0.644417499033205, 0.43940847250301207, 1.4042753343243601, -, -, -, 1.1972814474828506, 13.044395859390738, , X, 8.896276320395017, 8.707184113951648, 8.545731828212704, 8.397474178646942, 8.249216529081178, 8.270656670332412, 8.464722062028935, 8.658787453725457, 8.85285284542198, 9.046918237118502, 9.319026245141957, 9.7340409183061, 10.049662738279478, 10.4104272983105, 10.771191858341522, 11.117928306820934, 11.464364004528433, 11.734599136015328, 12.167461973861782, 12.600324811708234, 13.030687220593888, 13.303271052468867, 13.442241666996573, 13.584674674846084, 13.889525736236703, 14.175622621490476, 14.424572497170457, 14.487984170084415
11.pdb, 2, 1, 0.644417499033205, 0.43940847250301207, 1.4042753343243601, -, -, -, 1.1972814474828506, 13.044395859390738, , Y, -0.33255867443208154, -0.6959053020565764, -0.9148076647378757, -0.9997830690423086, -1.0847584733467415, -1.2609415388137315, -1.5190243142448487, -1.7771070896759658, -2.035189865107083, -2.2932726405382002, -2.5563021830096524, -2.828389930013877, -3.1000220569811527, -3.234918318366873, -3.3698145797525925, -3.381583346302965, -3.4207960136110196, -3.7044477607248334, -3.8452977055097417, -3.9861476502946505, -4.100692850208955, -3.8642517376789547, -3.5572707593650095, -3.4190774678215985, -3.4625669912160406, -3.518752083486897, -3.5898301978303238, -3.7544408888062764
11.pdb, 2, 1, 0.644417499033205, 0.43940847250301207, 1.4042753343243601, -, -, -, 1.1972814474828506, 13.044395859390738, , Z, 1.0385127967404844, 1.3248249728924004, 1.7075915170451512, 2.1774838983502045, 2.6473762796552576, 3.088133153560521, 3.469881637213629, 3.8516301208667367, 4.233378604519844, 4.615127088172952, 4.88361153413923, 4.9446940929316145, 5.131434745512453, 5.450263744961655, 5.769092744410855, 6.100942603589724, 6.371007329320589, 6.406379315881919, 6.6132393087892085, 6.820099301696497, 7.03797729196824, 7.324016868251057, 7.666566089525223, 8.064971115335709, 8.451184308850396, 8.857376144876927, 9.273964015043322, 9.74051337876076
11.pdb, 2, 1, 0.644417499033205, 0.43940847250301207, 1.4042753343243601, -, -, -, 1.1972814474828506, 13.044395859390738, , distance, 0.3199875585056645, 0.7927520458508438, 1.2336485444531333, 1.6720671547110577, 2.1376923091258315, 2.5877456768256786, 3.005225573531428, 3.444754535186014, 3.8988827717131893, 4.363053967972346, 4.747634032352379, 5.0021838418877325, 5.367385607526313, 5.784254012376697, 6.213401701122437, 6.5951025620779395, 6.952960172191542, 7.225109623295352, 7.632916595405902, 8.051125538470417, 8.472407475496507, 8.711496553689065, 8.913260625811802, 9.241297251082601, 9.714889395668848, 10.200537343650522, 10.681157067409737, 11.137559742583818
11.pdb, 2, 1, 0.644417499033205, 0.43940847250301207, 1.4042753343243601, -, -, -, 1.1972814474828506, 13.044395859390738, , length, 0.3199875585056645, 0.8199875585056645, 1.3199875585056646, 1.8199875585056646, 2.3199875585056646, 2.8199875585056646, 3.3199875585056646, 3.8199875585056646, 4.319987558505664, 4.819987558505664, 5.319987558505664, 5.819987558505664, 6.319987558505664, 6.819987558505664, 7.319987558505664, 7.819987558505664, 8.319987558505664, 8.819987558505664, 9.319987558505664, 9.819987558505664, 10.319987558505664, 10.819987558505664, 11.319987558505664, 11.819987558505664, 12.319987558505664, 12.819987558505664, 13.319987558505664, 13.819987558505664
11.pdb, 2, 1, 0.644417499033205, 0.43940847250301207, 1.4042753343243601, -, -, -, 1.1972814474828506, 13.044395859390738, , R, 2.042057277831523, 1.9786810909072867, 1.924418837959932, 1.8971929609100313, 1.9501135533854004, 1.9173145449756028, 1.793785279883534, 1.750906747387693, 1.792148218506078, 1.9141694384281627, 1.9940546790477336, 1.9382706624255233, 1.8202932997661623, 1.6299983638443842, 1.519487058640178, 1.4447443540083043, 1.4307492129767778, 1.5059171887586393, 1.6066033464842, 1.7886546900860198, 2.0285449328717, 2.1318229965514073, 2.1546074043334276, 2.06946835471308, 1.8961576549564787, 1.7739084977887505, 1.7055627429280562, 1.5635038332401254
11.pdb, 2, 1, 0.644417499033205, 0.43940847250301207, 1.4042753343243601, -, -, -, 1.1972814474828506, 13.044395859390738, , Upper limit of R overestimation, -, -, -, -, -, -, -, -, -, -, -, -, -, -, -, -, -, -, -, -, -, -, -, -, -, -, -, -
12.pdb, 2, 1, 0.6031080131925758, 0.5056589719403147, 1.363448459901966, -, -, -, 1.2359406325418827, 12.670254904101533, , X, 8.660966312307316, 8.485231758227329, 8.349204936518122, 8.229921545836186, 8.171161424638584, 8.339905066315731, 8.46174814764547, 8.609860283059511, 8.797403790051915, 9.1904364077471, 9.609518921274269, 10.02860143480144, 10.450548859352633, 10.801432964524274, 11.122004749466935, 11.442576534409596, 11.763148319352258, 12.083720104294917, 12.461309015300074, 12.887105573316674, 13.297233686165425, 13.628195775684704, 13.970629452541159, 14.313063129397614, 14.65549680625407, 14.855717333803597, 14.967101278603097
12.pdb, 2, 1, 0.6031080131925758, 0.5056589719403147, 1.363448459901966, -, -, -, 1.2359406325418827, 12.670254904101533, , Y, -0.05411646125119802, -0.3495441289314356, -0.3958845240498699, -0.4832835333566551, -0.8923781542772649, -1.024415425825783, -1.2960360993684312, -1.5733878566197852, -1.8593423024391948, -2.12128061883181, -2.3801744056738525, -2.639068192515895, -2.6458738339202, -2.7510802130826773, -2.9371867198247186, -3.1232932265667603, -3.3093997333088017, -3.495506240050843, -3.6912520016565513, -3.839586412757426, -4.008757832703111, -4.377760017660629, -4.741639420600551, -5.105518823540474, -5.469398226480396, -5.89860463369855, -6.36861899608581
12.pdb, 2, 1, 0.6031080131925758, 0.5056589719403147, 1.363448459901966, -, -, -, 1.2359406325418827, 12.670254904101533, , Z, 1.4106491289968834, 1.6820718810484863, 2.157394195999507, 2.6066469696013876, 2.6991114952148636, 3.1197358484362927, 3.521452755270338, 3.9083973342012985, 4.273167793395988, 4.390262045193202, 4.4759583344380465, 4.561654623682891, 4.768344271486761, 5.079136170526733, 5.414692572413139, 5.750248974299544, 6.08580537618595, 6.421361778072355, 6.679179700959795, 6.545835607906652, 6.342104396940697, 6.308684596439466, 6.290492370884179, 6.2723001453288925, 6.254107919773605, 6.326607072129909, 6.455758595506906
12.pdb, 2, 1, 0.6031080131925758, 0.5056589719403147, 1.363448459901966, -, -, -, 1.2359406325418827, 12.670254904101533, , distance, 0.5749658182739765, 0.9372929346668141, 1.4228936988655527, 1.893192559245237, 2.1216236783503084, 2.5002524834522637, 2.9504920962745778, 3.401947033073418, 3.84857644290605, 4.09154320999525, 4.352076466819921, 4.651925763255181, 4.940947430541226, 5.360055371292364, 5.835535016972415, 6.3148035824800095, 6.797059631656434, 7.281709619813509, 7.740483516747932, 7.920481302998621, 8.07739346923311, 8.424784767665853, 8.799857654338446, 9.18683792671577, 9.584283355935781, 9.991578151587152, 10.407337924351722
12.pdb, 2, 1, 0.6031080131925758, 0.5056589719403147, 1.363448459901966, -, -, -, 1.2359406325418827, 12.670254904101533, , length, 0.5749658182739765, 1.0749658182739765, 1.5749658182739765, 2.0749658182739763, 2.5749658182739763, 3.0749658182739763, 3.5749658182739763, 4.074965818273976, 4.574965818273976, 5.074965818273976, 5.574965818273976, 6.074965818273976, 6.574965818273976, 7.074965818273976, 7.574965818273976, 8.074965818273977, 8.574965818273977, 9.074965818273977, 9.574965818273977, 10.074965818273977, 10.574965818273977, 11.074965818273977, 11.574965818273977, 12.074965818273977, 12.574965818273977, 13.074965818273977, 13.574965818273977
12.pdb, 2, 1, 0.6031080131925758, 0.5056589719403147, 1.363448459901966, -, -, -, 1.2359406325418827, 12.670254904101533, , R, 2.24064916010712, 2.224534842012531, 2.2304496585177915, 2.283880470199094, 2.197067982705362, 2.135340293037544, 2.0898284221104753, 2.0910380563529722, 2.1245927235481377, 1.928739256947886, 1.7619841117794175, 1.6736197415281986, 1.608615640129808, 1.4772030327816348, 1.3776272449143805, 1.373112579875708, 1.4641423542491758, 1.641548982279571, 1.8349404043050332, 1.8050192660429254, 1.7792520076892189, 1.587532732322751, 1.4643533960145703, 1.4319611136827246, 1.493633157841215, 1.5030702017888207, 1.5151110126098335
12.pdb, 2, 1, 0.6031080131925758, 0.5056589719403147, 1.363448459901966, -, -, -, 1.2359406325418827, 12.670254904101533, , Upper limit of R overestimation, -, -, -, -, -, -, -, -, -, -, -, -, -, -, -, -, -, -, -, -, -, -, -, -, -, -, -
12.pdb, 2, 2, 0.49993562579554596, 0.6932759372576413, 1.0854857112998142, -, -, -, 1.1827667417652352, 14.523514778077955, , X, 8.660966312307316, 8.485231758227329, 8.349204936518122, 8.229921545836186, 8.171161424638584, 8.339905066315731, 8.46174814764547, 8.609860283059511, 8.797403790051915, 9.1904364077471, 9.609518921274269, 10.02860143480144, 10.450548859352633, 10.801432964524274, 11.122004749466935, 11.442576534409596, 11.763148319352258, 12.083720104294917, 12.461309015300074, 12.67169085315305, 13.121043927129806, 13.543687925968097, 13.931674486447879, 14.319661046927662, 14.707647607407443, 15.095634167887226, 15.489197783390429, 15.879477093360348, 16.269943973710568, 16.680451883088615, 17.068962197120783
12.pdb, 2, 2, 0.49993562579554596, 0.6932759372576413, 1.0854857112998142, -, -, -, 1.1827667417652352, 14.523514778077955, , Y, -0.05411646125119802, -0.3495441289314356, -0.3958845240498699, -0.4832835333566551, -0.8923781542772649, -1.024415425825783, -1.2960360993684312, -1.5733878566197852, -1.8593423024391948, -2.12128061883181, -2.3801744056738525, -2.639068192515895, -2.6458738339202, -2.7510802130826773, -2.9371867198247186, -3.1232932265667603, -3.3093997333088017, -3.495506240050843, -3.6912520016565513, -3.448328982945064, -3.509500717949188, -3.574727636550002, -3.6239287435096634, -3.6731298504693255, -3.7223309574289876, -3.771532064388649, -4.062392902467318, -4.252858726966612, -4.304453492852286, -4.326153476794424, -4.339229575011523
12.pdb, 2, 2, 0.49993562579554596, 0.6932759372576413, 1.0854857112998142, -, -, -, 1.1827667417652352, 14.523514778077955, , Z, 1.4106491289968834, 1.6820718810484863, 2.157394195999507, 2.6066469696013876, 2.6991114952148636, 3.1197358484362927, 3.521452755270338, 3.9083973342012985, 4.273167793395988, 4.390262045193202, 4.4759583344380465, 4.561654623682891, 4.768344271486761, 5.079136170526733, 5.414692572413139, 5.750248974299544, 6.08580537618595, 6.421361778072355, 6.679179700959795, 6.992694493540846, 6.862116485465791, 6.9656085090957385, 7.2771300652696445, 7.58865162144355, 7.900173177617456, 8.211694733791363, 8.307281112792676, 8.380221966883285, 8.67022242355818, 8.954849138809882, 9.267107409091182
12.pdb, 2, 2, 0.49993562579554596, 0.6932759372576413, 1.0854857112998142, -, -, -, 1.1827667417652352, 14.523514778077955, , distance, 0.5749658182739765, 0.9372929346668141, 1.4228936988655527, 1.893192559245237, 2.1216236783503084, 2.5002524834522637, 2.9504920962745778, 3.401947033073418, 3.84857644290605, 4.09154320999525, 4.352076466819921, 4.651925763255181, 4.940947430541226, 5.360055371292364, 5.835535016972415, 6.3148035824800095, 6.797059631656434, 7.281709619813509, 7.740483516747932, 7.9696070084102475, 8.122955174315372, 8.454106459760467, 8.91649298921834, 9.38273832207826, 9.852294637007775, 10.324710204564017, 10.738754382044101, 11.10411263375083, 11.567830420291854, 12.032337509826588, 12.50068932223626
12.pdb, 2, 2, 0.49993562579554596, 0.6932759372576413, 1.0854857112998142, -, -, -, 1.1827667417652352, 14.523514778077955, , length, 0.5749658182739765, 1.0749658182739765, 1.5749658182739765, 2.0749658182739763, 2.5749658182739763, 3.0749658182739763, 3.5749658182739763, 4.074965818273976, 4.574965818273976, 5.074965818273976, 5.574965818273976, 6.074965818273976, 6.574965818273976, 7.074965818273976, 7.574965818273976, 8.074965818273977, 8.574965818273977, 9.074965818273977, 9.574965818273977, 10.074965818273977, 10.574965818273977, 11.074965818273977, 11.574965818273977, 12.074965818273977, 12.574965818273977, 13.074965818273977, 13.574965818273977, 14.074965818273977, 14.574965818273977, 15.074965818273977, 15.574965818273977
12.pdb, 2, 2, 0.49993562579554596, 0.6932759372576413, 1.0854857112998142, -, -, -, 1.1827667417652352, 14.523514778077955, , R, 2.24064916010712, 2.224534842012531, 2.2304496585177915, 2.283880470199094, 2.197067982705362, 2.135340293037544, 2.0898284221104753, 2.0910380563529722, 2.1245927235481377, 1.928739256947886, 1.7619841117794175, 1.6736197415281986, 1.608615640129808, 1.4772030327816348, 1.3776272449143805, 1.373112579875708, 1.4641423542491758, 1.641548982279571, 1.8349404043050332, 1.8421728492046683, 1.7565001849991757, 1.5869670756270347, 1.3629564295043999, 1.2228714036132373, 1.1815679745402219, 1.2440593684001315, 1.2686957619615027, 1.2947015297558717, 1.1481765907200943, 1.085622103330236, 1.1015777868769094
12.pdb, 2, 2, 0.49993562579554596, 0.6932759372576413, 1.0854857112998142, -, -, -, 1.1827667417652352, 14.523514778077955, , Upper limit of R overestimation, -, -, -, -, -, -, -, -, -, -, -, -, -, -, -, -, -, -, -, -, -, -, -, -, -, -, -, -, -, -, -
16.pdb, 2, 1, 0.6162110897597977, 0.4841656959678856, 1.4007569558763249, -, -, -, 1.310434491107771, 13.280655665528823, , X, 9.2238512620276, 8.976226303883779, 8.778244358292884, 8.58026241270199, 8.382280467111094, 8.241124011433328, 8.288459729446494, 8.497304695759233, 8.717054909999307, 8.825972901561245, 8.935521274770375, 9.076254306835763, 9.366480965835184, 9.83020160635787, 10.293922246880554, 10.75764288740324, 11.221363527925924, 11.685084168448608, 11.96320716368344, 12.281244022109256, 12.670238152859628, 13.059232283610003, 13.455297948258872, 13.887992340290646, 14.32068673232242, 14.753381124354192, 15.17902831439047, 15.345517881838083
16.pdb, 2, 1, 0.6162110897597977, 0.4841656959678856, 1.4007569558763249, -, -, -, 1.310434491107771, 13.280655665528823, , Y, -0.027233859628606933, -0.3890530657306455, -0.7130376114877561, -1.0370221572448668, -1.3610067030019772, -1.6233494594246534, -1.6938219956985634, -1.9467514700155462, -2.123002522370588, -2.3411095335872147, -2.5606505895240046, -2.7534057675600825, -3.1018540840928197, -3.1859822993068625, -3.2701105145209053, -3.354238729734948, -3.438366944948991, -3.5224951601630337, -3.8368268487682573, -4.034461880534122, -4.121732184174388, -4.209002487814655, -4.315997120917031, -4.525158709173479, -4.734320297429926, -4.943481885686374, -5.1601079636303036, -5.631395647725096
16.pdb, 2, 1, 0.6162110897597977, 0.4841656959678856, 1.4007569558763249, -, -, -, 1.310434491107771, 13.280655665528823, , Z, 0.8042517688935995, 1.0142727692600506, 1.3395990106403035, 1.6649252520205566, 1.9902514934008093, 2.3550298649694543, 2.843888983694324, 3.185150445920746, 3.5846695540889715, 4.021208444420937, 4.456745419114339, 4.871791904771548, 4.951689484303742, 5.118679337163521, 5.2856691900233, 5.452659042883079, 5.619648895742857, 5.786638748602637, 6.029260516355444, 6.320892474135789, 6.62266633043268, 6.924440186729571, 7.155060237494188, 7.017121870451894, 6.879183503409601, 6.741245136367309, 6.607391499608944, 6.620396988899003
16.pdb, 2, 1, 0.6162110897597977, 0.4841656959678856, 1.4007569558763249, -, -, -, 1.310434491107771, 13.280655665528823, , distance, 0.3764138436137231, 0.37592236194756823, 0.8050593520104022, 1.286438299455741, 1.7781244153190596, 2.2394542959294617, 2.6221084729654263, 3.0058118439846364, 3.410374500275759, 3.8883589940087155, 4.371279850600138, 4.827030226317152, 5.114144937667342, 5.362218697761181, 5.643784216442964, 5.954091971150753, 6.288888782612789, 6.64447387226589, 7.107639142982868, 7.564499388607259, 8.007524172988333, 8.456904620589347, 8.874166984229715, 9.11189216315992, 9.370289105578207, 9.64769698172471, 9.944219186599216, 10.305143313942834
16.pdb, 2, 1, 0.6162110897597977, 0.4841656959678856, 1.4007569558763249, -, -, -, 1.310434491107771, 13.280655665528823, , length, 0.3764138436137231, 0.8764138436137231, 1.3764138436137232, 1.8764138436137232, 2.376413843613723, 2.876413843613723, 3.376413843613723, 3.876413843613723, 4.376413843613723, 4.876413843613723, 5.376413843613723, 5.876413843613723, 6.376413843613723, 6.876413843613723, 7.376413843613723, 7.876413843613723, 8.376413843613722, 8.876413843613722, 9.376413843613722, 9.876413843613722, 10.376413843613722, 10.876413843613722, 11.376413843613722, 11.876413843613722, 12.376413843613722, 12.876413843613722, 13.376413843613722, 13.876413843613722
16.pdb, 2, 1, 0.6162110897597977, 0.4841656959678856, 1.4007569558763249, -, -, -, 1.310434491107771, 13.280655665528823, , R, 2.0788750997099443, 1.944309285469054, 1.8809433218621818, 1.8980223727996928, 1.9942563285071067, 2.1527631057867858, 2.3357554127623654, 2.3180244346923375, 2.2764275362658735, 2.204317109512532, 2.2040575407815446, 2.2367667631429127, 2.072653700158064, 1.7956176328070772, 1.5815800838392364, 1.4458742456204356, 1.4007908959514463, 1.4509575713862992, 1.4746529077985413, 1.4673015678172006, 1.4538514478911415, 1.533378378722513, 1.6490728460098925, 1.5927457790457502, 1.6251799749546583, 1.7434426774428198, 1.929518709994279, 1.8916149399273727
16.pdb, 2, 1, 0.6162110897597977, 0.4841656959678856, 1.4007569558763249, -, -, -, 1.310434491107771, 13.280655665528823, , Upper limit of R overestimation, -, -, -, -, -, -, -, -, -, -, -, -, -, -, -, -, -, -, -, -, -, -, -, -, -, -, -, -
19.pdb, 2, 1, 0.7400975637155249, 0.30097325861561, 1.6476409960992584, -, -, -, 1.2009790843420145, 11.29220288413653, , X, 8.909455193554013, 8.887804249563189, 8.866153305572366, 8.680097207482918, 8.473405957380029, 8.548599794325822, 8.671156584519467, 8.803851034864353, 9.021983284089345, 9.262997738602921, 9.504012193116496, 9.701703954367389, 9.980793689708856, 10.460410207611027, 10.839977082681955, 11.229883139829607, 11.579420223522671, 11.918527647236091, 12.229773286125997, 12.545277754230769, 12.939581627116766, 13.333885500002763, 13.72818937288876, 14.122493245774757
19.pdb, 2, 1, 0.7400975637155249, 0.30097325861561, 1.6476409960992584, -, -, -, 1.2009790843420145, 11.29220288413653, , Y, 0.06384873393402057, 0.1572803403915583, 0.25071194684909603, 0.11752294060608047, -0.07516289512964411, -0.33768106684056354, -0.6119326214651037, -0.8866490484727337, -1.1596947394201866, -1.4319805784488462, -1.704266417477506, -1.8491019859403535, -1.8514281183501484, -1.8490762397603253, -2.0864390418156598, -2.350724892379165, -2.6632730591468015, -2.9876838445374183, -3.334205109328161, -3.623601628494271, -3.9270886453598233, -4.230575662225376, -4.534062679090928, -4.83754969595648
19.pdb, 2, 1, 0.7400975637155249, 0.30097325861561, 1.6476409960992584, -, -, -, 1.2009790843420145, 11.29220288413653, , Z, 0.2682159573794552, 0.7589315282951028, 1.2496470992107505, 1.6723388797515226, 2.0848323898068095, 2.4863790020466667, 2.8860862924023136, 3.282005874567551, 3.6367354797903886, 3.979915395548846, 4.323095311307304, 4.727229918747337, 5.056276714943613, 5.172822389727156, 5.295209425432469, 5.448771737657391, 5.6189712597393955, 5.791493135177525, 5.966873036054214, 6.171232528580326, 6.22042690245734, 6.2696212763343535, 6.318815650211367, 6.368010024088381
19.pdb, 2, 1, 0.7400975637155249, 0.30097325861561, 1.6476409960992584, -, -, -, 1.2009790843420145, 11.29220288413653, , distance, 0.6171294521833521, 0.24954491413344596, 0.4936563253799282, 0.8414865176351305, 1.2738786557882367, 1.6682571705090576, 2.097775093267165, 2.5494262260212612, 2.980949557733562, 3.422363510523844, 3.878025751665177, 4.334243645861521, 4.689512582845448, 4.927735679392559, 5.255233396056765, 5.642616025828457, 6.0610551443229825, 6.493026366033814, 6.933023253302378, 7.375470461075685, 7.761442186825341, 8.15980423274139, 8.568828707232772, 8.987059903613007
19.pdb, 2, 1, 0.7400975637155249, 0.30097325861561, 1.6476409960992584, -, -, -, 1.2009790843420145, 11.29220288413653, , length, 0.6171294521833521, 1.1171294521833521, 1.6171294521833521, 2.1171294521833524, 2.6171294521833524, 3.1171294521833524, 3.6171294521833524, 4.117129452183352, 4.617129452183352, 5.117129452183352, 5.617129452183352, 6.117129452183352, 6.617129452183352, 7.117129452183352, 7.617129452183352, 8.117129452183352, 8.617129452183352, 9.117129452183352, 9.617129452183352, 10.117129452183352, 10.617129452183352, 11.117129452183352, 11.617129452183352, 12.117129452183352
19.pdb, 2, 1, 0.7400975637155249, 0.30097325861561, 1.6476409960992584, -, -, -, 1.2009790843420145, 11.29220288413653, , R, 2.175559187861305, 2.193858266276039, 2.2845585132675765, 2.2961935965435707, 2.331718226445288, 2.2330999676187417, 2.1701557112881433, 2.1736327246066267, 2.1878519675530477, 2.2580518546159, 2.397041048469128, 2.527068279544073, 2.530462456794621, 2.425596723791645, 2.249855937554618, 2.095316732220039, 1.964359357412001, 1.898861392028116, 1.8910902520363375, 1.842992907616728, 1.7045468569940774, 1.648329168678129, 1.6791605828454765, 1.7943533977270565
19.pdb, 2, 1, 0.7400975637155249, 0.30097325861561, 1.6476409960992584, -, -, -, 1.2009790843420145, 11.29220288413653, , Upper limit of R overestimation, -, -, -, -, -, -, -, -, -, -, -, -, -, -, -, -, -, -, -, -, -, -, -, -
20.pdb, 2, 1, 0.5916826423052974, 0.5247848650258773, 1.2453886781205956, -, -, -, 1.2392305480733217, 12.638852920089327, , X, 8.691693549940839, 8.52817094579786, 8.376956486977145, 8.22574202815643, 8.168047036336532, 8.273424356663586, 8.384143532489034, 8.586557418015293, 8.802161696540692, 9.041268325517136, 9.207327172780943, 9.610877088508566, 10.008756215146695, 10.406635341784824, 10.804514468422951, 11.20239359506108, 11.60027272169921, 12.019302518088244, 12.479369371435924, 12.807548166972978, 13.222191331846721, 13.606245094911282, 14.041174078406506, 14.248925176672515, 14.366015468276023, 14.483105759879532, 14.624172933147975
20.pdb, 2, 1, 0.5916826423052974, 0.5247848650258773, 1.2453886781205956, -, -, -, 1.2392305480733217, 12.638852920089327, , Y, -0.2105291425560073, -0.40508041449392423, -0.606617586883509, -0.8081547592730938, -1.0449615935831584, -1.343269049127128, -1.6426189870359353, -1.953758750154483, -2.266385197022842, -2.577255561692762, -2.5490026645688073, -2.55141292392395, -2.648678008133689, -2.7459430923434285, -2.8432081765531674, -2.9404732607629067, -3.037738344972646, -3.146900801663054, -3.2929216248918745, -3.6203385528450194, -3.6864086246951677, -3.7560331752276586, -3.9904568890985783, -4.2285824476024025, -4.502664350881283, -4.776746254160164, -5.109816742429693
20.pdb, 2, 1, 0.5916826423052974, 0.5247848650258773, 1.2453886781205956, -, -, -, 1.2392305480733217, 12.638852920089327, , Z, 0.520722121248188, 0.951065780451994, 1.382941868686535, 1.8148179569210758, 2.230403722740581, 2.617583632249807, 3.002308341713206, 3.3353140486776187, 3.6605516538219303, 3.965039368719604, 4.308479969348208, 4.563185334325428, 4.849946042895051, 5.136706751464675, 5.423467460034297, 5.710228168603921, 5.9969888771735445, 6.243514166672532, 6.298368055259193, 6.334631485632599, 6.063143380130346, 5.84997002117625, 5.802240037051939, 6.099528855451589, 6.500987413595803, 6.9024459717400175, 7.215592694567216
20.pdb, 2, 1, 0.5916826423052974, 0.5247848650258773, 1.2453886781205956, -, -, -, 1.2392305480733217, 12.638852920089327, , distance, 0.412022921089704, 0.47934779941999944, 0.8868721299486113, 1.3576855442076325, 1.8127875361399728, 2.2428805311729567, 2.694917457147075, 3.1182473755429894, 3.5557353726362306, 3.9916814851936886, 4.257462089418662, 4.516851446961706, 4.8842358141070745, 5.273478167366614, 5.68008666092151, 6.100589887008026, 6.532305065086195, 6.956822139131259, 7.282505481369838, 7.624837630344352, 7.69210409279273, 7.810945679064251, 8.163685836474546, 8.590213582699613, 9.043621192230443, 9.50170506491978, 9.950725274757042
20.pdb, 2, 1, 0.5916826423052974, 0.5247848650258773, 1.2453886781205956, -, -, -, 1.2392305480733217, 12.638852920089327, , length, 0.412022921089704, 0.912022921089704, 1.412022921089704, 1.912022921089704, 2.412022921089704, 2.912022921089704, 3.412022921089704, 3.912022921089704, 4.412022921089704, 4.912022921089704, 5.412022921089704, 5.912022921089704, 6.412022921089704, 6.912022921089704, 7.412022921089704, 7.912022921089704, 8.412022921089704, 8.912022921089704, 9.412022921089704, 9.912022921089704, 10.412022921089704, 10.912022921089704, 11.412022921089704, 11.912022921089704, 12.412022921089704, 12.912022921089704, 13.412022921089704
20.pdb, 2, 1, 0.5916826423052974, 0.5247848650258773, 1.2453886781205956, -, -, -, 1.2392305480733217, 12.638852920089327, , R, 1.8119470404448312, 1.6984170739910638, 1.6553395544930682, 1.6991561544874452, 1.7308674737510132, 1.678490537522647, 1.7067280343430309, 1.7210020454642534, 1.8051845627921475, 1.9384250066317155, 2.0429958678381883, 1.7916719947440016, 1.5343365514501086, 1.3501159638448985, 1.2555216312460213, 1.2609107123131558, 1.3656532475060164, 1.5241076941860652, 1.604021234846997, 1.6044616906651246, 1.6018467390738003, 1.6519050382507212, 1.6802159813322202, 1.6209670269867817, 1.5586295853629515, 1.5860759880399702, 1.6515181558111027
20.pdb, 2, 1, 0.5916826423052974, 0.5247848650258773, 1.2453886781205956, -, -, -, 1.2392305480733217, 12.638852920089327, , Upper limit of R overestimation, -, -, -, -, -, -, -, -, -, -, -, -, -, -, -, -, -, -, -, -, -, -, -, -, -, -, -
22.pdb, 2, 1, 0.577114238966571, 0.5497150442606891, 1.42920370097241, -, -, -, 1.20581100413595, 16.038843510750635, , X, 8.560521357255627, 8.355584401708036, 8.150647446160447, 7.945710490612855, 7.772073881198704, 7.691351874458334, 7.869054847220737, 8.101923273736855, 8.340517806325336, 8.66585012970594, 8.926204939221913, 9.078020646121052, 9.389811126962101, 9.691984514771136, 9.742971442409825, 9.937488239918812, 10.378922265100213, 10.820356290281616, 11.261790315463017, 11.703224340644418, 12.144658365825821, 12.54846878805838, 12.926809673550903, 13.305150559043426, 13.672076628609025, 13.808596606921915, 13.925741537575801, 14.192987490719695, 14.603637707403076, 15.014287924086457, 15.416452057817656, 15.780090320862174, 16.193571843779267, 16.61471447714258
22.pdb, 2, 1, 0.577114238966571, 0.5497150442606891, 1.42920370097241, -, -, -, 1.20581100413595, 16.038843510750635, , Y, 0.04783720261392829, -0.23726631433630643, -0.5223698312865411, -0.8074733482367759, -1.154843688317029, -1.2650757602876466, -1.4838473622977484, -1.7540555567060734, -2.0159424912676602, -1.936048895539197, -2.1861250927482425, -2.6443209316689673, -3.022267313341151, -3.3930508445178593, -3.477164900815004, -3.4224531245240177, -3.3761537008766656, -3.3298542772293134, -3.283554853581961, -3.237255429934609, -3.190956006287257, -3.2960806807414085, -3.50371285919954, -3.7113450376576718, -3.8845216344717395, -4.244999392151543, -4.159632534591227, -4.114903123845886, -4.2370294541894085, -4.3591557845329305, -4.481197064768632, -4.572278054915575, -4.577717205456756, -4.569078568739809
22.pdb, 2, 1, 0.577114238966571, 0.5497150442606891, 1.42920370097241, -, -, -, 1.20581100413595, 16.038843510750635, , Z, -0.14089388191665178, 0.21507919132554174, 0.5710522645677353, 0.9270253378099288, 1.2336507379402493, 1.6643956553672399, 2.0706012327662684, 2.4203768481657706, 2.7674549060360505, 3.1386366576421274, 3.418907737226589, 3.517686148399353, 3.5912739670753897, 3.7361375567491324, 4.113194033732209, 4.4666223564807925, 4.696823061914266, 4.927023767347738, 5.157224472781212, 5.387425178214684, 5.617625883648158, 5.861113209072916, 6.113594996205104, 6.366076783337292, 6.651430583568482, 6.9305602739481085, 7.375679486308901, 7.723794627131244, 7.981576626065843, 8.239358625000442, 8.507768813885647, 8.837237553691168, 9.115399909888545, 9.38477744480838
22.pdb, 2, 1, 0.577114238966571, 0.5497150442606891, 1.42920370097241, -, -, -, 1.20581100413595, 16.038843510750635, , distance, 1.0583393821626768, 0.8412188626577601, 0.891748900725957, 1.1759179516448808, 1.579611474577762, 1.8515983178357476, 2.104901702019372, 2.414241269869136, 2.770731194086326, 2.9477629828301195, 3.317825146495143, 3.7041441641769786, 4.055297304120585, 4.4722212705764655, 4.791636201375517, 5.038882700139062, 5.285943906239402, 5.5670519212648095, 5.877323473164205, 6.212390467634475, 6.568459441642648, 7.0003246767714, 7.477439690169712, 7.957365334081127, 8.43988762891055, 8.874440940540765, 9.209635821276052, 9.585703111379754, 10.052019660539822, 10.521430243661872, 10.99581523201968, 11.47897377179059, 11.925759145645472, 12.370104064715976
22.pdb, 2, 1, 0.577114238966571, 0.5497150442606891, 1.42920370097241, -, -, -, 1.20581100413595, 16.038843510750635, , length, 1.0583393821626768, 1.5583393821626768, 2.0583393821626768, 2.5583393821626768, 3.0583393821626768, 3.5583393821626768, 4.058339382162677, 4.558339382162677, 5.058339382162677, 5.558339382162677, 6.058339382162677, 6.558339382162677, 7.058339382162677, 7.558339382162677, 8.058339382162677, 8.558339382162677, 9.058339382162677, 9.558339382162677, 10.058339382162677, 10.558339382162677, 11.058339382162677, 11.558339382162677, 12.058339382162677, 12.558339382162677, 13.058339382162677, 13.558339382162677, 14.058339382162677, 14.558339382162677, 15.058339382162677, 15.558339382162677, 16.05833938216268, 16.55833938216268, 17.05833938216268, 17.55833938216268
22.pdb, 2, 1, 0.577114238966571, 0.5497150442606891, 1.42920370097241, -, -, -, 1.20581100413595, 16.038843510750635, , R, 1.975855988526425, 1.8229348660314189, 1.7479160687980302, 1.7567352084836527, 1.788562707664007, 1.9159211737395803, 1.836047929057784, 1.7500283104320065, 1.7420868662406968, 1.8016693948814602, 1.8665478502899118, 1.8976558614718482, 1.8285073200876572, 1.8433838624837853, 1.9069053949604353, 1.81902323060675, 1.607189954973083, 1.4732245733683385, 1.4290575870488074, 1.479133810091884, 1.6184343435205324, 1.7121419497623729, 1.804029458026237, 1.9729820727216574, 2.197895143194744, 2.1707252874558645, 2.1402141074691254, 2.00229766833153, 1.769981247268151, 1.608356612264086, 1.52712814115576, 1.4899028470355453, 1.4746819056482587, 1.5405002751512573
22.pdb, 2, 1, 0.577114238966571, 0.5497150442606891, 1.42920370097241, -, -, -, 1.20581100413595, 16.038843510750635, , Upper limit of R overestimation, -, -, -, -, -, -, -, -, -, -, -, -, -, -, -, -, -, -, -, -, -, -, -, -, -, -, -, -, -, -, -, -, -, -
22.pdb, 2, 3, 0.44660177082004593, 0.8060879744696416, 1.1503164809461557, -, -, -, 1.5818570141218236, 20.830521471714896, , X, 8.560521357255627, 8.355584401708036, 8.150647446160447, 7.945710490612855, 7.772073881198704, 7.691351874458334, 7.869054847220737, 8.101923273736855, 8.340517806325336, 8.66585012970594, 8.926204939221913, 9.078020646121052, 9.389811126962101, 9.691984514771136, 9.742971442409825, 9.937488239918812, 10.378922265100213, 10.820356290281616, 11.261790315463017, 11.703224340644418, 12.144658365825821, 12.54846878805838, 12.926809673550903, 13.305150559043426, 13.672076628609025, 13.807688953556402, 14.053020503748524, 14.387735516599271, 14.681802472205336, 14.945235450575492, 15.208668428945646, 15.472101407315803, 15.548232609167135, 15.520780988659682, 15.511386266485324, 15.584228912461475, 15.756249297776632, 16.057491117897694, 16.358852158120573, 16.661102978278333, 16.963353798436092, 17.26560461859385, 17.63890988914312, 17.73001243420275
22.pdb, 2, 3, 0.44660177082004593, 0.8060879744696416, 1.1503164809461557, -, -, -, 1.5818570141218236, 20.830521471714896, , Y, 0.04783720261392829, -0.23726631433630643, -0.5223698312865411, -0.8074733482367759, -1.154843688317029, -1.2650757602876466, -1.4838473622977484, -1.7540555567060734, -2.0159424912676602, -1.936048895539197, -2.1861250927482425, -2.6443209316689673, -3.022267313341151, -3.3930508445178593, -3.477164900815004, -3.4224531245240177, -3.3761537008766656, -3.3298542772293134, -3.283554853581961, -3.237255429934609, -3.190956006287257, -3.2960806807414085, -3.50371285919954, -3.7113450376576718, -3.8845216344717395, -4.274126286421188, -4.646242299907759, -4.989020166157443, -5.366585886632266, -5.770369104489659, -6.174152322347053, -6.577935540204447, -7.040365242800791, -7.5352279982148245, -8.00520319475701, -8.210697265012763, -8.425793558704772, -8.698706440929204, -8.910920655702329, -8.670120189668495, -8.429319723634661, -8.188519257600827, -8.24434199891778, -8.642039725297696
22.pdb, 2, 3, 0.44660177082004593, 0.8060879744696416, 1.1503164809461557, -, -, -, 1.5818570141218236, 20.830521471714896, , Z, -0.14089388191665178, 0.21507919132554174, 0.5710522645677353, 0.9270253378099288, 1.2336507379402493, 1.6643956553672399, 2.0706012327662684, 2.4203768481657706, 2.7674549060360505, 3.1386366576421274, 3.418907737226589, 3.517686148399353, 3.5912739670753897, 3.7361375567491324, 4.113194033732209, 4.4666223564807925, 4.696823061914266, 4.927023767347738, 5.157224472781212, 5.387425178214684, 5.617625883648158, 5.861113209072916, 6.113594996205104, 6.366076783337292, 6.651430583568482, 6.906819589441886, 6.803966413782029, 6.660895820781098, 6.523840273848558, 6.391317902590879, 6.258795531333201, 6.126273160075522, 6.036578659414562, 5.970569100746553, 5.826689368913537, 5.424026827488844, 5.0516072480844665, 4.7604510622904765, 4.46620948052503, 4.148940545279471, 3.8316716100339123, 3.5144026747883537, 3.35794453262744, 3.575711709271309
22.pdb, 2, 3, 0.44660177082004593, 0.8060879744696416, 1.1503164809461557, -, -, -, 1.5818570141218236, 20.830521471714896, , distance, 1.0583393821626768, 0.8412188626577601, 0.891748900725957, 1.1759179516448808, 1.579611474577762, 1.8515983178357476, 2.104901702019372, 2.414241269869136, 2.770731194086326, 2.9477629828301195, 3.317825146495143, 3.7041441641769786, 4.055297304120585, 4.4722212705764655, 4.791636201375517, 5.038882700139062, 5.285943906239402, 5.5670519212648095, 5.877323473164205, 6.212390467634475, 6.568459441642648, 7.0003246767714, 7.477439690169712, 7.957365334081127, 8.43988762891055, 8.871521449571112, 9.123301664804664, 9.402533930543612, 9.697474408348672, 10.007222247149013, 10.33189161320863, 10.67012050121026, 10.962123350024667, 11.237134203049386, 11.486700648244645, 11.506314948831498, 11.620551840315763, 11.898483673914798, 12.14547290955549, 12.072932208758568, 12.02076836303794, 11.989247347450448, 12.258381052738583, 12.63616536578367
22.pdb, 2, 3, 0.44660177082004593, 0.8060879744696416, 1.1503164809461557, -, -, -, 1.5818570141218236, 20.830521471714896, , length, 1.0583393821626768, 1.5583393821626768, 2.0583393821626768, 2.5583393821626768, 3.0583393821626768, 3.5583393821626768, 4.058339382162677, 4.558339382162677, 5.058339382162677, 5.558339382162677, 6.058339382162677, 6.558339382162677, 7.058339382162677, 7.558339382162677, 8.058339382162677, 8.558339382162677, 9.058339382162677, 9.558339382162677, 10.058339382162677, 10.558339382162677, 11.058339382162677, 11.558339382162677, 12.058339382162677, 12.558339382162677, 13.058339382162677, 13.558339382162677, 14.058339382162677, 14.558339382162677, 15.058339382162677, 15.558339382162677, 16.05833938216268, 16.55833938216268, 17.05833938216268, 17.55833938216268, 18.05833938216268, 18.55833938216268, 19.05833938216268, 19.55833938216268, 20.05833938216268, 20.55833938216268, 21.05833938216268, 21.55833938216268, 22.05833938216268, 22.55833938216268
22.pdb, 2, 3, 0.44660177082004593, 0.8060879744696416, 1.1503164809461557, -, -, -, 1.5818570141218236, 20.830521471714896, , R, 1.975855988526425, 1.8229348660314189, 1.7479160687980302, 1.7567352084836527, 1.788562707664007, 1.9159211737395803, 1.836047929057784, 1.7500283104320065, 1.7420868662406968, 1.8016693948814602, 1.8665478502899118, 1.8976558614718482, 1.8285073200876572, 1.8433838624837853, 1.9069053949604353, 1.81902323060675, 1.607189954973083, 1.4732245733683385, 1.4290575870488074, 1.479133810091884, 1.6184343435205324, 1.7121419497623729, 1.804029458026237, 1.9729820727216574, 2.197895143194744, 2.1720084250860623, 1.9915655432655452, 1.7727404820885353, 1.6002797990198807, 1.489865832498969, 1.4700542018640619, 1.5428089041962953, 1.598691312656382, 1.6843198926820524, 1.8074983503281963, 1.7721521793427042, 1.7267630226446824, 1.67905356393652, 1.674113329232149, 1.4183202817875136, 1.2394004933117848, 1.154941280694641, 1.1842716306104697, 1.272601354556307
22.pdb, 2, 3, 0.44660177082004593, 0.8060879744696416, 1.1503164809461557, -, -, -, 1.5818570141218236, 20.830521471714896, , Upper limit of R overestimation, -, -, -, -, -, -, -, -, -, -, -, -, -, -, -, -, -, -, -, -, -, -, -, -, -, -, -, -, -, -, -, -, -, -, -, -, -, -, -, -, -, -, -, -
28.pdb, 2, 2, 0.6348415977264392, 0.45437976360717874, 1.1882625828966227, -, -, -, 1.2782687835391575, 10.731518456681172, , X, 9.06929951414597, 9.139658105213162, 8.942709143008054, 8.825327319536159, 8.777268862515504, 8.759414498533065, 8.822928309122489, 8.970225617693563, 9.19630984637172, 9.602632052305383, 10.033718381970516, 10.464804711635649, 10.895891041300784, 11.326977370965917, 11.738923947073854, 11.989420435607359, 12.354272738561411, 12.734620662069693, 13.163369648960545, 13.614334295418585, 14.065298941876627, 14.522267401868056, 14.891080618759492
28.pdb, 2, 2, 0.6348415977264392, 0.45437976360717874, 1.1882625828966227, -, -, -, 1.2782687835391575, 10.731518456681172, , Y, 0.2248087928417576, 0.13447297558138194, -0.2421988681767186, -0.6958398331488487, -1.180129408606825, -1.6146451515646278, -2.0213268957763026, -2.3178755623830853, -2.6952829071115003, -2.8272002646094716, -2.912326925129666, -2.9974535856498603, -3.082580246170054, -3.1677069066902486, -3.279747236343487, -3.6188131766188256, -3.82754248898993, -4.018610723605123, -4.215828586542803, -4.415869074433932, -4.615909562325061, -4.801474876391843, -5.016110836705447
28.pdb, 2, 2, 0.6348415977264392, 0.45437976360717874, 1.1882625828966227, -, -, -, 1.2782687835391575, 10.731518456681172, , Z, 1.9278612445943746, 2.3788768527622626, 2.606500696391728, 2.7479885540680145, 2.8626794072845065, 3.078933051427021, 3.3563568115552096, 3.7089496940826656, 3.801010925806552, 4.003745177539456, 4.242320172131352, 4.480895166723249, 4.719470161315145, 4.95804515590704, 5.199829915880413, 5.468690097717709, 5.2697297941321946, 5.00737814690281, 4.869099149439153, 4.787768399723846, 4.706437650008539, 4.772585596877671, 4.948058022638854
28.pdb, 2, 2, 0.6348415977264392, 0.45437976360717874, 1.1882625828966227, -, -, -, 1.2782687835391575, 10.731518456681172, , distance, 1.1178138584263755, 1.5487725593620665, 1.7483292491030686, 1.9821299810480242, 2.285728517797217, 2.70096768363861, 3.164902577564401, 3.627080211739502, 3.953974108258329, 4.244733868498485, 4.569281890991616, 4.92330258914783, 5.300894242415663, 5.6973723025831235, 6.116372952858088, 6.604094627793593, 6.765458570041736, 6.914672919871473, 7.1970000947025135, 7.5460697370616, 7.911354282930698, 8.354402177599829, 8.808671985564423
28.pdb, 2, 2, 0.6348415977264392, 0.45437976360717874, 1.1882625828966227, -, -, -, 1.2782687835391575, 10.731518456681172, , length, 1.1178138584263755, 1.6178138584263755, 2.1178138584263753, 2.6178138584263753, 3.1178138584263753, 3.6178138584263753, 4.117813858426375, 4.617813858426375, 5.117813858426375, 5.617813858426375, 6.117813858426375, 6.617813858426375, 7.117813858426375, 7.617813858426375, 8.117813858426375, 8.617813858426375, 9.117813858426375, 9.617813858426375, 10.117813858426375, 10.617813858426375, 11.117813858426375, 11.617813858426375, 12.117813858426375
28.pdb, 2, 2, 0.6348415977264392, 0.45437976360717874, 1.1882625828966227, -, -, -, 1.2782687835391575, 10.731518456681172, , R, 2.333937156994745, 2.454014637847057, 2.4556786041689476, 2.380917642557642, 2.299466777752322, 2.2616806625933057, 2.2148376867238113, 2.155706065897638, 2.04005039610068, 1.7701697787835948, 1.532762491999548, 1.371784042364322, 1.3020302722868797, 1.3310546826017304, 1.4366787642473524, 1.4743804378105387, 1.3166113276603004, 1.210082055322366, 1.1920709176864175, 1.2712773734879856, 1.4443185205618139, 1.6745446270226443, 1.8602669256521975
28.pdb, 2, 2, 0.6348415977264392, 0.45437976360717874, 1.1882625828966227, -, -, -, 1.2782687835391575, 10.731518456681172, , Upper limit of R overestimation, -, -, -, -, -, -, -, -, -, -, -, -, -, -, -, -, -, -, -, -, -, -, -
29.pdb, 2, 3, 0.5683009428643001, 0.5651041715843613, 1.1858143582641, -, -, -, 1.3266331837489582, 14.77640853952069, , X, 8.982263750595019, 8.724937766734845, 8.513809109259446, 8.655645111086674, 8.708777874221543, 8.761245240797516, 8.840998397255401, 8.952006205444288, 9.120887555721593, 9.337721568287007, 9.575409978621813, 9.897736474545296, 10.356255434809812, 10.807329026710898, 11.177821187233048, 11.5483133477552, 11.918805508277348, 12.289297668799499, 12.67035147384847, 13.0872360314676, 13.504120589086732, 13.942364449807847, 14.184871682422878, 14.460930905849066, 14.776787889752777, 15.091874192671527, 15.345642981278008, 15.599411769884489, 15.944395269566654, 16.273549469507333, 16.402576050258265, 16.586242786434678
29.pdb, 2, 3, 0.5683009428643001, 0.5651041715843613, 1.1858143582641, -, -, -, 1.3266331837489582, 14.77640853952069, , Y, -0.02199913454047728, -0.28968440250493444, -0.5412381783497592, -0.5820345252905161, -0.9490088269060057, -1.3162338719663553, -1.635523324095607, -2.017023068134527, -2.3907623310097725, -2.600498216200664, -2.9092688504422672, -3.156278091982149, -3.109772893709205, -3.0867397101315386, -3.317744802320369, -3.5487498945091995, -3.77975498669803, -4.01076007888686, -4.219700247812775, -4.35378438424248, -4.487868520672184, -4.6152805948020275, -4.568898551614842, -4.741346745062449, -4.999078722810126, -5.258860581940431, -5.681736683008028, -6.104612784075624, -6.439128037859682, -6.764107124347071, -7.2426394121840785, -7.695850333561531
29.pdb, 2, 3, 0.5683009428643001, 0.5651041715843613, 1.1858143582641, -, -, -, 1.3266331837489582, 14.77640853952069, , Z, 1.5938915703546785, 1.7948758680174675, 2.16963115557252, 2.479185301916907, 2.814605592650007, 3.149224242438941, 3.4761380821507917, 3.709644247821634, 3.986247177341762, 4.384860063702672, 4.568439066207914, 4.5559332535126, 4.7498343355403705, 4.947944410687179, 5.191608536841315, 5.435272662995452, 5.6789367891495885, 5.922600915303725, 6.055857191892116, 5.814550934251328, 5.573244676610542, 5.388306937514587, 5.040614099067806, 4.710531175798244, 4.421034037011828, 4.136152192840641, 4.2184759747937735, 4.3007997567469065, 4.301301361096864, 4.32796327631637, 4.307059310905056, 4.305484503456706
29.pdb, 2, 3, 0.5683009428643001, 0.5651041715843613, 1.1858143582641, -, -, -, 1.3266331837489582, 14.77640853952069, , distance, 0.7367008460883359, 0.9613390208178608, 1.4263576406840148, 1.7027013951575143, 2.141975997598509, 2.602696062520644, 3.0437562432049985, 3.448208182227105, 3.8985447415942875, 4.361724088383191, 4.721943022397883, 4.923346489667502, 5.15631665006717, 5.438970233978718, 5.887541611280956, 6.343807629730192, 6.806220997108545, 7.273609370865299, 7.663245165022398, 7.795376662830219, 7.956787553501531, 8.18629299039089, 8.13020251830374, 8.249722467047041, 8.48742275602338, 8.749661748757473, 9.214306754767538, 9.68247474689398, 10.13308769770092, 10.577699140439579, 10.96886582934861, 11.394019529351786
29.pdb, 2, 3, 0.5683009428643001, 0.5651041715843613, 1.1858143582641, -, -, -, 1.3266331837489582, 14.77640853952069, , length, 0.7367008460883359, 1.2367008460883357, 1.7367008460883357, 2.2367008460883357, 2.7367008460883357, 3.2367008460883357, 3.7367008460883357, 4.236700846088336, 4.736700846088336, 5.236700846088336, 5.736700846088336, 6.236700846088336, 6.736700846088336, 7.236700846088336, 7.736700846088336, 8.236700846088336, 8.736700846088336, 9.236700846088336, 9.736700846088336, 10.236700846088336, 10.736700846088336, 11.236700846088336, 11.736700846088336, 12.236700846088336, 12.736700846088336, 13.236700846088336, 13.736700846088336, 14.236700846088336, 14.736700846088336, 15.236700846088336, 15.736700846088336, 16.236700846088336
29.pdb, 2, 3, 0.5683009428643001, 0.5651041715843613, 1.1858143582641, -, -, -, 1.3266331837489582, 14.77640853952069, , R, 2.2566474931739124, 2.185790161915855, 2.1917481642774765, 2.1736447148575717, 2.027700183538907, 1.954865548426363, 1.9327618009536296, 1.9235836587215729, 1.9472165502300711, 2.0183667273913226, 2.0539920155133196, 1.9415932461572696, 1.7858322610757102, 1.6939639707573317, 1.5215351488624187, 1.4340994037707915, 1.4401147269385273, 1.5389654751109478, 1.6391127304916406, 1.5412027329276687, 1.532731920547741, 1.6292964350432795, 1.54998150408444, 1.3540334456348886, 1.221024574752055, 1.1872739460665758, 1.2479659218091725, 1.4049947053899714, 1.552392438424765, 1.7585179229804402, 1.9330340153759027, 2.113871842788977
29.pdb, 2, 3, 0.5683009428643001, 0.5651041715843613, 1.1858143582641, -, -, -, 1.3266331837489582, 14.77640853952069, , Upper limit of R overestimation, -, -, -, -, -, -, -, -, -, -, -, -, -, -, -, -, -, -, -, -, -, -, -, -, -, -, -, -, -, -, -, -
30.pdb, 2, 2, 0.6912372298762681, 0.36927220027462065, 1.4566509934595409, -, -, -, 1.227126621824199, 11.947837138992476, , X, 8.974123221779077, 8.76003687341951, 8.637445405803339, 8.557824085759641, 8.58539269217008, 8.633330510229115, 8.736024020057945, 8.895878287998634, 9.063496708349092, 9.292914763311124, 9.698933935335152, 10.142463538641827, 10.585993141948503, 11.02952274525518, 11.417430386657541, 11.705623994411848, 11.993817602166155, 12.282011209920462, 12.198657333641515, 12.023241073905284, 12.071995793924328, 12.447634331818866, 12.859772606169283, 13.271910880519702, 13.684049154870118, 13.717257917844211
30.pdb, 2, 2, 0.6912372298762681, 0.36927220027462065, 1.4566509934595409, -, -, -, 1.227126621824199, 11.947837138992476, , Y, -0.1734904028743113, -0.5375291177434466, -0.8132971837833125, -0.9811006773919456, -1.3212125830163075, -1.701275604963437, -2.0927721786750313, -2.338787751987354, -2.55919616540391, -2.923785328664547, -2.9968222423843884, -2.980294813626726, -2.9637673848690635, -2.947239956111401, -3.0311100495643473, -3.2949637603717425, -3.5588174711791374, -3.822671181986532, -4.0970817306743195, -4.356764127723226, -4.693266295790931, -4.696403456575366, -4.665994431999289, -4.635585407423212, -4.6051763828471355, -4.45516489069939
30.pdb, 2, 2, 0.6912372298762681, 0.36927220027462065, 1.4566509934595409, -, -, -, 1.227126621824199, 11.947837138992476, , Z, 1.2980071591614473, 1.5346314002683197, 1.933283260693359, 2.3664493537316176, 2.7190290374533226, 3.0349984440766624, 3.3268422036290968, 3.723724260111963, 4.140046486823934, 4.270459445643596, 4.454981467526272, 4.685216858136149, 4.915452248746027, 5.145687639355904, 5.405190383244626, 5.717160996833028, 6.02913161042143, 6.341102224009832, 6.458258826923859, 6.745252614533441, 7.108470382763964, 7.399118479440521, 7.6805742202592, 7.962029961077879, 8.243485701896558, 8.644304207089847
30.pdb, 2, 2, 0.6912372298762681, 0.36927220027462065, 1.4566509934595409, -, -, -, 1.227126621824199, 11.947837138992476, , distance, 0.45805156650670537, 0.8219738575113127, 1.3192406606568472, 1.7805132754574586, 2.2525567975548424, 2.7238162187156743, 3.188822346857465, 3.6500582188568425, 4.118975889277069, 4.465052040568437, 4.7084395555908625, 4.972134925670056, 5.2701848534452065, 5.597103809998398, 5.995204662469556, 6.485770713468706, 6.977676156893499, 7.470656420507617, 7.660304706617338, 7.936641620946533, 8.40857643539453, 8.775099547894529, 9.1437189754138, 9.524327867478418, 9.915545670970893, 10.1671951952826
30.pdb, 2, 2, 0.6912372298762681, 0.36927220027462065, 1.4566509934595409, -, -, -, 1.227126621824199, 11.947837138992476, , length, 0.45805156650670537, 0.9580515665067053, 1.4580515665067053, 1.9580515665067053, 2.4580515665067053, 2.9580515665067053, 3.4580515665067053, 3.9580515665067053, 4.458051566506706, 4.958051566506706, 5.458051566506706, 5.958051566506706, 6.458051566506706, 6.958051566506706, 7.458051566506706, 7.958051566506706, 8.458051566506706, 8.958051566506706, 9.458051566506706, 9.958051566506706, 10.458051566506706, 10.958051566506706, 11.458051566506706, 11.958051566506706, 12.458051566506706, 12.958051566506706
30.pdb, 2, 2, 0.6912372298762681, 0.36927220027462065, 1.4566509934595409, -, -, -, 1.227126621824199, 11.947837138992476, , R, 2.1776424977828768, 2.193423961764494, 2.312470231433579, 2.4390890799061182, 2.318003763683592, 2.2399852228115424, 2.1767177068628634, 2.12788186657812, 2.145739611916861, 2.104303655452118, 1.8886605103256955, 1.69105524570722, 1.5706636604642361, 1.5376913275793018, 1.5317981016510867, 1.5022114352769862, 1.564267066276147, 1.7121123238048634, 1.6706994456205415, 1.5153447533865811, 1.4599769487415644, 1.6035658544510178, 1.8367960885832624, 2.1293061539944835, 2.4669372029551413, 2.441931645102227
30.pdb, 2, 2, 0.6912372298762681, 0.36927220027462065, 1.4566509934595409, -, -, -, 1.227126621824199, 11.947837138992476, , Upper limit of R overestimation, -, -, -, -, -, -, -, -, -, -, -, -, -, -, -, -, -, -, -, -, -, -, -, -, -, -
32.pdb, 2, 1, 0.6534370182348241, 0.42550912663758267, 1.5583839231160301, -, -, -, 1.2443497388103943, 13.29314839626348, , X, 8.857229622442098, 8.792752585277935, 8.574956115211318, 8.3571596451447, 8.15594633024298, 8.395443999968402, 8.648779691730859, 8.905283368222328, 9.161787044713797, 9.418290721205267, 9.674794397696736, 10.095196793848578, 10.541183591995088, 10.982545148018108, 11.400456617027562, 11.755030680902122, 12.109604744776682, 12.464178808651242, 12.818752872525803, 13.173326936400363, 13.300123321244069, 13.402573349840496, 13.535132767771787, 13.908223151182984, 14.310901179835323, 14.712994703245739, 15.115088226656155, 15.35973356063236
32.pdb, 2, 1, 0.6534370182348241, 0.42550912663758267, 1.5583839231160301, -, -, -, 1.2443497388103943, 13.29314839626348, , Y, -0.20100199089526324, -0.3806645307893284, -0.7004558061250135, -1.0202470814606985, -1.3460586648992012, -1.7236731222011403, -2.000731702206645, -2.2342566210350205, -2.4677815398633967, -2.7013064586917723, -2.934831377520148, -3.16187667293906, -3.3879105065819113, -3.496976660129352, -3.4067312206227554, -3.531290028715964, -3.6558488368091733, -3.780407644902382, -3.904966452995591, -4.0295252610888, -4.266535314468098, -4.407000072570508, -4.565527210024329, -4.834681618708227, -5.088264733229046, -5.339494727486911, -5.590724721744776, -6.016721882876053
32.pdb, 2, 1, 0.6534370182348241, 0.42550912663758267, 1.5583839231160301, -, -, -, 1.2443497388103943, 13.29314839626348, , Z, 1.0285621661312718, 1.4469148578638458, 1.7636138282532314, 2.080312798642617, 2.3958882639952472, 2.599702700119938, 2.90075142872419, 3.2608513818379885, 3.620951334951787, 3.9810512880655855, 4.341151241179384, 4.391603886809647, 4.393720943195272, 4.463519995373849, 4.6965581417347, 5.026349494795811, 5.356140847856922, 5.6859322009180335, 6.015723553979145, 6.345514907040256, 6.735372294241211, 7.204172511147968, 7.656088188564463, 7.748878575562648, 7.603130577498389, 7.444371992166476, 7.285613406834563, 7.194372344390515
32.pdb, 2, 1, 0.6534370182348241, 0.42550912663758267, 1.5583839231160301, -, -, -, 1.2443497388103943, 13.29314839626348, , distance, 0.2099403046029103, 0.6614812132236317, 1.1326605706736415, 1.6211978723368938, 2.1123814969923855, 2.4411603099629593, 2.8141449626064774, 3.2297208133379787, 3.6664398527254827, 4.117580096998573, 4.578880924062549, 4.851826705305954, 5.129506321866222, 5.406375283720675, 5.6832869272392035, 6.140999931476983, 6.6048474637551315, 7.07362282571985, 7.546407737567403, 8.022493353234358, 8.475211805850764, 8.925833008070164, 9.392844604100373, 9.778583730574006, 10.017598395666672, 10.265296455043194, 10.53092327400505, 10.85130935092928
32.pdb, 2, 1, 0.6534370182348241, 0.42550912663758267, 1.5583839231160301, -, -, -, 1.2443497388103943, 13.29314839626348, , length, 0.2099403046029103, 0.7099403046029102, 1.2099403046029102, 1.7099403046029102, 2.2099403046029105, 2.7099403046029105, 3.2099403046029105, 3.7099403046029105, 4.2099403046029105, 4.7099403046029105, 5.2099403046029105, 5.7099403046029105, 6.2099403046029105, 6.7099403046029105, 7.2099403046029105, 7.7099403046029105, 8.20994030460291, 8.70994030460291, 9.20994030460291, 9.70994030460291, 10.20994030460291, 10.70994030460291, 11.20994030460291, 11.70994030460291, 12.20994030460291, 12.70994030460291, 13.20994030460291, 13.70994030460291
32.pdb, 2, 1, 0.6534370182348241, 0.42550912663758267, 1.5583839231160301, -, -, -, 1.2443497388103943, 13.29314839626348, , R, 1.9647381648648066, 1.9429213538537, 1.9485771467611526, 2.0325100868680392, 2.173606627189402, 1.9747651780171391, 1.7883267539637384, 1.653064180546264, 1.6017590274998306, 1.6389667271804134, 1.7613528171932062, 1.7219239027867095, 1.7292656085026128, 1.7515440940463078, 1.6850048282725092, 1.579717980988882, 1.5623199033620498, 1.63442947401895, 1.7895768325742296, 2.015765668163926, 2.093888850077441, 2.182296015397835, 2.317945844643444, 2.2305788977118137, 2.065993668502302, 1.9648393561105146, 1.9409714512034182, 1.8422897570883399
32.pdb, 2, 1, 0.6534370182348241, 0.42550912663758267, 1.5583839231160301, -, -, -, 1.2443497388103943, 13.29314839626348, , Upper limit of R overestimation, -, -, -, -, -, -, -, -, -, -, -, -, -, -, -, -, -, -, -, -, -, -, -, -, -, -, -, -
32.pdb, 2, 2, 0.6030468639795579, 0.5057603672324578, 1.5583839231160301, -, -, -, 1.2954243920723179, 15.592953486878402, , X, 8.857229622442098, 8.792752585277935, 8.574956115211318, 8.3571596451447, 8.15594633024298, 8.395443999968402, 8.648779691730859, 8.905283368222328, 9.161787044713797, 9.418290721205267, 9.674794397696736, 10.095196793848578, 10.541183591995088, 10.982545148018108, 11.400456617027562, 11.755030680902122, 12.109604744776682, 12.464178808651242, 12.818752872525803, 13.173326936400363, 13.300123321244069, 13.402573349840496, 13.535132767771787, 13.636095655439584, 13.399766526215949, 13.163437396992315, 12.911800067551246, 12.556085296520099, 12.536865785074662, 12.322971189741375, 12.034571019436896, 11.893114543883634, 11.99288121623361
32.pdb, 2, 2, 0.6030468639795579, 0.5057603672324578, 1.5583839231160301, -, -, -, 1.2954243920723179, 15.592953486878402, , Y, -0.20100199089526324, -0.3806645307893284, -0.7004558061250135, -1.0202470814606985, -1.3460586648992012, -1.7236731222011403, -2.000731702206645, -2.2342566210350205, -2.4677815398633967, -2.7013064586917723, -2.934831377520148, -3.16187667293906, -3.3879105065819113, -3.496976660129352, -3.4067312206227554, -3.531290028715964, -3.6558488368091733, -3.780407644902382, -3.904966452995591, -4.0295252610888, -4.266535314468098, -4.407000072570508, -4.565527210024329, -4.543139499596141, -4.638204455043574, -4.733269410491007, -4.8375092723966455, -4.899575287615836, -4.678044100566937, -4.597432776890693, -4.606545173249523, -4.643050400576219, -4.6595994222387755
32.pdb, 2, 2, 0.6030468639795579, 0.5057603672324578, 1.5583839231160301, -, -, -, 1.2954243920723179, 15.592953486878402, , Z, 1.0285621661312718, 1.4469148578638458, 1.7636138282532314, 2.080312798642617, 2.3958882639952472, 2.599702700119938, 2.90075142872419, 3.2608513818379885, 3.620951334951787, 3.9810512880655855, 4.341151241179384, 4.391603886809647, 4.393720943195272, 4.463519995373849, 4.6965581417347, 5.026349494795811, 5.356140847856922, 5.6859322009180335, 6.015723553979145, 6.345514907040256, 6.735372294241211, 7.204172511147968, 7.656088188564463, 8.096792285940937, 8.52703779367597, 8.957283301411001, 9.363587044339981, 9.633706447257794, 9.99360514023629, 10.438297074705956, 10.83201638559446, 11.274014894706895, 11.760601470801765
32.pdb, 2, 2, 0.6030468639795579, 0.5057603672324578, 1.5583839231160301, -, -, -, 1.2954243920723179, 15.592953486878402, , distance, 0.2099403046029103, 0.6614812132236317, 1.1326605706736415, 1.6211978723368938, 2.1123814969923855, 2.4411603099629593, 2.8141449626064774, 3.2297208133379787, 3.6664398527254827, 4.117580096998573, 4.578880924062549, 4.851826705305954, 5.129506321866222, 5.406375283720675, 5.6832869272392035, 6.140999931476983, 6.6048474637551315, 7.07362282571985, 7.546407737567403, 8.022493353234358, 8.475211805850764, 8.925833008070164, 9.392844604100373, 9.75477818607142, 10.010819147767588, 10.28480931078285, 10.554329587729345, 10.672040734859007, 10.867159835636588, 11.141859768639895, 11.40159778819752, 11.766566231278823, 12.230382189793948
32.pdb, 2, 2, 0.6030468639795579, 0.5057603672324578, 1.5583839231160301, -, -, -, 1.2954243920723179, 15.592953486878402, , length, 0.2099403046029103, 0.7099403046029102, 1.2099403046029102, 1.7099403046029102, 2.2099403046029105, 2.7099403046029105, 3.2099403046029105, 3.7099403046029105, 4.2099403046029105, 4.7099403046029105, 5.2099403046029105, 5.7099403046029105, 6.2099403046029105, 6.7099403046029105, 7.2099403046029105, 7.7099403046029105, 8.20994030460291, 8.70994030460291, 9.20994030460291, 9.70994030460291, 10.20994030460291, 10.70994030460291, 11.20994030460291, 11.70994030460291, 12.20994030460291, 12.70994030460291, 13.20994030460291, 13.70994030460291, 14.20994030460291, 14.70994030460291, 15.20994030460291, 15.70994030460291, 16.20994030460291
32.pdb, 2, 2, 0.6030468639795579, 0.5057603672324578, 1.5583839231160301, -, -, -, 1.2954243920723179, 15.592953486878402, , R, 1.9647381648648066, 1.9429213538537, 1.9485771467611526, 2.0325100868680392, 2.173606627189402, 1.9747651780171391, 1.7883267539637384, 1.653064180546264, 1.6017590274998306, 1.6389667271804134, 1.7613528171932062, 1.7219239027867095, 1.7292656085026128, 1.7515440940463078, 1.6850048282725092, 1.579717980988882, 1.5623199033620498, 1.63442947401895, 1.7895768325742296, 2.015765668163926, 2.093888850077441, 2.182296015397835, 2.317945844643444, 2.3071499938623745, 2.0823242134358475, 1.92205115345115, 1.822371816226944, 1.6486344253382856, 1.6711295252472913, 1.6374121425650279, 1.6363013786302598, 1.634432005666859, 1.640878244485268
32.pdb, 2, 2, 0.6030468639795579, 0.5057603672324578, 1.5583839231160301, -, -, -, 1.2954243920723179, 15.592953486878402, , Upper limit of R overestimation, -, -, -, -, -, -, -, -, -, -, -, -, -, -, -, -, -, -, -, -, -, -, -, -, -, -, -, -, -, -, -, -, -
33.pdb, 2, 1, 0.6289994981376709, 0.46362482015535206, 1.2957900920287628, -, -, -, 1.2041079041050835, 12.539129285757433, , X, 8.97025397975199, 8.703411236014597, 8.416804578198473, 8.171799806514764, 8.281313409964667, 8.423404742572705, 8.570846901819419, 8.750874209531576, 8.93466159944689, 9.118448989362205, 9.412746419741515, 9.85881463838628, 10.312903361616588, 10.760015619956848, 11.106499603764021, 11.452983587571197, 11.79946757137837, 12.145951555185544, 12.497448757472437, 12.898424255651436, 13.240021082514197, 13.568081946610631, 13.975743031989609, 14.356229373477328, 14.789573813826722, 15.232548098114894, 15.654968382602215
33.pdb, 2, 1, 0.6289994981376709, 0.46362482015535206, 1.2957900920287628, -, -, -, 1.2041079041050835, 12.539129285757433, , Y, -0.4685000478576504, -0.853428035459918, -1.2224974939737239, -1.372123014795603, -1.4109312192321568, -1.6715216407859665, -1.9408447662246988, -2.258091384708925, -2.5479085521563736, -2.8377257196038226, -3.1290179774972073, -3.1447182397317217, -3.0722858729968325, -3.018167472067529, -3.228209044408191, -3.438250616748853, -3.6482921890895144, -3.8583337614301763, -4.069359237923583, -4.2297528176169275, -4.315242864293011, -4.401511498849673, -4.444644903703649, -4.458019854974328, -4.622173246830883, -4.819063202573791, -5.0816736341043285
33.pdb, 2, 1, 0.6289994981376709, 0.46362482015535206, 1.2957900920287628, -, -, -, 1.2041079041050835, 12.539129285757433, , Z, 1.7704937262449858, 1.9454948533132672, 2.081903359051813, 2.356196159297778, 2.767072783877026, 3.169444111623027, 3.5626284937543287, 3.904314451539502, 4.267946414877234, 4.631578378214965, 4.872051804090454, 5.02660945929876, 5.2229687821847675, 5.4255917751947225, 5.718561717089402, 6.011531658984083, 6.304501600878763, 6.597471542773444, 6.881918343752452, 7.112025443548259, 7.44630864879883, 7.682479350473889, 7.670296308529287, 7.99376373747718, 8.153484401322574, 8.275992069600683, 8.287918655252733
33.pdb, 2, 1, 0.6289994981376709, 0.46362482015535206, 1.2957900920287628, -, -, -, 1.2041079041050835, 12.539129285757433, , distance, 0.994338459744258, 1.3431044575884203, 1.7332091709692203, 2.094792947908067, 2.3966813244891396, 2.839033920844293, 3.2948766635516136, 3.7463277262030945, 4.21017722261805, 4.6814755216262345, 5.072068176930995, 5.27068324212601, 5.488904271891392, 5.754503835308785, 6.212491198841112, 6.6765095222558495, 7.145383957903716, 7.618217928817902, 8.090722559412583, 8.52479980779574, 8.975312196700928, 9.351160515508678, 9.57409453446485, 10.016311691288063, 10.442844456529285, 10.869239277183562, 11.245002021614388
33.pdb, 2, 1, 0.6289994981376709, 0.46362482015535206, 1.2957900920287628, -, -, -, 1.2041079041050835, 12.539129285757433, , length, 0.994338459744258, 1.4943384597442582, 1.9943384597442582, 2.494338459744258, 2.994338459744258, 3.494338459744258, 3.994338459744258, 4.494338459744258, 4.994338459744258, 5.494338459744258, 5.994338459744258, 6.494338459744258, 6.994338459744258, 7.494338459744258, 7.994338459744258, 8.494338459744258, 8.994338459744258, 9.494338459744258, 9.994338459744258, 10.494338459744258, 10.994338459744258, 11.494338459744258, 11.994338459744258, 12.494338459744258, 12.994338459744258, 13.494338459744258, 13.994338459744258
33.pdb, 2, 1, 0.6289994981376709, 0.46362482015535206, 1.2957900920287628, -, -, -, 1.2041079041050835, 12.539129285757433, , R, 1.9301838061538026, 1.9767054116804348, 2.070713757855229, 2.089927294267592, 2.069629127189285, 1.8913587656971942, 1.782374363831724, 1.7256463429932853, 1.747217561830657, 1.8516841562088462, 1.8935529020111133, 1.7088487374110468, 1.5654044926192043, 1.4965571712292591, 1.3494343537421651, 1.2955581480649798, 1.3408670600222858, 1.4803358675806064, 1.6942721274635202, 1.8937556544481071, 2.051686582347269, 2.0358762095391567, 1.9681136076161987, 1.8567422816435728, 1.7348940782065083, 1.6755165587660563, 1.6612331762618193
33.pdb, 2, 1, 0.6289994981376709, 0.46362482015535206, 1.2957900920287628, -, -, -, 1.2041079041050835, 12.539129285757433, , Upper limit of R overestimation, -, -, -, -, -, -, -, -, -, -, -, -, -, -, -, -, -, -, -, -, -, -, -, -, -, -, -
33.pdb, 2, 2, 0.5790815524217465, 0.5463119608583002, 1.2957900920287628, -, -, -, 1.280405985077653, 15.584319630604297, , X, 8.97025397975199, 8.703411236014597, 8.416804578198473, 8.171799806514764, 8.281313409964667, 8.423404742572705, 8.570846901819419, 8.750874209531576, 8.93466159944689, 9.118448989362205, 9.412746419741515, 9.85881463838628, 10.312903361616588, 10.760015619956848, 11.106499603764021, 11.452983587571197, 11.79946757137837, 12.145951555185544, 12.497448757472437, 12.898424255651436, 13.240021082514197, 13.328905279735997, 13.269826722439003, 13.194943758322031, 13.075581247892979, 12.98442077860641, 12.795593209717854, 12.524379285876885, 12.253165362035915, 11.916822416726326, 11.982838207579087, 12.19255455108584, 12.336493497945884
33.pdb, 2, 2, 0.5790815524217465, 0.5463119608583002, 1.2957900920287628, -, -, -, 1.280405985077653, 15.584319630604297, , Y, -0.4685000478576504, -0.853428035459918, -1.2224974939737239, -1.372123014795603, -1.4109312192321568, -1.6715216407859665, -1.9408447662246988, -2.258091384708925, -2.5479085521563736, -2.8377257196038226, -3.1290179774972073, -3.1447182397317217, -3.0722858729968325, -3.018167472067529, -3.228209044408191, -3.438250616748853, -3.6482921890895144, -3.8583337614301763, -4.069359237923583, -4.2297528176169275, -4.315242864293011, -4.406367478670052, -4.439368478945897, -4.444622953886997, -4.307035575205411, -4.152616532897846, -4.081514107197294, -4.0806927933265404, -4.079871479455786, -4.157390804896603, -4.287162625307836, -4.451577266328996, -4.632271361751737
33.pdb, 2, 2, 0.5790815524217465, 0.5463119608583002, 1.2957900920287628, -, -, -, 1.280405985077653, 15.584319630604297, , Z, 1.7704937262449858, 1.9454948533132672, 2.081903359051813, 2.356196159297778, 2.767072783877026, 3.169444111623027, 3.5626284937543287, 3.904314451539502, 4.267946414877234, 4.631578378214965, 4.872051804090454, 5.02660945929876, 5.2229687821847675, 5.4255917751947225, 5.718561717089402, 6.011531658984083, 6.304501600878763, 6.597471542773444, 6.881918343752452, 7.112025443548259, 7.44630864879883, 7.894550500492682, 8.389949993880089, 8.881874622344078, 9.342692168328885, 9.80943034783884, 10.250843488893937, 10.670893882249675, 11.090944275605414, 11.445992738139083, 11.857381089183459, 12.275852735612496, 12.700917139924552
33.pdb, 2, 2, 0.5790815524217465, 0.5463119608583002, 1.2957900920287628, -, -, -, 1.280405985077653, 15.584319630604297, , distance, 0.994338459744258, 1.3431044575884203, 1.7332091709692203, 2.094792947908067, 2.3966813244891396, 2.839033920844293, 3.2948766635516136, 3.7463277262030945, 4.21017722261805, 4.6814755216262345, 5.072068176930995, 5.27068324212601, 5.488904271891392, 5.754503835308785, 6.212491198841112, 6.6765095222558495, 7.145383957903716, 7.618217928817902, 8.090722559412583, 8.52479980779574, 8.975312196700928, 9.392745740455462, 9.756642413069502, 10.110562751002611, 10.373620832119526, 10.662627678379527, 10.939774676646115, 11.21007785198412, 11.495782744959223, 11.74704770139951, 12.179997580077591, 12.668675644979531, 13.151908652248709
33.pdb, 2, 2, 0.5790815524217465, 0.5463119608583002, 1.2957900920287628, -, -, -, 1.280405985077653, 15.584319630604297, , length, 0.994338459744258, 1.4943384597442582, 1.9943384597442582, 2.494338459744258, 2.994338459744258, 3.494338459744258, 3.994338459744258, 4.494338459744258, 4.994338459744258, 5.494338459744258, 5.994338459744258, 6.494338459744258, 6.994338459744258, 7.494338459744258, 7.994338459744258, 8.494338459744258, 8.994338459744258, 9.494338459744258, 9.994338459744258, 10.494338459744258, 10.994338459744258, 11.494338459744258, 11.994338459744258, 12.494338459744258, 12.994338459744258, 13.494338459744258, 13.994338459744258, 14.494338459744258, 14.994338459744258, 15.494338459744258, 15.994338459744258, 16.494338459744256, 16.994338459744256
33.pdb, 2, 2, 0.5790815524217465, 0.5463119608583002, 1.2957900920287628, -, -, -, 1.280405985077653, 15.584319630604297, , R, 1.9301838061538026, 1.9767054116804348, 2.070713757855229, 2.089927294267592, 2.069629127189285, 1.8913587656971942, 1.782374363831724, 1.7256463429932853, 1.747217561830657, 1.8516841562088462, 1.8935529020111133, 1.7088487374110468, 1.5654044926192043, 1.4965571712292591, 1.3494343537421651, 1.2955581480649798, 1.3408670600222858, 1.4803358675806064, 1.6942721274635202, 1.8937556544481071, 2.051686582347269, 1.9989093833809124, 1.855407797070454, 1.770360083690757, 1.6547470651595424, 1.5958364414050672, 1.5237581157646616, 1.4541371828897989, 1.4776911879457904, 1.5016042709912425, 1.540610658610958, 1.5876740079250704, 1.651935621963512
33.pdb, 2, 2, 0.5790815524217465, 0.5463119608583002, 1.2957900920287628, -, -, -, 1.280405985077653, 15.584319630604297, , Upper limit of R overestimation, -, -, -, -, -, -, -, -, -, -, -, -, -, -, -, -, -, -, -, -, -, -, -, -, -, -, -, -, -, -, -, -, -
35.pdb, 2, 1, 0.5428030877069596, 0.6110086625575735, 1.23888577231257, -, -, -, 1.2319580365687004, 16.568718425024898, , X, 8.817677037772096, 8.781505549845413, 8.658665190374, 8.421642089860907, 8.202600179048643, 7.98355826823638, 7.804966650758548, 7.704845040853049, 7.863102473433094, 8.067678929964778, 8.272255386496463, 8.476831843028146, 8.700710340864209, 9.114834280879423, 9.602233205108677, 9.94174806550913, 10.344808244446503, 10.747868423383874, 11.150928602321246, 11.56086725782681, 11.984540588383554, 12.410120782127073, 12.7894902327897, 12.996489231590635, 13.214203340469304, 13.661054769802048, 14.12742970436448, 14.561022460149, 14.986788310787686, 15.410492204223559, 15.834196097659433, 16.224378089248642, 16.691849918812682, 17.166649639014572, 17.613628665881222
35.pdb, 2, 1, 0.5428030877069596, 0.6110086625575735, 1.23888577231257, -, -, -, 1.2319580365687004, 16.568718425024898, , Y, 0.43977251529735106, 0.18358013615949106, -0.0820627546366275, -0.3960946381521481, -0.7253892359916848, -1.0546838338312214, -1.2622716823399938, -1.431954009562976, -1.7559212663031722, -1.971805718178027, -2.1876901700528815, -2.4035746219277363, -2.6576873451059067, -2.801815430013348, -2.9000811941210887, -3.1865116011446855, -3.3613210257650805, -3.536130450385475, -3.71093987500587, -3.8316860188658572, -3.987792981030838, -4.139556281460239, -3.9902803684548918, -4.251937873050585, -4.499531076643255, -4.569062251396213, -4.6514153107262555, -4.851586265869806, -4.986352273782477, -5.118442666398348, -5.250533059014219, -5.33809300577369, -5.493024694231623, -5.6102608416795965, -5.646545518771647
35.pdb, 2, 1, 0.5428030877069596, 0.6110086625575735, 1.23888577231257, -, -, -, 1.2319580365687004, 16.568718425024898, , Z, 0.13428746764706528, 0.5612916686295907, 0.9147404855159218, 1.2210671801303683, 1.526984994488098, 1.8329028088458275, 2.2259178537915263, 2.649969176161768, 2.954988049546019, 3.3569113965559105, 3.758834743565802, 4.160758090575693, 4.528466103408106, 4.6663262868528985, 4.719110074747373, 4.824962351975524, 5.063675898342001, 5.302389444708478, 5.541102991074956, 5.800502324912329, 6.012146269217603, 6.2123471420314464, 6.501437196760671, 6.838867214960984, 7.157895953632332, 7.110641061019946, 7.022617596716185, 7.025155454675737, 7.249261737236265, 7.479537960207431, 7.709814183178597, 7.917089956211378, 8.003497481784235, 8.087737596198789, 8.28696034535222
35.pdb, 2, 1, 0.5428030877069596, 0.6110086625575735, 1.23888577231257, -, -, -, 1.2319580365687004, 16.568718425024898, , distance, 0.8920276994786541, 0.4021005154409786, 0.20225275106833476, 0.6493468520659482, 1.1381101353039784, 1.633688472712996, 2.0924175773518505, 2.522724392433553, 2.862803004095362, 3.232143602816106, 3.6328863866342873, 4.055733562151289, 4.487654586944992, 4.6881828047627465, 4.839552382221512, 5.1552747365770015, 5.539230187973271, 5.940478477456148, 6.355745275487764, 6.769945100965795, 7.1859039033059116, 7.602323224877439, 7.912958068332502, 8.385965330263568, 8.84425474939169, 9.074466878665012, 9.311505789677227, 9.662928395954147, 10.125719162004573, 10.593155898987366, 11.063440479919212, 11.480107103737026, 11.907351617468878, 12.32672273824708, 12.76314048655312
35.pdb, 2, 1, 0.5428030877069596, 0.6110086625575735, 1.23888577231257, -, -, -, 1.2319580365687004, 16.568718425024898, , length, 0.8920276994786541, 1.3920276994786542, 1.8920276994786542, 2.3920276994786542, 2.8920276994786542, 3.3920276994786542, 3.8920276994786542, 4.392027699478654, 4.892027699478654, 5.392027699478654, 5.892027699478654, 6.392027699478654, 6.892027699478654, 7.392027699478654, 7.892027699478654, 8.392027699478653, 8.892027699478653, 9.392027699478653, 9.892027699478653, 10.392027699478653, 10.892027699478653, 11.392027699478653, 11.892027699478653, 12.392027699478653, 12.892027699478653, 13.392027699478653, 13.892027699478653, 14.392027699478653, 14.892027699478653, 15.392027699478653, 15.892027699478653, 16.392027699478653, 16.892027699478653, 17.392027699478653, 17.892027699478653
35.pdb, 2, 1, 0.5428030877069596, 0.6110086625575735, 1.23888577231257, -, -, -, 1.2319580365687004, 16.568718425024898, , R, 1.939316262529527, 1.872375527663695, 1.8218273796804312, 1.7643691026962187, 1.7711513149003564, 1.8607182318939863, 1.9714167622698604, 2.067425275387439, 1.9780476735976273, 1.909599616265646, 1.920774348026401, 2.010740613802331, 2.1561609023992947, 2.0523594792033792, 1.8937057363947714, 1.712321077704978, 1.4865922443444985, 1.3404609257178792, 1.2879922714563807, 1.3212278192575464, 1.425588047960513, 1.6036222155688422, 1.7733553766741739, 1.8200002490254883, 1.8198510752645116, 1.8394810869204272, 1.780174469314581, 1.6475983100074811, 1.4837511123053353, 1.404118716076438, 1.4192267068810709, 1.3640428794296915, 1.2873698408400653, 1.286379297566014, 1.2419565160391628
35.pdb, 2, 1, 0.5428030877069596, 0.6110086625575735, 1.23888577231257, -, -, -, 1.2319580365687004, 16.568718425024898, , Upper limit of R overestimation, -, -, -, -, -, -, -, -, -, -, -, -, -, -, -, -, -, -, -, -, -, -, -, -, -, -, -, -, -, -, -, -, -, -, -
36.pdb, 2, 1, 0.6732750309126261, 0.3956013687574579, 1.6051259734743557, -, -, -, 1.187172585335591, 11.233935330246261, , X, 8.460195290609095, 8.369152160778324, 8.224697217265936, 8.080242273753548, 7.952677246327148, 7.824467085262775, 7.860098628737574, 8.053180064294365, 8.26090707534382, 8.497348937889608, 8.811322471656307, 9.125296005423005, 9.391600581648094, 9.57931304463259, 9.843713130236036, 10.161386072450181, 10.624695723205917, 11.088005373961655, 11.551315024717393, 12.015124044618416, 12.497409494757763, 12.756090797856578, 13.011133935673207, 13.266177073489835
36.pdb, 2, 1, 0.6732750309126261, 0.3956013687574579, 1.6051259734743557, -, -, -, 1.187172585335591, 11.233935330246261, , Y, 0.5948843585837991, 0.20203401153437403, -0.15809891154071354, -0.518231834615801, -0.83850959597629, -1.1126519435462356, -1.455991535434272, -1.6221377360073104, -1.7017018699871296, -1.821366786570613, -2.0493060117614474, -2.2772452369522815, -2.5688124965446324, -2.9824814246917253, -3.3751315600336667, -3.5157250713630006, -3.569558856252804, -3.6233926411426074, -3.677226426032411, -3.731293574157689, -3.7939950553833177, -4.171028628853559, -4.553176562322114, -4.935324495790668
36.pdb, 2, 1, 0.6732750309126261, 0.3956013687574579, 1.6051259734743557, -, -, -, 1.187172585335591, 11.233935330246261, , Z, 0.2917733677559938, 0.42535968541244684, 0.7406960883414868, 1.056032491270527, 1.4106474101303936, 1.8086525958612918, 2.1322899446451267, 2.533744880988762, 2.981538402005426, 3.393544922485044, 3.70892458212316, 4.024304241761277, 4.268087127896499, 4.4769939232046685, 4.617324421209956, 4.854970327465955, 5.035098312856997, 5.215226298248038, 5.3953542836390795, 5.57379617491121, 5.689853354077344, 5.885824382886599, 6.083095654992704, 6.280366927098809
36.pdb, 2, 1, 0.6732750309126261, 0.3956013687574579, 1.6051259734743557, -, -, -, 1.187172585335591, 11.233935330246261, , distance, 0.9611162075474825, 0.7099613818820645, 0.6501344923634353, 0.9172265546512667, 1.3064513185869595, 1.7445889669554837, 2.1265045362804575, 2.4166818487802177, 2.7378228323187868, 3.0962931658150663, 3.4649212611999327, 3.863201693408924, 4.255873607578072, 4.696405270937648, 5.097783094504223, 5.431860406822034, 5.724779020169092, 6.044922016067332, 6.388197674689075, 6.750263529662648, 7.100428293809307, 7.566371806115191, 8.037911803481364, 8.512700512335389
36.pdb, 2, 1, 0.6732750309126261, 0.3956013687574579, 1.6051259734743557, -, -, -, 1.187172585335591, 11.233935330246261, , length, 0.9611162075474825, 1.4611162075474824, 1.9611162075474824, 2.4611162075474824, 2.9611162075474824, 3.4611162075474824, 3.9611162075474824, 4.461116207547482, 4.961116207547482, 5.461116207547482, 5.961116207547482, 6.461116207547482, 6.961116207547482, 7.461116207547482, 7.961116207547482, 8.461116207547482, 8.961116207547482, 9.461116207547482, 9.961116207547482, 10.461116207547482, 10.961116207547482, 11.461116207547482, 11.961116207547482, 12.461116207547482
36.pdb, 2, 1, 0.6732750309126261, 0.3956013687574579, 1.6051259734743557, -, -, -, 1.187172585335591, 11.233935330246261, , R, 1.8516305820080536, 1.7311828653492498, 1.6268583722112167, 1.60898976910993, 1.6479496644238363, 1.755708611613762, 1.8043285762675831, 1.7203257655292432, 1.6757683396025917, 1.6977859981588381, 1.7520842390485407, 1.887464820488194, 1.99934320994548, 2.0453892214839335, 2.0766655838913985, 2.006566828283847, 1.8220982797931018, 1.7127453031816067, 1.6870560073688556, 1.7463088673572875, 1.8541655818795297, 1.7531205922943573, 1.730080763617338, 1.7916258673182643
36.pdb, 2, 1, 0.6732750309126261, 0.3956013687574579, 1.6051259734743557, -, -, -, 1.187172585335591, 11.233935330246261, , Upper limit of R overestimation, -, -, -, -, -, -, -, -, -, -, -, -, -, -, -, -, -, -, -, -, -, -, -, -
36.pdb, 2, 3, 0.5270270187883925, 0.6405034627068042, 1.0568012296125235, -, -, -, 1.2320235485419728, 14.18287621490648, , X, 8.460195290609095, 8.369152160778324, 8.224697217265936, 8.080242273753548, 7.952677246327148, 7.824467085262775, 7.860098628737574, 8.053180064294365, 8.26090707534382, 8.497348937889608, 8.811322471656307, 9.125296005423005, 9.391600581648094, 9.57931304463259, 9.843713130236036, 10.161386072450181, 10.624695723205917, 11.088005373961655, 11.551315024717393, 12.015124044618416, 12.497409494757763, 12.756090797856578, 13.011133935673207, 13.266177073489835, 13.552250700127548, 13.743151470265666, 13.947424073912005, 14.175297421236424, 14.403170768560845, 14.631044115885263
36.pdb, 2, 3, 0.5270270187883925, 0.6405034627068042, 1.0568012296125235, -, -, -, 1.2320235485419728, 14.18287621490648, , Y, 0.5948843585837991, 0.20203401153437403, -0.15809891154071354, -0.518231834615801, -0.83850959597629, -1.1126519435462356, -1.455991535434272, -1.6221377360073104, -1.7017018699871296, -1.821366786570613, -2.0493060117614474, -2.2772452369522815, -2.5688124965446324, -2.9824814246917253, -3.3751315600336667, -3.5157250713630006, -3.569558856252804, -3.6233926411426074, -3.677226426032411, -3.731293574157689, -3.7939950553833177, -4.171028628853559, -4.553176562322114, -4.935324495790668, -5.284279291373733, -5.712205566786265, -6.143676849026965, -6.581404924506769, -7.019132999986574, -7.456861075466378
36.pdb, 2, 3, 0.5270270187883925, 0.6405034627068042, 1.0568012296125235, -, -, -, 1.2320235485419728, 14.18287621490648, , Z, 0.2917733677559938, 0.42535968541244684, 0.7406960883414868, 1.056032491270527, 1.4106474101303936, 1.8086525958612918, 2.1322899446451267, 2.533744880988762, 2.981538402005426, 3.393544922485044, 3.70892458212316, 4.024304241761277, 4.268087127896499, 4.4769939232046685, 4.617324421209956, 4.854970327465955, 5.035098312856997, 5.215226298248038, 5.3953542836390795, 5.57379617491121, 5.689853354077344, 5.885824382886599, 6.083095654992704, 6.280366927098809, 6.289717339577918, 6.11525817882036, 5.974808954641749, 5.8943858888216045, 5.813962823001461, 5.733539757181317
36.pdb, 2, 3, 0.5270270187883925, 0.6405034627068042, 1.0568012296125235, -, -, -, 1.2320235485419728, 14.18287621490648, , distance, 0.9611162075474825, 0.7099613818820645, 0.6501344923634353, 0.9172265546512667, 1.3064513185869595, 1.7445889669554837, 2.1265045362804575, 2.4166818487802177, 2.7378228323187868, 3.0962931658150663, 3.4649212611999327, 3.863201693408924, 4.255873607578072, 4.696405270937648, 5.097783094504223, 5.431860406822034, 5.724779020169092, 6.044922016067332, 6.388197674689075, 6.750263529662648, 7.100428293809307, 7.566371806115191, 8.037911803481364, 8.512700512335389, 8.87099496599467, 9.127680139028366, 9.431847582858106, 9.799588214199158, 10.178610391869602, 10.567700310430864
36.pdb, 2, 3, 0.5270270187883925, 0.6405034627068042, 1.0568012296125235, -, -, -, 1.2320235485419728, 14.18287621490648, , length, 0.9611162075474825, 1.4611162075474824, 1.9611162075474824, 2.4611162075474824, 2.9611162075474824, 3.4611162075474824, 3.9611162075474824, 4.461116207547482, 4.961116207547482, 5.461116207547482, 5.961116207547482, 6.461116207547482, 6.961116207547482, 7.461116207547482, 7.961116207547482, 8.461116207547482, 8.961116207547482, 9.461116207547482, 9.961116207547482, 10.461116207547482, 10.961116207547482, 11.461116207547482, 11.961116207547482, 12.461116207547482, 12.961116207547482, 13.461116207547482, 13.961116207547482, 14.461116207547482, 14.961116207547482, 15.461116207547482
36.pdb, 2, 3, 0.5270270187883925, 0.6405034627068042, 1.0568012296125235, -, -, -, 1.2320235485419728, 14.18287621490648, , R, 1.8516305820080536, 1.7311828653492498, 1.6268583722112167, 1.60898976910993, 1.6479496644238363, 1.755708611613762, 1.8043285762675831, 1.7203257655292432, 1.6757683396025917, 1.6977859981588381, 1.7520842390485407, 1.887464820488194, 1.99934320994548, 2.0453892214839335, 2.0766655838913985, 2.006566828283847, 1.8220982797931018, 1.7127453031816067, 1.6870560073688556, 1.7463088673572875, 1.8541655818795297, 1.7531205922943573, 1.730080763617338, 1.7916258673182643, 1.707524247763044, 1.4118871463544627, 1.1921216825254823, 1.0757586325125528, 1.0662543023461117, 1.1648974126479825
36.pdb, 2, 3, 0.5270270187883925, 0.6405034627068042, 1.0568012296125235, -, -, -, 1.2320235485419728, 14.18287621490648, , Upper limit of R overestimation, -, -, -, -, -, -, -, -, -, -, -, -, -, -, -, -, -, -, -, -, -, -, -, -, -, -, -, -, -, -
36.pdb, 2, 4, 0.4722039477185778, 0.7503442940976116, 0.9351316250713355, -, -, -, 1.2362020664709927, 15.916737818080069, , X, 8.460195290609095, 8.299941781696505, 8.240719613418518, 8.195955611601768, 8.151191609785018, 8.106427607968268, 8.178393146277209, 8.386112106371192, 8.606909271138896, 8.8433685678712, 9.093477774392962, 9.320011036119608, 9.519114469914891, 9.650942912765755, 9.759181759619217, 10.063356884907174, 10.500211371014572, 10.933571879348023, 11.330247842585118, 11.726923805822214, 12.101880447517242, 12.432138863892787, 12.751216066369045, 12.925803855026743, 13.100391643684443, 13.27497943234214, 13.408670094444457, 13.22054113147037, 13.124967129699805, 12.956460450166066, 12.78795377063233, 12.619447091098593, 12.450940411564856, 12.293760512843305
36.pdb, 2, 4, 0.4722039477185778, 0.7503442940976116, 0.9351316250713355, -, -, -, 1.2362020664709927, 15.916737818080069, , Y, 0.5948843585837991, 0.3863284656971389, 0.36244324136651296, 0.36821001062306263, 0.3739767798796123, 0.37974354913616204, 0.22068179964439733, 0.023799911567356016, -0.1366806950294796, -0.18854876622527308, -0.2508772277963779, -0.6429804626607563, -0.9778612725912406, -1.2672924521414362, -1.6129209591485139, -1.7469945662776478, -1.7024078295935041, -1.6880196534580618, -1.9906971623291176, -2.2933746712001732, -2.6135042247991764, -2.939745269293069, -3.060741510068872, -3.2906469887002032, -3.520552467331534, -3.7504579459628644, -3.9035197521906144, -4.006204234397828, -4.310640786520796, -4.591153290944792, -4.871665795368788, -5.1521782997927845, -5.43269080421678, -5.620765666565569
36.pdb, 2, 4, 0.4722039477185778, 0.7503442940976116, 0.9351316250713355, -, -, -, 1.2362020664709927, 15.916737818080069, , Z, 0.2917733677559938, 0.7166068946883162, 1.2040484367566113, 1.702007198617161, 2.199965960477711, 2.6979247223382603, 3.106531831851691, 3.5148416577612824, 3.933762398399479, 4.345275067449323, 4.671232211815581, 4.883217434273132, 5.174196410508811, 5.560008351692205, 5.877752511162206, 6.093399030225617, 6.332501896958119, 6.548015059350506, 6.515851324904163, 6.483687590457818, 6.428569251184775, 6.3402686311384375, 6.633242479866696, 7.041485758987019, 7.449729038107341, 7.857972317227663, 8.272533902702206, 8.601793278210298, 8.97107586650883, 9.349121146619947, 9.727166426731062, 10.105211706842178, 10.483256986953293, 10.895940000371546
36.pdb, 2, 4, 0.4722039477185778, 0.7503442940976116, 0.9351316250713355, -, -, -, 1.2362020664709927, 15.916737818080069, , distance, 0.9611162075474825, 0.7309100654211665, 0.8192004304536521, 1.1463822890171667, 1.5675762692414774, 2.024944040512186, 2.354390273934266, 2.6880135686831217, 3.075154575613878, 3.478034559266622, 3.8137973541393966, 4.0818475569593735, 4.450473164473146, 4.90738482673403, 5.31971977228096, 5.6197745347672585, 5.935964653897122, 6.261282370008619, 6.459143948865008, 6.688604053712415, 6.9242860745841055, 7.1411090885015565, 7.575091364858053, 8.066996986226478, 8.559840627349736, 9.053469100597136, 9.50174274953196, 9.715330863901176, 10.094675413153114, 10.450905219916455, 10.818519683137616, 11.196397472097669, 11.583534200405076, 11.967979021151908
36.pdb, 2, 4, 0.4722039477185778, 0.7503442940976116, 0.9351316250713355, -, -, -, 1.2362020664709927, 15.916737818080069, , length, 0.9611162075474825, 1.4611162075474824, 1.9611162075474824, 2.4611162075474824, 2.9611162075474824, 3.4611162075474824, 3.9611162075474824, 4.461116207547482, 4.961116207547482, 5.461116207547482, 5.961116207547482, 6.461116207547482, 6.961116207547482, 7.461116207547482, 7.961116207547482, 8.461116207547482, 8.961116207547482, 9.461116207547482, 9.961116207547482, 10.461116207547482, 10.961116207547482, 11.461116207547482, 11.961116207547482, 12.461116207547482, 12.961116207547482, 13.461116207547482, 13.961116207547482, 14.461116207547482, 14.961116207547482, 15.461116207547482, 15.961116207547482, 16.461116207547484, 16.961116207547484, 17.461116207547484
36.pdb, 2, 4, 0.4722039477185778, 0.7503442940976116, 0.9351316250713355, -, -, -, 1.2362020664709927, 15.916737818080069, , R, 1.8516305820080554, 1.6838195071614048, 1.5330893315314362, 1.4597398282111993, 1.4793011427263874, 1.589819577151345, 1.6006558029222966, 1.5595373856342511, 1.6089775743381656, 1.7361897985155303, 1.8511081157270344, 1.9251994732882933, 1.985867783273042, 2.0379301872310274, 2.1413092479971123, 2.0731827525067654, 1.9721923046170493, 1.9311800136375175, 1.7859838374055326, 1.7202586660587273, 1.7270354950625746, 1.7891792280885939, 1.745609127635799, 1.5593159211823402, 1.4553786119816057, 1.4435292306022218, 1.4942774963308236, 1.251503212408825, 1.088871855712705, 0.9595790813072409, 0.9421085978460428, 1.039079427245057, 1.2368676857921856, 1.43638180817749
36.pdb, 2, 4, 0.4722039477185778, 0.7503442940976116, 0.9351316250713355, -, -, -, 1.2362020664709927, 15.916737818080069, , Upper limit of R overestimation, -, -, -, -, -, -, -, -, -, -, -, -, -, -, -, -, -, -, -, -, -, -, -, -, -, -, -, -, -, -, -, -, -, -
37.pdb, 2, 1, 0.6812892385524209, 0.38376833678826394, 1.7985000193984602, -, -, -, 1.2704616210526325, 13.290711743740044, , X, 8.862655499943575, 8.768398320127828, 8.872414937010582, 8.982643612137455, 9.185695431981893, 9.450164535143491, 9.71463363830509, 9.979102741466688, 10.364554085450445, 10.817587375151248, 11.270620664852052, 11.65891238088975, 12.048255207633666, 12.452019995179516, 12.855784782725367, 13.08877448984419, 13.262163859397146, 13.4464418144773, 13.630719769557452, 13.814997724637603, 13.999275679717755, 14.108587983398655, 14.032633076254927, 13.894959321389724, 13.757285566524521, 13.478444138323288, 13.095305000120835, 12.71216586191838
37.pdb, 2, 1, 0.6812892385524209, 0.38376833678826394, 1.7985000193984602, -, -, -, 1.2704616210526325, 13.290711743740044, , Y, -0.6021437555625587, -0.8643321753093963, -1.2215117019990687, -1.579754171783887, -1.9416748905127772, -2.0430693950220866, -2.1444638995313965, -2.245858404040706, -2.4178560136073424, -2.6292932564706804, -2.8407304993340183, -3.1386515264786894, -3.2970522269924514, -3.4018708862841933, -3.506689545575935, -3.298080513321075, -3.41438824078528, -3.617962120552935, -3.8215360003205907, -4.025109880088246, -4.228683759855902, -4.475238345726472, -4.612161402655044, -4.680057400447001, -4.747953398238957, -4.672983732557553, -4.694444231108653, -4.715904729659753
37.pdb, 2, 1, 0.6812892385524209, 0.38376833678826394, 1.7985000193984602, -, -, -, 1.2704616210526325, 13.290711743740044, , Z, 2.272726884876357, 2.675360343605144, 3.0094311880768037, 3.3390504624929873, 3.6104665607946806, 4.022504481292554, 4.434542401790427, 4.8465803222882995, 4.999019759949833, 5.006444768584031, 5.013869777218229, 5.026926627153195, 5.251309333071796, 5.526966810754402, 5.802624288437008, 6.15616058869782, 6.56678925511068, 6.984640078668349, 7.402490902226017, 7.820341725783685, 8.238192549341353, 8.639260895392887, 9.097905391388755, 9.573758384134573, 10.049611376880389, 10.446275119635605, 10.766811931529993, 11.087348743424382
37.pdb, 2, 1, 0.6812892385524209, 0.38376833678826394, 1.7985000193984602, -, -, -, 1.2704616210526325, 13.290711743740044, , distance, 1.5029028131496214, 1.9771623185564264, 2.4329929459484947, 2.9004311318681832, 3.3388543764846816, 3.769937291130023, 4.216266809718598, 4.673476697536482, 4.987229249890419, 5.248518769462633, 5.542692753151718, 5.882160362921759, 6.312685271911544, 6.765515601559595, 7.224569701212913, 7.505546958428225, 7.944032296036876, 8.432513798009937, 8.922271503758388, 9.413106215268687, 9.904857820942256, 10.364787490235711, 10.733160595201674, 11.066784172873577, 11.412567086135365, 11.59025439693666, 11.720851915674807, 11.871088504119829
37.pdb, 2, 1, 0.6812892385524209, 0.38376833678826394, 1.7985000193984602, -, -, -, 1.2704616210526325, 13.290711743740044, , length, 1.5029028131496214, 2.002902813149621, 2.502902813149621, 3.002902813149621, 3.502902813149621, 4.002902813149621, 4.502902813149621, 5.002902813149621, 5.502902813149621, 6.002902813149621, 6.502902813149621, 7.002902813149621, 7.502902813149621, 8.002902813149621, 8.502902813149621, 9.002902813149621, 9.502902813149621, 10.002902813149621, 10.502902813149621, 11.002902813149621, 11.502902813149621, 12.002902813149621, 12.502902813149621, 13.002902813149621, 13.502902813149621, 14.002902813149621, 14.502902813149621, 15.002902813149621
37.pdb, 2, 1, 0.6812892385524209, 0.38376833678826394, 1.7985000193984602, -, -, -, 1.2704616210526325, 13.290711743740044, , R, 2.0395010895528634, 2.1163005551060765, 2.0501357992235265, 2.0529983374399627, 2.0257792641159194, 2.0250586452402404, 2.100962688319484, 2.2484353080949573, 2.2112230017947194, 2.1020095006084114, 2.0665105412722973, 2.0450476115644234, 1.9675521051012896, 1.948394748847411, 2.0080200514660573, 2.0506145529870325, 1.9323050666681654, 1.825804436322738, 1.7999416566102873, 1.8567642040662846, 1.9918591534490206, 2.114882265231109, 2.0774762467062153, 2.0401988066457717, 2.0796228541486155, 2.0361128333297653, 1.9325286437410696, 1.9069350069924107
37.pdb, 2, 1, 0.6812892385524209, 0.38376833678826394, 1.7985000193984602, -, -, -, 1.2704616210526325, 13.290711743740044, , Upper limit of R overestimation, -, -, -, -, -, -, -, -, -, -, -, -, -, -, -, -, -, -, -, -, -, -, -, -, -, -, -, -
38.pdb, 2, 4, 0.4891496581493311, 0.7150867869456897, 0.9480771210648171, -, -, -, 1.3285189615823978, 12.229039500129243, , X, 8.350121450888917, 8.081384108741991, 7.908258459593988, 8.013726502887902, 8.124920279515669, 8.239508876819203, 8.354097474122737, 8.473826466421214, 8.65065002133214, 8.923792801819765, 9.368958825252813, 9.818684387542447, 10.291892927870727, 10.767178141647776, 11.222324017982961, 11.623505627278389, 12.024687236573818, 12.425868845869246, 12.747047228645167, 12.85247535213801, 13.093554485253293, 13.334633618368576, 13.621763919069204, 13.951116329632425, 14.287599602107795, 14.624082874583163
38.pdb, 2, 4, 0.4891496581493311, 0.7150867869456897, 0.9480771210648171, -, -, -, 1.3285189615823978, 12.229039500129243, , Y, -1.1850671194875755, -1.5077415229969773, -1.8373655221077458, -2.101602611324821, -2.338782848915221, -2.555685159406413, -2.7725874698976054, -2.9968337635805353, -3.2902392925400834, -3.674377013305159, -3.9020266378789885, -4.115161805877094, -4.065341875881857, -3.9887095184337484, -3.9788445534166086, -4.147885841154491, -4.316927128892375, -4.485968416630258, -4.712812283214481, -5.117039321598026, -5.391621292582804, -5.666203263567582, -5.988474266339596, -6.351802682047746, -6.7215828348207065, -7.0913629875936675
38.pdb, 2, 4, 0.4891496581493311, 0.7150867869456897, 0.9480771210648171, -, -, -, 1.3285189615823978, 12.229039500129243, , Z, 1.6444777292463648, 1.9158841961104722, 2.1965844148252125, 2.603809817536855, 3.0291586168006748, 3.464845248534529, 3.9005318802683826, 4.330610748880361, 4.567583384566578, 4.411617721236409, 4.409926564176383, 4.375868702716451, 4.491656134300632, 4.626680011288553, 4.7918433747383755, 5.037766857559859, 5.283690340381343, 5.529613823202825, 5.778159702551196, 5.87305155240749, 5.531751694824019, 5.190451837240548, 4.950148903070229, 4.8955032704694466, 4.889049902397459, 4.882596534325472
38.pdb, 2, 4, 0.4891496581493311, 0.7150867869456897, 0.9480771210648171, -, -, -, 1.3285189615823978, 12.229039500129243, , distance, 1.4533520550787216, 1.9436346616525442, 2.4087769573835276, 2.804873151978092, 3.2205133754515813, 3.650079473271947, 4.095662818267623, 4.552587876174988, 4.911839894991416, 5.058273522789783, 5.246830256833105, 5.443827088713089, 5.585291771811661, 5.759885646722064, 6.0262058279621575, 6.458898814457049, 6.900694972959195, 7.349952947077545, 7.800941513083361, 8.157745015351793, 8.251408815961955, 8.373929254583677, 8.629797483962754, 9.039682280172157, 9.486497413224871, 9.93838068378274
38.pdb, 2, 4, 0.4891496581493311, 0.7150867869456897, 0.9480771210648171, -, -, -, 1.3285189615823978, 12.229039500129243, , length, 1.4533520550787216, 1.9533520550787216, 2.453352055078722, 2.953352055078722, 3.453352055078722, 3.953352055078722, 4.453352055078722, 4.953352055078722, 5.453352055078722, 5.953352055078722, 6.453352055078722, 6.953352055078722, 7.453352055078722, 7.953352055078722, 8.453352055078721, 8.953352055078721, 9.453352055078721, 9.953352055078721, 10.453352055078721, 10.953352055078721, 11.453352055078721, 11.953352055078721, 12.453352055078721, 12.953352055078721, 13.453352055078721, 13.953352055078721
38.pdb, 2, 4, 0.4891496581493311, 0.7150867869456897, 0.9480771210648171, -, -, -, 1.3285189615823978, 12.229039500129243, , R, 2.091614155361813, 2.137766965568863, 2.1633233645576455, 1.946994997653982, 1.7863533119179709, 1.6962133275149232, 1.6909855020990154, 1.7675044558052646, 1.8267984408808784, 1.763393881383447, 1.6163102330078007, 1.5275516917737348, 1.352951748298796, 1.2514473736336977, 1.2011070558130952, 1.1211701053597818, 1.1474126655866137, 1.2764615456527808, 1.4264355971298366, 1.3444064107041227, 1.1294870707973745, 1.0088494840509228, 0.9565562199610238, 0.9552434304687141, 1.052088606171907, 1.2492308865274622
38.pdb, 2, 4, 0.4891496581493311, 0.7150867869456897, 0.9480771210648171, -, -, -, 1.3285189615823978, 12.229039500129243, , Upper limit of R overestimation, -, -, -, -, -, -, -, -, -, -, -, -, -, -, -, -, -, -, -, -, -, -, -, -, -, -
41.pdb, 2, 1, 0.5705304930141347, 0.5611886614780023, 1.2630993410636455, -, -, -, 1.2606887563303573, 14.115175994203208, , X, 8.604321401193914, 8.628701389218117, 8.699249610512204, 8.612849658107645, 8.433377286105683, 8.253904914103721, 8.07443254210176, 8.160952154321949, 8.267861740466042, 8.58712787842094, 8.922694728961929, 9.298460252865079, 9.597182471640128, 9.623093450463447, 10.033536060599362, 10.487183805441552, 10.950905163207308, 11.405473824558769, 11.843665611480715, 12.28185739840266, 12.720049185324608, 12.97553002703631, 13.16532400625495, 13.383548944218832, 13.659227992008034, 13.982535134196496, 14.305842276384958, 14.62914941857342, 14.952456560761881, 15.259602449766437
41.pdb, 2, 1, 0.5705304930141347, 0.5611886614780023, 1.2630993410636455, -, -, -, 1.2606887563303573, 14.115175994203208, , Y, -0.1419591261494522, -0.45161805051667037, -0.5080189990364169, -0.6971902991589223, -0.9825145885426229, -1.2678388779263234, -1.553163167310024, -1.9134114549389967, -2.2720729938805913, -2.5900320046808885, -2.9094332077809355, -3.1932239546948815, -3.4075773652174086, -3.5388398588627465, -3.4449664159331546, -3.3495890317318446, -3.2573897685869038, -3.282561169104914, -3.4066486536621183, -3.5307361382193228, -3.6548236227765267, -3.9525280004072756, -4.072253691160198, -4.204798053111368, -4.464342309738625, -4.841597557596296, -5.218852805453968, -5.596108053311639, -5.97336330116931, -6.342801281657025
41.pdb, 2, 1, 0.5705304930141347, 0.5611886614780023, 1.2630993410636455, -, -, -, 1.2606887563303573, 14.115175994203208, , Z, 0.34793833475458436, 0.7397507474518816, 1.2206239778142565, 1.635003523664702, 2.004299770024824, 2.373596016384946, 2.742892262745068, 3.077656407115848, 3.4059967012831236, 3.595672687298037, 3.783762453835838, 3.9182860085662004, 4.156288079796922, 4.5775704271560915, 4.792072610101091, 4.979440905664962, 5.139542714014404, 5.312180706584433, 5.518554769999429, 5.724928833414425, 5.93130289682942, 6.141828890598072, 6.5779950151825135, 7.006564017003153, 7.196086793832315, 7.139953294264081, 7.083819794695847, 7.027686295127614, 6.97155279555938, 6.876044556479967
41.pdb, 2, 1, 0.5705304930141347, 0.5611886614780023, 1.2630993410636455, -, -, -, 1.2606887563303573, 14.115175994203208, , distance, 0.5838775506492213, 0.467187306801061, 0.587096764714388, 1.022517778399113, 1.5195959492853446, 2.0181182054147864, 2.5172267146541976, 2.9627558987256015, 3.413807356670195, 3.726201426071413, 4.073571504613998, 4.391332946409255, 4.746930669387854, 5.139484710555304, 5.310982151528814, 5.509160351077757, 5.729221214222641, 6.049930189984735, 6.459052281344394, 6.880193125384761, 7.311276120626496, 7.73932653609197, 8.199526272641313, 8.678586576435356, 9.081282007613927, 9.404042517335174, 9.741783637193086, 10.093001595160787, 10.456338458846549, 10.794502355601924
41.pdb, 2, 1, 0.5705304930141347, 0.5611886614780023, 1.2630993410636455, -, -, -, 1.2606887563303573, 14.115175994203208, , length, 0.5838775506492213, 1.0838775506492213, 1.5838775506492213, 2.0838775506492215, 2.5838775506492215, 3.0838775506492215, 3.5838775506492215, 4.0838775506492215, 4.5838775506492215, 5.0838775506492215, 5.5838775506492215, 6.0838775506492215, 6.5838775506492215, 7.0838775506492215, 7.5838775506492215, 8.083877550649222, 8.583877550649222, 9.083877550649222, 9.583877550649222, 10.083877550649222, 10.583877550649222, 11.083877550649222, 11.583877550649222, 12.083877550649222, 12.583877550649222, 13.083877550649222, 13.583877550649222, 14.083877550649222, 14.583877550649222, 15.083877550649222
41.pdb, 2, 1, 0.5705304930141347, 0.5611886614780023, 1.2630993410636455, -, -, -, 1.2606887563303573, 14.115175994203208, , R, 1.9598373118453603, 1.8899690170762071, 1.8229540482727178, 1.7478590977814707, 1.7109063514629168, 1.7592023103534704, 1.8887506924670194, 1.8601912381754369, 1.8931576912488721, 1.7876125623891201, 1.7489404491542098, 1.730746660107122, 1.8011724354552945, 2.0441634978684773, 1.905845480414199, 1.810399786581247, 1.7813266138819668, 1.7346926266411244, 1.6968390394741177, 1.7446446353305307, 1.874115748656907, 1.890261120643966, 1.828457746985855, 1.8168755858218313, 1.7004099687204735, 1.4703682497631123, 1.31979268830448, 1.2632993717212957, 1.307255949721197, 1.423388719529637
41.pdb, 2, 1, 0.5705304930141347, 0.5611886614780023, 1.2630993410636455, -, -, -, 1.2606887563303573, 14.115175994203208, , Upper limit of R overestimation, -, -, -, -, -, -, -, -, -, -, -, -, -, -, -, -, -, -, -, -, -, -, -, -, -, -, -, -, -, -
41.pdb, 2, 2, 0.5389120989386933, 0.6182028031188085, 1.38488666807152, -, -, -, 1.344872752322911, 16.55341574612626, , X, 8.604321401193914, 8.628701389218117, 8.699249610512204, 8.612849658107645, 8.433377286105683, 8.253904914103721, 8.07443254210176, 8.160952154321949, 8.267861740466042, 8.58712787842094, 8.922694728961929, 9.298460252865079, 9.597182471640128, 9.623093450463447, 10.033536060599362, 10.487183805441552, 10.950905163207308, 11.405473824558769, 11.843665611480715, 12.28185739840266, 12.720049185324608, 13.013545209742192, 13.196013495675652, 13.410567780923637, 13.623468314095964, 13.675239992677001, 13.560566979050558, 13.445893965424112, 13.232560809744413, 12.996108056837631, 12.640870796384442, 12.290830050456853, 11.990580531607646, 11.838701305981003, 11.938197119739526
41.pdb, 2, 2, 0.5389120989386933, 0.6182028031188085, 1.38488666807152, -, -, -, 1.344872752322911, 16.55341574612626, , Y, -0.1419591261494522, -0.45161805051667037, -0.5080189990364169, -0.6971902991589223, -0.9825145885426229, -1.2678388779263234, -1.553163167310024, -1.9134114549389967, -2.2720729938805913, -2.5900320046808885, -2.9094332077809355, -3.1932239546948815, -3.4075773652174086, -3.5388398588627465, -3.4449664159331546, -3.3495890317318446, -3.2573897685869038, -3.282561169104914, -3.4066486536621183, -3.5307361382193228, -3.6548236227765267, -3.6066428649527293, -3.4122787468560287, -3.237903455621499, -3.481980691895664, -3.5864173930829795, -3.5466066474602593, -3.506795901837539, -3.701973131673901, -3.8532530782841463, -3.772576360192531, -3.694621269672944, -3.642743884852853, -3.6489320473242404, -3.786179136006964
41.pdb, 2, 2, 0.5389120989386933, 0.6182028031188085, 1.38488666807152, -, -, -, 1.344872752322911, 16.55341574612626, , Z, 0.34793833475458436, 0.7397507474518816, 1.2206239778142565, 1.635003523664702, 2.004299770024824, 2.373596016384946, 2.742892262745068, 3.077656407115848, 3.4059967012831236, 3.595672687298037, 3.783762453835838, 3.9182860085662004, 4.156288079796922, 4.5775704271560915, 4.792072610101091, 4.979440905664962, 5.139542714014404, 5.312180706584433, 5.518554769999429, 5.724928833414425, 5.93130289682942, 6.260069999663784, 6.682408230387482, 7.074570080185142, 7.455489580483701, 7.887625212353529, 8.372666658498899, 8.857708104644269, 9.265369151974118, 9.662333280746664, 10.004820880439967, 10.352406471043688, 10.748839269100369, 11.16202855069293, 11.62202415383284
41.pdb, 2, 2, 0.5389120989386933, 0.6182028031188085, 1.38488666807152, -, -, -, 1.344872752322911, 16.55341574612626, , distance, 0.5838775506492213, 0.467187306801061, 0.587096764714388, 1.022517778399113, 1.5195959492853446, 2.0181182054147864, 2.5172267146541976, 2.9627558987256015, 3.413807356670195, 3.726201426071413, 4.073571504613998, 4.391332946409255, 4.746930669387854, 5.139484710555304, 5.310982151528814, 5.509160351077757, 5.729221214222641, 6.049930189984735, 6.459052281344394, 6.880193125384761, 7.311276120626496, 7.674788703286012, 7.990345291689298, 8.326471702417429, 8.820234291775751, 9.213936242566449, 9.516765385377468, 9.835701587510568, 10.143416532166023, 10.431754941785846, 10.56128807021598, 10.71971076441524, 10.965443410931123, 11.300030252190473, 11.788886246322328
41.pdb, 2, 2, 0.5389120989386933, 0.6182028031188085, 1.38488666807152, -, -, -, 1.344872752322911, 16.55341574612626, , length, 0.5838775506492213, 1.0838775506492213, 1.5838775506492213, 2.0838775506492215, 2.5838775506492215, 3.0838775506492215, 3.5838775506492215, 4.0838775506492215, 4.5838775506492215, 5.0838775506492215, 5.5838775506492215, 6.0838775506492215, 6.5838775506492215, 7.0838775506492215, 7.5838775506492215, 8.083877550649222, 8.583877550649222, 9.083877550649222, 9.583877550649222, 10.083877550649222, 10.583877550649222, 11.083877550649222, 11.583877550649222, 12.083877550649222, 12.583877550649222, 13.083877550649222, 13.583877550649222, 14.083877550649222, 14.583877550649222, 15.083877550649222, 15.583877550649222, 16.08387755064922, 16.58387755064922, 17.08387755064922, 17.58387755064922
41.pdb, 2, 2, 0.5389120989386933, 0.6182028031188085, 1.38488666807152, -, -, -, 1.344872752322911, 16.55341574612626, , R, 1.9598373118453603, 1.8899690170762071, 1.8229540482727178, 1.7478590977814707, 1.7109063514629168, 1.7592023103534704, 1.8887506924670194, 1.8601912381754369, 1.8931576912488721, 1.7876125623891201, 1.7489404491542098, 1.730746660107122, 1.8011724354552945, 2.0441634978684773, 1.905845480414199, 1.810399786581247, 1.7813266138819668, 1.7346926266411244, 1.6968390394741177, 1.7446446353305307, 1.874115748656907, 1.934274477176303, 1.9488733114723542, 1.9939530882725582, 1.9767454360304952, 1.9025941886089435, 1.7624708226856731, 1.7028220839965142, 1.5536843608706616, 1.4725253693913094, 1.3910534619480657, 1.401415224766729, 1.4748452956756328, 1.5515337153531072, 1.5414134783835893
41.pdb, 2, 2, 0.5389120989386933, 0.6182028031188085, 1.38488666807152, -, -, -, 1.344872752322911, 16.55341574612626, , Upper limit of R overestimation, -, -, -, -, -, -, -, -, -, -, -, -, -, -, -, -, -, -, -, -, -, -, -, -, -, -, -, -, -, -, -, -, -, -, -
42.pdb, 2, 1, 0.6410750791060059, 0.44460870082993337, 1.5996490359619855, -, -, -, 1.5192733445518736, 15.6955982914356, , X, 8.731075691338024, 8.741836814032025, 8.569375233367793, 8.396913652703562, 8.193588180915983, 8.032191552658146, 7.884958532904982, 7.803305936648385, 7.907350628160914, 8.097203804100849, 8.312261950040003, 8.531862873048704, 8.752754140911234, 8.997199363081295, 9.174425265507898, 9.33331794401531, 9.455519766007235, 9.589891311275235, 9.887505563692025, 10.308278889867475, 10.741215813868138, 11.1741527378688, 11.607089661869463, 12.004331154992187, 12.403742558321811, 12.803153961651436, 13.202565364981059, 13.436244601240944, 13.510745712595085, 13.766865841657724, 14.138890701553896, 14.510915561450066, 14.886416750778455
42.pdb, 2, 1, 0.6410750791060059, 0.44460870082993337, 1.5996490359619855, -, -, -, 1.5192733445518736, 15.6955982914356, , Y, -0.18093627762053482, -0.5391100231945986, -0.9623364615141927, -1.3855628998337868, -1.8013029957005557, -1.9212802729505989, -2.0161147870346303, -2.2665453803584827, -2.521271509680938, -2.7040752655823064, -2.877828968525649, -3.0704285415666748, -3.269466615266858, -3.425317743447723, -3.0092650481468777, -2.598839868324064, -2.2599287219584134, -1.9309225429857322, -1.8667327603668553, -1.9914397612216916, -2.086869348820425, -2.1822989364191585, -2.277728524017892, -2.533366628158087, -2.8328924881201214, -3.132418348082156, -3.4319442080441904, -3.82523369759273, -4.190246536662993, -4.437773960390073, -4.770758102084461, -5.103742243778848, -5.431960759754665
42.pdb, 2, 1, 0.6410750791060059, 0.44460870082993337, 1.5996490359619855, -, -, -, 1.5192733445518736, 15.6955982914356, , Z, 0.50725111224859, 0.8433709416254088, 1.046192008337192, 1.2490130750489752, 1.4126527456389588, 1.8430511380487138, 2.311376722266371, 2.705698795128787, 3.1128010847556005, 3.5310533086966474, 3.946849661311216, 4.352658531443623, 4.754287929662867, 5.155235333377036, 5.296348758958319, 5.510632499305432, 5.855249163289701, 6.206958165193386, 6.4972172710232865, 6.736052607552164, 6.967264228470275, 7.1984758493883865, 7.429687470306497, 7.524884886535298, 7.552358330153888, 7.5798317737724785, 7.607305217391069, 7.465458532249613, 7.1587904901325725, 6.867212824042381, 6.894028211402752, 6.920843598763123, 6.931259233963066
42.pdb, 2, 1, 0.6410750791060059, 0.44460870082993337, 1.5996490359619855, -, -, -, 1.5192733445518736, 15.6955982914356, , distance, 0.40029504392914544, 0.4890772528215808, 0.9590454936832504, 1.4492549667607817, 1.9366510833627932, 2.25260163116369, 2.6135503432077196, 3.0543071104315267, 3.4595564240910406, 3.8246626295527077, 4.2050236895734665, 4.6125251122127775, 5.037562014944039, 5.4485053186135, 5.326691366827549, 5.309837224717679, 5.480921988788757, 5.7021079061680915, 5.99893775813453, 6.343788697542852, 6.695725888525251, 7.065538571790695, 7.450565444626129, 7.765983844170454, 8.057372759017957, 8.368512800229965, 8.697284472607578, 8.868016647141387, 8.846321974374323, 8.901081362685185, 9.293459945600954, 9.695748867201388, 10.096451804773514
42.pdb, 2, 1, 0.6410750791060059, 0.44460870082993337, 1.5996490359619855, -, -, -, 1.5192733445518736, 15.6955982914356, , length, 0.40029504392914544, 0.9002950439291455, 1.4002950439291455, 1.9002950439291455, 2.4002950439291455, 2.9002950439291455, 3.4002950439291455, 3.9002950439291455, 4.4002950439291455, 4.9002950439291455, 5.4002950439291455, 5.9002950439291455, 6.4002950439291455, 6.9002950439291455, 7.4002950439291455, 7.9002950439291455, 8.400295043929145, 8.900295043929145, 9.400295043929145, 9.900295043929145, 10.400295043929145, 10.900295043929145, 11.400295043929145, 11.900295043929145, 12.400295043929145, 12.900295043929145, 13.400295043929145, 13.900295043929145, 14.400295043929145, 14.900295043929145, 15.400295043929145, 15.900295043929145, 16.400295043929145
42.pdb, 2, 1, 0.6410750791060059, 0.44460870082993337, 1.5996490359619855, -, -, -, 1.5192733445518736, 15.6955982914356, , R, 1.7546855148486513, 1.7226072819253562, 1.6478714803471852, 1.659914441515099, 1.731123007395739, 1.7055034446195128, 1.757217713440107, 1.7545012564509819, 1.6617341650986448, 1.601398771266463, 1.608419221441107, 1.6897926823100045, 1.8474319229222982, 2.063136249882099, 2.1447994929310212, 2.189079871613437, 2.1645245852178565, 2.200695251112501, 2.105084754670732, 1.9188750533441656, 1.7925031500158235, 1.746653798351052, 1.7850397169583412, 1.7914557140464782, 1.816877249616568, 1.9231857756794943, 2.1025793615838255, 2.19842204218922, 2.1685797075355886, 1.9995478637635709, 1.9206964761184941, 1.9209592210733477, 1.9905879057413765
42.pdb, 2, 1, 0.6410750791060059, 0.44460870082993337, 1.5996490359619855, -, -, -, 1.5192733445518736, 15.6955982914356, , Upper limit of R overestimation, -, -, -, -, -, -, -, -, -, -, -, -, -, -, -, -, -, -, -, -, -, -, -, -, -, -, -, -, -, -, -, -, -
42.pdb, 2, 3, 0.49626541523646556, 0.7006443840143988, 0.9890414560918634, -, -, -, 1.361498437146841, 17.691437478631478, , X, 8.731075691338024, 8.741836814032025, 8.569375233367793, 8.396913652703562, 8.193588180915983, 8.032191552658146, 7.884958532904982, 7.803305936648385, 7.907350628160914, 8.097203804100849, 8.312261950040003, 8.531862873048704, 8.752754140911234, 8.997199363081295, 9.174425265507898, 9.33331794401531, 9.455519766007235, 9.589891311275235, 9.887505563692025, 10.308278889867475, 10.741215813868138, 11.1741527378688, 11.607089661869463, 12.004331154992187, 12.403742558321811, 12.803153961651436, 13.202565364981059, 13.47449878665034, 13.830573484471762, 14.295819449381177, 14.782440137929655, 15.26906082647813, 15.755681515026605, 16.191874842956533, 16.579408768203983, 16.965330919050466, 17.35125306989695
42.pdb, 2, 3, 0.49626541523646556, 0.7006443840143988, 0.9890414560918634, -, -, -, 1.361498437146841, 17.691437478631478, , Y, -0.18093627762053482, -0.5391100231945986, -0.9623364615141927, -1.3855628998337868, -1.8013029957005557, -1.9212802729505989, -2.0161147870346303, -2.2665453803584827, -2.521271509680938, -2.7040752655823064, -2.877828968525649, -3.0704285415666748, -3.269466615266858, -3.425317743447723, -3.0092650481468777, -2.598839868324064, -2.2599287219584134, -1.9309225429857322, -1.8667327603668553, -1.9914397612216916, -2.086869348820425, -2.1822989364191585, -2.277728524017892, -2.533366628158087, -2.8328924881201214, -3.132418348082156, -3.4319442080441904, -3.8160458907566666, -4.054638172272965, -4.0935348013188975, -4.051494256583056, -4.009453711847215, -3.9674131671113733, -3.9149662189601493, -4.064496867833901, -4.226271434319471, -4.388046000805041
42.pdb, 2, 3, 0.49626541523646556, 0.7006443840143988, 0.9890414560918634, -, -, -, 1.361498437146841, 17.691437478631478, , Z, 0.50725111224859, 0.8433709416254088, 1.046192008337192, 1.2490130750489752, 1.4126527456389588, 1.8430511380487138, 2.311376722266371, 2.705698795128787, 3.1128010847556005, 3.5310533086966474, 3.946849661311216, 4.352658531443623, 4.754287929662867, 5.155235333377036, 5.296348758958319, 5.510632499305432, 5.855249163289701, 6.206958165193386, 6.4972172710232865, 6.736052607552164, 6.967264228470275, 7.1984758493883865, 7.429687470306497, 7.524884886535298, 7.552358330153888, 7.5798317737724785, 7.607305217391069, 7.581735939114867, 7.79212434311823, 7.933155149741917, 8.040079880627346, 8.147004611512774, 8.253929342398202, 8.447861273541305, 8.72571774048684, 8.99938374700652, 9.273049753526202
42.pdb, 2, 3, 0.49626541523646556, 0.7006443840143988, 0.9890414560918634, -, -, -, 1.361498437146841, 17.691437478631478, , distance, 0.40029504392914544, 0.4890772528215808, 0.9590454936832504, 1.4492549667607817, 1.9366510833627932, 2.25260163116369, 2.6135503432077196, 3.0543071104315267, 3.4595564240910406, 3.8246626295527077, 4.2050236895734665, 4.6125251122127775, 5.037562014944039, 5.4485053186135, 5.326691366827549, 5.309837224717679, 5.480921988788757, 5.7021079061680915, 5.99893775813453, 6.343788697542852, 6.695725888525251, 7.065538571790695, 7.450565444626129, 7.765983844170454, 8.057372759017957, 8.368512800229965, 8.697284472607578, 8.970624468540853, 9.413004363028222, 9.784443067016719, 10.121874689870408, 10.472314373775587, 10.83449996303172, 11.229061557252818, 11.721401110649502, 12.214648228340444, 12.708423139298803
42.pdb, 2, 3, 0.49626541523646556, 0.7006443840143988, 0.9890414560918634, -, -, -, 1.361498437146841, 17.691437478631478, , length, 0.40029504392914544, 0.9002950439291455, 1.4002950439291455, 1.9002950439291455, 2.4002950439291455, 2.9002950439291455, 3.4002950439291455, 3.9002950439291455, 4.4002950439291455, 4.9002950439291455, 5.4002950439291455, 5.9002950439291455, 6.4002950439291455, 6.9002950439291455, 7.4002950439291455, 7.9002950439291455, 8.400295043929145, 8.900295043929145, 9.400295043929145, 9.900295043929145, 10.400295043929145, 10.900295043929145, 11.400295043929145, 11.900295043929145, 12.400295043929145, 12.900295043929145, 13.400295043929145, 13.900295043929145, 14.400295043929145, 14.900295043929145, 15.400295043929145, 15.900295043929145, 16.400295043929145, 16.900295043929145, 17.400295043929145, 17.900295043929145, 18.400295043929145
42.pdb, 2, 3, 0.49626541523646556, 0.7006443840143988, 0.9890414560918634, -, -, -, 1.361498437146841, 17.691437478631478, , R, 1.7546855148486513, 1.7226072819253562, 1.6478714803471852, 1.659914441515099, 1.731123007395739, 1.7055034446195128, 1.757217713440107, 1.7545012564509819, 1.6617341650986448, 1.601398771266463, 1.608419221441107, 1.6897926823100045, 1.8474319229222982, 2.063136249882099, 2.1447994929310212, 2.189079871613437, 2.1645245852178565, 2.200695251112501, 2.105084754670732, 1.9188750533441656, 1.7925031500158235, 1.746653798351052, 1.7850397169583412, 1.7914557140464782, 1.816877249616568, 1.9231857756794943, 2.1025793615838255, 2.2097290210785214, 2.1050869136517028, 1.8611150676364383, 1.6056754976515013, 1.4216797170770448, 1.324795849122131, 1.2551351612161763, 1.075646296431248, 0.9920697426498057, 1.020759655347763
42.pdb, 2, 3, 0.49626541523646556, 0.7006443840143988, 0.9890414560918634, -, -, -, 1.361498437146841, 17.691437478631478, , Upper limit of R overestimation, -, -, -, -, -, -, -, -, -, -, -, -, -, -, -, -, -, -, -, -, -, -, -, -, -, -, -, -, -, -, -, -, -, -, -, -, -
43.pdb, 2, 1, 0.659864609062401, 0.4157206027895401, 1.6069633288575982, -, -, -, 1.2794484801511201, 13.04944079080426, , X, 8.915423644783205, 8.921533091321955, 8.927642537860702, 8.786348278679982, 8.589862667992561, 8.39337705730514, 8.196891446617718, 8.37282596178189, 8.709187913669876, 9.01478400192684, 9.305463459240936, 9.596142916555031, 9.886822373869128, 10.037569865935506, 10.245598284823902, 10.66991456759603, 11.076690806621501, 11.431098056377046, 11.78550530613259, 12.139912555888134, 12.494319805643677, 12.90821748045262, 13.336956439039415, 13.703910300316375, 13.947988391889828, 14.281686675190134, 14.660403189191399, 14.832278180522191
43.pdb, 2, 1, 0.659864609062401, 0.4157206027895401, 1.6069633288575982, -, -, -, 1.2794484801511201, 13.04944079080426, , Y, -0.15236466718993064, -0.3083980208543585, -0.4644313745187864, -0.7673358453282756, -1.1252322541828086, -1.4831286630373417, -1.8410250718918748, -2.210104443145101, -2.5336730756026435, -2.8625511359737814, -3.1800955155513493, -3.497639895128917, -3.815184274706485, -3.977627642952596, -3.85948861507002, -3.721543722311329, -3.642123313549005, -3.737438391123119, -3.8327534686972324, -3.9280685462713456, -4.02338362384546, -4.116832870231754, -4.209816641205573, -4.389072792179831, -4.7399040568671404, -5.014911099854816, -5.301564178126705, -5.4832235233095235
43.pdb, 2, 1, 0.659864609062401, 0.4157206027895401, 1.6069633288575982, -, -, -, 1.2794484801511201, 13.04944079080426, , Z, 0.5369023508848638, 1.0118931583824635, 1.4868839658800632, 1.826278072418958, 2.114901642700077, 2.4035252129811955, 2.692148783262314, 2.8141508852128063, 2.9934940685559726, 3.15698872646641, 3.411293701042764, 3.665598675619118, 3.9199036501954723, 4.261655583693609, 4.598892864442451, 4.824562753298359, 5.0788109807693536, 5.418385033529208, 5.757959086289062, 6.097533139048916, 6.43710719180877, 6.696883234684898, 6.93675178978414, 7.183190740137782, 7.442696633966349, 7.444491728226571, 7.288274524500543, 6.9085496595397595
43.pdb, 2, 1, 0.659864609062401, 0.4157206027895401, 1.6069633288575982, -, -, -, 1.2794484801511201, 13.04944079080426, , distance, 0.34939388090596785, 0.29057540480045807, 0.7394538847929373, 1.1894593867122916, 1.657562515246585, 2.1401433015719276, 2.629241945994281, 2.9359612365004044, 3.2606536351672393, 3.618011361731088, 4.046440910377682, 4.489695075251891, 4.943787990630667, 5.3124120971546045, 5.499813066195499, 5.684556021701789, 5.954605573471656, 6.389285437663764, 6.832906356175591, 7.2838348512708135, 7.740793952102707, 8.173905354054318, 8.607416256760411, 9.059870031712581, 9.539911205376008, 9.858568098340184, 10.116119224960217, 10.078014501670237
43.pdb, 2, 1, 0.659864609062401, 0.4157206027895401, 1.6069633288575982, -, -, -, 1.2794484801511201, 13.04944079080426, , length, 0.34939388090596785, 0.8493938809059678, 1.3493938809059678, 1.8493938809059678, 2.349393880905968, 2.849393880905968, 3.349393880905968, 3.849393880905968, 4.349393880905968, 4.849393880905968, 5.349393880905968, 5.849393880905968, 6.349393880905968, 6.849393880905968, 7.349393880905968, 7.849393880905968, 8.349393880905968, 8.849393880905968, 9.349393880905968, 9.849393880905968, 10.349393880905968, 10.849393880905968, 11.349393880905968, 11.849393880905968, 12.349393880905968, 12.849393880905968, 13.349393880905968, 13.849393880905968
43.pdb, 2, 1, 0.659864609062401, 0.4157206027895401, 1.6069633288575982, -, -, -, 1.2794484801511201, 13.04944079080426, , R, 1.9544167773422207, 1.8591452476117498, 1.844075243287034, 1.824024599003539, 1.8536414148660743, 1.9630249771053097, 2.144357654468016, 2.0129747019369155, 1.8875337248845494, 1.8164396534744809, 1.8111122434053082, 1.8878286386581526, 2.0407675728212222, 2.188844157496657, 2.10899700431856, 1.9614796815031583, 1.848479595561794, 1.6902224891334543, 1.6131022428679984, 1.6237744989579361, 1.7212772229114661, 1.8530653942649804, 2.0466131587567675, 2.233697800712883, 2.3505395186505957, 2.32294083250674, 2.2798468723311673, 2.196574752478596
43.pdb, 2, 1, 0.659864609062401, 0.4157206027895401, 1.6069633288575982, -, -, -, 1.2794484801511201, 13.04944079080426, , Upper limit of R overestimation, -, -, -, -, -, -, -, -, -, -, -, -, -, -, -, -, -, -, -, -, -, -, -, -, -, -, -, -
43.pdb, 2, 2, 0.6196335725720298, 0.4786269876400207, 1.5559094783815481, -, -, -, 1.5944145378041277, 16.664108659404658, , X, 8.915423644783205, 8.921533091321955, 8.927642537860702, 8.786348278679982, 8.589862667992561, 8.39337705730514, 8.196891446617718, 8.170179767705575, 8.324194579042564, 8.478209390379554, 8.632224201716543, 8.80781400074817, 8.867519981933553, 9.009234726445767, 9.158599924747218, 9.56128516402265, 10.043991279859712, 10.452979699799613, 10.771370130846003, 11.089760561892392, 11.431003499315503, 11.698193909473389, 12.051586777487433, 12.404979645501477, 12.670464097981666, 13.106357799320167, 13.52682148913923, 13.781234705476967, 14.080146879609403, 14.166645269845132, 14.110491985981119, 14.054338702117104, 14.201736957079456, 14.580453471080721, 14.787056455288875, 15.030510905540304
43.pdb, 2, 2, 0.6196335725720298, 0.4786269876400207, 1.5559094783815481, -, -, -, 1.5944145378041277, 16.664108659404658, , Y, -0.15236466718993064, -0.3083980208543585, -0.4644313745187864, -0.7673358453282756, -1.1252322541828086, -1.4831286630373417, -1.8410250718918748, -1.9323816796517803, -2.097311991574378, -2.262242303496976, -2.4271726154195736, -2.6160735062322993, -2.3578515902370505, -1.9852007038797042, -1.6147991859818118, -1.5508947158318462, -1.5838091247963857, -1.6041583298332116, -1.609065079811814, -1.6139718297904164, -1.5670968336294868, -1.731510000331025, -2.0726752183844184, -2.413840436437811, -2.768806410460159, -2.9743456358710656, -3.2276681903043767, -3.4401836322210597, -3.7662308175125907, -4.068887414433527, -4.365631616100556, -4.662375817767585, -4.954396620142112, -5.241049698414002, -5.415038486128384, -5.804086716510666
43.pdb, 2, 2, 0.6196335725720298, 0.4786269876400207, 1.5559094783815481, -, -, -, 1.5944145378041277, 16.664108659404658, , Z, 0.5369023508848638, 1.0118931583824635, 1.4868839658800632, 1.826278072418958, 2.114901642700077, 2.4035252129811955, 2.692148783262314, 3.1224560857945067, 3.5686370245379115, 4.014817963281317, 4.460998902024722, 4.888367034445024, 5.207046064700266, 5.507055394904972, 5.807875528997267, 5.975949192516156, 6.1020897784352455, 6.344584009800673, 6.730075199353355, 7.115566388906037, 7.474396806943016, 7.744461240547386, 7.837840975112169, 7.9312207096769525, 7.856094627066931, 7.989324908725817, 8.062959751996118, 8.283551755778209, 8.50004599636303, 8.559523927503772, 8.161039690063589, 7.762555452623404, 7.477470277986596, 7.321253074260569, 6.972357972290556, 6.8534452207183305
43.pdb, 2, 2, 0.6196335725720298, 0.4786269876400207, 1.5559094783815481, -, -, -, 1.5944145378041277, 16.664108659404658, , distance, 0.34939388090596785, 0.29057540480045807, 0.7394538847929373, 1.1894593867122916, 1.657562515246585, 2.1401433015719276, 2.629241945994281, 3.0059247649023164, 3.4207327076513034, 3.8558061183282795, 4.305005155290777, 4.76094586178021, 4.906754824712818, 5.022128244777353, 5.185053749104854, 5.365224259504165, 5.577066128357547, 5.907821684380402, 6.356591749371321, 6.812500295920421, 7.247070931892035, 7.624285878245468, 7.925341627599527, 8.245747065918927, 8.407532154495664, 8.78842645118128, 9.142263363269409, 9.520241016847997, 9.961643646972203, 10.16806791784675, 9.964496985159954, 9.782269427519324, 9.806591786135533, 10.060228236446282, 10.053268090048277, 10.338933859752139
43.pdb, 2, 2, 0.6196335725720298, 0.4786269876400207, 1.5559094783815481, -, -, -, 1.5944145378041277, 16.664108659404658, , length, 0.34939388090596785, 0.8493938809059678, 1.3493938809059678, 1.8493938809059678, 2.349393880905968, 2.849393880905968, 3.349393880905968, 3.849393880905968, 4.349393880905968, 4.849393880905968, 5.349393880905968, 5.849393880905968, 6.349393880905968, 6.849393880905968, 7.349393880905968, 7.849393880905968, 8.349393880905968, 8.849393880905968, 9.349393880905968, 9.849393880905968, 10.349393880905968, 10.849393880905968, 11.349393880905968, 11.849393880905968, 12.349393880905968, 12.849393880905968, 13.349393880905968, 13.849393880905968, 14.349393880905968, 14.849393880905968, 15.349393880905968, 15.849393880905968, 16.349393880905968, 16.849393880905968, 17.349393880905968, 17.849393880905968
43.pdb, 2, 2, 0.6196335725720298, 0.4786269876400207, 1.5559094783815481, -, -, -, 1.5944145378041277, 16.664108659404658, , R, 1.9544167773422207, 1.8591452476117498, 1.844075243287034, 1.824024599003539, 1.8536414148660743, 1.9630249771053097, 2.144357654468016, 2.125068936643867, 2.0191992481811853, 1.9891071110181662, 2.036906630040936, 2.1466648591784523, 2.1358156944787527, 2.068733616586031, 2.0730715041858137, 1.941025593879073, 1.8140727767614877, 1.7003152439972202, 1.5853183736136416, 1.557565660182335, 1.581361868849201, 1.6665613091729978, 1.6485707235526694, 1.7174537862518318, 1.7376679080399324, 1.9147192876371741, 2.131391651432727, 2.2480572932248375, 2.3288954462637816, 2.434074941805754, 2.3641177787065173, 2.3636175999008735, 2.341008025591485, 2.2830168630548267, 2.2221735713825375, 2.1234442585399123
43.pdb, 2, 2, 0.6196335725720298, 0.4786269876400207, 1.5559094783815481, -, -, -, 1.5944145378041277, 16.664108659404658, , Upper limit of R overestimation, -, -, -, -, -, -, -, -, -, -, -, -, -, -, -, -, -, -, -, -, -, -, -, -, -, -, -, -, -, -, -, -, -, -, -, -
45.pdb, 2, 1, 0.590718301657498, 0.52641602214993, 1.3467175627514092, -, -, -, 1.3899608561489634, 13.549124913432134, , X, 9.30692206691759, 9.216749208496122, 9.192937150616793, 9.169125092737463, 9.145313034858134, 9.179327466836076, 9.22895278310179, 9.22180858473653, 9.228074711536914, 9.234340838337296, 9.332127905703155, 9.47305118432628, 9.653234965282651, 9.85824468996125, 10.215213821964095, 10.600021633555428, 10.996522101104107, 11.395015142346011, 11.792433998227043, 12.189684582382329, 12.555371683078056, 12.921058783773782, 13.31876208966167, 13.730656823573414, 14.142551557485158, 14.554446291396902, 14.948380780068703, 15.14099690081188, 15.38844185559931
45.pdb, 2, 1, 0.590718301657498, 0.52641602214993, 1.3467175627514092, -, -, -, 1.3899608561489634, 13.549124913432134, , Y, 0.14042154516153277, -0.1415882261261481, -0.17781222297905397, -0.2140362198319598, -0.25026021668486564, -0.43654944074821583, -0.8117501582577231, -1.2619450428754329, -1.7182236330203267, -2.1745022231652205, -2.403816009199585, -2.7424050957999864, -3.2085973857232633, -3.6636722365507794, -3.8862343538423976, -4.00485748676311, -4.08045568313921, -4.15204578635731, -4.238903749282054, -4.264014970541857, -4.313426321039975, -4.3628376715380925, -4.491129694815355, -4.654386180104897, -4.817642665394438, -4.98089915068398, -5.141591941975839, -5.337177172499719, -5.705983733860644
45.pdb, 2, 1, 0.590718301657498, 0.52641602214993, 1.3467175627514092, -, -, -, 1.3899608561489634, 13.549124913432134, , Z, 1.051408194173922, 1.4304558104050789, 1.928573073658976, 2.426690336912873, 2.92480760016677, 3.307877221450855, 3.578029696299994, 3.7943377400167257, 3.9987162707637434, 4.203094801510761, 4.629036688455553, 4.859782971616044, 4.873873886999987, 4.901802438620823, 5.040396285533038, 5.332049888625157, 5.6266633964031545, 5.920054182221319, 6.206656610188208, 6.4318734415862275, 6.7692626275817265, 7.106651813577226, 7.049724492693268, 6.818013361785234, 6.586302230877202, 6.354591099969169, 6.107087950701853, 5.74234714269746, 5.935583826809121
45.pdb, 2, 1, 0.590718301657498, 0.52641602214993, 1.3467175627514092, -, -, -, 1.3899608561489634, 13.549124913432134, , distance, 0.528351096041705, 0.6720042133523942, 1.1175121602616729, 1.5956431912874667, 2.0840635689612235, 2.487916209715823, 2.834636709912832, 3.181878304942854, 3.5591684720693992, 3.963711755120399, 4.453824547734683, 4.84543623016206, 5.153710907779246, 5.497605003525812, 5.818600680059443, 6.204024646082463, 6.583979192274015, 6.976537214480852, 7.385376901351405, 7.7266092195926985, 8.158299508839276, 8.597395635863192, 8.815903734626412, 8.957055437681236, 9.12346017523999, 9.313764492657368, 9.50494482857176, 9.542809599589617, 10.009169886714757
45.pdb, 2, 1, 0.590718301657498, 0.52641602214993, 1.3467175627514092, -, -, -, 1.3899608561489634, 13.549124913432134, , length, 0.528351096041705, 1.028351096041705, 1.528351096041705, 2.028351096041705, 2.528351096041705, 3.028351096041705, 3.528351096041705, 4.028351096041705, 4.528351096041705, 5.028351096041705, 5.528351096041705, 6.028351096041705, 6.528351096041705, 7.028351096041705, 7.528351096041705, 8.028351096041705, 8.528351096041705, 9.028351096041705, 9.528351096041705, 10.028351096041705, 10.528351096041705, 11.028351096041705, 11.528351096041705, 12.028351096041705, 12.528351096041705, 13.028351096041705, 13.528351096041705, 14.028351096041705, 14.528351096041705
45.pdb, 2, 1, 0.590718301657498, 0.52641602214993, 1.3467175627514092, -, -, -, 1.3899608561489634, 13.549124913432134, , R, 2.0998506616268813, 2.0639405934884927, 2.066350083385805, 2.1443650423730505, 2.2929231606291216, 2.306879199858276, 2.1566803519605235, 1.9913476750470933, 1.8823587399548074, 1.8524041050495097, 1.8816316323351938, 1.8690747484132373, 1.8105444714609333, 1.8168286031572005, 1.7312435199243292, 1.5394067401918645, 1.4135339456446998, 1.3802204174797315, 1.4302818796921006, 1.4447801028683676, 1.4408452668864726, 1.5300669689121105, 1.4564026702142685, 1.359250956110565, 1.3579397503428787, 1.4526111807831052, 1.6196650030740216, 1.671269841591258, 1.721733464596107
45.pdb, 2, 1, 0.590718301657498, 0.52641602214993, 1.3467175627514092, -, -, -, 1.3899608561489634, 13.549124913432134, , Upper limit of R overestimation, -, -, -, -, -, -, -, -, -, -, -, -, -, -, -, -, -, -, -, -, -, -, -, -, -, -, -, -, -
47.pdb, 2, 1, 0.6288809636279473, 0.4638132872055645, 1.4209246310950576, -, -, -, 1.258813691102372, 12.306649301915577, , X, 8.870020825614978, 8.702259567413392, 8.534498309211806, 8.38336162991119, 8.23825575814084, 8.158077988220056, 8.328678330224975, 8.58443711082139, 8.84484871153549, 9.10526031224959, 9.37069415791565, 9.67718202274212, 10.090555982570145, 10.523024110762082, 10.955492238954019, 11.387960367145956, 11.820428495337893, 12.25289662352983, 12.685364751721767, 13.126417175104923, 13.489839657898615, 13.781101434597486, 14.112879435102448, 14.451593831179672, 14.790308227256897, 15.065247449024765
47.pdb, 2, 1, 0.6288809636279473, 0.4638132872055645, 1.4209246310950576, -, -, -, 1.258813691102372, 12.306649301915577, , Y, -0.0850065809375433, -0.4049883514311379, -0.7249701219247325, -1.0541611158687256, -1.386692889417628, -1.7385508960215361, -1.936039326480989, -2.148941749809444, -2.3695410800434615, -2.5901404102774785, -2.8203257649790383, -3.0646934636911345, -3.1954748298886093, -3.325490692071587, -3.4555065542545647, -3.5855224164375423, -3.71553827862052, -3.8455541408034972, -3.975570002986475, -4.064657499502439, -4.237990813203477, -4.526542048102112, -4.871020150448156, -5.235780930897446, -5.600541711346737, -6.004575696367894
47.pdb, 2, 1, 0.6288809636279473, 0.4638132872055645, 1.4209246310950576, -, -, -, 1.258813691102372, 12.306649301915577, , Z, 1.1456651071318888, 1.4913062892824038, 1.8369474714329188, 2.1814173109339907, 2.5254622288708615, 2.8514790836269457, 3.2588603066840234, 3.6300121124319094, 3.9954183708810818, 4.360824629330255, 4.715852107911533, 4.898004380165852, 5.145499967470849, 5.360132662275204, 5.574765357079558, 5.789398051883912, 6.004030746688266, 6.2186634414926205, 6.433296136296975, 6.403304328492204, 6.140756431416435, 5.8639856167196225, 5.748234399623238, 5.79537388345649, 5.842513367289742, 5.852639032060509
47.pdb, 2, 1, 0.6288809636279473, 0.4638132872055645, 1.4209246310950576, -, -, -, 1.258813691102372, 12.306649301915577, , distance, 0.27738073271216734, 0.7254223487760437, 1.2147160562565913, 1.7099570922598768, 2.207272620060708, 2.686634462862627, 3.0806730559482496, 3.469955641965928, 3.8841971705353266, 4.316640263211437, 4.760014407050207, 5.0900935451432545, 5.44215041795132, 5.795302645693691, 6.168797641255616, 6.559161220944138, 6.963557101504515, 7.379678793110885, 7.805651201089317, 8.054413348918569, 8.166420170318851, 8.31420398714996, 8.634532171354754, 9.073796774848649, 9.519056150918917, 9.934268345322387
47.pdb, 2, 1, 0.6288809636279473, 0.4638132872055645, 1.4209246310950576, -, -, -, 1.258813691102372, 12.306649301915577, , length, 0.27738073271216734, 0.7773807327121673, 1.2773807327121673, 1.7773807327121673, 2.2773807327121673, 2.7773807327121673, 3.2773807327121673, 3.7773807327121673, 4.277380732712167, 4.777380732712167, 5.277380732712167, 5.777380732712167, 6.277380732712167, 6.777380732712167, 7.277380732712167, 7.777380732712167, 8.277380732712167, 8.777380732712167, 9.277380732712167, 9.777380732712167, 10.277380732712167, 10.777380732712167, 11.277380732712167, 11.777380732712167, 12.277380732712167, 12.777380732712167
47.pdb, 2, 1, 0.6288809636279473, 0.4638132872055645, 1.4209246310950576, -, -, -, 1.258813691102372, 12.306649301915577, , R, 1.7129191518027278, 1.6022720490429376, 1.5785534525640268, 1.6267825440615622, 1.7539374251768025, 1.8927187628631807, 1.8465659927529006, 1.7923519826981298, 1.8167263326600007, 1.92203541683484, 2.095032097483064, 2.088493508012843, 1.8301296976421983, 1.6126342051117055, 1.4721033585914138, 1.420946688932583, 1.4643173109556276, 1.5978227107322185, 1.8094911709324115, 1.90321152319931, 1.8236574649577724, 1.6831636034291402, 1.6004713832057191, 1.5915982605197339, 1.6711324818126123, 1.7578531653734852
47.pdb, 2, 1, 0.6288809636279473, 0.4638132872055645, 1.4209246310950576, -, -, -, 1.258813691102372, 12.306649301915577, , Upper limit of R overestimation, -, -, -, -, -, -, -, -, -, -, -, -, -, -, -, -, -, -, -, -, -, -, -, -, -, -
49.pdb, 2, 1, 0.6447909003096235, 0.4388292003123403, 1.4751035974207782, -, -, -, 1.319230809947429, 12.738003047107204, , X, 8.896128901489789, 8.910327964608701, 8.924527027727612, 8.847903473395647, 8.636448915093592, 8.42902098658159, 8.243501970958969, 8.302505240627688, 8.39567006798084, 8.540400731616689, 8.716099244612886, 8.891797757609083, 9.142972586895546, 9.61776625093044, 10.092559914965335, 10.56735357900023, 10.96864945348827, 11.36130543675084, 11.75396142001341, 12.146617403275979, 12.506081441983289, 12.945780315690651, 13.415173531010135, 13.896507108865816, 14.26219857873413, 14.58920898811692, 14.84582412593371
49.pdb, 2, 1, 0.6447909003096235, 0.4388292003123403, 1.4751035974207782, -, -, -, 1.319230809947429, 12.738003047107204, , Y, 0.3024554128236157, 0.3069137559420375, 0.3113720990604593, 0.18949633203305066, -0.15814726282249592, -0.5087129122287526, -0.8690419108823988, -1.1682062822511616, -1.4406265988616473, -1.7416777605609575, -1.9500527077467167, -2.158427654932476, -2.51821153815612, -2.5225188468269506, -2.5268261554977807, -2.531133464168611, -2.7378229013308735, -2.992352857471265, -3.246882813611656, -3.501412769752047, -3.724352840754243, -3.877391284350352, -4.0183722249649465, -4.106068714030751, -4.410760284545446, -4.788997269206601, -5.20564978968679
49.pdb, 2, 1, 0.6447909003096235, 0.4388292003123403, 1.4751035974207782, -, -, -, 1.319230809947429, 12.738003047107204, , Z, 0.5146506407994843, 1.014429101503008, 1.5142075622065319, 1.9366451670078106, 2.2270227354367997, 2.5169837326926174, 2.801390527992989, 3.182154768104635, 3.5909425933173003, 3.961391879032321, 4.38056954293661, 4.799747206840899, 4.810299321368455, 4.966991451624999, 5.123683581881544, 5.280375712138087, 5.4679749178286965, 5.644144666183161, 5.820314414537624, 5.996484162892089, 5.952959937907185, 5.791587051316464, 5.692620472132068, 5.77730734133578, 5.801940271168659, 5.800952551705521, 5.758034280443642
49.pdb, 2, 1, 0.6447909003096235, 0.4388292003123403, 1.4751035974207782, -, -, -, 1.319230809947429, 12.738003047107204, , distance, 0.5117666191571895, 0.40206905438016677, 0.7492756345276037, 1.0968759586427272, 1.378225063464018, 1.7588119213797213, 2.180411562422218, 2.621615759293271, 3.084204499945188, 3.5317649384249923, 3.9879952506572494, 4.453633197541246, 4.651453027051381, 4.8389704626989145, 5.0690487287931685, 5.336185425084731, 5.7238964398227, 6.136305960236356, 6.560907804675315, 6.9954822282146285, 7.250545959339347, 7.450078932465958, 7.726257889708986, 8.114311363081317, 8.512430352367618, 8.917756014343357, 9.285725974135792
49.pdb, 2, 1, 0.6447909003096235, 0.4388292003123403, 1.4751035974207782, -, -, -, 1.319230809947429, 12.738003047107204, , length, 0.5117666191571895, 1.0117666191571895, 1.5117666191571895, 2.0117666191571892, 2.5117666191571892, 3.0117666191571892, 3.5117666191571892, 4.011766619157189, 4.511766619157189, 5.011766619157189, 5.511766619157189, 6.011766619157189, 6.511766619157189, 7.011766619157189, 7.511766619157189, 8.01176661915719, 8.51176661915719, 9.01176661915719, 9.51176661915719, 10.01176661915719, 10.51176661915719, 11.01176661915719, 11.51176661915719, 12.01176661915719, 12.51176661915719, 13.01176661915719, 13.51176661915719
49.pdb, 2, 1, 0.6447909003096235, 0.4388292003123403, 1.4751035974207782, -, -, -, 1.319230809947429, 12.738003047107204, , R, 1.7880864116045403, 1.7548925035522227, 1.8056811227877347, 1.8592946756853366, 1.8421232575218978, 1.9018766837226526, 2.0159528269642006, 1.964127697454417, 1.95817074057495, 1.9745313049636752, 2.0409170999125745, 2.1807452271381074, 2.1313959782799117, 1.9298444731699111, 1.7989420948669392, 1.7481148129775355, 1.6062277052113851, 1.4973741627949926, 1.4789439737949015, 1.55275394021152, 1.5739295354260097, 1.5300453674431778, 1.591048977455719, 1.7668831113594055, 1.7795939514199863, 1.7953465823506016, 1.8048036575745747
49.pdb, 2, 1, 0.6447909003096235, 0.4388292003123403, 1.4751035974207782, -, -, -, 1.319230809947429, 12.738003047107204, , Upper limit of R overestimation, -, -, -, -, -, -, -, -, -, -, -, -, -, -, -, -, -, -, -, -, -, -, -, -, -, -, -
50.pdb, 2, 1, 0.7018406055238233, 0.35404895839619016, 1.7757768850829228, -, -, -, 1.3199447093568244, 12.833943916355327, , X, 9.176918990224035, 9.02570909720538, 8.874499204186728, 8.723289311168074, 8.586527891069995, 8.457114319440066, 8.550581616670208, 8.759991810113405, 8.976706294166672, 9.19342077821994, 9.410135262273208, 9.729812578227293, 10.140590674824626, 10.556313258399319, 10.961905039392418, 11.387742038398745, 11.813579037405074, 12.239416036411402, 12.665253035417729, 13.092183072874997, 13.545014327926417, 13.9705141766602, 14.212622959126213, 14.540841599486638, 14.890666416443311, 15.277528930850346, 15.49124342663723
50.pdb, 2, 1, 0.7018406055238233, 0.35404895839619016, 1.7757768850829228, -, -, -, 1.3199447093568244, 12.833943916355327, , Y, -0.0400792616414881, -0.147709856122876, -0.2553404506042639, -0.3629710450856518, -0.4817378115257832, -0.6061679379983502, -0.8632738012809299, -1.1696008922552534, -1.4785291054863872, -1.7874573187175207, -2.0963855319486546, -2.39242733693761, -2.673461061509811, -2.742023945688687, -2.8901244829746173, -3.0462134436822366, -3.202302404389856, -3.358391365097475, -3.5144803258050943, -3.671130033505752, -3.8410674987134437, -3.9347644265439485, -4.2762446493353234, -4.614363124681574, -4.946728721896492, -5.2396899309995675, -5.662902153354556
50.pdb, 2, 1, 0.7018406055238233, 0.35404895839619016, 1.7757768850829228, -, -, -, 1.3199447093568244, 12.833943916355327, , Z, 0.8410923223315194, 1.3053672660716165, 1.7696422098117135, 2.2339171535518108, 2.6997714947699407, 3.166429047054275, 3.573568804027719, 3.9072877598756577, 4.235309392502753, 4.563331025129848, 4.891352657756944, 5.032785449737916, 5.012015273536133, 5.254948618627668, 5.505742514440227, 5.716215996433803, 5.926689478427378, 6.137162960420953, 6.347636442414529, 6.5444553050374985, 6.417707080721176, 6.304923118003963, 6.0536319681037964, 5.893577131123513, 5.763518832358171, 5.655797290277079, 5.642309745729383
50.pdb, 2, 1, 0.7018406055238233, 0.35404895839619016, 1.7757768850829228, -, -, -, 1.3199447093568244, 12.833943916355327, , distance, 0.3240910134472438, 0.47555045053581885, 0.9204680749555518, 1.4029877843445175, 1.8964390143489163, 2.3933540184705215, 2.83610766194999, 3.2341239456935837, 3.6530008886925445, 4.090143431405359, 4.5402787454239295, 4.849732095733892, 5.061874207691725, 5.412816246410705, 5.824169058980163, 6.228903506887214, 6.646618130195368, 7.075014221835299, 7.512264632565979, 7.947990619802844, 8.188127462082821, 8.408062206455302, 8.562869842638735, 8.847392233845282, 9.177262268152706, 9.5365464478249, 9.90795546742804
50.pdb, 2, 1, 0.7018406055238233, 0.35404895839619016, 1.7757768850829228, -, -, -, 1.3199447093568244, 12.833943916355327, , length, 0.3240910134472438, 0.8240910134472438, 1.324091013447244, 1.824091013447244, 2.324091013447244, 2.824091013447244, 3.324091013447244, 3.824091013447244, 4.324091013447244, 4.824091013447244, 5.324091013447244, 5.824091013447244, 6.324091013447244, 6.824091013447244, 7.324091013447244, 7.824091013447244, 8.324091013447244, 8.824091013447244, 9.324091013447244, 9.824091013447244, 10.324091013447244, 10.824091013447244, 11.324091013447244, 11.824091013447244, 12.324091013447244, 12.824091013447244, 13.324091013447244
50.pdb, 2, 1, 0.7018406055238233, 0.35404895839619016, 1.7757768850829228, -, -, -, 1.3199447093568244, 12.833943916355327, , R, 1.9706137093580407, 1.8685723491218214, 1.8462240937956091, 1.9052900343521444, 2.025974447050718, 2.208887919298548, 2.221253085901542, 2.172282164083276, 2.1882080341220345, 2.2767255242230453, 2.4325317698650517, 2.4518573860856847, 2.360982981161383, 2.1758005470619937, 1.9910998831445077, 1.8463857142350173, 1.7795659710074376, 1.7958572781886308, 1.8939470401036422, 2.0566857214602825, 2.05981299548409, 2.0866139526748055, 2.016767174412273, 1.9508938989763134, 1.9430615088073229, 1.9592733518213, 1.9383274477316588
50.pdb, 2, 1, 0.7018406055238233, 0.35404895839619016, 1.7757768850829228, -, -, -, 1.3199447093568244, 12.833943916355327, , Upper limit of R overestimation, -, -, -, -, -, -, -, -, -, -, -, -, -, -, -, -, -, -, -, -, -, -, -, -, -, -, -
2.pdb, 3, 3, 0.3903684537375222, 0.9406642326837067, 0.9725320705417635, -, -, -, 1.504079625728088, 19.387058612111854, , X, 8.809032966825214, 8.83905257588365, 8.83653778174993, 8.810298854528924, 8.789350909379076, 8.780115907388941, 8.917812727484236, 8.939531762338591, 9.038298757127592, 9.46534914336233, 9.913630535059287, 10.359096691612283, 10.783934562740242, 11.11583324286597, 11.39027346914763, 11.671806251207267, 11.953339033266904, 12.117405940740147, 12.277047434044508, 12.487731686689202, 12.695215445875272, 12.462744583404566, 12.17896604168613, 11.895187499967694, 11.668278570211433, 11.477317975947958, 11.368892763793538, 11.361838551976017, 11.156367170178648, 11.340161343533888, 11.339638652364355, 11.275680037379495, 11.157556554230354, 11.11879403135245, 11.08003150847455, 11.041268985596647, 10.89016714566581, 10.708412355898911, 10.70073175932547, 10.833787273786305, 11.017103137557196
2.pdb, 3, 3, 0.3903684537375222, 0.9406642326837067, 0.9725320705417635, -, -, -, 1.504079625728088, 19.387058612111854, , Y, -0.21242387968192222, -0.11906696746638111, -0.060434621425988704, -0.06283403233854569, -0.070647127612984, -0.09012901939249955, -0.23925566969440948, -0.3473903346332689, -0.3475726485448985, -0.3372682856191129, -0.35708065394304095, -0.3650325920810706, -0.2860787029515434, -0.10869103463386871, -0.08732192068029006, -0.08187871859696405, -0.07643551651363806, 0.24748054533674277, 0.6661852991943911, 1.0796577782163521, 1.4567841183305763, 1.853492739821869, 2.245600578792454, 2.637708417763039, 3.0570687322615915, 3.4664646385662663, 3.9127295567363567, 4.4046457549398355, 4.734959047461137, 5.0709577133474015, 5.56419414926367, 6.045958110168003, 6.419773352142653, 6.700742872450445, 6.981712392758237, 7.26268191306603, 7.397917751862234, 7.466084507319002, 7.34532231520807, 7.077434231722172, 6.74193186175532
2.pdb, 3, 3, 0.3903684537375222, 0.9406642326837067, 0.9725320705417635, -, -, -, 1.504079625728088, 19.387058612111854, , Z, 0.6073544974277413, 1.0976435040488957, 1.591305003006595, 2.0904245179717726, 2.589924406997017, 3.084856966386069, 3.5251979925200456, 3.99934016694659, 4.423760845057228, 4.613519981590466, 4.834090296727469, 5.058381230934914, 5.30993453869847, 5.556795611263481, 5.963301514221838, 6.376471774740237, 6.789642035258636, 7.095501115164925, 7.310315212835994, 7.496467448328834, 7.748401532573355, 7.6594496269076275, 7.534065489641482, 7.4086813523753365, 7.261534257865547, 7.456245245436809, 7.570298578842199, 7.613303520798236, 7.469234523587905, 7.6145153647407415, 7.677618283627536, 7.74119309850445, 7.9486914935370026, 8.360460355252103, 8.772229216967203, 9.183998078682302, 9.619949307774272, 10.08072961317728, 10.515824422885206, 10.911261251912737, 11.233003492788223
2.pdb, 3, 3, 0.3903684537375222, 0.9406642326837067, 0.9725320705417635, -, -, -, 1.504079625728088, 19.387058612111854, , distance, 0.3047135254949145, 0.23524029829437484, 0.7220588604948325, 1.2217516274796998, 1.721697717368461, 2.2167846769309327, 2.66222542046837, 3.143790008744295, 3.570274243941356, 3.8032879303855407, 4.113966454491153, 4.460923623910109, 4.846420441783697, 5.204263955713038, 5.689925941193902, 6.185610097741622, 6.681937394670421, 7.035891956376326, 7.329944077097167, 7.6434168334036885, 8.023701542744544, 7.924422255559822, 7.797427651256524, 7.700862800280749, 7.649452691783011, 7.919997719312223, 8.187500311315556, 8.46949578035775, 8.478397476224593, 8.833997088693492, 9.176107140018948, 9.508518520371481, 9.872006865961897, 10.34415260649186, 10.818801538580226, 11.295638110172412, 11.678741714380553, 12.04095434629501, 12.302718524392814, 12.480111651239191, 12.585632678784163
2.pdb, 3, 3, 0.3903684537375222, 0.9406642326837067, 0.9725320705417635, -, -, -, 1.504079625728088, 19.387058612111854, , length, 0.3047135254949145, 0.8047135254949145, 1.3047135254949145, 1.8047135254949145, 2.3047135254949147, 2.8047135254949147, 3.3047135254949147, 3.8047135254949147, 4.304713525494915, 4.804713525494915, 5.304713525494915, 5.804713525494915, 6.304713525494915, 6.804713525494915, 7.304713525494915, 7.804713525494915, 8.304713525494915, 8.804713525494915, 9.304713525494915, 9.804713525494915, 10.304713525494915, 10.804713525494915, 11.304713525494915, 11.804713525494915, 12.304713525494915, 12.804713525494915, 13.304713525494915, 13.804713525494915, 14.304713525494915, 14.804713525494915, 15.304713525494915, 15.804713525494915, 16.304713525494915, 16.804713525494915, 17.304713525494915, 17.804713525494915, 18.304713525494915, 18.804713525494915, 19.304713525494915, 19.804713525494915, 20.304713525494915
2.pdb, 3, 3, 0.3903684537375222, 0.9406642326837067, 0.9725320705417635, -, -, -, 1.504079625728088, 19.387058612111854, , R, 1.8900890289546892, 1.8564823143241072, 1.8784013488601599, 1.9274649993774065, 2.04731669114466, 2.221501495766179, 2.2028965069353497, 2.1377651269515763, 2.1392952036248394, 1.9013399599552299, 1.6985973238795384, 1.5649855788581932, 1.4633233628949365, 1.38440817093096, 1.2535410369238866, 1.2223927908717547, 1.2932127961057314, 1.2179452640351454, 1.1164529999590436, 1.0825249357794926, 1.1233852619586628, 1.0104385973225642, 0.9739250827623123, 1.050746928997772, 1.1906666999979374, 1.2022094976331272, 1.1719249097810989, 1.114436463424221, 1.1211496627414756, 1.1628157310538658, 1.2667877944523223, 1.4193689581772577, 1.4706501093141109, 1.4708645039850585, 1.5630892839203068, 1.7386744602257516, 1.7642105665767154, 1.7925536362754853, 1.7626107793813335, 1.7013625120609894, 1.6535573554742438
2.pdb, 3, 3, 0.3903684537375222, 0.9406642326837067, 0.9725320705417635, -, -, -, 1.504079625728088, 19.387058612111854, , Upper limit of R overestimation, -, -, -, -, -, -, -, -, -, -, -, -, -, -, -, -, -, -, -, -, -, -, -, -, -, -, -, -, -, -, -, -, -, -, -, -, -, -, -, -, -
2.pdb, 3, 4, 0.35318575591861545, 1.040761139721796, 0.9725320705417635, -, -, -, 1.4172211324000559, 21.304143494175335, , X, 8.809032966825214, 8.83905257588365, 8.83653778174993, 8.810298854528924, 8.789350909379076, 8.780115907388941, 8.917812727484236, 8.939531762338591, 9.038298757127592, 9.46534914336233, 9.913630535059287, 10.359096691612283, 10.783934562740242, 11.11583324286597, 11.39027346914763, 11.671806251207267, 11.953339033266904, 12.117405940740147, 12.277047434044508, 12.487731686689202, 12.695215445875272, 12.462744583404566, 12.17896604168613, 11.895187499967694, 11.668278570211433, 11.477317975947958, 11.368892763793538, 11.361838551976017, 11.156367170178648, 11.340161343533888, 11.339638652364355, 11.275680037379495, 11.157556554230354, 11.11879403135245, 11.08003150847455, 11.041268985596647, 10.89016714566581, 10.708412355898911, 10.634942539672794, 10.412226018654353, 10.048649208228323, 9.802555180164832, 9.733031094400951, 9.951781495841361, 10.20557019270289
2.pdb, 3, 4, 0.35318575591861545, 1.040761139721796, 0.9725320705417635, -, -, -, 1.4172211324000559, 21.304143494175335, , Y, -0.21242387968192222, -0.11906696746638111, -0.060434621425988704, -0.06283403233854569, -0.070647127612984, -0.09012901939249955, -0.23925566969440948, -0.3473903346332689, -0.3475726485448985, -0.3372682856191129, -0.35708065394304095, -0.3650325920810706, -0.2860787029515434, -0.10869103463386871, -0.08732192068029006, -0.08187871859696405, -0.07643551651363806, 0.24748054533674277, 0.6661852991943911, 1.0796577782163521, 1.4567841183305763, 1.853492739821869, 2.245600578792454, 2.637708417763039, 3.0570687322615915, 3.4664646385662663, 3.9127295567363567, 4.4046457549398355, 4.734959047461137, 5.0709577133474015, 5.56419414926367, 6.045958110168003, 6.419773352142653, 6.700742872450445, 6.981712392758237, 7.26268191306603, 7.397917751862234, 7.466084507319002, 7.686027068440948, 8.007322597966633, 8.32641560002246, 8.707458567099575, 9.121786348879628, 9.506054522378653, 9.85351439827038
2.pdb, 3, 4, 0.35318575591861545, 1.040761139721796, 0.9725320705417635, -, -, -, 1.4172211324000559, 21.304143494175335, , Z, 0.6073544974277413, 1.0976435040488957, 1.591305003006595, 2.0904245179717726, 2.589924406997017, 3.084856966386069, 3.5251979925200456, 3.99934016694659, 4.423760845057228, 4.613519981590466, 4.834090296727469, 5.058381230934914, 5.30993453869847, 5.556795611263481, 5.963301514221838, 6.376471774740237, 6.789642035258636, 7.095501115164925, 7.310315212835994, 7.496467448328834, 7.748401532573355, 7.6594496269076275, 7.534065489641482, 7.4086813523753365, 7.261534257865547, 7.456245245436809, 7.570298578842199, 7.613303520798236, 7.469234523587905, 7.6145153647407415, 7.677618283627536, 7.74119309850445, 7.9486914935370026, 8.360460355252103, 8.772229216967203, 9.183998078682302, 9.619949307774272, 10.08072961317728, 10.493816135061902, 10.718195501761382, 10.844653237623742, 11.018902048695884, 11.232847331216055, 11.466270193646846, 11.684252979185771
2.pdb, 3, 4, 0.35318575591861545, 1.040761139721796, 0.9725320705417635, -, -, -, 1.4172211324000559, 21.304143494175335, , distance, 0.3047135254949145, 0.23524029829437484, 0.7220588604948325, 1.2217516274796998, 1.721697717368461, 2.2167846769309327, 2.66222542046837, 3.143790008744295, 3.570274243941356, 3.8032879303855407, 4.113966454491153, 4.460923623910109, 4.846420441783697, 5.204263955713038, 5.689925941193902, 6.185610097741622, 6.681937394670421, 7.035891956376326, 7.329944077097167, 7.6434168334036885, 8.023701542744544, 7.924422255559822, 7.797427651256524, 7.700862800280749, 7.649452691783011, 7.919997719312223, 8.187500311315556, 8.46949578035775, 8.478397476224593, 8.833997088693492, 9.176107140018948, 9.508518520371481, 9.872006865961897, 10.34415260649186, 10.818801538580226, 11.295638110172412, 11.678741714380553, 12.04095434629501, 12.48435441632816, 12.828426640209148, 13.089234667441922, 13.447944572730808, 13.876205986295991, 14.320647962498391, 14.7356911074591
2.pdb, 3, 4, 0.35318575591861545, 1.040761139721796, 0.9725320705417635, -, -, -, 1.4172211324000559, 21.304143494175335, , length, 0.3047135254949145, 0.8047135254949145, 1.3047135254949145, 1.8047135254949145, 2.3047135254949147, 2.8047135254949147, 3.3047135254949147, 3.8047135254949147, 4.304713525494915, 4.804713525494915, 5.304713525494915, 5.804713525494915, 6.304713525494915, 6.804713525494915, 7.304713525494915, 7.804713525494915, 8.304713525494915, 8.804713525494915, 9.304713525494915, 9.804713525494915, 10.304713525494915, 10.804713525494915, 11.304713525494915, 11.804713525494915, 12.304713525494915, 12.804713525494915, 13.304713525494915, 13.804713525494915, 14.304713525494915, 14.804713525494915, 15.304713525494915, 15.804713525494915, 16.304713525494915, 16.804713525494915, 17.304713525494915, 17.804713525494915, 18.304713525494915, 18.804713525494915, 19.304713525494915, 19.804713525494915, 20.304713525494915, 20.804713525494915, 21.304713525494915, 21.804713525494915, 22.304713525494915
2.pdb, 3, 4, 0.35318575591861545, 1.040761139721796, 0.9725320705417635, -, -, -, 1.4172211324000559, 21.304143494175335, , R, 1.8900890289546892, 1.8564823143241072, 1.8784013488601599, 1.9274649993774065, 2.04731669114466, 2.221501495766179, 2.2028965069353497, 2.1377651269515763, 2.1392952036248394, 1.9013399599552299, 1.6985973238795384, 1.5649855788581932, 1.4633233628949365, 1.38440817093096, 1.2535410369238866, 1.2223927908717547, 1.2932127961057314, 1.2179452640351454, 1.1164529999590436, 1.0825249357794926, 1.1233852619586628, 1.0104385973225642, 0.9739250827623123, 1.050746928997772, 1.1906666999979374, 1.2022094976331272, 1.1719249097810989, 1.114436463424221, 1.1211496627414756, 1.1628157310538658, 1.2667877944523223, 1.4193689581772577, 1.4706501093141109, 1.4708645039850585, 1.5630892839203068, 1.7386744602257516, 1.7642105665767154, 1.7925536362754853, 1.781887118654333, 1.6147246854046486, 1.4245800441670255, 1.3235100954016736, 1.3262712770007348, 1.4402099187793203, 1.630734358539759
2.pdb, 3, 4, 0.35318575591861545, 1.040761139721796, 0.9725320705417635, -, -, -, 1.4172211324000559, 21.304143494175335, , Upper limit of R overestimation, -, -, -, -, -, -, -, -, -, -, -, -, -, -, -, -, -, -, -, -, -, -, -, -, -, -, -, -, -, -, -, -, -, -, -, -, -, -, -, -, -, -, -, -, -
6.pdb, 3, 3, 0.48447900907146785, 0.724681173519759, 1.2178014143604348, -, -, -, 1.521540532709694, 18.562401567913255, , X, 9.22459209747779, 9.247546922473603, 9.270501747469414, 9.293456572465226, 9.316411397461037, 9.324898611411115, 9.26208214168884, 9.224663038731057, 9.3033002115917, 9.509499029347165, 9.913870438350642, 10.302685369693817, 10.68160768731409, 11.060397459667131, 11.439187232020172, 11.805139063781018, 12.101845944365738, 12.23368149411354, 12.429098775675062, 12.60762948097274, 12.602638295701311, 12.611890234601061, 12.321114387946476, 11.985912616660872, 11.830043073322527, 11.831623026252355, 11.833202979182186, 11.824876362972077, 11.662805396102192, 11.458837799358653, 11.39868421508666, 11.420788338296754, 11.427740091499286, 11.46589294218548, 11.547667338554882, 11.389686093433838, 11.229582850899135, 11.108787955093636, 10.995782338090203
6.pdb, 3, 3, 0.48447900907146785, 0.724681173519759, 1.2178014143604348, -, -, -, 1.521540532709694, 18.562401567913255, , Y, 0.034075899261322457, 0.15864776524248608, 0.2832196312236497, 0.40779149720481334, 0.5323633631859769, 0.5900839204557338, 0.23062046841356518, -0.05392381022246508, -0.09075114259129412, -0.07593642964065875, 0.15116838656366077, 0.04305172990338743, -0.04364662823776672, -0.12951270953373384, -0.215378790829701, -0.2658322150881835, -0.13213723940105132, 0.25637181617704463, 0.6472242927871223, 1.053764753108174, 1.4904335353320752, 1.8892054309303088, 2.2632373644978383, 2.633827290431761, 3.0676185076527585, 3.556898978481729, 4.046179449310699, 4.511522142726505, 4.968341123904152, 5.4235070605331615, 5.907157602915647, 6.403314726842195, 6.895396318717755, 7.374982555414567, 7.557742210862411, 7.447590279476302, 7.33966730318017, 7.257120099446982, 7.1667022067724675
6.pdb, 3, 3, 0.48447900907146785, 0.724681173519759, 1.2178014143604348, -, -, -, 1.521540532709694, 18.562401567913255, , Z, 0.29468703890342135, 0.778375912266643, 1.2620647856298648, 1.7457536589930864, 2.229442532356308, 2.692213269426617, 3.033643281505166, 3.4183372202091244, 3.8854323357230895, 4.256473498386606, 4.443308093784097, 4.71864400188683, 5.033034280506137, 5.347907785970801, 5.662781291435464, 5.991025054685672, 6.343154086873134, 6.628951395391796, 6.866793272826065, 7.09037852009034, 7.300118279634065, 7.601606881255398, 7.593686627880465, 7.611090056372673, 7.56439787862959, 7.4614312596984025, 7.358464640767215, 7.437620753222715, 7.524055957962838, 7.552887776332637, 7.5830454452210105, 7.632882640716405, 7.721242020889794, 7.809360760556121, 8.15625401129896, 8.61767407826822, 9.078846498864088, 9.55376128452828, 10.032357497645322
6.pdb, 3, 3, 0.48447900907146785, 0.724681173519759, 1.2178014143604348, -, -, -, 1.521540532709694, 18.562401567913255, , distance, 0.690395414338804, 0.4604367246430867, 0.6688483584939543, 1.0875266782567048, 1.555014606098626, 1.9927374241530602, 2.2217367079664303, 2.575539058205452, 3.0492013041094244, 3.44966896662961, 3.733599217498943, 4.11379978946456, 4.546663144327299, 4.992439915658525, 5.4476386512815616, 5.9139149499134325, 6.3645806826941165, 6.685041499681132, 7.017688438858033, 7.350604500213355, 7.603575093759012, 7.9530473647344095, 7.914867050484916, 7.9076140337968495, 7.967434330360917, 8.088584511017954, 8.238348680114566, 8.537930128652269, 8.802943677746955, 9.031104521358586, 9.337945475292331, 9.70326084142805, 10.099458870474349, 10.503209996909856, 10.882956537139743, 11.085276963343729, 11.306937658820832, 11.579951983995727, 11.866949642903089
6.pdb, 3, 3, 0.48447900907146785, 0.724681173519759, 1.2178014143604348, -, -, -, 1.521540532709694, 18.562401567913255, , length, 0.690395414338804, 1.190395414338804, 1.690395414338804, 2.190395414338804, 2.690395414338804, 3.190395414338804, 3.690395414338804, 4.190395414338804, 4.690395414338804, 5.190395414338804, 5.690395414338804, 6.190395414338804, 6.690395414338804, 7.190395414338804, 7.690395414338804, 8.190395414338804, 8.690395414338804, 9.190395414338804, 9.690395414338804, 10.190395414338804, 10.690395414338804, 11.190395414338804, 11.690395414338804, 12.190395414338804, 12.690395414338804, 13.190395414338804, 13.690395414338804, 14.190395414338804, 14.690395414338804, 15.190395414338804, 15.690395414338804, 16.190395414338802, 16.690395414338802, 17.190395414338802, 17.690395414338802, 18.190395414338802, 18.690395414338802, 19.190395414338802, 19.690395414338802
6.pdb, 3, 3, 0.48447900907146785, 0.724681173519759, 1.2178014143604348, -, -, -, 1.521540532709694, 18.562401567913255, , R, 2.0182891879451574, 1.8901421972721535, 1.839830965938605, 1.871183127655611, 1.981785553068239, 2.1432753918791363, 2.2330157175273646, 2.2095134304079833, 2.187346895173044, 2.1122612211569782, 1.9488948009838956, 1.7361777980206605, 1.5540788554855365, 1.4544398912505734, 1.4471025537920112, 1.5121758996999157, 1.5364792728591776, 1.4275347065160136, 1.36787708179768, 1.3526311835824563, 1.2955197131302805, 1.2883553296772854, 1.2491411397427574, 1.2621937037246684, 1.247394578921697, 1.2203345857040746, 1.2952552551944085, 1.3287290662595341, 1.3383037228266648, 1.424207246076117, 1.5061887319988572, 1.6094393654756696, 1.7765805219562665, 1.9887406480820966, 1.8468527851191097, 1.7102256432951888, 1.6527073928458849, 1.6451119337981626, 1.7129977560329228
6.pdb, 3, 3, 0.48447900907146785, 0.724681173519759, 1.2178014143604348, -, -, -, 1.521540532709694, 18.562401567913255, , Upper limit of R overestimation, -, -, -, -, -, -, -, -, -, -, -, -, -, -, -, -, -, -, -, -, -, -, -, -, -, -, -, -, -, -, -, -, -, -, -, -, -, -, -
7.pdb, 3, 2, 0.4220768643314404, 0.8625678385666425, 0.9590309236704264, -, -, -, 1.4349263785240125, 17.69499497708463, , X, 8.453867583925243, 8.461801076051032, 8.46973456817682, 8.47766806030261, 8.407785306725994, 8.233441405379372, 8.209455030196905, 8.353972250442133, 8.64214065647374, 8.978412074425933, 9.281493598028039, 9.483978607034334, 9.742122758713547, 10.030048770828486, 10.326824329939997, 10.560859604843792, 10.630724173809277, 10.700588742774762, 10.931213608817728, 11.132997463254751, 11.260784933664514, 11.25176756534974, 11.414386071995596, 11.58315896059663, 11.691506049897924, 11.52108215956724, 11.322163661865805, 11.123245164164368, 10.960923426088605, 10.874064823135791, 10.781303923420047, 10.519507656577115, 10.304378302651598, 10.278265597355535, 10.403359682010995, 10.528453766666455, 10.635799692435397, 10.727876376604893
7.pdb, 3, 2, 0.4220768643314404, 0.8625678385666425, 0.9590309236704264, -, -, -, 1.4349263785240125, 17.69499497708463, , Y, -0.05701524165434703, 0.02798103557449387, 0.11297731280333477, 0.19797359003217568, 0.19144002939216487, 0.06243927480086768, -0.16263887715642333, -0.3749278499041526, -0.530396665964603, -0.6352280869176319, -0.3766180830373476, -0.034967605218391706, 0.22137995166997643, 0.4855592927180655, 0.7244887315748079, 1.0032150822778878, 1.4517424169427697, 1.9002697516076519, 2.1906306117011285, 2.5121731152106213, 2.955466351905742, 3.4321213477615853, 3.83595716073277, 4.232678155814649, 4.491951189945753, 4.829936364361777, 5.288424849231925, 5.7469133341020715, 6.213192178400353, 6.421995408828999, 6.599369541833635, 6.847128662219191, 6.826034778563122, 6.57725615953647, 6.326644808570983, 6.076033457605498, 5.819990230442265, 5.679617935487058
7.pdb, 3, 2, 0.4220768643314404, 0.8625678385666425, 0.9590309236704264, -, -, -, 1.4349263785240125, 17.69499497708463, , Z, 0.318388684311938, 0.8110474836446284, 1.3037062829773187, 1.7963650823100092, 2.273267830771133, 2.719778287933238, 3.1098108729619507, 3.5383200874351948, 3.9161467842535256, 4.220749926466943, 4.4130859025136004, 4.716853531028885, 5.035399682013982, 5.332582334335044, 5.641921281215099, 5.912352519374193, 6.121976401748515, 6.331600284122838, 6.64029780340578, 6.726299174153354, 6.691268112849893, 6.715844955811632, 6.912533924160036, 7.15570133814136, 7.439962497999337, 7.3353000165998745, 7.320476369488566, 7.305652722377257, 7.2992455057223475, 7.717811899966342, 8.17599726903085, 8.504024949478744, 8.88952070220435, 9.280698054386994, 9.694878474918273, 10.10905889544955, 10.52398889645273, 10.994963952099374
7.pdb, 3, 2, 0.4220768643314404, 0.8625678385666425, 0.9590309236704264, -, -, -, 1.4349263785240125, 17.69499497708463, , distance, 0.6816445223718509, 0.40798866868669625, 0.6068527438134699, 1.034449492034836, 1.4952645527980402, 1.955976871672253, 2.3335476094012564, 2.733187294869325, 3.089485950695839, 3.401833055840953, 3.5828370169202066, 3.898552230080316, 4.268876231235916, 4.647800430496752, 5.056106269689389, 5.429504681373806, 5.747995790417035, 6.090926869388912, 6.534252638080648, 6.791788445716895, 6.9855805884522235, 7.221322257422401, 7.634054966382591, 8.088328812146843, 8.483743103746143, 8.536136901832837, 8.737900077863802, 8.963044255978666, 9.229308384862488, 9.64596254179732, 10.074547532239647, 10.431716790384712, 10.672134684983467, 10.811136394194405, 11.00570414980256, 11.219196830971802, 11.445620311209888, 11.790772892527722
7.pdb, 3, 2, 0.4220768643314404, 0.8625678385666425, 0.9590309236704264, -, -, -, 1.4349263785240125, 17.69499497708463, , length, 0.6816445223718509, 1.181644522371851, 1.681644522371851, 2.181644522371851, 2.681644522371851, 3.181644522371851, 3.681644522371851, 4.181644522371851, 4.681644522371851, 5.181644522371851, 5.681644522371851, 6.181644522371851, 6.681644522371851, 7.181644522371851, 7.681644522371851, 8.181644522371851, 8.681644522371851, 9.181644522371851, 9.681644522371851, 10.181644522371851, 10.681644522371851, 11.181644522371851, 11.681644522371851, 12.181644522371851, 12.681644522371851, 13.181644522371851, 13.681644522371851, 14.181644522371851, 14.681644522371851, 15.181644522371851, 15.681644522371851, 16.18164452237185, 16.68164452237185, 17.18164452237185, 17.68164452237185, 18.18164452237185, 18.68164452237185, 19.18164452237185
7.pdb, 3, 2, 0.4220768643314404, 0.8625678385666425, 0.9590309236704264, -, -, -, 1.4349263785240125, 17.69499497708463, , R, 1.9510006823447628, 1.8771179262851707, 1.8835862505196663, 1.9699138153145952, 2.0695418999384376, 2.157092699268202, 2.1528196278200813, 2.1740305942942983, 2.2262227106348655, 2.3130121223336877, 2.1019051287084904, 1.8281808426542694, 1.5924239695292244, 1.3534347443927495, 1.1525867552288573, 1.0195982818361633, 0.9589639901697999, 1.012608073963791, 1.1283046529098526, 1.152986420563283, 1.1051796872901287, 1.0315268279909475, 0.9907490038138345, 1.0284100451034843, 1.0501791269353344, 1.1119044320230114, 1.1997295029673147, 1.3831185168350062, 1.6103959024191663, 1.5929924217805127, 1.6434662214836029, 1.6409294634865634, 1.6188348432496975, 1.5522432680458438, 1.4246272198418122, 1.3889173566889792, 1.434835372053682, 1.503128178646343
7.pdb, 3, 2, 0.4220768643314404, 0.8625678385666425, 0.9590309236704264, -, -, -, 1.4349263785240125, 17.69499497708463, , Upper limit of R overestimation, -, -, -, -, -, -, -, -, -, -, -, -, -, -, -, -, -, -, -, -, -, -, -, -, -, -, -, -, -, -, -, -, -, -, -, -, -, -
7.pdb, 3, 3, 0.2773211964757336, 1.2825788904943447, 0.9284465273300684, -, -, -, 1.3526745100264577, 21.897606397426667, , X, 8.453867583925243, 8.461801076051032, 8.46973456817682, 8.47766806030261, 8.407785306725994, 8.233441405379372, 8.209455030196905, 8.353972250442133, 8.64214065647374, 8.978412074425933, 9.281493598028039, 9.483978607034334, 9.742122758713547, 10.030048770828486, 10.326824329939997, 10.560859604843792, 10.630724173809277, 10.700588742774762, 10.931213608817728, 11.132997463254751, 11.260784933664514, 11.25176756534974, 11.414386071995596, 11.58315896059663, 11.691506049897924, 11.52108215956724, 11.322163661865805, 11.123245164164368, 10.960923426088605, 10.874064823135791, 10.781303923420047, 10.519507656577115, 10.535953331845619, 10.733282280529181, 10.996044012316544, 11.245992586576435, 11.474265298314467, 11.523985347103663, 11.513126371447298, 11.492519413839668, 11.46227355625195, 11.542173479689508, 11.60821183595818, 11.637467215133299, 11.581877627320091, 11.467426039798966, 11.35297445227784
7.pdb, 3, 3, 0.2773211964757336, 1.2825788904943447, 0.9284465273300684, -, -, -, 1.3526745100264577, 21.897606397426667, , Y, -0.05701524165434703, 0.02798103557449387, 0.11297731280333477, 0.19797359003217568, 0.19144002939216487, 0.06243927480086768, -0.16263887715642333, -0.3749278499041526, -0.530396665964603, -0.6352280869176319, -0.3766180830373476, -0.034967605218391706, 0.22137995166997643, 0.4855592927180655, 0.7244887315748079, 1.0032150822778878, 1.4517424169427697, 1.9002697516076519, 2.1906306117011285, 2.5121731152106213, 2.955466351905742, 3.4321213477615853, 3.83595716073277, 4.232678155814649, 4.491951189945753, 4.829936364361777, 5.288424849231925, 5.7469133341020715, 6.213192178400353, 6.421995408828999, 6.599369541833635, 6.847128662219191, 7.232431856348345, 7.684580916464981, 8.102517593184485, 8.47127913496838, 8.828961174420606, 9.07753489931433, 9.549784690650986, 10.035117239085942, 10.53338614581175, 11.007228514765506, 11.389008560730604, 11.757019460943551, 12.193372276743801, 12.6771379439851, 13.1609036112264
7.pdb, 3, 3, 0.2773211964757336, 1.2825788904943447, 0.9284465273300684, -, -, -, 1.3526745100264577, 21.897606397426667, , Z, 0.318388684311938, 0.8110474836446284, 1.3037062829773187, 1.7963650823100092, 2.273267830771133, 2.719778287933238, 3.1098108729619507, 3.5383200874351948, 3.9161467842535256, 4.220749926466943, 4.4130859025136004, 4.716853531028885, 5.035399682013982, 5.332582334335044, 5.641921281215099, 5.912352519374193, 6.121976401748515, 6.331600284122838, 6.64029780340578, 6.726299174153354, 6.691268112849893, 6.715844955811632, 6.912533924160036, 7.15570133814136, 7.439962497999337, 7.3353000165998745, 7.320476369488566, 7.305652722377257, 7.2992455057223475, 7.717811899966342, 8.17599726903085, 8.504024949478744, 8.663148846712284, 8.7445276734861, 8.772192637910587, 8.888073972220695, 8.955505905205412, 8.659572516081088, 8.495675544693029, 8.399848846012205, 8.37133069934994, 8.327372706597764, 8.589363732654888, 8.92657598052524, 9.096335401707883, 9.14992283785176, 9.203510273995636
7.pdb, 3, 3, 0.2773211964757336, 1.2825788904943447, 0.9284465273300684, -, -, -, 1.3526745100264577, 21.897606397426667, , distance, 0.6816445223718509, 0.40798866868669625, 0.6068527438134699, 1.034449492034836, 1.4952645527980402, 1.955976871672253, 2.3335476094012564, 2.733187294869325, 3.089485950695839, 3.401833055840953, 3.5828370169202066, 3.898552230080316, 4.268876231235916, 4.647800430496752, 5.056106269689389, 5.429504681373806, 5.747995790417035, 6.090926869388912, 6.534252638080648, 6.791788445716895, 6.9855805884522235, 7.221322257422401, 7.634054966382591, 8.088328812146843, 8.483743103746143, 8.536136901832837, 8.737900077863802, 8.963044255978666, 9.229308384862488, 9.64596254179732, 10.074547532239647, 10.431716790384712, 10.80763423752794, 11.206471936278962, 11.564132611349857, 11.952653586156185, 12.301601205317864, 12.303534815716851, 12.555861179917676, 12.870720477691524, 13.24313244989843, 13.616662950034497, 14.083626638135428, 14.573804569999817, 15.012013513743446, 15.418413215578036, 15.830173165060673
7.pdb, 3, 3, 0.2773211964757336, 1.2825788904943447, 0.9284465273300684, -, -, -, 1.3526745100264577, 21.897606397426667, , length, 0.6816445223718509, 1.181644522371851, 1.681644522371851, 2.181644522371851, 2.681644522371851, 3.181644522371851, 3.681644522371851, 4.181644522371851, 4.681644522371851, 5.181644522371851, 5.681644522371851, 6.181644522371851, 6.681644522371851, 7.181644522371851, 7.681644522371851, 8.181644522371851, 8.681644522371851, 9.181644522371851, 9.681644522371851, 10.181644522371851, 10.681644522371851, 11.181644522371851, 11.681644522371851, 12.181644522371851, 12.681644522371851, 13.181644522371851, 13.681644522371851, 14.181644522371851, 14.681644522371851, 15.181644522371851, 15.681644522371851, 16.18164452237185, 16.68164452237185, 17.18164452237185, 17.68164452237185, 18.18164452237185, 18.68164452237185, 19.18164452237185, 19.68164452237185, 20.18164452237185, 20.68164452237185, 21.18164452237185, 21.68164452237185, 22.18164452237185, 22.68164452237185, 23.18164452237185, 23.68164452237185
7.pdb, 3, 3, 0.2773211964757336, 1.2825788904943447, 0.9284465273300684, -, -, -, 1.3526745100264577, 21.897606397426667, , R, 1.9510006823447628, 1.8771179262851707, 1.8835862505196663, 1.9699138153145952, 2.0695418999384376, 2.157092699268202, 2.1528196278200813, 2.1740305942942983, 2.2262227106348655, 2.3130121223336877, 2.1019051287084904, 1.8281808426542694, 1.5924239695292244, 1.3534347443927495, 1.1525867552288573, 1.0195982818361633, 0.9589639901697999, 1.012608073963791, 1.1283046529098526, 1.152986420563283, 1.1051796872901287, 1.0315268279909475, 0.9907490038138345, 1.0284100451034843, 1.0501791269353344, 1.1119044320230114, 1.1997295029673147, 1.3831185168350062, 1.6103959024191663, 1.5929924217805127, 1.6434662214836029, 1.6409294634865634, 1.4806931392032376, 1.2780934840990261, 1.1379982061300555, 1.030891391821627, 1.008760091966131, 1.0106162843206195, 0.9309056761554364, 0.9302413279353814, 1.0090916548471338, 1.114176831338223, 1.1024618273304692, 1.1710455988686783, 1.2043580771387588, 1.2456356438202862, 1.3848268107449957
7.pdb, 3, 3, 0.2773211964757336, 1.2825788904943447, 0.9284465273300684, -, -, -, 1.3526745100264577, 21.897606397426667, , Upper limit of R overestimation, -, -, -, -, -, -, -, -, -, -, -, -, -, -, -, -, -, -, -, -, -, -, -, -, -, -, -, -, -, -, -, -, -, -, -, -, -, -, -, -, -, -, -, -, -, -, -
8.pdb, 3, 3, 0.3858563497790055, 0.9522901296142041, 1.0219813916540164, -, -, -, 1.4540299739347213, 19.742970757534632, , X, 8.903845507845906, 8.854312359252802, 8.751324479086795, 8.650205930166294, 8.630763078748016, 8.659296861957023, 8.820452831159665, 9.165327990983505, 9.557466692926491, 9.716260930369483, 9.654364146235316, 9.998514825445696, 10.337379598044352, 10.65805389742906, 10.978728196813769, 11.3704365247045, 11.751954212205131, 12.094845828968202, 12.22703920399459, 12.223636259825899, 12.00766802864853, 11.82440717583742, 11.606925522648806, 11.280522167328671, 11.191285221868645, 11.252209385756297, 11.271442274109146, 11.276643874451262, 11.114961914835463, 10.924223091009852, 10.995795554122923, 10.947628789257825, 10.889942688428198, 10.904283745297494, 10.765186373932076, 10.684136548603641, 10.603086723275206, 10.574331621090815, 10.709458043772772, 10.9276573542747, 11.260764168880392, 11.593333167905932
8.pdb, 3, 3, 0.3858563497790055, 0.9522901296142041, 1.0219813916540164, -, -, -, 1.4540299739347213, 19.742970757534632, , Y, -0.060040865246596714, -0.08155992332961948, -0.20902034378612583, -0.33733639070332894, -0.0740850105551677, 0.25307831855404234, 0.20899255122798543, 0.3372988421325746, 0.5437155811433192, 0.6227662614948858, 0.541143740258764, 0.8343733368870329, 0.8900591448513804, 0.7717767745511166, 0.6534944042508528, 0.5419463989447627, 0.4850037819426293, 0.6129934581451133, 0.9765535667749498, 1.453899997608854, 1.8796236299085214, 2.31561881431033, 2.738129569670099, 3.033439627450274, 3.401789562796556, 3.8941423957817856, 4.387698901225162, 4.855123400903467, 5.319511146421679, 5.757746795257415, 6.190637999364717, 6.574505249125814, 6.773413113885489, 6.959668200307016, 7.159970868446626, 7.237686742118475, 7.315402615790324, 7.38181270071282, 7.412792635351179, 7.420075903196329, 7.3502932310265745, 7.279514635857248
8.pdb, 3, 3, 0.3858563497790055, 0.9522901296142041, 1.0219813916540164, -, -, -, 1.4540299739347213, 19.742970757534632, , Z, 0.7967694557785198, 1.2819517146689623, 1.7542854570259783, 2.226842364887618, 2.587290067537699, 2.9345018808952372, 3.390531164156829, 3.667699734149208, 3.89925829757246, 4.212789376437366, 4.69228639792356, 4.846433874633201, 5.118328304440238, 5.483262921310545, 5.848197538180852, 6.137924016392254, 6.438267104279633, 6.778919393189, 7.003251569954413, 7.126216925172821, 7.221235681317401, 7.383481356160762, 7.517411916624601, 7.44394123871939, 7.27518457753459, 7.226731673639175, 7.154824406752815, 6.995393371473699, 7.000828940048209, 6.995739864959175, 7.229124335361799, 7.519013668236803, 7.964869074938625, 8.426913027913853, 8.794318042046607, 9.281546088030879, 9.76877413401515, 10.254349650268301, 10.734746458691276, 11.166326158575927, 11.532544024590772, 11.899134056306048
8.pdb, 3, 3, 0.3858563497790055, 0.9522901296142041, 1.0219813916540164, -, -, -, 1.4540299739347213, 19.742970757534632, , distance, 0.08771308200812061, 0.4128351487456692, 0.9025689519887062, 1.3996556642926903, 1.7323982278107561, 2.09835789625204, 2.536014797615535, 2.843827514132067, 3.1689653113533054, 3.52010658049115, 3.9520916883430557, 4.234488296940036, 4.60004775528995, 5.023602447381781, 5.460102906331744, 5.869513628958584, 6.301210621028904, 6.773221806516537, 7.076489760348828, 7.266268035341072, 7.352682894669871, 7.544026121872334, 7.721409664999832, 7.661655175722194, 7.648732780123115, 7.863097840355721, 8.072331850496607, 8.221261196468705, 8.466595963044078, 8.700900230232486, 9.173264155525931, 9.626283971594768, 10.061607519121612, 10.518862077997232, 10.892098019530259, 11.288196757622606, 11.692261235986305, 12.102567608585597, 12.516591490120849, 12.896995252942038, 13.20835115612019, 13.530673309304715
8.pdb, 3, 3, 0.3858563497790055, 0.9522901296142041, 1.0219813916540164, -, -, -, 1.4540299739347213, 19.742970757534632, , length, 0.08771308200812061, 0.5877130820081207, 1.0877130820081207, 1.5877130820081207, 2.0877130820081207, 2.5877130820081207, 3.0877130820081207, 3.5877130820081207, 4.08771308200812, 4.58771308200812, 5.08771308200812, 5.58771308200812, 6.08771308200812, 6.58771308200812, 7.08771308200812, 7.58771308200812, 8.08771308200812, 8.58771308200812, 9.08771308200812, 9.58771308200812, 10.08771308200812, 10.58771308200812, 11.08771308200812, 11.58771308200812, 12.08771308200812, 12.58771308200812, 13.08771308200812, 13.58771308200812, 14.08771308200812, 14.58771308200812, 15.08771308200812, 15.58771308200812, 16.087713082008122, 16.587713082008122, 17.087713082008122, 17.587713082008122, 18.087713082008122, 18.587713082008122, 19.087713082008122, 19.587713082008122, 20.087713082008122, 20.587713082008122
8.pdb, 3, 3, 0.3858563497790055, 0.9522901296142041, 1.0219813916540164, -, -, -, 1.4540299739347213, 19.742970757534632, , R, 2.040328848515302, 2.010158436551964, 1.999550357046705, 2.0646207534558183, 2.0626623734822473, 2.073167066681182, 2.032006917918171, 1.8245631179167916, 1.622099773372882, 1.529273745478229, 1.5718786482447829, 1.4205310913374054, 1.2457061380098524, 1.0951814374903142, 1.0481630609235484, 1.026321437950726, 1.0896684126173024, 1.1782716220836915, 1.1701687151890316, 1.1332521289971662, 1.054123554643119, 1.062919769604637, 1.1675962552654207, 1.230127399851096, 1.1650661150235317, 1.167530771174383, 1.2267245373153315, 1.3318785371583701, 1.435328835201738, 1.5362844606785455, 1.6619821670259902, 1.734682920870738, 1.7155347493964503, 1.716639666940347, 1.7378810798308215, 1.5887109738961185, 1.524458212678139, 1.512075050721413, 1.4683819297432341, 1.4464493912814007, 1.3806007921270764, 1.410093298824896
8.pdb, 3, 3, 0.3858563497790055, 0.9522901296142041, 1.0219813916540164, -, -, -, 1.4540299739347213, 19.742970757534632, , Upper limit of R overestimation, -, -, -, -, -, -, -, -, -, -, -, -, -, -, -, -, -, -, -, -, -, -, -, -, -, -, -, -, -, -, -, -, -, -, -, -, -, -, -, -, -, -
8.pdb, 3, 4, 0.2764590965256081, 1.2856924019625222, 0.9230164397874139, -, -, -, 1.4996744244337923, 22.632514282891222, , X, 8.903845507845906, 8.854312359252802, 8.751324479086795, 8.650205930166294, 8.630763078748016, 8.659296861957023, 8.820452831159665, 9.165327990983505, 9.557466692926491, 9.716260930369483, 9.654364146235316, 9.998514825445696, 10.337379598044352, 10.65805389742906, 10.978728196813769, 11.3704365247045, 11.751954212205131, 12.094845828968202, 12.22703920399459, 12.223636259825899, 12.00766802864853, 11.82440717583742, 11.606925522648806, 11.280522167328671, 11.191285221868645, 11.252209385756297, 11.271442274109146, 11.276643874451262, 11.114961914835463, 10.924223091009852, 10.995795554122923, 10.947628789257825, 10.889942688428198, 10.904283745297494, 10.775752928929364, 10.77484293535417, 10.790009792041756, 10.904234375758245, 11.018458959474732, 11.133793278766655, 11.285279243491699, 11.178276777735947, 10.992542446783307, 11.038882140710516, 11.122443158367652, 11.209531836907388, 11.29697588255398, 11.143382242979255
8.pdb, 3, 4, 0.2764590965256081, 1.2856924019625222, 0.9230164397874139, -, -, -, 1.4996744244337923, 22.632514282891222, , Y, -0.060040865246596714, -0.08155992332961948, -0.20902034378612583, -0.33733639070332894, -0.0740850105551677, 0.25307831855404234, 0.20899255122798543, 0.3372988421325746, 0.5437155811433192, 0.6227662614948858, 0.541143740258764, 0.8343733368870329, 0.8900591448513804, 0.7717767745511166, 0.6534944042508528, 0.5419463989447627, 0.4850037819426293, 0.6129934581451133, 0.9765535667749498, 1.453899997608854, 1.8796236299085214, 2.31561881431033, 2.738129569670099, 3.033439627450274, 3.401789562796556, 3.8941423957817856, 4.387698901225162, 4.855123400903467, 5.319511146421679, 5.757746795257415, 6.190637999364717, 6.574505249125814, 6.773413113885489, 6.959668200307016, 7.1986377390164815, 7.687193479146666, 8.175343539850667, 8.66158442364349, 9.14782530743631, 9.631307570666616, 10.096871778666843, 10.518729239093945, 10.968364168892371, 11.393245534388145, 11.81284268256676, 12.277844535872319, 12.747420337535061, 13.101570309693907
8.pdb, 3, 4, 0.2764590965256081, 1.2856924019625222, 0.9230164397874139, -, -, -, 1.4996744244337923, 22.632514282891222, , Z, 0.7967694557785198, 1.2819517146689623, 1.7542854570259783, 2.226842364887618, 2.587290067537699, 2.9345018808952372, 3.390531164156829, 3.667699734149208, 3.89925829757246, 4.212789376437366, 4.69228639792356, 4.846433874633201, 5.118328304440238, 5.483262921310545, 5.848197538180852, 6.137924016392254, 6.438267104279633, 6.778919393189, 7.003251569954413, 7.126216925172821, 7.221235681317401, 7.383481356160762, 7.517411916624601, 7.44394123871939, 7.27518457753459, 7.226731673639175, 7.154824406752815, 6.995393371473699, 7.000828940048209, 6.995739864959175, 7.229124335361799, 7.519013668236803, 7.964869074938625, 8.426913027913853, 8.740294018552959, 8.840669476464011, 8.934978445311586, 8.957837741083127, 8.980697036854668, 9.020646112445675, 9.113479092506202, 8.986800221327877, 8.883468206807951, 8.649296258541469, 8.390538090422128, 8.23256108929547, 8.084736512943126, 7.833346417851949
8.pdb, 3, 4, 0.2764590965256081, 1.2856924019625222, 0.9230164397874139, -, -, -, 1.4996744244337923, 22.632514282891222, , distance, 0.08771308200812061, 0.4128351487456692, 0.9025689519887062, 1.3996556642926903, 1.7323982278107561, 2.09835789625204, 2.536014797615535, 2.843827514132067, 3.1689653113533054, 3.52010658049115, 3.9520916883430557, 4.234488296940036, 4.60004775528995, 5.023602447381781, 5.460102906331744, 5.869513628958584, 6.301210621028904, 6.773221806516537, 7.076489760348828, 7.266268035341072, 7.352682894669871, 7.544026121872334, 7.721409664999832, 7.661655175722194, 7.648732780123115, 7.863097840355721, 8.072331850496607, 8.221261196468705, 8.466595963044078, 8.700900230232486, 9.173264155525931, 9.626283971594768, 10.061607519121612, 10.518862077997232, 10.880491218338188, 11.283033589188362, 11.691172326072639, 12.072983779523978, 12.4631602863548, 12.86987411363115, 13.308395032912898, 13.538203404969588, 13.80240721454103, 14.020116549815251, 14.23963969547596, 14.562975836497994, 14.904899906684815, 15.068667855397319
8.pdb, 3, 4, 0.2764590965256081, 1.2856924019625222, 0.9230164397874139, -, -, -, 1.4996744244337923, 22.632514282891222, , length, 0.08771308200812061, 0.5877130820081207, 1.0877130820081207, 1.5877130820081207, 2.0877130820081207, 2.5877130820081207, 3.0877130820081207, 3.5877130820081207, 4.08771308200812, 4.58771308200812, 5.08771308200812, 5.58771308200812, 6.08771308200812, 6.58771308200812, 7.08771308200812, 7.58771308200812, 8.08771308200812, 8.58771308200812, 9.08771308200812, 9.58771308200812, 10.08771308200812, 10.58771308200812, 11.08771308200812, 11.58771308200812, 12.08771308200812, 12.58771308200812, 13.08771308200812, 13.58771308200812, 14.08771308200812, 14.58771308200812, 15.08771308200812, 15.58771308200812, 16.087713082008122, 16.587713082008122, 17.087713082008122, 17.587713082008122, 18.087713082008122, 18.587713082008122, 19.087713082008122, 19.587713082008122, 20.087713082008122, 20.587713082008122, 21.087713082008122, 21.587713082008122, 22.087713082008122, 22.587713082008122, 23.087713082008122, 23.587713082008122
8.pdb, 3, 4, 0.2764590965256081, 1.2856924019625222, 0.9230164397874139, -, -, -, 1.4996744244337923, 22.632514282891222, , R, 2.040328848515302, 2.010158436551964, 1.999550357046705, 2.0646207534558183, 2.0626623734822473, 2.073167066681182, 2.032006917918171, 1.8245631179167916, 1.622099773372882, 1.529273745478229, 1.5718786482447829, 1.4205310913374054, 1.2457061380098524, 1.0951814374903142, 1.0481630609235484, 1.026321437950726, 1.0896684126173024, 1.1782716220836915, 1.1701687151890316, 1.1332521289971662, 1.054123554643119, 1.062919769604637, 1.1675962552654207, 1.230127399851096, 1.1650661150235317, 1.167530771174383, 1.2267245373153315, 1.3318785371583701, 1.435328835201738, 1.5362844606785455, 1.6619821670259902, 1.734682920870738, 1.7155347493964503, 1.716639666940347, 1.732131599300286, 1.45319828653268, 1.2341694211877285, 1.0475308908365288, 0.9627781762084335, 0.9581365477377923, 0.9734313554915734, 0.9634918305949751, 0.9836902624656585, 0.9265025741670365, 0.955614334599346, 1.0575591758610539, 1.2553755074616044, 1.3457470339369173
8.pdb, 3, 4, 0.2764590965256081, 1.2856924019625222, 0.9230164397874139, -, -, -, 1.4996744244337923, 22.632514282891222, , Upper limit of R overestimation, -, -, -, -, -, -, -, -, -, -, -, -, -, -, -, -, -, -, -, -, -, -, -, -, -, -, -, -, -, -, -, -, -, -, -, -, -, -, -, -, -, -, -, -, -, -, -, -
9.pdb, 3, 2, 0.57955690320734, 0.5454914273951579, 1.2090388916174095, -, -, -, 1.202581381160437, 16.841965403213436, , X, 8.93085179244777, 9.023679115111195, 9.053486685965938, 9.055773778518281, 9.058362647734725, 9.076915438336648, 9.084408439815634, 9.242277228125076, 9.431339883407347, 9.619673217820928, 9.8226788708272, 10.229645823206718, 10.28846452623565, 10.42538662275288, 10.545207224923024, 10.66502782709317, 10.784848429263313, 10.910109910413327, 11.080420705944322, 11.283848996221371, 11.508043199291222, 11.65393170131756, 11.738177805721454, 11.589953294037036, 11.584635643261517, 11.579068012614428, 11.583990833616626, 11.603465690714417, 11.608759660124534, 11.35182381067453, 11.054758078540585, 10.75769234640664, 10.494294621297254, 10.549062744599874, 10.745352284584257, 10.974903263549999
9.pdb, 3, 2, 0.57955690320734, 0.5454914273951579, 1.2090388916174095, -, -, -, 1.202581381160437, 16.841965403213436, , Y, -0.20480638395210957, -0.1773912041409559, 0.0342858618499593, 0.3159959149083845, 0.5977619771740709, 0.8824909145986075, 1.1860241350716323, 1.3919061444965146, 1.3493983665092946, 1.2041346594060334, 1.0794379566462893, 1.266560841649328, 1.1472948478599116, 1.5283349242407551, 1.9173549877390168, 2.3063750512372785, 2.6953951147355397, 3.0771834925335457, 3.3733547430614133, 3.7716876064636553, 4.017781564657855, 4.43522215370522, 4.764907294671987, 5.186634299020813, 5.661055483741381, 6.132523443665251, 6.431599403096432, 6.666281726301959, 6.872245619868585, 7.132661978666832, 7.368800956071515, 7.604939933476198, 7.788367959563497, 7.621511359610961, 7.417307710347132, 7.347657182600503
9.pdb, 3, 2, 0.57955690320734, 0.5454914273951579, 1.2090388916174095, -, -, -, 1.202581381160437, 16.841965403213436, , Z, -0.34916640479511013, 0.12460205933192176, 0.5665007012545127, 0.9795796467521938, 1.3926124393278119, 1.8032037521365165, 2.1837516155106034, 2.5006658759799425, 2.9471866263272863, 3.3869922772087637, 3.8141825294506697, 4.0279010705825975, 4.445987692615306, 4.731256130799843, 5.021611798027801, 5.3119674652557585, 5.602323132483716, 5.896641942446601, 6.247526366183715, 6.4670543518749, 6.831116039995583, 6.98029680927449, 7.044654891425466, 7.179008735146147, 7.336438728152667, 7.50283273121228, 7.875285159365606, 8.316357644469672, 8.754466480496184, 9.084472558177831, 9.410034125537976, 9.735595692898121, 10.08649034672876, 10.451588420251422, 10.827979875692264, 11.266246669621182
9.pdb, 3, 2, 0.57955690320734, 0.5454914273951579, 1.2090388916174095, -, -, -, 1.202581381160437, 16.841965403213436, , distance, 1.229107624771522, 0.7721255922739105, 0.37533587499471655, 0.4436797900214946, 0.8677413226943476, 1.3479445087852522, 1.8282566146408163, 2.2204612813178635, 2.578132240097583, 2.920753035645953, 3.3038111915490993, 3.692660347851838, 4.039001017930341, 4.4626270616099175, 4.901312137722193, 5.350764529649255, 5.808485295851434, 6.273994115480246, 6.759544037051179, 7.207275122778502, 7.69680896654147, 8.088220120945468, 8.352488408195084, 8.652138361968564, 9.058087581916372, 9.47729133332139, 9.935881569058632, 10.407063718816598, 10.85670010684568, 11.203231077606524, 11.533720960163448, 11.876070553662885, 12.218854032551103, 12.399752905899298, 12.59822427824178, 12.942934515452155
9.pdb, 3, 2, 0.57955690320734, 0.5454914273951579, 1.2090388916174095, -, -, -, 1.202581381160437, 16.841965403213436, , length, 1.229107624771522, 1.729107624771522, 2.229107624771522, 2.729107624771522, 3.229107624771522, 3.729107624771522, 4.2291076247715225, 4.7291076247715225, 5.2291076247715225, 5.7291076247715225, 6.2291076247715225, 6.7291076247715225, 7.2291076247715225, 7.7291076247715225, 8.229107624771522, 8.729107624771522, 9.229107624771522, 9.729107624771522, 10.229107624771522, 10.729107624771522, 11.229107624771522, 11.729107624771522, 12.229107624771522, 12.729107624771522, 13.229107624771522, 13.729107624771522, 14.229107624771522, 14.729107624771522, 15.229107624771522, 15.729107624771522, 16.229107624771522, 16.729107624771522, 17.229107624771522, 17.729107624771522, 18.229107624771522, 18.729107624771522
9.pdb, 3, 2, 0.57955690320734, 0.5454914273951579, 1.2090388916174095, -, -, -, 1.202581381160437, 16.841965403213436, , R, 2.0953462155184592, 2.0189969495846576, 1.9564924782107458, 1.9500515195294257, 2.0218598551878335, 2.152831137374374, 2.334819664328469, 2.3445303969754807, 2.2466296145322673, 2.1719541875197725, 2.159946902680214, 2.061429413508171, 2.1018713333700383, 1.7952381873397847, 1.527923894409634, 1.332130673658751, 1.2252428173846888, 1.2156794670790319, 1.2498859114717302, 1.2403643162565763, 1.3885276480559823, 1.4357736109006265, 1.3467832509752895, 1.4175220810163938, 1.4807122332751204, 1.6256268448739852, 1.6324772249396504, 1.6425224208556266, 1.7086866310476954, 1.729187787792353, 1.789870794425808, 1.9302577591260703, 2.108089621957541, 2.07818516767305, 1.9700332268954346, 1.8604976928150492
9.pdb, 3, 2, 0.57955690320734, 0.5454914273951579, 1.2090388916174095, -, -, -, 1.202581381160437, 16.841965403213436, , Upper limit of R overestimation, -, -, -, -, -, -, -, -, -, -, -, -, -, -, -, -, -, -, -, -, -, -, -, -, -, -, -, -, -, -, -, -, -, -, -, -
11.pdb, 3, 2, 0.5034731549769548, 0.6862248850732052, 0.9474349881571469, -, -, -, 1.328773512529701, 17.06555700794508, , X, 8.896276320395017, 8.965020208663937, 8.95677712953757, 8.964872112719247, 8.88614073733411, 8.696666582625348, 8.507192427916586, 8.341512303872278, 8.433623910952134, 8.563202878094259, 8.691664305535221, 9.0796195479821, 9.505283337124819, 9.899216390977752, 10.263149037263283, 10.34048764568865, 10.606597339438252, 10.812168160914597, 10.988880714406925, 11.111521426377381, 11.259116291130638, 11.397250041404122, 11.498277660305796, 11.427576442501604, 11.310345680463387, 11.200510113436993, 11.099096087489142, 10.970246321424161, 10.830821950603127, 10.691397579782093, 10.618155384959316, 10.624489259135212, 10.630823133311106, 10.637157007487001, 10.772419695285947, 11.010636585017425
11.pdb, 3, 2, 0.5034731549769548, 0.6862248850732052, 0.9474349881571469, -, -, -, 1.328773512529701, 17.06555700794508, , Y, -0.33255867443208154, 0.12990861866389372, 0.5484626534846896, 0.8223637749102246, 0.7541651767071557, 0.48671274421635624, 0.2192603117255567, -0.0373713072515052, -0.16764379498141962, -0.2464754111977528, -0.26065937346934603, -0.1193323388373603, 0.12409236353680425, 0.3978456142379187, 0.7182069446074903, 1.1478579456611013, 1.445507165932224, 1.7305630071897597, 2.0167596575155082, 2.396049582184248, 2.75980078879321, 3.1499417979579567, 3.574513208799131, 4.063378318815203, 4.533888101353953, 5.019161070152398, 5.498591077534669, 5.879206353445688, 6.293477618681996, 6.707748883918304, 6.984561009318444, 7.096095130012466, 7.2076292507064865, 7.319163371400508, 7.626820908790431, 7.837110044456829
11.pdb, 3, 2, 0.5034731549769548, 0.6862248850732052, 0.9474349881571469, -, -, -, 1.328773512529701, 17.06555700794508, , Z, 1.0385127967404844, 1.2111238348822149, 1.4279318900867128, 1.841484426250155, 2.2648583076417523, 2.642441068175327, 3.0200238287089016, 3.4104452524730733, 3.882022963922108, 4.322998351657507, 4.738349113885626, 4.914075504797911, 5.011823921085401, 5.141633128600993, 5.259495997208435, 5.483730830496699, 5.771998743074992, 6.119294821687509, 6.46673922805794, 6.765178167026298, 7.074856735204647, 7.352449330004677, 7.5628302792813935, 7.527123991702284, 7.467986728893363, 7.418526704939328, 7.429751677159056, 7.721986741531445, 7.964762695078471, 8.207538648625494, 8.561369188099272, 9.048729447003232, 9.536089705907193, 10.023449964811153, 10.347988410240257, 10.719986802219582
11.pdb, 3, 2, 0.5034731549769548, 0.6862248850732052, 0.9474349881571469, -, -, -, 1.328773512529701, 17.06555700794508, , distance, 0.3199875585056645, 0.40796069496911735, 0.8350749703009491, 1.3200444598258771, 1.6178505892893504, 1.8632530689039344, 2.196812114928348, 2.5924494696428244, 3.0436195359268403, 3.4706102242839685, 3.877293630063139, 4.051197552026669, 4.197288363454592, 4.4221018515433075, 4.676217298478172, 4.996662184166356, 5.42046732559834, 5.883162921687057, 6.341326276082284, 6.775182903517193, 7.229139261404253, 7.6695170339971135, 8.063919068822623, 8.244864525274167, 8.408909544199794, 8.61569115064728, 8.889079446095142, 9.314128744978515, 9.729573642743013, 10.152645579408555, 10.580938134566505, 11.013552238546325, 11.451655514154004, 11.894641445563579, 12.355869129045233, 12.810424065612752
11.pdb, 3, 2, 0.5034731549769548, 0.6862248850732052, 0.9474349881571469, -, -, -, 1.328773512529701, 17.06555700794508, , length, 0.3199875585056645, 0.8199875585056645, 1.3199875585056646, 1.8199875585056646, 2.3199875585056646, 2.8199875585056646, 3.3199875585056646, 3.8199875585056646, 4.319987558505664, 4.819987558505664, 5.319987558505664, 5.819987558505664, 6.319987558505664, 6.819987558505664, 7.319987558505664, 7.819987558505664, 8.319987558505664, 8.819987558505664, 9.319987558505664, 9.819987558505664, 10.319987558505664, 10.819987558505664, 11.319987558505664, 11.819987558505664, 12.319987558505664, 12.819987558505664, 13.319987558505664, 13.819987558505664, 14.319987558505664, 14.819987558505664, 15.319987558505664, 15.819987558505664, 16.319987558505666, 16.819987558505666, 17.319987558505666, 17.819987558505666
11.pdb, 3, 2, 0.5034731549769548, 0.6862248850732052, 0.9474349881571469, -, -, -, 1.328773512529701, 17.06555700794508, , R, 2.0420572778315194, 1.9775275637643508, 1.9179723966629043, 1.9211413982082195, 1.9104893907517295, 1.8613244167604137, 1.8932620515125953, 1.985750012636785, 1.9545522511784024, 1.9665789952816686, 1.9893021682212007, 1.8747591712076497, 1.719330750165201, 1.6121481380804263, 1.5340982913279466, 1.311371055235225, 1.170510500642471, 1.043549602013982, 0.9687652254077237, 0.9561364901751686, 1.05758341201966, 1.2318476593817331, 1.4232261759984033, 1.4275286733178236, 1.4023976616762261, 1.439977204218798, 1.524898846100611, 1.4233614946047803, 1.4052490039423142, 1.481905892030855, 1.5094463878782067, 1.460751786157272, 1.5051987738966541, 1.6384151819360062, 1.7758297003135615, 1.8730960965235133
11.pdb, 3, 2, 0.5034731549769548, 0.6862248850732052, 0.9474349881571469, -, -, -, 1.328773512529701, 17.06555700794508, , Upper limit of R overestimation, -, -, -, -, -, -, -, -, -, -, -, -, -, -, -, -, -, -, -, -, -, -, -, -, -, -, -, -, -, -, -, -, -, -, -, -
11.pdb, 3, 3, 0.438906414156752, 0.8234690682303417, 0.9474349881571469, -, -, -, 1.3818947753319604, 20.23018184816916, , X, 8.896276320395017, 8.965020208663937, 8.95677712953757, 8.964872112719247, 8.88614073733411, 8.696666582625348, 8.507192427916586, 8.341512303872278, 8.433623910952134, 8.563202878094259, 8.691664305535221, 9.0796195479821, 9.505283337124819, 9.899216390977752, 10.263149037263283, 10.34048764568865, 10.606597339438252, 10.812168160914597, 10.988880714406925, 11.111521426377381, 11.259116291130638, 11.397250041404122, 11.498277660305796, 11.427576442501604, 11.310345680463387, 11.200510113436993, 11.109555166959, 11.101641945663848, 11.062127298206544, 11.02261265074924, 10.92705502444475, 11.124181101811851, 11.361536723959453, 11.598892346107053, 11.905944141475858, 12.247257931199108, 12.433658852632815, 12.437374412990271, 12.256850507424812, 12.073605207405405, 11.935571339722085, 11.83118383700889, 11.770127427647529
11.pdb, 3, 3, 0.438906414156752, 0.8234690682303417, 0.9474349881571469, -, -, -, 1.3818947753319604, 20.23018184816916, , Y, -0.33255867443208154, 0.12990861866389372, 0.5484626534846896, 0.8223637749102246, 0.7541651767071557, 0.48671274421635624, 0.2192603117255567, -0.0373713072515052, -0.16764379498141962, -0.2464754111977528, -0.26065937346934603, -0.1193323388373603, 0.12409236353680425, 0.3978456142379187, 0.7182069446074903, 1.1478579456611013, 1.445507165932224, 1.7305630071897597, 2.0167596575155082, 2.396049582184248, 2.75980078879321, 3.1499417979579567, 3.574513208799131, 4.063378318815203, 4.533888101353953, 5.019161070152398, 5.507389390227463, 5.998627191703544, 6.493422133341397, 6.988217074979251, 7.311372501535399, 7.650266198512254, 7.990582864467806, 8.330899530423357, 8.406967325927477, 8.694050923468748, 9.109171609442221, 9.555732379050896, 9.9253027777511, 10.308558071905287, 10.709350133604861, 11.023854427255024, 11.242605678637101
11.pdb, 3, 3, 0.438906414156752, 0.8234690682303417, 0.9474349881571469, -, -, -, 1.3818947753319604, 20.23018184816916, , Z, 1.0385127967404844, 1.2111238348822149, 1.4279318900867128, 1.841484426250155, 2.2648583076417523, 2.642441068175327, 3.0200238287089016, 3.4104452524730733, 3.882022963922108, 4.322998351657507, 4.738349113885626, 4.914075504797911, 5.011823921085401, 5.141633128600993, 5.259495997208435, 5.483730830496699, 5.771998743074992, 6.119294821687509, 6.46673922805794, 6.765178167026298, 7.074856735204647, 7.352449330004677, 7.5628302792813935, 7.527123991702284, 7.467986728893363, 7.418526704939328, 7.397904559863717, 7.318991960387239, 7.258854132309412, 7.198716304231585, 7.446805835561664, 7.752562358288044, 8.031572887673267, 8.31058341705849, 8.191974641627073, 7.965948304737953, 7.926343436943805, 8.067784996007493, 8.35190724949841, 8.615605068077906, 8.841890623718124, 9.082480050927238, 9.527923655544786
11.pdb, 3, 3, 0.438906414156752, 0.8234690682303417, 0.9474349881571469, -, -, -, 1.3818947753319604, 20.23018184816916, , distance, 0.3199875585056645, 0.40796069496911735, 0.8350749703009491, 1.3200444598258771, 1.6178505892893504, 1.8632530689039344, 2.196812114928348, 2.5924494696428244, 3.0436195359268403, 3.4706102242839685, 3.877293630063139, 4.051197552026669, 4.197288363454592, 4.4221018515433075, 4.676217298478172, 4.996662184166356, 5.42046732559834, 5.883162921687057, 6.341326276082284, 6.775182903517193, 7.229139261404253, 7.6695170339971135, 8.063919068822623, 8.244864525274167, 8.408909544199794, 8.61569115064728, 8.873776524323402, 9.132319037599071, 9.41782922160593, 9.720687398027708, 10.097077015358838, 10.584712732662622, 11.065932499030849, 11.54874800630891, 11.605377188644423, 11.771621559442885, 12.114188612562009, 12.537488953448824, 12.936222095540108, 13.339872301600684, 13.751897285304137, 14.115661747623998, 14.536378139912893
11.pdb, 3, 3, 0.438906414156752, 0.8234690682303417, 0.9474349881571469, -, -, -, 1.3818947753319604, 20.23018184816916, , length, 0.3199875585056645, 0.8199875585056645, 1.3199875585056646, 1.8199875585056646, 2.3199875585056646, 2.8199875585056646, 3.3199875585056646, 3.8199875585056646, 4.319987558505664, 4.819987558505664, 5.319987558505664, 5.819987558505664, 6.319987558505664, 6.819987558505664, 7.319987558505664, 7.819987558505664, 8.319987558505664, 8.819987558505664, 9.319987558505664, 9.819987558505664, 10.319987558505664, 10.819987558505664, 11.319987558505664, 11.819987558505664, 12.319987558505664, 12.819987558505664, 13.319987558505664, 13.819987558505664, 14.319987558505664, 14.819987558505664, 15.319987558505664, 15.819987558505664, 16.319987558505666, 16.819987558505666, 17.319987558505666, 17.819987558505666, 18.319987558505666, 18.819987558505666, 19.319987558505666, 19.819987558505666, 20.319987558505666, 20.819987558505666, 21.319987558505666
11.pdb, 3, 3, 0.438906414156752, 0.8234690682303417, 0.9474349881571469, -, -, -, 1.3818947753319604, 20.23018184816916, , R, 2.0420572778315194, 1.9775275637643508, 1.9179723966629043, 1.9211413982082195, 1.9104893907517295, 1.8613244167604137, 1.8932620515125953, 1.985750012636785, 1.9545522511784024, 1.9665789952816686, 1.9893021682212007, 1.8747591712076497, 1.719330750165201, 1.6121481380804263, 1.5340982913279466, 1.311371055235225, 1.170510500642471, 1.043549602013982, 0.9687652254077237, 0.9561364901751686, 1.05758341201966, 1.2318476593817331, 1.4232261759984033, 1.4275286733178236, 1.4023976616762261, 1.439977204218798, 1.5368066302954018, 1.5748170391292382, 1.6686851351681848, 1.8428767981677907, 1.86212846279661, 1.7122868231500703, 1.630224757854896, 1.6353006577179905, 1.592706637406622, 1.4163746170926375, 1.2960804240410486, 1.2594933052304123, 1.3287387925090075, 1.472078365894492, 1.637101169671688, 1.587312926574995, 1.588437912398147
11.pdb, 3, 3, 0.438906414156752, 0.8234690682303417, 0.9474349881571469, -, -, -, 1.3818947753319604, 20.23018184816916, , Upper limit of R overestimation, -, -, -, -, -, -, -, -, -, -, -, -, -, -, -, -, -, -, -, -, -, -, -, -, -, -, -, -, -, -, -, -, -, -, -, -, -, -, -, -, -, -, -
12.pdb, 3, 3, 0.4785262845704021, 0.7370441384161767, 0.9452878807881244, -, -, -, 1.3341693020535565, 15.52193171167056, , X, 8.660966312307316, 8.485231758227329, 8.349204936518122, 8.239969140577847, 8.362307283905736, 8.506081704307915, 8.649856124710096, 8.847475621019257, 9.022115433880705, 9.45861516706607, 9.919626998123501, 10.366366299449782, 10.826989823268192, 11.198538808827127, 11.325315334004072, 11.461237304296127, 11.504783120074185, 11.598639943611056, 11.692496767147928, 11.786353590684799, 11.755256408669666, 11.661824485603823, 11.55252951294474, 11.44323454028566, 11.333939567626578, 11.231943654583231, 11.237074374805859, 11.152233467210948, 11.036820068296729, 10.950787347353609, 10.864754626410491, 10.778721905467373, 10.752897684904813
12.pdb, 3, 3, 0.4785262845704021, 0.7370441384161767, 0.9452878807881244, -, -, -, 1.3341693020535565, 15.52193171167056, , Y, -0.05411646125119802, -0.3495441289314356, -0.3958845240498699, -0.4264590705886392, -0.11585196158282351, -0.06913332918195987, -0.022414696781096213, 0.09153926767109201, -0.006320791660937481, 0.21503274505905362, 0.39404173166360607, 0.5449887540537605, 0.5620915298019928, 0.7470451931554882, 1.127571679913848, 1.5171174885674037, 1.9273477623216366, 2.308876679916412, 2.690405597511188, 3.0719345151059634, 3.5293220986050002, 3.9075583638688647, 4.386719981633124, 4.865881599397384, 5.345043217161644, 5.827475020615289, 6.201351366122953, 6.5830973409939135, 6.766297790207015, 6.783357930352891, 6.800418070498767, 6.817478210644643, 6.914800593345678
12.pdb, 3, 3, 0.4785262845704021, 0.7370441384161767, 0.9452878807881244, -, -, -, 1.3341693020535565, 15.52193171167056, , Z, 1.4106491289968834, 1.6820718810484863, 2.157394195999507, 2.623735768717646, 2.9472595835770194, 3.423858246420937, 3.9004569092648547, 4.3424795068867645, 4.730772749722625, 4.781215317391209, 4.852798200268976, 5.002141999741939, 5.189582825575286, 5.452512458068001, 5.737494712359351, 6.0152667459257945, 6.283019425940116, 6.592254905331676, 6.901490384723235, 7.210725864114795, 7.347372979731828, 7.222155278997743, 7.314126758343178, 7.406098237688615, 7.498069717034051, 7.577012030664743, 7.896313179247728, 8.204298042162014, 8.598037161158212, 9.090284378057735, 9.58253159495726, 10.074778811856783, 10.488730853424327
12.pdb, 3, 3, 0.4785262845704021, 0.7370441384161767, 0.9452878807881244, -, -, -, 1.3341693020535565, 15.52193171167056, , distance, 0.5749658182739765, 0.9372929346668141, 1.4228936988655527, 1.8939276615040679, 2.136006251132943, 2.578088588953514, 3.038183477031239, 3.4764792340497253, 3.8653294595349776, 3.9678529044265156, 4.148501803339406, 4.442300663751853, 4.789999821794462, 5.2109747201979655, 5.587484633175715, 5.980941219140206, 6.34770553939446, 6.775574322059502, 7.212728275253759, 7.657577355243499, 7.955295609713866, 8.000513002037252, 8.283672740827999, 8.58663262626896, 8.907372544127496, 9.23853466915615, 9.711101499743062, 10.161739014110559, 10.542489757298156, 10.902313136662356, 11.272833413873578, 11.65303027645808, 12.034774310213436
12.pdb, 3, 3, 0.4785262845704021, 0.7370441384161767, 0.9452878807881244, -, -, -, 1.3341693020535565, 15.52193171167056, , length, 0.5749658182739765, 1.0749658182739765, 1.5749658182739765, 2.0749658182739763, 2.5749658182739763, 3.0749658182739763, 3.5749658182739763, 4.074965818273976, 4.574965818273976, 5.074965818273976, 5.574965818273976, 6.074965818273976, 6.574965818273976, 7.074965818273976, 7.574965818273976, 8.074965818273977, 8.574965818273977, 9.074965818273977, 9.574965818273977, 10.074965818273977, 10.574965818273977, 11.074965818273977, 11.574965818273977, 12.074965818273977, 12.574965818273977, 13.074965818273977, 13.574965818273977, 14.074965818273977, 14.574965818273977, 15.074965818273977, 15.574965818273977, 16.074965818273977, 16.574965818273977
12.pdb, 3, 3, 0.4785262845704021, 0.7370441384161767, 0.9452878807881244, -, -, -, 1.3341693020535565, 15.52193171167056, , R, 2.24064916010712, 2.224534842012531, 2.2304496585177915, 2.2845503542717402, 2.2490040035381, 2.191774395322363, 2.207732160999, 2.2588760667365806, 2.2913502195013304, 2.092160990149499, 1.9303238687049438, 1.7622725573358002, 1.6153552688633381, 1.4817497960078672, 1.3160674105588075, 1.1209210490690353, 0.9877480510123264, 0.9459032229901172, 1.0189095858485342, 1.1962927320971566, 1.422950590465904, 1.3778368797979004, 1.2300818052588072, 1.1802000297566637, 1.2342158456179166, 1.3840024093189476, 1.4208004354839023, 1.5136730258560538, 1.4827622664671074, 1.3775650111566742, 1.3671909541556293, 1.45275279727642, 1.570163714381173
12.pdb, 3, 3, 0.4785262845704021, 0.7370441384161767, 0.9452878807881244, -, -, -, 1.3341693020535565, 15.52193171167056, , Upper limit of R overestimation, -, -, -, -, -, -, -, -, -, -, -, -, -, -, -, -, -, -, -, -, -, -, -, -, -, -, -, -, -, -, -, -, -
13.pdb, 3, 3, 0.48594340068492187, 0.7216631213596225, 1.023676440813966, -, -, -, 1.3365958174920254, 15.232571960808354, , X, 9.02136971502556, 9.092688543289874, 9.00991792996923, 8.835288776905887, 8.775736131502304, 8.823288849144726, 8.875348042146936, 9.147035674304009, 9.468880347834745, 9.798820466942601, 10.122093092489825, 10.435350677084093, 10.730111753942357, 11.035059810843762, 11.292845995683912, 11.508410062520392, 11.32880775000709, 11.394202128911509, 11.59460721053681, 11.698063104331931, 11.725659599292499, 11.716167776717665, 11.680827071293368, 11.559390678397413, 11.29063127513513, 11.11611872620175, 11.122197745706867, 11.104973103924625, 11.020881311014273, 10.961638030141815, 10.905685176574515, 10.88327812379091, 11.1127842803464
13.pdb, 3, 3, 0.48594340068492187, 0.7216631213596225, 1.023676440813966, -, -, -, 1.3365958174920254, 15.232571960808354, , Y, 0.010288907331837722, 0.2887410328570205, 0.5226851697630435, 0.775442367580045, 0.6442342804808534, 0.7995326263068023, 0.9382089354392452, 1.0744442525474502, 1.2771999953639677, 1.512969239904971, 1.4912387781361105, 1.4059531128766032, 1.6386562180464987, 1.7768224552249934, 1.8714202293044249, 2.2398406485204836, 2.6734995438870075, 3.120901032443545, 3.5595424911821643, 4.026332552149209, 4.519903301122988, 5.0167740671639125, 5.515483940996307, 5.92615216521127, 6.186167537463959, 6.476367956945526, 6.8244076015266355, 7.084199828149901, 7.026275355993094, 7.13239596180636, 7.252618446812144, 7.322393978093046, 7.027761996240136
13.pdb, 3, 3, 0.48594340068492187, 0.7216631213596225, 1.023676440813966, -, -, -, 1.3365958174920254, 15.232571960808354, , Z, 1.91619713217359, 2.325315743978911, 2.7222376553824046, 3.0551309844981427, 3.4861029566670876, 3.958988950146006, 4.432012412439357, 4.7764019653105, 5.100911001971755, 5.377269620265841, 5.557344777378858, 5.760481084949673, 6.090579816261451, 6.40324359525258, 6.755208381029007, 6.99165955812279, 6.988545267042792, 6.881072584253762, 6.781455162169978, 6.895443330353428, 6.913326201308417, 6.8726292545555205, 6.866344647790538, 6.9847998196482175, 7.31670400665163, 7.657876150369288, 8.016807134434067, 8.403539885942386, 8.889716389789033, 9.371370334086857, 9.853465586372867, 10.317112828086698, 10.649023320188846
13.pdb, 3, 3, 0.48594340068492187, 0.7216631213596225, 1.023676440813966, -, -, -, 1.3365958174920254, 15.232571960808354, , distance, 1.0624535695417565, 1.5166994902997366, 1.9495895995719292, 2.341388249166031, 2.7119281482474986, 3.208070739202373, 3.700868828327453, 4.079871603866479, 4.481146109215856, 4.868040376224264, 5.099059644591917, 5.346047080384676, 5.803020275876275, 6.226068288405191, 6.658142110342648, 7.059000177224607, 7.145398581416253, 7.261579651557145, 7.455678264161855, 7.818328485744547, 8.110557677853746, 8.368905154172717, 8.664788656966945, 8.977361815005253, 9.303967347377228, 9.693894891101733, 10.182084143775752, 10.626448296066853, 10.92187831187436, 11.336152530660671, 11.766493862518397, 12.16267448463109, 12.289438736125923
13.pdb, 3, 3, 0.48594340068492187, 0.7216631213596225, 1.023676440813966, -, -, -, 1.3365958174920254, 15.232571960808354, , length, 1.0624535695417565, 1.5624535695417565, 2.0624535695417565, 2.5624535695417565, 3.0624535695417565, 3.5624535695417565, 4.0624535695417565, 4.5624535695417565, 5.0624535695417565, 5.5624535695417565, 6.0624535695417565, 6.5624535695417565, 7.0624535695417565, 7.5624535695417565, 8.062453569541756, 8.562453569541756, 9.062453569541756, 9.562453569541756, 10.062453569541756, 10.562453569541756, 11.062453569541756, 11.562453569541756, 12.062453569541756, 12.562453569541756, 13.062453569541756, 13.562453569541756, 14.062453569541756, 14.562453569541756, 15.062453569541756, 15.562453569541756, 16.062453569541756, 16.562453569541756, 17.062453569541756
13.pdb, 3, 3, 0.48594340068492187, 0.7216631213596225, 1.023676440813966, -, -, -, 1.3365958174920254, 15.232571960808354, , R, 2.0153195080893704, 2.0734476547744602, 2.065010264834684, 2.0107871168092997, 2.0588800075157483, 1.9462820641307224, 1.913205646139896, 1.722607344889781, 1.5236367389263383, 1.361751333530272, 1.2716527760011187, 1.1894549380938846, 1.1075649242325347, 1.1211580314386358, 1.1485144609206557, 1.247612441637519, 1.2906558383653703, 1.2172285702633372, 1.1189095555214805, 1.0718909249952866, 1.0277262413816712, 1.041519469280696, 1.1488292515533416, 1.2667153853972433, 1.3348166521963678, 1.4444216695207015, 1.5454764346948193, 1.672090197133284, 1.6627872803715171, 1.6153572778060645, 1.6494607698453405, 1.7378201335188528, 1.6767318834625053
13.pdb, 3, 3, 0.48594340068492187, 0.7216631213596225, 1.023676440813966, -, -, -, 1.3365958174920254, 15.232571960808354, , Upper limit of R overestimation, -, -, -, -, -, -, -, -, -, -, -, -, -, -, -, -, -, -, -, -, -, -, -, -, -, -, -, -, -, -, -, -, -
13.pdb, 3, 4, 0.34854785506739266, 1.0539797409421614, 0.9446062550466212, -, -, -, 1.3378417723849803, 17.702732406204625, , X, 9.02136971502556, 9.092688543289874, 9.00991792996923, 8.835288776905887, 8.775736131502304, 8.823288849144726, 8.875348042146936, 9.147035674304009, 9.468880347834745, 9.798820466942601, 10.122093092489825, 10.435350677084093, 10.730111753942357, 11.035059810843762, 11.292845995683912, 11.508410062520392, 11.32880775000709, 11.394202128911509, 11.59460721053681, 11.698063104331931, 11.725659599292499, 11.716167776717665, 11.680827071293368, 11.559390678397413, 11.29063127513513, 11.11611872620175, 11.122197745706867, 11.174743095130083, 11.354258163128609, 11.533773231127137, 11.78966432662251, 12.045630720311745, 12.285262103362461, 12.273805191063598, 12.25880427022393, 12.24157364903892, 12.221328180609628, 12.123918892115764
13.pdb, 3, 4, 0.34854785506739266, 1.0539797409421614, 0.9446062550466212, -, -, -, 1.3378417723849803, 17.702732406204625, , Y, 0.010288907331837722, 0.2887410328570205, 0.5226851697630435, 0.775442367580045, 0.6442342804808534, 0.7995326263068023, 0.9382089354392452, 1.0744442525474502, 1.2771999953639677, 1.512969239904971, 1.4912387781361105, 1.4059531128766032, 1.6386562180464987, 1.7768224552249934, 1.8714202293044249, 2.2398406485204836, 2.6734995438870075, 3.120901032443545, 3.5595424911821643, 4.026332552149209, 4.519903301122988, 5.0167740671639125, 5.515483940996307, 5.92615216521127, 6.186167537463959, 6.476367956945526, 6.8244076015266355, 7.188539580380068, 7.65048189425638, 8.112424208132692, 8.53036851932698, 8.94826945342712, 9.355508676447831, 9.44573302958791, 9.529688604924639, 9.629410981918825, 9.750452142231783, 9.724981349899137
13.pdb, 3, 4, 0.34854785506739266, 1.0539797409421614, 0.9446062550466212, -, -, -, 1.3378417723849803, 17.702732406204625, , Z, 1.91619713217359, 2.325315743978911, 2.7222376553824046, 3.0551309844981427, 3.4861029566670876, 3.958988950146006, 4.432012412439357, 4.7764019653105, 5.100911001971755, 5.377269620265841, 5.557344777378858, 5.760481084949673, 6.090579816261451, 6.40324359525258, 6.755208381029007, 6.99165955812279, 6.988545267042792, 6.881072584253762, 6.781455162169978, 6.895443330353428, 6.913326201308417, 6.8726292545555205, 6.866344647790538, 6.9847998196482175, 7.31670400665163, 7.657876150369288, 8.016807134434067, 8.296078552112414, 8.229869496749245, 8.163660441386076, 8.064496083985206, 7.965299236354052, 7.936525577533624, 8.42499194087406, 8.917664685953227, 9.406950070310852, 9.89165529879325, 10.347856231336749
13.pdb, 3, 4, 0.34854785506739266, 1.0539797409421614, 0.9446062550466212, -, -, -, 1.3378417723849803, 17.702732406204625, , distance, 1.0624535695417565, 1.5166994902997366, 1.9495895995719292, 2.341388249166031, 2.7119281482474986, 3.208070739202373, 3.700868828327453, 4.079871603866479, 4.481146109215856, 4.868040376224264, 5.099059644591917, 5.346047080384676, 5.803020275876275, 6.226068288405191, 6.658142110342648, 7.059000177224607, 7.145398581416253, 7.261579651557145, 7.455678264161855, 7.818328485744547, 8.110557677853746, 8.368905154172717, 8.664788656966945, 8.977361815005253, 9.303967347377228, 9.693894891101733, 10.182084143775752, 10.636499417600493, 10.951488402303639, 11.279852684807835, 11.586370570154399, 11.905969489239862, 12.265289967576788, 12.617819406301901, 12.976839642116088, 13.353644821460074, 13.749749545955604, 14.012491377581972
13.pdb, 3, 4, 0.34854785506739266, 1.0539797409421614, 0.9446062550466212, -, -, -, 1.3378417723849803, 17.702732406204625, , length, 1.0624535695417565, 1.5624535695417565, 2.0624535695417565, 2.5624535695417565, 3.0624535695417565, 3.5624535695417565, 4.0624535695417565, 4.5624535695417565, 5.0624535695417565, 5.5624535695417565, 6.0624535695417565, 6.5624535695417565, 7.0624535695417565, 7.5624535695417565, 8.062453569541756, 8.562453569541756, 9.062453569541756, 9.562453569541756, 10.062453569541756, 10.562453569541756, 11.062453569541756, 11.562453569541756, 12.062453569541756, 12.562453569541756, 13.062453569541756, 13.562453569541756, 14.062453569541756, 14.562453569541756, 15.062453569541756, 15.562453569541756, 16.062453569541756, 16.562453569541756, 17.062453569541756, 17.562453569541756, 18.062453569541756, 18.562453569541756, 19.062453569541756, 19.562453569541756
13.pdb, 3, 4, 0.34854785506739266, 1.0539797409421614, 0.9446062550466212, -, -, -, 1.3378417723849803, 17.702732406204625, , R, 2.0153195080893704, 2.0734476547744602, 2.065010264834684, 2.0107871168092997, 2.0588800075157483, 1.9462820641307224, 1.913205646139896, 1.722607344889781, 1.5236367389263383, 1.361751333530272, 1.2716527760011187, 1.1894549380938846, 1.1075649242325347, 1.1211580314386358, 1.1485144609206557, 1.247612441637519, 1.2906558383653703, 1.2172285702633372, 1.1189095555214805, 1.0718909249952866, 1.0277262413816712, 1.041519469280696, 1.1488292515533416, 1.2667153853972433, 1.3348166521963678, 1.4444216695207015, 1.5454764346948193, 1.6372584560619405, 1.4204438932533041, 1.2866477130631286, 1.192947030150773, 1.2018126660549935, 1.2696483926636073, 1.065671468839496, 0.9566903579191479, 0.9553001414206144, 1.0598269682550587, 1.1961555710643041
13.pdb, 3, 4, 0.34854785506739266, 1.0539797409421614, 0.9446062550466212, -, -, -, 1.3378417723849803, 17.702732406204625, , Upper limit of R overestimation, -, -, -, -, -, -, -, -, -, -, -, -, -, -, -, -, -, -, -, -, -, -, -, -, -, -, -, -, -, -, -, -, -, -, -, -, -, -
16.pdb, 3, 2, 0.415342087870171, 0.8786527901858979, 1.0009816759785266, -, -, -, 1.4365268740024804, 18.328002526878212, , X, 9.2238512620276, 9.185949000510732, 9.148992761810456, 9.11203652311018, 9.075080284409905, 9.013880401001336, 8.927185464100486, 9.057353135911224, 9.187520807721963, 9.317688479532702, 9.53480039392803, 9.893732559492609, 10.252664725057185, 10.611596890621762, 10.970529056186338, 11.329461221750915, 11.662687727678659, 11.696870002765372, 11.642859715706143, 11.625527290135317, 11.608194864564489, 11.590862438993662, 11.539561432325534, 11.295398683744821, 11.042464401868855, 11.031579943524406, 11.14714917345316, 11.199876652086074, 11.223324065839122, 11.064442544673954, 10.877562247068392, 10.68290536924318, 10.524457875997605, 10.39025278853699, 10.28525049422133, 10.25369108291944, 10.231557904370066, 10.21164151855231, 10.36811091874206
16.pdb, 3, 2, 0.415342087870171, 0.8786527901858979, 1.0009816759785266, -, -, -, 1.4365268740024804, 18.328002526878212, , Y, -0.027233859628606933, -0.1886129869130118, -0.3463943931621442, -0.5041757994112767, -0.661957205660409, -0.7813852988286027, -0.9024836334658268, -1.04308420924365, -1.1836847850214731, -1.3242853607992964, -1.300683092332308, -1.1509169035930686, -1.0011507148538294, -0.8513845261145899, -0.7016183373753506, -0.5518521486361112, -0.3236320881797431, 0.08918562477812617, 0.5772341355223124, 1.0762944088072548, 1.5753546820921973, 2.0744149553771396, 2.427917483644838, 2.837951721243532, 3.249474020375355, 3.703093140875426, 4.178622990279093, 4.642951162818498, 5.071302220403156, 5.489792560300034, 5.914093798308361, 6.337478674721077, 6.697200212493422, 7.014298753303452, 7.273840306958026, 7.31460178410382, 7.386599058513635, 7.461822219489023, 7.6512769574436374
16.pdb, 3, 2, 0.415342087870171, 0.8786527901858979, 1.0009816759785266, -, -, -, 1.4365268740024804, 18.328002526878212, , Z, 0.8042517688935995, 1.2745215697271366, 1.747532419775182, 2.2205432698232275, 2.6935541198712727, 3.1557654120214034, 3.608312297401349, 4.070143278720615, 4.531974260039881, 4.993805241359148, 5.381955403851139, 5.696181101771671, 6.010406799692204, 6.324632497612736, 6.638858195533269, 6.953083893453801, 7.1424451838357985, 7.22319970751879, 7.214371228624911, 7.18910404333271, 7.163836858040509, 7.138569672748307, 7.092108384095546, 7.1301982579737295, 7.259324732289217, 7.339514225093624, 7.419667354187538, 7.597485129404842, 7.63740774971837, 7.690964024854985, 7.876958413365168, 8.058214989357129, 8.34805848981534, 8.710601604376683, 9.102145145583766, 9.598962555710754, 10.093088461270655, 10.586996158749475, 10.929062156054552
16.pdb, 3, 2, 0.415342087870171, 0.8786527901858979, 1.0009816759785266, -, -, -, 1.4365268740024804, 18.328002526878212, , distance, 0.3764138436137231, 0.5377055980726861, 0.9680655153906099, 1.444013287327464, 1.9321485206546756, 2.4014437103341306, 2.865204236866372, 3.35316597509505, 3.8442227815402763, 4.337323544732557, 4.727988345460387, 5.055427513050521, 5.4093272118265405, 5.784833137568102, 6.178006796241401, 6.585684590025843, 6.877549381718628, 6.9620062560627165, 6.9599628575188754, 6.993843627712593, 7.063045688635304, 7.166545898171831, 7.220648613893203, 7.31939849243296, 7.5229214793903685, 7.796791958423043, 8.133812309908468, 8.539323869748777, 8.819598038068568, 9.069678414270713, 9.430444581945167, 9.797869105957993, 10.219109899855736, 10.674392093411786, 11.120540798346372, 11.515384961261658, 11.93655751848853, 12.365625801355977, 12.76754913623468
16.pdb, 3, 2, 0.415342087870171, 0.8786527901858979, 1.0009816759785266, -, -, -, 1.4365268740024804, 18.328002526878212, , length, 0.3764138436137231, 0.8764138436137231, 1.3764138436137232, 1.8764138436137232, 2.376413843613723, 2.876413843613723, 3.376413843613723, 3.876413843613723, 4.376413843613723, 4.876413843613723, 5.376413843613723, 5.876413843613723, 6.376413843613723, 6.876413843613723, 7.376413843613723, 7.876413843613723, 8.376413843613722, 8.876413843613722, 9.376413843613722, 9.876413843613722, 10.376413843613722, 10.876413843613722, 11.376413843613722, 11.876413843613722, 12.376413843613722, 12.876413843613722, 13.376413843613722, 13.876413843613722, 14.376413843613722, 14.876413843613722, 15.376413843613722, 15.876413843613722, 16.376413843613722, 16.876413843613722, 17.376413843613722, 17.876413843613722, 18.376413843613722, 18.876413843613722, 19.376413843613722
16.pdb, 3, 2, 0.415342087870171, 0.8786527901858979, 1.0009816759785266, -, -, -, 1.4365268740024804, 18.328002526878212, , R, 2.0788750997099443, 1.993896050725786, 1.9848844179941045, 2.0536142256145737, 2.1953677712821333, 2.359116022370971, 2.376688950741239, 2.2538494068873343, 2.2008010233704516, 2.2207922292444238, 2.1299128767427877, 1.8942869523533281, 1.7259022062110476, 1.6367579553281073, 1.6343407829553473, 1.7188661584133247, 1.6586848072807643, 1.4705192753373966, 1.241003317571052, 1.069968375279443, 1.001593889241316, 1.0452783527929481, 1.1237978484060307, 1.1241032379395495, 1.1588321582979162, 1.165452131261968, 1.188084343027701, 1.2823614608112146, 1.3604233556540246, 1.314082176886948, 1.2304208111964796, 1.2467901426379695, 1.2707091232984606, 1.332305131617977, 1.4347722153367461, 1.4199173762564732, 1.4830266724863945, 1.633511843296046, 1.7012366251111108
16.pdb, 3, 2, 0.415342087870171, 0.8786527901858979, 1.0009816759785266, -, -, -, 1.4365268740024804, 18.328002526878212, , Upper limit of R overestimation, -, -, -, -, -, -, -, -, -, -, -, -, -, -, -, -, -, -, -, -, -, -, -, -, -, -, -, -, -, -, -, -, -, -, -, -, -, -, -
23.pdb, 3, 2, 0.5253698839762864, 0.643652723555735, 1.1789903473115098, -, -, -, 1.247573335196474, 15.509621710813533, , X, 8.788494198976059, 8.874839661068192, 8.92387721599778, 8.972914770927368, 9.010065666429309, 9.087147036020834, 9.245283852983183, 9.40342066994553, 9.56155748690788, 9.747414214765424, 9.992337922787815, 10.149641548124166, 10.304781746512685, 10.414287824289818, 10.57743366762998, 10.859593613650356, 11.139531363417536, 11.302097051457359, 11.335476647038249, 11.324814662915951, 11.27807362245832, 11.200954546398501, 11.085128374675492, 10.831000527294357, 10.666380072473837, 10.654035673525533, 10.674218915612796, 10.451276543038007, 10.398285275264696, 10.424567039576978, 10.368974490423874, 10.470740626441295, 10.777126814438022
23.pdb, 3, 2, 0.5253698839762864, 0.643652723555735, 1.1789903473115098, -, -, -, 1.247573335196474, 15.509621710813533, , Y, 0.11044587552433974, 0.09720526029616822, 0.039442624871708215, -0.018320010552751786, 0.15550100309033704, 0.3834392022902483, 0.30255791485529704, 0.22167662742034577, 0.1407953399853945, 0.3914255599683766, 0.7318220352049135, 1.1271485895382565, 1.522911455942644, 1.9455904231613939, 2.301760081622039, 2.6187413199718046, 2.9531507540063173, 3.382509929039135, 3.8743298383367226, 4.343679094145898, 4.799231696209225, 5.269451556645349, 5.755806610546738, 6.014187721803016, 6.248649621391042, 6.549235761722791, 6.866944358570924, 7.2015461662206155, 7.478987167101256, 7.713849605260946, 7.5828915226614795, 7.5452412326640195, 7.248243248083969
23.pdb, 3, 2, 0.5253698839762864, 0.643652723555735, 1.1789903473115098, -, -, -, 1.247573335196474, 15.509621710813533, , Z, 0.8915512956824033, 1.3785027161666545, 1.8727281669028026, 2.3669536176389503, 2.8142385394766, 3.136964036054802, 3.6043514176387315, 4.071738799222661, 4.539126180806591, 4.845915632950276, 5.113094228298327, 5.375720359699921, 5.6389513518010155, 5.880520565860451, 6.155933044997085, 6.415267360922353, 6.659818350869245, 6.73027270984684, 6.804931739697529, 6.9482071446183635, 7.148923616015878, 7.259376513824713, 7.252814540907338, 7.449047265100934, 7.850400568684632, 8.241552483069793, 8.623424729833953, 8.920642375387315, 9.29594724456155, 9.736570557615137, 10.178943661568262, 10.613303057806744, 10.873917142154122
23.pdb, 3, 2, 0.5253698839762864, 0.643652723555735, 1.1789903473115098, -, -, -, 1.247573335196474, 15.509621710813533, , distance, 0.18799152838614167, 0.5343036026804642, 1.0109099229648635, 1.5027965280969768, 1.9632345197752719, 2.3228347252257637, 2.786788684565239, 3.261413985394536, 3.7426529622492755, 4.100713799949513, 4.464879794955605, 4.837475622078204, 5.2314496387096066, 5.619646566433064, 6.042372723531352, 6.478530849655316, 6.917400751332636, 7.2260473759374495, 7.542742379309213, 7.904348230873483, 8.303848678474294, 8.647552992159023, 8.921366095863473, 9.172776305634036, 9.584573888058232, 10.065735447771644, 10.558000241713485, 10.961643350717647, 11.414196441636237, 11.898904351643173, 12.14221192500103, 12.468094620850685, 12.540030726415575
23.pdb, 3, 2, 0.5253698839762864, 0.643652723555735, 1.1789903473115098, -, -, -, 1.247573335196474, 15.509621710813533, , length, 0.18799152838614167, 0.6879915283861416, 1.1879915283861417, 1.6879915283861417, 2.1879915283861417, 2.6879915283861417, 3.1879915283861417, 3.6879915283861417, 4.187991528386142, 4.687991528386142, 5.187991528386142, 5.687991528386142, 6.187991528386142, 6.687991528386142, 7.187991528386142, 7.687991528386142, 8.187991528386142, 8.687991528386142, 9.187991528386142, 9.687991528386142, 10.187991528386142, 10.687991528386142, 11.187991528386142, 11.687991528386142, 12.187991528386142, 12.687991528386142, 13.187991528386142, 13.687991528386142, 14.187991528386142, 14.687991528386142, 15.187991528386142, 15.687991528386142, 16.187991528386142
23.pdb, 3, 2, 0.5253698839762864, 0.643652723555735, 1.1789903473115098, -, -, -, 1.247573335196474, 15.509621710813533, , R, 1.8451912722083634, 1.8224419631258686, 1.8542256588278823, 1.9656647531949833, 2.07192530624624, 2.138531224878003, 2.0839365574954076, 2.1049489992773207, 2.2001671226564037, 2.048784543991318, 1.832308852910477, 1.597514552522582, 1.4363784339653123, 1.3087998747352054, 1.2567010540301828, 1.2250963009157656, 1.2812383306126371, 1.2560234452524954, 1.1846166216968854, 1.1905798304813129, 1.278355904127049, 1.4043506717445495, 1.5475644560692563, 1.6032541140492171, 1.5181010506137331, 1.4571764517777368, 1.4685805114348247, 1.4978524624047658, 1.4642193214473769, 1.4534115347032628, 1.6501531455049354, 1.7345404974406307, 1.7055763710440084
23.pdb, 3, 2, 0.5253698839762864, 0.643652723555735, 1.1789903473115098, -, -, -, 1.247573335196474, 15.509621710813533, , Upper limit of R overestimation, -, -, -, -, -, -, -, -, -, -, -, -, -, -, -, -, -, -, -, -, -, -, -, -, -, -, -, -, -, -, -, -, -
24.pdb, 3, 2, 0.6128638659829939, 0.489612446040138, 1.199886724094062, -, -, -, 1.184842327822611, 13.920520065847212, , X, 9.223027771069905, 9.292052781610975, 9.355316719663183, 9.365572558257178, 9.25699826221495, 9.294126659064652, 9.477717518300517, 9.640234918918344, 9.80275231953617, 10.009354085648999, 10.2575002145957, 10.226108877199664, 10.360834991889472, 10.597623743689407, 10.819059964897285, 11.147056780967313, 11.297785787873174, 11.220836692291403, 11.223425262487577, 11.241131333737247, 11.191236739691696, 11.134050929551503, 11.103032988950842, 11.094136780666929, 11.021646338169031, 11.14333844658265, 11.214847522910143, 11.300104303003538, 11.385361083096933, 11.47061786319033
24.pdb, 3, 2, 0.6128638659829939, 0.489612446040138, 1.199886724094062, -, -, -, 1.184842327822611, 13.920520065847212, , Y, -0.11065175612657493, -0.11744128513840238, 0.2540032297190987, 0.5605743575663703, 0.4499151164576163, 0.3518413340667582, 0.6268618575402886, 0.9891948002804453, 1.3515277430206019, 1.6919851543986355, 2.037613799940593, 2.484316282926188, 2.8993567245743677, 3.1889746000336685, 3.444249583449026, 3.2343652378712706, 3.3384668987658133, 3.7451703267404817, 4.122632992257318, 4.62225959273242, 5.1114843856191285, 5.541002569891447, 5.91306404033317, 6.295590515894096, 6.65694182023623, 6.773326405022708, 6.83396261957409, 6.905449548167138, 6.976936476760186, 7.048423405353234
24.pdb, 3, 2, 0.6128638659829939, 0.489612446040138, 1.199886724094062, -, -, -, 1.184842327822611, 13.920520065847212, , Z, 1.9604072919678635, 2.4555733754344136, 2.7485423251630596, 3.143395413469566, 3.5594902548112777, 4.048369601230127, 4.352795548693594, 4.656609526485406, 4.960423504277217, 5.2479191380808885, 5.472477694142105, 5.528083604531598, 5.766279306190486, 6.09499161748823, 6.438703818698145, 6.7295991228472305, 7.003985013487061, 7.269440677738945, 7.54660112712784, 7.538870982330064, 7.492935670185367, 7.694222183153176, 8.02680021846765, 8.348038286338436, 8.67338818294302, 9.047562173769705, 9.538545144418784, 10.026008887161193, 10.513472629903603, 11.000936372646013
24.pdb, 3, 2, 0.6128638659829939, 0.489612446040138, 1.199886724094062, -, -, -, 1.184842327822611, 13.920520065847212, , distance, 1.152279095795846, 1.6460747651180894, 1.9703617975125622, 2.4127737658453117, 2.768005698964275, 3.2359039826675158, 3.605349979245468, 4.008512547601078, 4.431455428604157, 4.856623344413327, 5.250851558067714, 5.484206265423905, 5.918425229033477, 6.397238717699991, 6.868895631266675, 7.104496677525049, 7.428073972387226, 7.814512529549301, 8.229303300700682, 8.49326761910628, 8.724332818045715, 9.120713423581208, 9.591994631980976, 10.069118312998155, 10.524570320591566, 10.90260244193717, 11.32711979427613, 11.764096454669748, 12.205912008353348, 12.652059536555921
24.pdb, 3, 2, 0.6128638659829939, 0.489612446040138, 1.199886724094062, -, -, -, 1.184842327822611, 13.920520065847212, , length, 1.152279095795846, 1.652279095795846, 2.152279095795846, 2.652279095795846, 3.152279095795846, 3.652279095795846, 4.152279095795846, 4.652279095795846, 5.152279095795846, 5.652279095795846, 6.152279095795846, 6.652279095795846, 7.152279095795846, 7.652279095795846, 8.152279095795846, 8.652279095795846, 9.152279095795846, 9.652279095795846, 10.152279095795846, 10.652279095795846, 11.152279095795846, 11.652279095795846, 12.152279095795846, 12.652279095795846, 13.152279095795846, 13.652279095795846, 14.152279095795846, 14.652279095795846, 15.152279095795846, 15.652279095795846
24.pdb, 3, 2, 0.6128638659829939, 0.489612446040138, 1.199886724094062, -, -, -, 1.184842327822611, 13.920520065847212, , R, 2.005622585733108, 2.140430829728537, 2.175847000935157, 2.274137558279083, 2.364531872427242, 2.3988983172437672, 2.1674387362101033, 1.8943228620882337, 1.6827112771756279, 1.5080630864176283, 1.3446141085162393, 1.2913653017260966, 1.226908596525038, 1.2012034948610515, 1.2414882252026576, 1.2408075175325057, 1.2782708284567088, 1.3923021086836884, 1.5554315003771177, 1.5469105634337261, 1.6161402156656217, 1.5556478976082755, 1.4772309306655582, 1.4801723646029747, 1.5013577326896377, 1.5220037198894623, 1.50345371458117, 1.5715617854908095, 1.724798706698169, 1.9507681949984137
24.pdb, 3, 2, 0.6128638659829939, 0.489612446040138, 1.199886724094062, -, -, -, 1.184842327822611, 13.920520065847212, , Upper limit of R overestimation, -, -, -, -, -, -, -, -, -, -, -, -, -, -, -, -, -, -, -, -, -, -, -, -, -, -, -, -, -, -
26.pdb, 3, 3, 0.47367911609691793, 0.7472251567945621, 1.0152556166800253, -, -, -, 1.4318734625568585, 16.16178640027131, , X, 9.36041964377009, 9.153468811515287, 9.176555139022053, 9.056281263774514, 8.92495480118893, 8.78852331744178, 8.703744892677314, 8.80636288734611, 9.072982203297368, 9.269666203967311, 9.575950335650763, 9.888569181475221, 10.140241485599688, 10.401203575817672, 10.675975036553721, 10.9466391367432, 11.217303236932677, 11.255690746721504, 11.218625593921029, 11.15120739201187, 11.048876792269512, 10.944099728759879, 10.8184988599227, 11.038290597086982, 10.887967895045582, 10.72266164060587, 10.51847651169133, 10.338643145106621, 10.183101558189438, 10.092640928483117, 9.972284347928879, 10.203462562927692, 10.447360065738913, 10.691257568550133, 10.935155071361354
26.pdb, 3, 3, 0.47367911609691793, 0.7472251567945621, 1.0152556166800253, -, -, -, 1.4318734625568585, 16.16178640027131, , Y, 0.488406396975999, 0.18637332374530532, 0.10787490563844498, 0.08700065406672292, 0.04263614174655059, -0.012578162983665667, 0.23242857469435546, 0.600191315788355, 0.8978084119744305, 1.2449701099064439, 1.5081819697513688, 1.8111886851056727, 2.0102978459312615, 2.1109896550786513, 2.424173544511945, 2.7632952558551973, 3.102416967198449, 3.5186773596956704, 4.016405271048998, 4.504346987394797, 4.981032518829725, 5.456931097496504, 5.926131293189003, 6.101816033993003, 6.3901492888078035, 6.661347905140781, 6.9903226663048645, 7.333124120933399, 7.686900841122859, 7.702860714177151, 7.743560029065533, 7.687542249118313, 7.341245914706785, 6.994949580295257, 6.648653245883729
26.pdb, 3, 3, 0.47367911609691793, 0.7472251567945621, 1.0152556166800253, -, -, -, 1.4318734625568585, 16.16178640027131, , Z, 1.7317907611103582, 2.0195269869248933, 2.499007006725911, 2.9838765361400204, 3.46394236902694, 3.941789447908573, 4.197647901807117, 4.44397143027033, 4.744534575748034, 5.039155462810122, 5.319844348394654, 5.516505714797374, 5.748999399638547, 6.1239306830434606, 6.394767297149191, 6.643237435725729, 6.891707574302268, 7.100842441824366, 7.1307272323996935, 7.198290963086702, 7.309193408853103, 7.395963395921824, 7.277322770040691, 7.486533882027506, 7.8377271184801, 8.223894378540027, 8.390057534727703, 8.70651783708389, 9.002569337738441, 9.486048889129037, 9.9696374118267, 10.260566302929545, 10.526259465987215, 10.791952629044884, 11.057645792102555
26.pdb, 3, 3, 0.47367911609691793, 0.7472251567945621, 1.0152556166800253, -, -, -, 1.4318734625568585, 16.16178640027131, , distance, 1.14202297002585, 1.214242159877203, 1.6698180645396712, 2.129310725343209, 2.5975864526951624, 3.0734480432096474, 3.3447539289515364, 3.6359931742707277, 3.9985751173117308, 4.389934568014299, 4.774649061735944, 5.116588555395903, 5.455668489574032, 5.893271060129678, 6.3273886364431045, 6.760542976670822, 7.202363203993329, 7.578187020448138, 7.838354897234756, 8.136115469647136, 8.469682658716126, 8.800009865354307, 8.988749943068026, 9.30428073091585, 9.713168973091216, 10.139331563704465, 10.44460953737693, 10.87832492929107, 11.313160507317164, 11.666244667972203, 12.042395526408463, 12.251423484333806, 12.273010537377619, 12.314877096775199, 12.376817368240292
26.pdb, 3, 3, 0.47367911609691793, 0.7472251567945621, 1.0152556166800253, -, -, -, 1.4318734625568585, 16.16178640027131, , length, 1.14202297002585, 1.64202297002585, 2.1420229700258497, 2.6420229700258497, 3.1420229700258497, 3.6420229700258497, 4.14202297002585, 4.64202297002585, 5.14202297002585, 5.64202297002585, 6.14202297002585, 6.64202297002585, 7.14202297002585, 7.64202297002585, 8.142022970025849, 8.642022970025849, 9.142022970025849, 9.642022970025849, 10.142022970025849, 10.642022970025849, 11.142022970025849, 11.642022970025849, 12.142022970025849, 12.642022970025849, 13.142022970025849, 13.642022970025849, 14.142022970025849, 14.642022970025849, 15.142022970025849, 15.642022970025849, 16.14202297002585, 16.64202297002585, 17.14202297002585, 17.64202297002585, 18.14202297002585
26.pdb, 3, 3, 0.47367911609691793, 0.7472251567945621, 1.0152556166800253, -, -, -, 1.4318734625568585, 16.16178640027131, , R, 2.1282833285132288, 2.042844081529341, 2.173935616920555, 2.225692404615349, 2.341951785288961, 2.519695685464269, 2.448550299784009, 2.200371383113459, 1.9504390250921533, 1.6945717927541992, 1.4398572630683002, 1.184049809161637, 1.0614375991262943, 1.093290799759788, 1.052100019120849, 1.0954791899994964, 1.2426409738881736, 1.2397477501067302, 1.1694683647792756, 1.1939784253034451, 1.3091488257449628, 1.498513918593715, 1.6459730701550124, 1.6929169250534726, 1.51752274296979, 1.3824787745173441, 1.4247701212008856, 1.4758466990851227, 1.5877641905374176, 1.5455024274144715, 1.5547216004948512, 1.6117960541216856, 1.465228283527716, 1.4078125999883333, 1.4453603365136722
26.pdb, 3, 3, 0.47367911609691793, 0.7472251567945621, 1.0152556166800253, -, -, -, 1.4318734625568585, 16.16178640027131, , Upper limit of R overestimation, -, -, -, -, -, -, -, -, -, -, -, -, -, -, -, -, -, -, -, -, -, -, -, -, -, -, -, -, -, -, -, -, -, -, -
26.pdb, 3, 4, 0.30999228999507067, 1.1712078527958762, 1.0146369947485694, -, -, -, 1.3111563474237895, 19.62954977982851, , X, 9.36041964377009, 9.153468811515287, 9.176555139022053, 9.056281263774514, 8.92495480118893, 8.78852331744178, 8.703744892677314, 8.80636288734611, 9.072982203297368, 9.269666203967311, 9.575950335650763, 9.888569181475221, 10.140241485599688, 10.401203575817672, 10.675975036553721, 10.9466391367432, 11.217303236932677, 11.255690746721504, 11.218625593921029, 11.15120739201187, 11.048876792269512, 10.944099728759879, 10.8184988599227, 11.038290597086982, 10.887967895045582, 10.72266164060587, 10.51847651169133, 10.338643145106621, 10.183101558189438, 10.468910352461426, 10.756914726624517, 11.043297530341844, 11.123156188604181, 11.115724986013523, 11.108293783422866, 11.115656500199352, 11.132700387244876, 11.145151607579008, 11.210848882995666, 11.095907286704147, 10.89906509597322, 10.702222905242293
26.pdb, 3, 4, 0.30999228999507067, 1.1712078527958762, 1.0146369947485694, -, -, -, 1.3111563474237895, 19.62954977982851, , Y, 0.488406396975999, 0.18637332374530532, 0.10787490563844498, 0.08700065406672292, 0.04263614174655059, -0.012578162983665667, 0.23242857469435546, 0.600191315788355, 0.8978084119744305, 1.2449701099064439, 1.5081819697513688, 1.8111886851056727, 2.0102978459312615, 2.1109896550786513, 2.424173544511945, 2.7632952558551973, 3.102416967198449, 3.5186773596956704, 4.016405271048998, 4.504346987394797, 4.981032518829725, 5.456931097496504, 5.926131293189003, 6.101816033993003, 6.3901492888078035, 6.661347905140781, 6.9903226663048645, 7.333124120933399, 7.686900841122859, 8.096073147840439, 8.504394467460399, 8.913778217061386, 9.345298391965793, 9.786174787569047, 10.227051183172302, 10.634809477635399, 11.020895220817922, 11.485171017447168, 11.975868678949942, 12.373541973019668, 12.73853273905016, 13.103523505080654
26.pdb, 3, 4, 0.30999228999507067, 1.1712078527958762, 1.0146369947485694, -, -, -, 1.3111563474237895, 19.62954977982851, , Z, 1.7317907611103582, 2.0195269869248933, 2.499007006725911, 2.9838765361400204, 3.46394236902694, 3.941789447908573, 4.197647901807117, 4.44397143027033, 4.744534575748034, 5.039155462810122, 5.319844348394654, 5.516505714797374, 5.748999399638547, 6.1239306830434606, 6.394767297149191, 6.643237435725729, 6.891707574302268, 7.100842441824366, 7.1307272323996935, 7.198290963086702, 7.309193408853103, 7.395963395921824, 7.277322770040691, 7.486533882027506, 7.8377271184801, 8.223894378540027, 8.390057534727703, 8.70651783708389, 9.002569337738441, 8.986386878037319, 8.968299691801057, 8.948555444597423, 8.776986950992448, 8.54124815268394, 8.305509354375431, 8.404023292494431, 8.721272886387911, 8.83816286107674, 8.906766739990177, 9.122588951677702, 9.401936213451867, 9.681283475226031
26.pdb, 3, 4, 0.30999228999507067, 1.1712078527958762, 1.0146369947485694, -, -, -, 1.3111563474237895, 19.62954977982851, , distance, 1.14202297002585, 1.214242159877203, 1.6698180645396712, 2.129310725343209, 2.5975864526951624, 3.0734480432096474, 3.3447539289515364, 3.6359931742707277, 3.9985751173117308, 4.389934568014299, 4.774649061735944, 5.116588555395903, 5.455668489574032, 5.893271060129678, 6.3273886364431045, 6.760542976670822, 7.202363203993329, 7.578187020448138, 7.838354897234756, 8.136115469647136, 8.469682658716126, 8.800009865354307, 8.988749943068026, 9.30428073091585, 9.713168973091216, 10.139331563704465, 10.44460953737693, 10.87832492929107, 11.313160507317164, 11.62221368859074, 11.942602303129215, 12.274398006042478, 12.498334065700975, 12.688306542858664, 12.894878496257283, 13.279485519956083, 13.773662504808557, 14.217185700417044, 14.666518797334557, 15.09398074163418, 15.520508260038369, 15.951303980271174
26.pdb, 3, 4, 0.30999228999507067, 1.1712078527958762, 1.0146369947485694, -, -, -, 1.3111563474237895, 19.62954977982851, , length, 1.14202297002585, 1.64202297002585, 2.1420229700258497, 2.6420229700258497, 3.1420229700258497, 3.6420229700258497, 4.14202297002585, 4.64202297002585, 5.14202297002585, 5.64202297002585, 6.14202297002585, 6.64202297002585, 7.14202297002585, 7.64202297002585, 8.142022970025849, 8.642022970025849, 9.142022970025849, 9.642022970025849, 10.142022970025849, 10.642022970025849, 11.142022970025849, 11.642022970025849, 12.142022970025849, 12.642022970025849, 13.142022970025849, 13.642022970025849, 14.142022970025849, 14.642022970025849, 15.142022970025849, 15.642022970025849, 16.14202297002585, 16.64202297002585, 17.14202297002585, 17.64202297002585, 18.14202297002585, 18.64202297002585, 19.14202297002585, 19.64202297002585, 20.14202297002585, 20.64202297002585, 21.14202297002585, 21.64202297002585
26.pdb, 3, 4, 0.30999228999507067, 1.1712078527958762, 1.0146369947485694, -, -, -, 1.3111563474237895, 19.62954977982851, , R, 2.1282833285132288, 2.042844081529341, 2.173935616920555, 2.225692404615349, 2.341951785288961, 2.519695685464269, 2.448550299784009, 2.200371383113459, 1.9504390250921533, 1.6945717927541992, 1.4398572630683002, 1.184049809161637, 1.0614375991262943, 1.093290799759788, 1.052100019120849, 1.0954791899994964, 1.2426409738881736, 1.2397477501067302, 1.1694683647792756, 1.1939784253034451, 1.3091488257449628, 1.498513918593715, 1.6459730701550124, 1.6929169250534726, 1.51752274296979, 1.3824787745173441, 1.4247701212008856, 1.4758466990851227, 1.5877641905374176, 1.3717146964138094, 1.2383270909483992, 1.2018334724733124, 1.0948394925985119, 1.0169132460281654, 1.050137858896756, 1.0554009971722647, 1.080732381637999, 1.0440595833668282, 1.0397758390306462, 1.0180030193041454, 1.0486061430023736, 1.185984446523847
26.pdb, 3, 4, 0.30999228999507067, 1.1712078527958762, 1.0146369947485694, -, -, -, 1.3111563474237895, 19.62954977982851, , Upper limit of R overestimation, -, -, -, -, -, -, -, -, -, -, -, -, -, -, -, -, -, -, -, -, -, -, -, -, -, -, -, -, -, -, -, -, -, -, -, -, -, -, -, -, -, -
27.pdb, 3, 2, 0.5291522381562803, 0.6364791037314579, 1.0155473375391784, -, -, -, 1.2822704179642925, 15.129612037151942, , X, 9.048826718130279, 9.08025417271917, 9.040062161620423, 8.999870150521673, 8.959678139422923, 9.030255565124426, 9.240884337130334, 9.424620029334125, 9.608355721537917, 9.898119455029438, 10.174021198071012, 10.449922941112584, 10.685160386095868, 10.809961558297273, 10.93476273049868, 11.059563902700086, 11.26825587811431, 11.407601203064802, 11.443100301655148, 11.439940796760023, 11.327976797565805, 11.185679293130713, 11.030436788259788, 10.93712300816267, 10.884226785823683, 10.749162556646843, 10.72918407446564, 10.747850271229977, 10.766516467994313, 10.826707145715236, 11.064837284241252, 11.298308543647657
27.pdb, 3, 2, 0.5291522381562803, 0.6364791037314579, 1.0155473375391784, -, -, -, 1.2822704179642925, 15.129612037151942, , Y, 0.5251548777631786, 0.7445084266589933, 0.818026347871758, 0.8915442690845227, 0.9650621902972873, 0.8979745534342408, 0.8270196845627739, 0.6195493125504434, 0.41207894053811295, 0.5147374030167907, 0.7935609304151973, 1.0723844578136037, 1.3909594753074566, 1.8193643148889838, 2.247769154470511, 2.6761739940520384, 3.0172325244029157, 3.4953894192343813, 3.9839346245951055, 4.462033455391411, 4.925059745695871, 5.403808474527079, 5.873924320237052, 6.354216163726417, 6.846201835328993, 7.144238157380324, 7.288988944472567, 7.452868351456798, 7.616747758441031, 7.648670705057586, 7.657592461156523, 7.5652385924186705
27.pdb, 3, 2, 0.5291522381562803, 0.6364791037314579, 1.0155473375391784, -, -, -, 1.2822704179642925, 15.129612037151942, , Z, 0.9519821546274874, 1.3930907665992767, 1.8860204953683901, 2.3789502241375033, 2.8718799529066166, 3.304766669729824, 3.7403631449963695, 4.156532870165631, 4.572702595334893, 4.882463833284647, 5.192521358198544, 5.502578883112441, 5.790574345659682, 6.0161712446638145, 6.241768143667947, 6.46736504267208, 6.728619279858401, 6.735448113842995, 6.727558404844356, 6.8474517141660955, 6.972766999732895, 6.996241983738178, 7.050802355874988, 7.133114738757154, 7.204892789720012, 7.429021725642334, 7.895391134524663, 8.36740290669232, 8.839414678859976, 9.30100352907653, 9.740565173665422, 10.149555544671646
27.pdb, 3, 2, 0.5291522381562803, 0.6364791037314579, 1.0155473375391784, -, -, -, 1.2822704179642925, 15.129612037151942, , distance, 0.6257054639888214, 0.989252881642555, 1.3585248492374353, 1.7923610875471192, 2.253780550610593, 2.624256099964395, 3.030641365081566, 3.4053512453691797, 3.8089430456402718, 4.186536266567465, 4.600429041969743, 5.029990937279373, 5.44826931611831, 5.818716147934846, 6.207356657992126, 6.610982963886736, 7.046094910054818, 7.320845129498328, 7.576364689436112, 7.931155975707271, 8.261757480179739, 8.536181976404157, 8.843099644412918, 9.206630987642514, 9.591992118669122, 9.928460959376638, 10.34130711352359, 10.784490217889497, 11.232445223694388, 11.595847922304783, 11.966733624787635, 12.259487645740034
27.pdb, 3, 2, 0.5291522381562803, 0.6364791037314579, 1.0155473375391784, -, -, -, 1.2822704179642925, 15.129612037151942, , length, 0.6257054639888214, 1.1257054639888215, 1.6257054639888215, 2.1257054639888215, 2.6257054639888215, 3.1257054639888215, 3.6257054639888215, 4.1257054639888215, 4.6257054639888215, 5.1257054639888215, 5.6257054639888215, 6.1257054639888215, 6.6257054639888215, 7.1257054639888215, 7.6257054639888215, 8.125705463988822, 8.625705463988822, 9.125705463988822, 9.625705463988822, 10.125705463988822, 10.625705463988822, 11.125705463988822, 11.625705463988822, 12.125705463988822, 12.625705463988822, 13.125705463988822, 13.625705463988822, 14.125705463988822, 14.625705463988822, 15.125705463988822, 15.625705463988822, 16.125705463988822
27.pdb, 3, 2, 0.5291522381562803, 0.6364791037314579, 1.0155473375391784, -, -, -, 1.2822704179642925, 15.129612037151942, , R, 2.0393723654177, 2.0079503354911035, 2.0172125636731675, 2.1030240696572973, 2.259693531169262, 2.294774480459785, 2.2862358381297216, 2.2828141275311067, 2.350513790256347, 2.2296103530091687, 1.9918709541373707, 1.818915898507932, 1.6652336874673426, 1.4265516969952496, 1.267383948675102, 1.2035792650483679, 1.2444030429375632, 1.1703958833450334, 1.101231207839141, 1.0701725816902325, 1.034443386812235, 1.0250624507192583, 1.1174837613222561, 1.2458722450809858, 1.4405449912212636, 1.6071651284843271, 1.586735439088583, 1.6335424606534883, 1.765135974146921, 1.851398029181327, 1.8689728039562177, 1.8731450479934184
27.pdb, 3, 2, 0.5291522381562803, 0.6364791037314579, 1.0155473375391784, -, -, -, 1.2822704179642925, 15.129612037151942, , Upper limit of R overestimation, -, -, -, -, -, -, -, -, -, -, -, -, -, -, -, -, -, -, -, -, -, -, -, -, -, -, -, -, -, -, -, -
30.pdb, 3, 3, 0.6736516641720965, 0.3950421204024269, 1.483643372747627, -, -, -, 1.1992063259946057, 14.588822671955938, , X, 8.974123221779077, 9.063740374944937, 9.095964560014105, 9.109364844945944, 9.122637094275525, 8.952417143532193, 9.059955498991284, 9.176755818953628, 9.479558235294986, 9.721891669075447, 9.950395612898552, 10.075960358724936, 10.201525104551319, 10.324180613644783, 10.46800203600667, 10.632147089016946, 10.797196782334435, 11.010070056806077, 11.264999326601592, 11.138309191261634, 10.978905563156717, 10.833915582487046, 10.735479737167116, 10.658355665680494, 10.596095638380756, 10.672619580100806, 10.758520523658698, 10.844421467216588, 10.93032241077448, 11.016223354332372, 11.102124297890262
30.pdb, 3, 3, 0.6736516641720965, 0.3950421204024269, 1.483643372747627, -, -, -, 1.1992063259946057, 14.588822671955938, , Y, -0.1734904028743113, -0.17225734340377874, 0.011436294119296336, 0.2549738430859117, 0.49822869731527664, 0.23431076878769935, 0.21957869104619862, 0.2150991141748742, 0.4882237328386575, 0.8127391252321098, 1.1287589758510501, 1.5514658170772586, 1.9741726583034669, 2.3581804158791844, 2.7008448232684925, 3.026754681692032, 3.3598072581757297, 3.709177625322765, 4.002446641954294, 4.474272251014432, 4.946497089665722, 5.41667521369367, 5.834085944335891, 6.2428209849249665, 6.6154357709240745, 6.735671397245401, 6.777089820349421, 6.818508243453443, 6.859926666557464, 6.901345089661485, 6.942763512765507
30.pdb, 3, 3, 0.6736516641720965, 0.3950421204024269, 1.483643372747627, -, -, -, 1.1992063259946057, 14.588822671955938, , Z, 1.2980071591614473, 1.7899088215115446, 2.2400725372626726, 2.6765469289594583, 3.1129449354862, 3.4427478943326744, 3.930824187539559, 4.416720122635299, 4.583619135879024, 4.817903872256562, 5.109454432588823, 5.345150043464623, 5.580845654340424, 5.852986341041151, 6.187350633594521, 6.529168078665134, 6.862811712380349, 7.032462704879266, 7.182233413700318, 7.209419587882958, 7.169492340197288, 7.22421295515701, 7.481270665216207, 7.751705254618519, 8.073896926157678, 8.478601460066768, 8.96942275353664, 9.460244047006515, 9.95106534047639, 10.441886633946265, 10.932707927416137
30.pdb, 3, 3, 0.6736516641720965, 0.3950421204024269, 1.483643372747627, -, -, -, 1.1992063259946057, 14.588822671955938, , distance, 0.45805156650670537, 0.9499870214942618, 1.3936536739807193, 1.8525462039703442, 2.3282729753615734, 2.59232523342929, 3.0812680178355056, 3.5727153588286598, 3.806552161625049, 4.136451550602798, 4.538719631405781, 4.9124473898860295, 5.307005071062953, 5.732439078973497, 6.206929699206129, 6.689034693763578, 7.170406096370328, 7.540801544952054, 7.886387017840706, 8.124309941383295, 8.325045056252574, 8.621873526077199, 9.057569253908689, 9.50753753175121, 9.977477695893434, 10.36523824208902, 10.771867657288105, 11.186067308799569, 11.607026787591183, 12.034036723341183, 12.466475398828212
30.pdb, 3, 3, 0.6736516641720965, 0.3950421204024269, 1.483643372747627, -, -, -, 1.1992063259946057, 14.588822671955938, , length, 0.45805156650670537, 0.9580515665067053, 1.4580515665067053, 1.9580515665067053, 2.4580515665067053, 2.9580515665067053, 3.4580515665067053, 3.9580515665067053, 4.458051566506706, 4.958051566506706, 5.458051566506706, 5.958051566506706, 6.458051566506706, 6.958051566506706, 7.458051566506706, 7.958051566506706, 8.458051566506706, 8.958051566506706, 9.458051566506706, 9.958051566506706, 10.458051566506706, 10.958051566506706, 11.458051566506706, 11.958051566506706, 12.458051566506706, 12.958051566506706, 13.458051566506706, 13.958051566506706, 14.458051566506706, 14.958051566506706, 15.458051566506706
30.pdb, 3, 3, 0.6736516641720965, 0.3950421204024269, 1.483643372747627, -, -, -, 1.1992063259946057, 14.588822671955938, , R, 2.1776424977828786, 2.2882858349378763, 2.3275482645050163, 2.391135117448945, 2.5213371860460656, 2.5417957361780656, 2.547586059875096, 2.616800408385738, 2.6202879129246632, 2.4231621247224044, 2.1991524393866575, 2.0174175090644884, 1.9063344232521418, 1.8270662478702333, 1.766388411762786, 1.7842235532188082, 1.8763666228790885, 1.8792726726670226, 1.7825120499654339, 1.7446199654241867, 1.7454794449434516, 1.7606678717425173, 1.7023302449987503, 1.7030495672653887, 1.7085659156869955, 1.6188474380091498, 1.5079910323675298, 1.4871043865088607, 1.5582321397241692, 1.7146456198343525, 1.9436401896259967
30.pdb, 3, 3, 0.6736516641720965, 0.3950421204024269, 1.483643372747627, -, -, -, 1.1992063259946057, 14.588822671955938, , Upper limit of R overestimation, -, -, -, -, -, -, -, -, -, -, -, -, -, -, -, -, -, -, -, -, -, -, -, -, -, -, -, -, -, -, -
31.pdb, 3, 4, 0.4968625671124451, 0.6994418160502328, 0.917083490718879, -, -, -, 1.255112778417445, 15.836541422130203, , X, 9.35118165548165, 9.27829473060115, 9.20540780572065, 9.13252088084015, 9.119970648616185, 9.258472487457434, 9.412793918730483, 9.608888114750094, 9.529841126205412, 9.381658665579838, 9.273280577255479, 9.319638056847603, 9.173649018123252, 9.073535909704239, 9.341720851066269, 9.6099057924283, 9.87809073379033, 10.086249635304652, 10.28090653905119, 10.475563442797728, 10.7964989056244, 10.88710511482383, 10.862598269638548, 10.86088630615475, 10.859174342670952, 10.857462379187153, 10.855750415703355, 10.841042787855962, 10.817693224920886, 10.794343661985808, 10.650501345781677, 10.434489274929525, 10.403170680464838, 10.409878367732098
31.pdb, 3, 4, 0.4968625671124451, 0.6994418160502328, 0.917083490718879, -, -, -, 1.255112778417445, 15.836541422130203, , Y, -0.32128140341041345, -0.42890689964272916, -0.5365323958750449, -0.6441578921073605, -0.7808380071975382, -0.9902559565848876, -0.8483117518474085, -0.9112911416880336, -0.6121396952205735, -0.4266769743512166, -0.013039434995095467, 0.3431735398239315, 0.8213276771949678, 1.2914189719519382, 1.6666284031965728, 2.041837834441207, 2.4170472656858415, 2.7912740019279707, 3.1652796950067676, 3.539285388085565, 3.7262943626564553, 3.9388461393900602, 4.384170502747358, 4.87372446131295, 5.363278419878541, 5.852832378444133, 6.342386337009725, 6.727756770590596, 7.043846616820648, 7.3599364630507, 7.651188530069522, 7.807499841209337, 7.9189139144019265, 8.25708260603774
31.pdb, 3, 4, 0.4968625671124451, 0.6994418160502328, 0.917083490718879, -, -, -, 1.255112778417445, 15.836541422130203, , Z, 1.2939218046299787, 1.7767305128594515, 2.2595392210889242, 2.742347929318397, 3.2107657090253072, 3.643155999286306, 4.027945441709413, 4.441630137256939, 4.830657854199142, 5.216081525469705, 5.4062440479010245, 5.349301747675482, 5.3567731255470505, 5.385358747277302, 5.578477156373179, 5.771595565469054, 5.964713974564931, 6.219578538510778, 6.488332015452862, 6.757085492394947, 7.056471580030299, 7.39409121472886, 7.534787842203886, 7.636444080742348, 7.738100319280809, 7.839756557819271, 7.941412796357733, 8.214271900689308, 8.600978516899843, 8.98768513311038, 9.340727263280764, 9.704909198489776, 10.120754923370063, 10.486052882894427
31.pdb, 3, 4, 0.4968625671124451, 0.6994418160502328, 0.917083490718879, -, -, -, 1.255112778417445, 15.836541422130203, , distance, 0.7018276939446657, 1.0655713067911279, 1.5094112453951762, 1.980202617308209, 2.4628515933242614, 2.9519430256330166, 3.3018387752739335, 3.7478616589195934, 4.055459623712709, 4.3933802492432745, 4.556284020163563, 4.522215856029945, 4.584877123638053, 4.719961897350854, 5.04049729680152, 5.388430725701405, 5.758798344472787, 6.188067458485658, 6.635739067654775, 7.090408103715229, 7.510974243074524, 7.919779377497475, 8.260940199255161, 8.61374768686134, 8.980543716844108, 9.359683845482568, 9.74972809490739, 10.198944752162344, 10.68409548956862, 11.170555886023815, 11.597851398954207, 11.938184692899343, 12.317060342353239, 12.811583796378164
31.pdb, 3, 4, 0.4968625671124451, 0.6994418160502328, 0.917083490718879, -, -, -, 1.255112778417445, 15.836541422130203, , length, 0.7018276939446657, 1.2018276939446657, 1.7018276939446657, 2.201827693944666, 2.701827693944666, 3.201827693944666, 3.701827693944666, 4.201827693944666, 4.701827693944666, 5.201827693944666, 5.701827693944666, 6.201827693944666, 6.701827693944666, 7.201827693944666, 7.701827693944666, 8.201827693944665, 8.701827693944665, 9.201827693944665, 9.701827693944665, 10.201827693944665, 10.701827693944665, 11.201827693944665, 11.701827693944665, 12.201827693944665, 12.701827693944665, 13.201827693944665, 13.701827693944665, 14.201827693944665, 14.701827693944665, 15.201827693944665, 15.701827693944665, 16.201827693944665, 16.701827693944665, 17.201827693944665
31.pdb, 3, 4, 0.4968625671124451, 0.6994418160502328, 0.917083490718879, -, -, -, 1.255112778417445, 15.836541422130203, , R, 2.3396374866314202, 2.333365754255883, 2.3972647344795313, 2.5277276706476206, 2.6563209521498505, 2.69150851656058, 2.7282011621285207, 2.761926000847321, 2.6014947076342807, 2.389775932492049, 2.188982193168469, 2.177131710502956, 2.0192522680186364, 1.905803453604933, 1.6416227328992472, 1.4464361733915354, 1.3362233899127827, 1.2557707061194374, 1.260663791800826, 1.364941097086808, 1.4489603075233595, 1.5061623548422058, 1.2603142435209642, 1.046948521796068, 0.9317619806936557, 0.9307371083876925, 1.0440303268426978, 1.1726243048888045, 1.340811673566548, 1.5896418818398559, 1.7964515805234937, 1.927815269407937, 1.9772263053848056, 1.9605726039993627
31.pdb, 3, 4, 0.4968625671124451, 0.6994418160502328, 0.917083490718879, -, -, -, 1.255112778417445, 15.836541422130203, , Upper limit of R overestimation, -, -, -, -, -, -, -, -, -, -, -, -, -, -, -, -, -, -, -, -, -, -, -, -, -, -, -, -, -, -, -, -, -, -
31.pdb, 3, 5, 0.4234273875905928, 0.8593732374640622, 0.917083490718879, -, -, -, 1.2767992483495554, 18.19292478476863, , X, 9.35118165548165, 9.27829473060115, 9.20540780572065, 9.13252088084015, 9.119970648616185, 9.258472487457434, 9.412793918730483, 9.608888114750094, 9.529841126205412, 9.381658665579838, 9.273280577255479, 9.319638056847603, 9.173649018123252, 9.073535909704239, 9.341720851066269, 9.6099057924283, 9.87809073379033, 10.086249635304652, 10.28090653905119, 10.475563442797728, 10.7964989056244, 10.88710511482383, 10.862598269638548, 10.86088630615475, 10.859174342670952, 10.857462379187153, 10.855750415703355, 10.841042787855962, 10.817693224920886, 10.794343661985808, 10.650501345781677, 10.452503109383946, 10.494512775890804, 10.555291715895459, 10.61483084341621, 10.679177503019545, 10.743524162622883, 10.807870822226219, 10.890327725463312
31.pdb, 3, 5, 0.4234273875905928, 0.8593732374640622, 0.917083490718879, -, -, -, 1.2767992483495554, 18.19292478476863, , Y, -0.32128140341041345, -0.42890689964272916, -0.5365323958750449, -0.6441578921073605, -0.7808380071975382, -0.9902559565848876, -0.8483117518474085, -0.9112911416880336, -0.6121396952205735, -0.4266769743512166, -0.013039434995095467, 0.3431735398239315, 0.8213276771949678, 1.2914189719519382, 1.6666284031965728, 2.041837834441207, 2.4170472656858415, 2.7912740019279707, 3.1652796950067676, 3.539285388085565, 3.7262943626564553, 3.9388461393900602, 4.384170502747358, 4.87372446131295, 5.363278419878541, 5.852832378444133, 6.342386337009725, 6.727756770590596, 7.043846616820648, 7.3599364630507, 7.651188530069522, 7.942091220149674, 8.352184365225991, 8.843806167453533, 9.338617190199885, 9.834452664765003, 10.330288139330118, 10.826123613895234, 11.090983863695953
31.pdb, 3, 5, 0.4234273875905928, 0.8593732374640622, 0.917083490718879, -, -, -, 1.2767992483495554, 18.19292478476863, , Z, 1.2939218046299787, 1.7767305128594515, 2.2595392210889242, 2.742347929318397, 3.2107657090253072, 3.643155999286306, 4.027945441709413, 4.441630137256939, 4.830657854199142, 5.216081525469705, 5.4062440479010245, 5.349301747675482, 5.3567731255470505, 5.385358747277302, 5.578477156373179, 5.771595565469054, 5.964713974564931, 6.219578538510778, 6.488332015452862, 6.757085492394947, 7.056471580030299, 7.39409121472886, 7.534787842203886, 7.636444080742348, 7.738100319280809, 7.839756557819271, 7.941412796357733, 8.214271900689308, 8.600978516899843, 8.98768513311038, 9.340727263280764, 9.460112004784783, 9.2756776194432, 9.343603490997827, 9.369242718108588, 9.371829136612678, 9.374415555116771, 9.377001973620864, 9.685646437783602
31.pdb, 3, 5, 0.4234273875905928, 0.8593732374640622, 0.917083490718879, -, -, -, 1.2767992483495554, 18.19292478476863, , distance, 0.7018276939446657, 1.0655713067911279, 1.5094112453951762, 1.980202617308209, 2.4628515933242614, 2.9519430256330166, 3.3018387752739335, 3.7478616589195934, 4.055459623712709, 4.3933802492432745, 4.556284020163563, 4.522215856029945, 4.584877123638053, 4.719961897350854, 5.04049729680152, 5.388430725701405, 5.758798344472787, 6.188067458485658, 6.635739067654775, 7.090408103715229, 7.510974243074524, 7.919779377497475, 8.260940199255161, 8.61374768686134, 8.980543716844108, 9.359683845482568, 9.74972809490739, 10.198944752162344, 10.68409548956862, 11.170555886023815, 11.597851398954207, 11.851102457928901, 12.00768487531281, 12.411726877775594, 12.796577297272522, 13.175627392098768, 13.562519081121184, 13.956600247772702, 14.363192024023608
31.pdb, 3, 5, 0.4234273875905928, 0.8593732374640622, 0.917083490718879, -, -, -, 1.2767992483495554, 18.19292478476863, , length, 0.7018276939446657, 1.2018276939446657, 1.7018276939446657, 2.201827693944666, 2.701827693944666, 3.201827693944666, 3.701827693944666, 4.201827693944666, 4.701827693944666, 5.201827693944666, 5.701827693944666, 6.201827693944666, 6.701827693944666, 7.201827693944666, 7.701827693944666, 8.201827693944665, 8.701827693944665, 9.201827693944665, 9.701827693944665, 10.201827693944665, 10.701827693944665, 11.201827693944665, 11.701827693944665, 12.201827693944665, 12.701827693944665, 13.201827693944665, 13.701827693944665, 14.201827693944665, 14.701827693944665, 15.201827693944665, 15.701827693944665, 16.201827693944665, 16.701827693944665, 17.201827693944665, 17.701827693944665, 18.201827693944665, 18.701827693944665, 19.201827693944665, 19.701827693944665
31.pdb, 3, 5, 0.4234273875905928, 0.8593732374640622, 0.917083490718879, -, -, -, 1.2767992483495554, 18.19292478476863, , R, 2.3396374866314202, 2.333365754255883, 2.3972647344795313, 2.5277276706476206, 2.6563209521498505, 2.69150851656058, 2.7282011621285207, 2.761926000847321, 2.6014947076342807, 2.389775932492049, 2.188982193168469, 2.177131710502956, 2.0192522680186364, 1.905803453604933, 1.6416227328992472, 1.4464361733915354, 1.3362233899127827, 1.2557707061194374, 1.260663791800826, 1.364941097086808, 1.4489603075233595, 1.5061623548422058, 1.2603142435209642, 1.046948521796068, 0.9317619806936557, 0.9307371083876925, 1.0440303268426978, 1.1726243048888045, 1.340811673566548, 1.5896418818398559, 1.7964515805234937, 1.841145766382055, 1.663228102528833, 1.5023078522521944, 1.3860236416345388, 1.340239148621465, 1.3919320186466042, 1.5355818844227282, 1.6156740657503057
31.pdb, 3, 5, 0.4234273875905928, 0.8593732374640622, 0.917083490718879, -, -, -, 1.2767992483495554, 18.19292478476863, , Upper limit of R overestimation, -, -, -, -, -, -, -, -, -, -, -, -, -, -, -, -, -, -, -, -, -, -, -, -, -, -, -, -, -, -, -, -, -, -, -, -, -, -, -
35.pdb, 3, 2, 0.4623885478128056, 0.771349728771491, 1.0283597278089756, -, -, -, 1.1970851879165787, 15.628538833351916, , X, 8.817677037772096, 8.781505549845413, 8.776399569105951, 8.801855633203067, 8.831504811052902, 8.88519750593454, 8.921162341349323, 8.817792918210863, 8.91084498187894, 9.003897045547017, 9.096747435300601, 9.292666408386985, 9.649099423765474, 10.006519685811318, 10.339543496665042, 10.643930951442309, 10.866055242021769, 11.114231317200774, 11.377134641453312, 11.515683160795573, 11.589251805399764, 11.754960368061985, 11.877688062962807, 11.89368483241696, 11.725607238439052, 11.557529644461141, 11.389452050483232, 11.237851783433817, 11.267612426307009, 11.28006941735419, 11.150386794310947, 11.020704171267703, 10.866303262820306
35.pdb, 3, 2, 0.4623885478128056, 0.771349728771491, 1.0283597278089756, -, -, -, 1.1970851879165787, 15.628538833351916, , Y, 0.43977251529735106, 0.18358013615949106, 0.1906023637316931, 0.45163632516520974, 0.7112918962004405, 0.9630437100346745, 1.184576097030776, 1.1300160050560264, 1.0336058737064984, 0.9371957423569702, 1.0120220971319156, 1.320604570230349, 1.454856850820711, 1.5990544730676346, 1.862061562748168, 2.1220998517447613, 2.34862039015357, 2.6454342474953965, 2.9830338159885983, 3.4233348106333805, 3.891052854450756, 4.344901272069928, 4.8245553608828855, 5.261197360109238, 5.5949792917606045, 5.928761223411971, 6.262543155063339, 6.630117310324584, 6.993139524373826, 7.152012845174233, 7.250197341630963, 7.3483818380876915, 7.441978902747103
35.pdb, 3, 2, 0.4623885478128056, 0.771349728771491, 1.0283597278089756, -, -, -, 1.1970851879165787, 15.628538833351916, , Z, 0.13428746764706528, 0.5612916686295907, 1.0100195422120626, 1.435711049972094, 1.861841422776038, 2.2904882689647397, 2.724462979171574, 3.206341654488653, 3.6880536016316308, 4.169765548774608, 4.580355163222153, 4.8825371110706985, 5.206468941406165, 5.523189872540868, 5.771861019800224, 6.071407953735361, 6.392103070461844, 6.707048036550968, 6.965714565986396, 7.060626705194792, 7.216943559302055, 7.311842549041746, 7.37178789150018, 7.536047698987315, 7.86822166621786, 8.200395633448405, 8.53256960067895, 8.811426185522102, 9.10327768291735, 9.549485407416483, 10.022287926377796, 10.495090445339109, 10.961021389159242
35.pdb, 3, 2, 0.4623885478128056, 0.771349728771491, 1.0283597278089756, -, -, -, 1.1970851879165787, 15.628538833351916, , distance, 0.8920276994786541, 0.4021005154409786, 0.30124721948658645, 0.7676725329524383, 1.2595275378159296, 1.753566672253507, 2.2370253183258573, 2.624492862455868, 3.025258803396034, 3.4520166381361217, 3.871282906013895, 4.267703974848525, 4.6633683854906955, 5.0743274309608575, 5.472383796660583, 5.9194126918527195, 6.3533099726901, 6.820739132973531, 7.2670350928132885, 7.58756888227227, 7.962979938523988, 8.327809923615904, 8.678412736019236, 9.057300365510045, 9.447065140727023, 9.846795907055805, 10.255327371531454, 10.656636106946387, 11.109434818372694, 11.545323459123992, 11.939026614167071, 12.340430268502818, 12.73673478636457
35.pdb, 3, 2, 0.4623885478128056, 0.771349728771491, 1.0283597278089756, -, -, -, 1.1970851879165787, 15.628538833351916, , length, 0.8920276994786541, 1.3920276994786542, 1.8920276994786542, 2.3920276994786542, 2.8920276994786542, 3.3920276994786542, 3.8920276994786542, 4.392027699478654, 4.892027699478654, 5.392027699478654, 5.892027699478654, 6.392027699478654, 6.892027699478654, 7.392027699478654, 7.892027699478654, 8.392027699478653, 8.892027699478653, 9.392027699478653, 9.892027699478653, 10.392027699478653, 10.892027699478653, 11.392027699478653, 11.892027699478653, 12.392027699478653, 12.892027699478653, 13.392027699478653, 13.892027699478653, 14.392027699478653, 14.892027699478653, 15.392027699478653, 15.892027699478653, 16.392027699478653, 16.892027699478653
35.pdb, 3, 2, 0.4623885478128056, 0.771349728771491, 1.0283597278089756, -, -, -, 1.1970851879165787, 15.628538833351916, , R, 1.939316262529527, 1.872375527663695, 1.7969873675821086, 1.7234512853327038, 1.7304440185529069, 1.7987569627878488, 1.9348578576915887, 2.0285776906046245, 2.0372536483533406, 2.1220337841876518, 2.115765857668359, 1.8720806395889766, 1.6476251541785556, 1.488787014024455, 1.291978822492278, 1.1814798020919157, 1.1646670406369701, 1.197321777088108, 1.2885263641480342, 1.2493722594523404, 1.2407496463248553, 1.151760946359545, 1.1060801918029026, 1.084614754035673, 1.0282588781674893, 1.0827200182911183, 1.2405908579034224, 1.4727807817876661, 1.6024183621474102, 1.576315787734084, 1.501093860801172, 1.517330811015478, 1.6078231733032162
35.pdb, 3, 2, 0.4623885478128056, 0.771349728771491, 1.0283597278089756, -, -, -, 1.1970851879165787, 15.628538833351916, , Upper limit of R overestimation, -, -, -, -, -, -, -, -, -, -, -, -, -, -, -, -, -, -, -, -, -, -, -, -, -, -, -, -, -, -, -, -, -
44.pdb, 3, 3, 0.5623673021207155, 0.5756000800750259, 1.2396650023448343, -, -, -, 1.157622984426457, 15.035428599862982, , X, 8.722123091833886, 8.819663411645791, 8.917203731457699, 8.964692118335243, 8.983433154801157, 9.00765221912809, 9.00042191219288, 9.141668010247624, 9.29251117580941, 9.386124520855759, 9.501506867656714, 9.681540651991646, 9.951431133744242, 10.22583367361551, 10.308018813783816, 10.402439116770884, 10.54248757970123, 10.690395725780359, 10.66994684151822, 10.854415759449521, 11.109026087064072, 11.028688911606363, 10.983887008676115, 10.925153421192652, 10.791278795634302, 10.657404170075951, 10.55217018733172, 10.448503136709862, 10.402390072308547, 10.451359390674375, 10.522149098617588, 10.696825079916431
44.pdb, 3, 3, 0.5623673021207155, 0.5756000800750259, 1.2396650023448343, -, -, -, 1.157622984426457, 15.035428599862982, , Y, 0.1038329587634384, 0.2719006230353375, 0.43996828730723664, 0.5443827472673582, 0.5894005949775074, 0.6611404733626689, 0.6771821076163409, 0.7110870393807296, 0.7684509181100097, 1.1393323517984397, 1.52180629363374, 1.9217731943413963, 2.112448187555163, 2.283543028354117, 2.6943239214693575, 3.1074284888359314, 3.4240262382626123, 3.737293999588678, 4.0994880873636355, 4.563702224503663, 4.865637684950342, 5.2133848409503925, 5.640611659817999, 6.0826361821087795, 6.518728531356106, 6.954820880603432, 6.914521523020799, 6.848158732675545, 6.886852879722027, 7.098159404634091, 7.30278515046628, 7.482425980687518
44.pdb, 3, 3, 0.5623673021207155, 0.5756000800750259, 1.2396650023448343, -, -, -, 1.157622984426457, 15.035428599862982, , Z, 0.7313502099023625, 1.192044410253506, 1.652738610604649, 2.133615561499281, 2.6312320472990676, 3.114566240613862, 3.59010585999888, 4.068348969690812, 4.532367639024106, 4.832798081412268, 5.06295632633127, 5.298528246662712, 5.636915692652722, 5.981971966887742, 6.254230797089131, 6.519616220209366, 6.848742857885493, 7.209279249997567, 7.378432051500352, 7.356604243626118, 7.2924207204657625, 7.635228765601187, 7.8805656101394215, 8.102002283373476, 8.306699737093743, 8.511397190814007, 8.981489743934379, 9.466102086609384, 9.939115946915885, 10.389392377588235, 10.837605945456856, 11.236112291469269
44.pdb, 3, 3, 0.5623673021207155, 0.5756000800750259, 1.2396650023448343, -, -, -, 1.157622984426457, 15.035428599862982, , distance, 0.2547576301714214, 0.46703910677599275, 0.9334610888439193, 1.407195589414867, 1.883398252456716, 2.364218441674075, 2.8235224418492844, 3.3038883605367704, 3.7816817524567368, 4.175881158520704, 4.529680096683291, 4.923713803389191, 5.354210856659915, 5.790317619961103, 6.222156220591288, 6.6615802039101375, 7.124999852615585, 7.616539720494509, 7.936953816308511, 8.215607873193097, 8.40454029525127, 8.851623340750042, 9.286024112094248, 9.714742476824695, 10.118986943573026, 10.531456316074271, 10.834435814050172, 11.145368124904387, 11.53113978652295, 12.019722927286113, 12.506500829601691, 12.954074958028805
44.pdb, 3, 3, 0.5623673021207155, 0.5756000800750259, 1.2396650023448343, -, -, -, 1.157622984426457, 15.035428599862982, , length, 0.2547576301714214, 0.7547576301714214, 1.2547576301714214, 1.7547576301714214, 2.2547576301714214, 2.7547576301714214, 3.2547576301714214, 3.7547576301714214, 4.254757630171421, 4.754757630171421, 5.254757630171421, 5.754757630171421, 6.254757630171421, 6.754757630171421, 7.254757630171421, 7.754757630171421, 8.254757630171422, 8.754757630171422, 9.254757630171422, 9.754757630171422, 10.254757630171422, 10.754757630171422, 11.254757630171422, 11.754757630171422, 12.254757630171422, 12.754757630171422, 13.254757630171422, 13.754757630171422, 14.254757630171422, 14.754757630171422, 15.254757630171422, 15.754757630171422
44.pdb, 3, 3, 0.5623673021207155, 0.5756000800750259, 1.2396650023448343, -, -, -, 1.157622984426457, 15.035428599862982, , R, 2.300134652255794, 2.2765168510421043, 2.324400125870733, 2.3977640529998068, 2.492171528419446, 2.644330157214683, 2.6376745951963256, 2.574210384589583, 2.5486322933484455, 2.3188626841110596, 2.0895474324620187, 1.869350160699079, 1.6464166920971348, 1.4576771484526574, 1.3817972962050493, 1.3874176997625314, 1.4318178044980339, 1.5510242198194952, 1.4956463350376852, 1.4711664885920797, 1.5003862155454846, 1.363920697302462, 1.270786074974976, 1.2476012075219038, 1.2574257928650303, 1.3665407426756284, 1.2863797113486142, 1.2894838860637365, 1.3603668192528457, 1.4740779177834715, 1.6502121213984735, 1.784355505684727
44.pdb, 3, 3, 0.5623673021207155, 0.5756000800750259, 1.2396650023448343, -, -, -, 1.157622984426457, 15.035428599862982, , Upper limit of R overestimation, -, -, -, -, -, -, -, -, -, -, -, -, -, -, -, -, -, -, -, -, -, -, -, -, -, -, -, -, -, -, -, -
44.pdb, 3, 4, 0.5089032226738381, 0.6754974127804839, 1.0600377389175286, -, -, -, 1.2416515818191083, 17.39361544129659, , X, 8.722123091833886, 8.819663411645791, 8.917203731457699, 8.964692118335243, 8.983433154801157, 9.00765221912809, 9.00042191219288, 9.141668010247624, 9.29251117580941, 9.386124520855759, 9.501506867656714, 9.681540651991646, 9.951431133744242, 10.22583367361551, 10.308018813783816, 10.402439116770884, 10.54248757970123, 10.690395725780359, 10.66994684151822, 10.854415759449521, 11.15332901631895, 11.327832284954198, 11.42537036884989, 11.486327481994413, 11.547284595138937, 11.512932303614354, 11.293999241881826, 11.303217387376163, 11.546296176824214, 11.870844125237314, 12.062771879704295, 12.1123156371592, 12.11707351276769, 12.081298926156082, 11.913462994944938, 11.931209071010336, 11.948955147075733
44.pdb, 3, 4, 0.5089032226738381, 0.6754974127804839, 1.0600377389175286, -, -, -, 1.2416515818191083, 17.39361544129659, , Y, 0.1038329587634384, 0.2719006230353375, 0.43996828730723664, 0.5443827472673582, 0.5894005949775074, 0.6611404733626689, 0.6771821076163409, 0.7110870393807296, 0.7684509181100097, 1.1393323517984397, 1.52180629363374, 1.9217731943413963, 2.112448187555163, 2.283543028354117, 2.6943239214693575, 3.1074284888359314, 3.4240262382626123, 3.737293999588678, 4.0994880873636355, 4.563702224503663, 4.8587425123214585, 5.224954827506832, 5.708661230313161, 6.189434381005225, 6.67020753169729, 7.057896238565369, 7.369695939703535, 7.694095388081209, 8.014941455481837, 8.375900915084152, 8.834543226871766, 9.303992828595261, 9.77759390989224, 10.244049051595358, 10.685867817452491, 11.15765582452317, 11.62944383159385
44.pdb, 3, 4, 0.5089032226738381, 0.6754974127804839, 1.0600377389175286, -, -, -, 1.2416515818191083, 17.39361544129659, , Z, 0.7313502099023625, 1.192044410253506, 1.652738610604649, 2.133615561499281, 2.6312320472990676, 3.114566240613862, 3.59010585999888, 4.068348969690812, 4.532367639024106, 4.832798081412268, 5.06295632633127, 5.298528246662712, 5.636915692652722, 5.981971966887742, 6.254230797089131, 6.519616220209366, 6.848742857885493, 7.209279249997567, 7.378432051500352, 7.356604243626118, 7.154485318639562, 6.86218898023933, 6.876850701731197, 6.999901130136429, 7.122951558541662, 7.412440651216715, 7.718144440294318, 7.943052636778769, 8.018199190211218, 7.983537218374618, 7.95167252131082, 8.081123718394398, 8.241371583946568, 8.380174332444048, 8.339647505689745, 8.175023226895402, 8.010398948101058
44.pdb, 3, 4, 0.5089032226738381, 0.6754974127804839, 1.0600377389175286, -, -, -, 1.2416515818191083, 17.39361544129659, , distance, 0.2547576301714214, 0.46703910677599275, 0.9334610888439193, 1.407195589414867, 1.883398252456716, 2.364218441674075, 2.8235224418492844, 3.3038883605367704, 3.7816817524567368, 4.175881158520704, 4.529680096683291, 4.923713803389191, 5.354210856659915, 5.790317619961103, 6.222156220591288, 6.6615802039101375, 7.124999852615585, 7.616539720494509, 7.936953816308511, 8.215607873193097, 8.30765771029691, 8.366642511858391, 8.718895999664651, 9.143939368863892, 9.576226130890486, 10.029785598611662, 10.39774004562566, 10.780421507915424, 11.118310434032061, 11.44278630686491, 11.81658390385911, 12.262852269187155, 12.721762277387489, 13.155826541891015, 13.443125357288734, 13.73899427270196, 14.046433991547293
44.pdb, 3, 4, 0.5089032226738381, 0.6754974127804839, 1.0600377389175286, -, -, -, 1.2416515818191083, 17.39361544129659, , length, 0.2547576301714214, 0.7547576301714214, 1.2547576301714214, 1.7547576301714214, 2.2547576301714214, 2.7547576301714214, 3.2547576301714214, 3.7547576301714214, 4.254757630171421, 4.754757630171421, 5.254757630171421, 5.754757630171421, 6.254757630171421, 6.754757630171421, 7.254757630171421, 7.754757630171421, 8.254757630171422, 8.754757630171422, 9.254757630171422, 9.754757630171422, 10.254757630171422, 10.754757630171422, 11.254757630171422, 11.754757630171422, 12.254757630171422, 12.754757630171422, 13.254757630171422, 13.754757630171422, 14.254757630171422, 14.754757630171422, 15.254757630171422, 15.754757630171422, 16.254757630171422, 16.754757630171422, 17.254757630171422, 17.754757630171422, 18.254757630171422
44.pdb, 3, 4, 0.5089032226738381, 0.6754974127804839, 1.0600377389175286, -, -, -, 1.2416515818191083, 17.39361544129659, , R, 2.300134652255794, 2.2765168510421043, 2.324400125870733, 2.3977640529998068, 2.492171528419446, 2.644330157214683, 2.6376745951963256, 2.574210384589583, 2.5486322933484455, 2.3188626841110596, 2.0895474324620187, 1.869350160699079, 1.6464166920971348, 1.4576771484526574, 1.3817972962050493, 1.3874176997625314, 1.4318178044980339, 1.5510242198194952, 1.4956463350376852, 1.4711664885920797, 1.5093974806122936, 1.428015443567075, 1.3430313551580306, 1.3297415881620298, 1.4138432494004325, 1.5159765314430926, 1.5186425129990464, 1.5254733802237601, 1.5491386463372974, 1.5990025730468596, 1.5915907505474853, 1.4679009201370585, 1.3773324667449225, 1.3526718322845686, 1.2169533188092012, 1.0879240793044092, 1.0644049637860789
44.pdb, 3, 4, 0.5089032226738381, 0.6754974127804839, 1.0600377389175286, -, -, -, 1.2416515818191083, 17.39361544129659, , Upper limit of R overestimation, -, -, -, -, -, -, -, -, -, -, -, -, -, -, -, -, -, -, -, -, -, -, -, -, -, -, -, -, -, -, -, -, -, -, -, -, -
45.pdb, 3, 3, 0.5246207757186773, 0.6450796093623679, 0.9162204130923775, -, -, -, 1.3004287677636341, 15.127912809296443, , X, 9.30692206691759, 9.216749208496122, 9.192937150616793, 9.169125092737463, 9.145313034858134, 9.179327466836076, 9.509928551790301, 9.94952698775972, 9.878211305782349, 10.12174425566927, 10.314122725925568, 10.374470019665482, 10.471636174574622, 10.604502247025298, 10.721615289703422, 10.864778715003922, 11.069054133804398, 11.273017084687794, 11.405623150042144, 11.439898344463401, 11.487394360800888, 11.646291520611856, 11.672119180496102, 11.526667979618226, 11.289331769107962, 11.22799312186714, 11.18495031587843, 11.098057491919576, 10.995033146731737, 10.855421750561865, 10.663502699736696, 10.602613206882669, 10.5842337833123
45.pdb, 3, 3, 0.5246207757186773, 0.6450796093623679, 0.9162204130923775, -, -, -, 1.3004287677636341, 15.127912809296443, , Y, 0.14042154516153277, -0.1415882261261481, -0.17781222297905397, -0.2140362198319598, -0.25026021668486564, -0.43654944074821583, -0.32593401086236445, -0.28167148568381817, -0.28588878341273843, -0.19561279012927613, -0.0914123070956887, 0.1996164446870143, 0.6382228267893965, 1.0466177836957475, 1.4635781191126946, 1.8896446871230168, 2.2643686242624987, 2.6027825438430807, 2.9121361430529813, 3.262396261904487, 3.623307814774607, 4.017936346417576, 4.482392113501033, 4.9583106539144755, 5.383011433695285, 5.784164918599622, 6.124634405618814, 6.520401537891644, 6.922236895608186, 6.919730692679235, 6.99249620671787, 6.976880645495641, 6.93212624617257
45.pdb, 3, 3, 0.5246207757186773, 0.6450796093623679, 0.9162204130923775, -, -, -, 1.3004287677636341, 15.127912809296443, , Z, 1.051408194173922, 1.4304558104050789, 1.928573073658976, 2.426690336912873, 2.92480760016677, 3.307877221450855, 3.4693116597737834, 3.670328746952221, 4.1461286943351405, 4.57337797444695, 5.008463522772172, 5.317547404767824, 5.535014307444112, 5.791061502244194, 6.038162516020382, 6.236156564993955, 6.496643655285538, 6.790743403833582, 6.971102350371817, 7.117245423839572, 7.428998156142938, 7.64335280896075, 7.724148189112865, 7.7144570853035965, 7.638052231776872, 7.683054856676257, 7.98647536272841, 8.279001147065493, 8.558132531161649, 8.991446046497408, 9.435316182916544, 9.931066800541515, 10.409204809008566
45.pdb, 3, 3, 0.5246207757186773, 0.6450796093623679, 0.9162204130923775, -, -, -, 1.3004287677636341, 15.127912809296443, , distance, 0.528351096041705, 0.6720042133523942, 1.1175121602616729, 1.5956431912874667, 2.0840635689612235, 2.487916209715823, 2.693817803461841, 3.014986314427864, 3.4398584564260455, 3.916738244841614, 4.38873543698271, 4.707824972336743, 4.9873724425689145, 5.340061247515874, 5.703779536084722, 6.054522928400418, 6.479847169412017, 6.929648378174358, 7.252103497657657, 7.53533929678546, 7.972024728392102, 8.386837565413565, 8.694395277075952, 8.900298818452923, 9.022730393073171, 9.287471444582211, 9.71492054889734, 10.163013645621321, 10.606734428270109, 10.896819925230806, 11.244488401693598, 11.60778366963103, 11.955856443718847
45.pdb, 3, 3, 0.5246207757186773, 0.6450796093623679, 0.9162204130923775, -, -, -, 1.3004287677636341, 15.127912809296443, , length, 0.528351096041705, 1.028351096041705, 1.528351096041705, 2.028351096041705, 2.528351096041705, 3.028351096041705, 3.528351096041705, 4.028351096041705, 4.528351096041705, 5.028351096041705, 5.528351096041705, 6.028351096041705, 6.528351096041705, 7.028351096041705, 7.528351096041705, 8.028351096041705, 8.528351096041705, 9.028351096041705, 9.528351096041705, 10.028351096041705, 10.528351096041705, 11.028351096041705, 11.528351096041705, 12.028351096041705, 12.528351096041705, 13.028351096041705, 13.528351096041705, 14.028351096041705, 14.528351096041705, 15.028351096041705, 15.528351096041705, 16.028351096041703, 16.528351096041703
45.pdb, 3, 3, 0.5246207757186773, 0.6450796093623679, 0.9162204130923775, -, -, -, 1.3004287677636341, 15.127912809296443, , R, 2.0998506616268813, 2.0639405934884927, 2.066350083385805, 2.1443650423730505, 2.2929231606291216, 2.306879199858276, 2.181347771765001, 1.8795614600941553, 1.9915085951769635, 1.907668372852992, 1.8653841962402462, 1.6593500644252448, 1.3845861160660353, 1.1740577984915712, 1.053893112503055, 0.9499689339977795, 0.9194283710215869, 1.0110538524198496, 1.1192432170059086, 1.1842216544051494, 1.2234154584042247, 1.1588352386307286, 1.1799350742626633, 1.2260792596652432, 1.3279559250273472, 1.4873768692099667, 1.500085027945948, 1.5594898913161395, 1.692634597034843, 1.6790585502891837, 1.7095099802027123, 1.7177794456541322, 1.7481174758477926
45.pdb, 3, 3, 0.5246207757186773, 0.6450796093623679, 0.9162204130923775, -, -, -, 1.3004287677636341, 15.127912809296443, , Upper limit of R overestimation, -, -, -, -, -, -, -, -, -, -, -, -, -, -, -, -, -, -, -, -, -, -, -, -, -, -, -, -, -, -, -, -, -
45.pdb, 3, 4, 0.35525745532901537, 1.0349125260773067, 0.9162204130923775, -, -, -, 1.39003741297407, 19.485732760599024, , X, 9.30692206691759, 9.216749208496122, 9.192937150616793, 9.169125092737463, 9.145313034858134, 9.179327466836076, 9.509928551790301, 9.94952698775972, 9.878211305782349, 10.12174425566927, 10.314122725925568, 10.374470019665482, 10.471636174574622, 10.604502247025298, 10.721615289703422, 10.864778715003922, 11.069054133804398, 11.273017084687794, 11.405623150042144, 11.439898344463401, 11.487394360800888, 11.646291520611856, 11.672119180496102, 11.526667979618226, 11.289331769107962, 11.22799312186714, 11.18495031587843, 11.098057491919576, 10.995033146731737, 10.811193789007989, 10.916254492558172, 10.83439623434989, 10.659554929490243, 10.552974212412167, 10.500016390683886, 10.476645034634105, 10.453273678584326, 10.450451029931047, 10.560000111775548, 10.577026055699104, 10.646688493162342, 10.719891908230487
45.pdb, 3, 4, 0.35525745532901537, 1.0349125260773067, 0.9162204130923775, -, -, -, 1.39003741297407, 19.485732760599024, , Y, 0.14042154516153277, -0.1415882261261481, -0.17781222297905397, -0.2140362198319598, -0.25026021668486564, -0.43654944074821583, -0.32593401086236445, -0.28167148568381817, -0.28588878341273843, -0.19561279012927613, -0.0914123070956887, 0.1996164446870143, 0.6382228267893965, 1.0466177836957475, 1.4635781191126946, 1.8896446871230168, 2.2643686242624987, 2.6027825438430807, 2.9121361430529813, 3.262396261904487, 3.623307814774607, 4.017936346417576, 4.482392113501033, 4.9583106539144755, 5.383011433695285, 5.784164918599622, 6.124634405618814, 6.520401537891644, 6.922236895608186, 7.344195581367766, 7.821278966981441, 8.228130016150903, 8.594213410587662, 8.959661496138354, 9.411461614866694, 9.910906521315159, 10.410351427763626, 10.902009853216642, 11.377215633267902, 11.606926418540256, 12.095274408789415, 12.587388309076989
45.pdb, 3, 4, 0.35525745532901537, 1.0349125260773067, 0.9162204130923775, -, -, -, 1.39003741297407, 19.485732760599024, , Z, 1.051408194173922, 1.4304558104050789, 1.928573073658976, 2.426690336912873, 2.92480760016677, 3.307877221450855, 3.4693116597737834, 3.670328746952221, 4.1461286943351405, 4.57337797444695, 5.008463522772172, 5.317547404767824, 5.535014307444112, 5.791061502244194, 6.038162516020382, 6.236156564993955, 6.496643655285538, 6.790743403833582, 6.971102350371817, 7.117245423839572, 7.428998156142938, 7.64335280896075, 7.724148189112865, 7.7144570853035965, 7.638052231776872, 7.683054856676257, 7.98647536272841, 8.279001147065493, 8.558132531161649, 8.619965138337022, 8.513411434783677, 8.295413589888668, 8.005376965890727, 7.681203790698119, 7.567824667826451, 7.570751293712715, 7.573677919598978, 7.602429811452626, 7.592348224807529, 7.2570436217887515, 7.293391582256104, 7.343042052204655
45.pdb, 3, 4, 0.35525745532901537, 1.0349125260773067, 0.9162204130923775, -, -, -, 1.39003741297407, 19.485732760599024, , distance, 0.528351096041705, 0.6720042133523942, 1.1175121602616729, 1.5956431912874667, 2.0840635689612235, 2.487916209715823, 2.693817803461841, 3.014986314427864, 3.4398584564260455, 3.916738244841614, 4.38873543698271, 4.707824972336743, 4.9873724425689145, 5.340061247515874, 5.703779536084722, 6.054522928400418, 6.479847169412017, 6.929648378174358, 7.252103497657657, 7.53533929678546, 7.972024728392102, 8.386837565413565, 8.694395277075952, 8.900298818452923, 9.022730393073171, 9.287471444582211, 9.71492054889734, 10.163013645621321, 10.606734428270109, 10.898544024137138, 11.173911177892428, 11.305845272610394, 11.364080436066317, 11.43282088358336, 11.720004804358192, 12.125831139629542, 12.538462786140883, 12.966561777064962, 13.379300946448314, 13.415557257392075, 13.868131438984486, 14.333275933589118
45.pdb, 3, 4, 0.35525745532901537, 1.0349125260773067, 0.9162204130923775, -, -, -, 1.39003741297407, 19.485732760599024, , length, 0.528351096041705, 1.028351096041705, 1.528351096041705, 2.028351096041705, 2.528351096041705, 3.028351096041705, 3.528351096041705, 4.028351096041705, 4.528351096041705, 5.028351096041705, 5.528351096041705, 6.028351096041705, 6.528351096041705, 7.028351096041705, 7.528351096041705, 8.028351096041705, 8.528351096041705, 9.028351096041705, 9.528351096041705, 10.028351096041705, 10.528351096041705, 11.028351096041705, 11.528351096041705, 12.028351096041705, 12.528351096041705, 13.028351096041705, 13.528351096041705, 14.028351096041705, 14.528351096041705, 15.028351096041705, 15.528351096041705, 16.028351096041703, 16.528351096041703, 17.028351096041703, 17.528351096041703, 18.028351096041703, 18.528351096041703, 19.028351096041703, 19.528351096041703, 20.028351096041703, 20.528351096041703, 21.028351096041703
45.pdb, 3, 4, 0.35525745532901537, 1.0349125260773067, 0.9162204130923775, -, -, -, 1.39003741297407, 19.485732760599024, , R, 2.0998506616268813, 2.0639405934884927, 2.066350083385805, 2.1443650423730505, 2.2929231606291216, 2.306879199858276, 2.181347771765001, 1.8795614600941553, 1.9915085951769635, 1.907668372852992, 1.8653841962402462, 1.6593500644252448, 1.3845861160660353, 1.1740577984915712, 1.053893112503055, 0.9499689339977795, 0.9194283710215869, 1.0110538524198496, 1.1192432170059086, 1.1842216544051494, 1.2234154584042247, 1.1588352386307286, 1.1799350742626633, 1.2260792596652432, 1.3279559250273472, 1.4873768692099667, 1.500085027945948, 1.5594898913161395, 1.692634597034843, 1.7012454962028742, 1.5592500789611152, 1.4134727976316996, 1.2927459211047354, 1.217721937262975, 1.1049500640700554, 1.0166974448989359, 1.03935265793184, 1.086928340378354, 1.0314401422529544, 1.136153024246487, 1.0390686762702714, 1.0440792285475557
45.pdb, 3, 4, 0.35525745532901537, 1.0349125260773067, 0.9162204130923775, -, -, -, 1.39003741297407, 19.485732760599024, , Upper limit of R overestimation, -, -, -, -, -, -, -, -, -, -, -, -, -, -, -, -, -, -, -, -, -, -, -, -, -, -, -, -, -, -, -, -, -, -, -, -, -, -, -, -, -, -
45.pdb, 3, 6, 0.27671578301277505, 1.284764353654167, 0.9162204130923775, -, -, -, 1.8735420224603967, 24.154179748253874, , X, 9.30692206691759, 9.216749208496122, 9.192937150616793, 9.169125092737463, 9.145313034858134, 9.179327466836076, 9.509928551790301, 9.94952698775972, 9.878211305782349, 10.12174425566927, 10.314122725925568, 10.374470019665482, 10.471636174574622, 10.604502247025298, 10.721615289703422, 10.864778715003922, 11.069054133804398, 11.273017084687794, 11.405623150042144, 11.439898344463401, 11.487394360800888, 11.646291520611856, 11.672119180496102, 11.526667979618226, 11.289331769107962, 11.22799312186714, 11.18495031587843, 11.098057491919576, 10.995033146731737, 10.855421750561865, 10.607909079355313, 10.21613758915379, 9.795311030707063, 9.552402177540024, 9.282636084293507, 8.944567432836033, 8.69651851660931, 8.870806017605876, 9.045093518602442, 9.219381019599007, 9.34897059904833, 9.553390053047316, 9.822959692956413, 10.101924139430631, 10.380888585904849, 10.66905869838788, 10.882337228777525, 11.087470063107203, 11.309691039160853, 11.50493030334136, 11.58595839647301, 11.662586851983422
45.pdb, 3, 6, 0.27671578301277505, 1.284764353654167, 0.9162204130923775, -, -, -, 1.8735420224603967, 24.154179748253874, , Y, 0.14042154516153277, -0.1415882261261481, -0.17781222297905397, -0.2140362198319598, -0.25026021668486564, -0.43654944074821583, -0.32593401086236445, -0.28167148568381817, -0.28588878341273843, -0.19561279012927613, -0.0914123070956887, 0.1996164446870143, 0.6382228267893965, 1.0466177836957475, 1.4635781191126946, 1.8896446871230168, 2.2643686242624987, 2.6027825438430807, 2.9121361430529813, 3.262396261904487, 3.623307814774607, 4.017936346417576, 4.482392113501033, 4.9583106539144755, 5.383011433695285, 5.784164918599622, 6.124634405618814, 6.520401537891644, 6.922236895608186, 6.919730692679235, 6.9775003508115825, 6.803089764265116, 6.57726355537825, 6.5096806342224784, 6.3065333225637055, 6.005605444353344, 5.709997251074311, 5.522132475694279, 5.334267700314245, 5.146402924934212, 4.930234346995647, 4.6487381269107075, 4.233673256711313, 3.8187602892497967, 3.4038473217882803, 3.0361122364541098, 2.603154732380935, 2.1489378920246596, 1.7011512986483255, 1.2536023483497711, 0.9956177981262277, 0.8149398665526094
45.pdb, 3, 6, 0.27671578301277505, 1.284764353654167, 0.9162204130923775, -, -, -, 1.8735420224603967, 24.154179748253874, , Z, 1.051408194173922, 1.4304558104050789, 1.928573073658976, 2.426690336912873, 2.92480760016677, 3.307877221450855, 3.4693116597737834, 3.670328746952221, 4.1461286943351405, 4.57337797444695, 5.008463522772172, 5.317547404767824, 5.535014307444112, 5.791061502244194, 6.038162516020382, 6.236156564993955, 6.496643655285538, 6.790743403833582, 6.971102350371817, 7.117245423839572, 7.428998156142938, 7.64335280896075, 7.724148189112865, 7.7144570853035965, 7.638052231776872, 7.683054856676257, 7.98647536272841, 8.279001147065493, 8.558132531161649, 8.991446046497408, 9.403369239258353, 9.643859967091565, 9.791871895954309, 10.1089811308972, 10.3899178819169, 10.602407879369801, 10.875849024000116, 11.305186528963032, 11.734524033925949, 12.163861538888865, 12.586423936629664, 12.845232721107127, 12.867446696847226, 12.86234110818269, 12.857235519518154, 12.969149142591633, 13.050282173510105, 13.083872509314908, 13.094119684251513, 13.071491406385697, 13.248788946040042, 13.708662368677585
45.pdb, 3, 6, 0.27671578301277505, 1.284764353654167, 0.9162204130923775, -, -, -, 1.8735420224603967, 24.154179748253874, , distance, 0.528351096041705, 0.6720042133523942, 1.1175121602616729, 1.5956431912874667, 2.0840635689612235, 2.487916209715823, 2.693817803461841, 3.014986314427864, 3.4398584564260455, 3.916738244841614, 4.38873543698271, 4.707824972336743, 4.9873724425689145, 5.340061247515874, 5.703779536084722, 6.054522928400418, 6.479847169412017, 6.929648378174358, 7.252103497657657, 7.53533929678546, 7.972024728392102, 8.386837565413565, 8.694395277075952, 8.900298818452923, 9.022730393073171, 9.287471444582211, 9.71492054889734, 10.163013645621321, 10.606734428270109, 10.896819925230806, 11.201911813439626, 11.224948457940524, 11.162424022510232, 11.36081283388785, 11.463215691480062, 11.470744934415015, 11.553853102373987, 11.836766266737111, 12.133694812195264, 12.443635479136429, 12.746493304728505, 12.8886088321733, 12.781161518396205, 12.667253768646079, 12.572213262557415, 12.62154785934618, 12.633120238262777, 12.612389869122854, 12.59297677490322, 12.555766536904434, 12.721171076035143, 13.171926759936314
45.pdb, 3, 6, 0.27671578301277505, 1.284764353654167, 0.9162204130923775, -, -, -, 1.8735420224603967, 24.154179748253874, , length, 0.528351096041705, 1.028351096041705, 1.528351096041705, 2.028351096041705, 2.528351096041705, 3.028351096041705, 3.528351096041705, 4.028351096041705, 4.528351096041705, 5.028351096041705, 5.528351096041705, 6.028351096041705, 6.528351096041705, 7.028351096041705, 7.528351096041705, 8.028351096041705, 8.528351096041705, 9.028351096041705, 9.528351096041705, 10.028351096041705, 10.528351096041705, 11.028351096041705, 11.528351096041705, 12.028351096041705, 12.528351096041705, 13.028351096041705, 13.528351096041705, 14.028351096041705, 14.528351096041705, 15.028351096041705, 15.528351096041705, 16.028351096041703, 16.528351096041703, 17.028351096041703, 17.528351096041703, 18.028351096041703, 18.528351096041703, 19.028351096041703, 19.528351096041703, 20.028351096041703, 20.528351096041703, 21.028351096041703, 21.528351096041703, 22.028351096041703, 22.528351096041703, 23.028351096041703, 23.528351096041703, 24.028351096041703, 24.528351096041703, 25.028351096041703, 25.528351096041703, 26.028351096041703
45.pdb, 3, 6, 0.27671578301277505, 1.284764353654167, 0.9162204130923775, -, -, -, 1.8735420224603967, 24.154179748253874, , R, 2.0998506616268813, 2.0639405934884927, 2.066350083385805, 2.1443650423730505, 2.2929231606291216, 2.306879199858276, 2.181347771765001, 1.8795614600941553, 1.9915085951769635, 1.907668372852992, 1.8653841962402462, 1.6593500644252448, 1.3845861160660353, 1.1740577984915712, 1.053893112503055, 0.9499689339977795, 0.9194283710215869, 1.0110538524198496, 1.1192432170059086, 1.1842216544051494, 1.2234154584042247, 1.1588352386307286, 1.1799350742626633, 1.2260792596652432, 1.3279559250273472, 1.4873768692099667, 1.500085027945948, 1.5594898913161395, 1.692634597034843, 1.6790585502891837, 1.6831573716698365, 1.453568398563663, 1.1950305828173382, 1.1742356812273467, 1.0906817302855474, 1.0044446559956859, 1.018852825888087, 1.087653285960611, 1.2583342430558975, 1.5117258239718934, 1.7981169543986895, 1.7465181571340136, 1.4451491265540473, 1.1905714703625538, 1.0210020279398944, 0.9731868630426235, 0.9384853687973267, 0.9792449438894633, 1.1024758590037107, 1.2970899950597692, 1.4001467012461466, 1.5380725714488734
45.pdb, 3, 6, 0.27671578301277505, 1.284764353654167, 0.9162204130923775, -, -, -, 1.8735420224603967, 24.154179748253874, , Upper limit of R overestimation, -, -, -, -, -, -, -, -, -, -, -, -, -, -, -, -, -, -, -, -, -, -, -, -, -, -, -, -, -, -, -, -, -, -, -, -, -, -, -, -, -, -, -, -, -, -, -, -, -, -, -, -
48.pdb, 3, 2, 0.4750359795982071, 0.7443647312935776, 1.1286396429249217, -, -, -, 1.2465435499837842, 16.39459787764933, , X, 8.792660509499964, 8.89125760369762, 8.793315414293712, 8.780284935617805, 8.744142593211567, 8.729201699415091, 8.7226856957395, 8.71616969206391, 8.709653688388318, 8.889780952594261, 9.072205377303542, 9.206982579103416, 9.354994740375039, 9.27465279496265, 9.365371704936983, 9.579630583174687, 9.78707253736466, 9.971562224157754, 10.117891094856475, 10.264219965555194, 10.482250771129669, 10.78669911556238, 11.00284602109979, 10.971087608377411, 10.84021177343396, 10.861219580265107, 11.02842899161147, 11.16572847926751, 11.334269833705434, 11.16573433140984, 11.24893199334764, 11.513503082673926, 11.562577413616628, 11.559836794122756, 11.566661697973771
48.pdb, 3, 2, 0.4750359795982071, 0.7443647312935776, 1.1286396429249217, -, -, -, 1.2465435499837842, 16.39459787764933, , Y, -0.3128557265080159, -0.6781322654712344, -0.7536224860579196, -0.8461327366198127, -0.5631047152289221, -0.29405536531523147, 0.01084763886583412, 0.31575064304689965, 0.6206536472279653, 0.7948387861632196, 0.7235862591840475, 0.6951786278869186, 0.6701422840150898, 0.9844516396052727, 1.3495516111723571, 1.7722757032774892, 2.203210474287126, 2.631384245290483, 3.054967532414652, 3.478550819538821, 3.870046602503721, 4.265783943202206, 4.6919005617920995, 5.045478728797922, 5.388433411959107, 5.887840106680724, 6.278932301157992, 6.741227715938011, 7.211645821425784, 7.463997550915273, 7.740855986386461, 8.042988847566674, 8.149120649561011, 8.181666297380849, 8.26016729302951
48.pdb, 3, 2, 0.4750359795982071, 0.7443647312935776, 1.1286396429249217, -, -, -, 1.2465435499837842, 16.39459787764933, , Z, 0.3191388099712984, 0.6133162542213988, 1.0894129353387338, 1.580607459093277, 1.9799273176144698, 2.3284369796877322, 2.724658760686027, 3.120880541684322, 3.517102322682617, 3.908581146950571, 4.367880975328982, 4.844678494196697, 5.321612013254893, 5.624934365085994, 5.871131990603436, 6.02441933320783, 6.170237914934296, 6.3445673158493925, 6.566299272204631, 6.78803122855987, 6.957635641817596, 6.931118425729304, 7.0051288656446085, 7.2604297540341936, 7.469468568690378, 7.481782192014737, 7.352748624144447, 7.476331134903427, 7.458992799529892, 7.841004267503915, 8.200484857316056, 8.4883462390313, 8.922179336434377, 9.421062073972006, 9.899561701876179
48.pdb, 3, 2, 0.4750359795982071, 0.7443647312935776, 1.1286396429249217, -, -, -, 1.2465435499837842, 16.39459787764933, , distance, 0.6071990527441533, 0.6663965624065279, 0.7264483375139713, 1.0597053154065588, 1.222474562113849, 1.4823161279573653, 1.8613844493734046, 2.28740967767817, 2.7385642221248654, 3.1583086461141794, 3.592526400070688, 4.062316189408312, 4.539868452412916, 4.887705831457288, 5.222557260257777, 5.519999621404378, 5.840124940647827, 6.203904612584082, 6.616393563273159, 7.040234024959889, 7.4290247893197074, 7.6955888029930195, 8.054699358787659, 8.45156804410153, 8.788066012067722, 9.119870165130598, 9.326819134817866, 9.762238047144473, 10.124412318231744, 10.517253549514582, 10.972263084544798, 11.43845658588111, 11.816621768730604, 12.183470706704105, 12.577260689769801
48.pdb, 3, 2, 0.4750359795982071, 0.7443647312935776, 1.1286396429249217, -, -, -, 1.2465435499837842, 16.39459787764933, , length, 0.6071990527441533, 1.1071990527441533, 1.6071990527441533, 2.1071990527441535, 2.6071990527441535, 3.1071990527441535, 3.6071990527441535, 4.1071990527441535, 4.6071990527441535, 5.1071990527441535, 5.6071990527441535, 6.1071990527441535, 6.6071990527441535, 7.1071990527441535, 7.6071990527441535, 8.107199052744154, 8.607199052744154, 9.107199052744154, 9.607199052744154, 10.107199052744154, 10.607199052744154, 11.107199052744154, 11.607199052744154, 12.107199052744154, 12.607199052744154, 13.107199052744154, 13.607199052744154, 14.107199052744154, 14.607199052744154, 15.107199052744154, 15.607199052744154, 16.107199052744154, 16.607199052744154, 17.107199052744154, 17.607199052744154
48.pdb, 3, 2, 0.4750359795982071, 0.7443647312935776, 1.1286396429249217, -, -, -, 1.2465435499837842, 16.39459787764933, , R, 1.7563682398948284, 1.676999219623214, 1.6722152083150317, 1.6818385018677258, 1.628214893947966, 1.6292415838431886, 1.7031550153893436, 1.8581056468037664, 2.0826378494506317, 2.1375395213171133, 2.121820180968607, 2.1697268477812743, 2.2802302747685363, 2.1946580527711, 2.0219438425622576, 1.7564748492625826, 1.548581242805118, 1.3954891591377006, 1.2897417117740042, 1.2821489897855394, 1.2979087546903523, 1.1930871460539583, 1.160397467294872, 1.1588506230265907, 1.1373487260790378, 1.1474898506746192, 1.1625740412041126, 1.196131722959761, 1.3168537940787874, 1.311664713021013, 1.2794220603732895, 1.2879055675880504, 1.2709134348255813, 1.2931230573574914, 1.3746897068815278
48.pdb, 3, 2, 0.4750359795982071, 0.7443647312935776, 1.1286396429249217, -, -, -, 1.2465435499837842, 16.39459787764933, , Upper limit of R overestimation, -, -, -, -, -, -, -, -, -, -, -, -, -, -, -, -, -, -, -, -, -, -, -, -, -, -, -, -, -, -, -, -, -, -, -
50.pdb, 3, 2, 0.5624392531502908, 0.57547214513486, 1.1310899727831119, -, -, -, 1.2480564904447031, 15.116138489368831, , X, 9.176918990224035, 9.02570909720538, 8.874499204186728, 8.723289311168074, 8.586527891069995, 8.457114319440066, 8.550581616670208, 8.6988250730951, 8.834608946627872, 8.985420676512083, 9.31592680808478, 9.774882433367917, 9.889643643753397, 10.137134241618377, 10.43836192780596, 10.576696878648605, 10.68949874835755, 10.865096211009526, 11.040693673661501, 11.216291136313476, 11.194538950896794, 11.23330065733863, 11.14083359957692, 11.153045975884192, 11.167344091091511, 11.079423369160232, 10.991502647228952, 10.903581925297672, 10.815371151063104, 10.7430096397033, 10.79411807587163, 10.84522651203996
50.pdb, 3, 2, 0.5624392531502908, 0.57547214513486, 1.1310899727831119, -, -, -, 1.2480564904447031, 15.116138489368831, , Y, -0.0400792616414881, -0.147709856122876, -0.2553404506042639, -0.3629710450856518, -0.4817378115257832, -0.6061679379983502, -0.8632738012809299, -0.631291972364109, -0.2660918407907542, 0.0751328159364601, 0.19472096847222192, 0.2378443103890903, 0.6233775032906179, 0.9111579921700801, 1.1674004260823945, 1.4718508661171543, 1.8889876257343337, 2.2485616226935083, 2.608135619652683, 2.9677096166118577, 3.3920477017341186, 3.814504595475133, 4.299247953675991, 4.782608062463039, 5.184349986711289, 5.59982911149653, 6.015308236281771, 6.430787361067012, 6.762931421329828, 6.752421752486976, 6.932697743451336, 7.1129737344156965
50.pdb, 3, 2, 0.5624392531502908, 0.57547214513486, 1.1310899727831119, -, -, -, 1.2480564904447031, 15.116138489368831, , Z, 0.8410923223315194, 1.3053672660716165, 1.7696422098117135, 2.2339171535518108, 2.6997714947699407, 3.166429047054275, 3.573568804027719, 3.947502121373136, 4.2580321707883355, 4.5909308877740385, 4.853906596924997, 5.031408998198844, 5.328383781239448, 5.641594583663571, 5.9438712094101165, 6.14806544297903, 6.397060411599894, 6.696847122147562, 6.996633832695231, 7.2964205432429, 7.460830083524971, 7.678120282721613, 7.636334685159552, 7.691911075492114, 7.959770189180969, 8.223677452292034, 8.487584715403099, 8.751491978514162, 9.05713926915142, 9.544385431917117, 10.007946101985498, 10.471506772053878
50.pdb, 3, 2, 0.5624392531502908, 0.57547214513486, 1.1310899727831119, -, -, -, 1.2480564904447031, 15.116138489368831, , distance, 0.3240910134472438, 0.47555045053581885, 0.9204680749555518, 1.4029877843445175, 1.8964390143489163, 2.3933540184705215, 2.83610766194999, 3.133742464553741, 3.394623267135231, 3.7263255584270385, 4.019329011986413, 4.273047927417607, 4.62869343943481, 5.036655968526123, 5.456452660233266, 5.760781548266673, 6.142781759544606, 6.583823234745973, 7.032758280174851, 7.48816731038743, 7.801521418067511, 8.188823876069817, 8.369793264637977, 8.678499439120289, 9.119456992362744, 9.545229542996067, 9.977891471719667, 10.416584344896709, 10.839186959805318, 11.192958348806899, 11.671575153981108, 12.151914110621922
50.pdb, 3, 2, 0.5624392531502908, 0.57547214513486, 1.1310899727831119, -, -, -, 1.2480564904447031, 15.116138489368831, , length, 0.3240910134472438, 0.8240910134472438, 1.324091013447244, 1.824091013447244, 2.324091013447244, 2.824091013447244, 3.324091013447244, 3.824091013447244, 4.324091013447244, 4.824091013447244, 5.324091013447244, 5.824091013447244, 6.324091013447244, 6.824091013447244, 7.324091013447244, 7.824091013447244, 8.324091013447244, 8.824091013447244, 9.324091013447244, 9.824091013447244, 10.324091013447244, 10.824091013447244, 11.324091013447244, 11.824091013447244, 12.324091013447244, 12.824091013447244, 13.324091013447244, 13.824091013447244, 14.324091013447244, 14.824091013447244, 15.324091013447244, 15.824091013447244
50.pdb, 3, 2, 0.5624392531502908, 0.57547214513486, 1.1310899727831119, -, -, -, 1.2480564904447031, 15.116138489368831, , R, 1.9706137093580407, 1.8685723491218214, 1.8462240937956091, 1.9052900343521444, 2.025974447050718, 2.208887919298548, 2.221253085901542, 2.228920069305749, 2.2941253250134563, 2.422720039846509, 2.3762149543606874, 2.2075856517649264, 1.9801845362063666, 1.7285187459448743, 1.497835502362186, 1.3397782779111236, 1.192001059604651, 1.1313396898687913, 1.1766826523465965, 1.3223195892616373, 1.4925960861862138, 1.691368469733739, 1.6671814151123325, 1.5502531874589238, 1.4506969951165367, 1.3411172807083014, 1.327520426961742, 1.4114061313980601, 1.5395210120960814, 1.552848472886841, 1.6237376576701001, 1.7780554064713165
50.pdb, 3, 2, 0.5624392531502908, 0.57547214513486, 1.1310899727831119, -, -, -, 1.2480564904447031, 15.116138489368831, , Upper limit of R overestimation, -, -, -, -, -, -, -, -, -, -, -, -, -, -, -, -, -, -, -, -, -, -, -, -, -, -, -, -, -, -, -, -
3.pdb, 4, 4, 0.40573458532231055, 0.9020560638887382, 0.9380554376804502, -, -, -, 1.2864369376183393, 15.65231229404833, , X, 8.954810850888068, 8.979528387597401, 8.976853060686878, 8.974177733776354, 8.97150240686583, 8.965832138640042, 8.87862929569339, 8.831071859787656, 8.996908337284442, 9.162744814781227, 9.340135493281222, 9.766514978129832, 10.112042334034717, 10.461707648784682, 10.811372963534646, 11.157716554865045, 11.501454721316817, 11.89128061551131, 11.9145927942242, 11.821133897149222, 11.73407598141358, 11.716672688666312, 11.699269395919044, 11.713971197723207, 11.968250188275698, 12.222529178828191, 12.476808169380684, 12.761551142409072, 12.626692090569808, 12.459348045052502, 12.29211662170594, 12.156987658900123, 12.216668051441173
3.pdb, 4, 4, 0.40573458532231055, 0.9020560638887382, 0.9380554376804502, -, -, -, 1.2864369376183393, 15.65231229404833, , Y, -0.2898745856000346, -0.07802687202078065, 0.2195479617219756, 0.5171227954647319, 0.8146976292074882, 1.1023884708990055, 0.987118633077563, 0.7537257395451443, 0.5860419589447634, 0.4183581783443826, 0.26552455698140737, 0.4588550105244638, 0.2508288021545323, 0.08164117234109342, -0.08754645747234552, -0.21012081709861252, -0.2961336216283609, -0.38032562268163195, -0.7161897491523124, -1.1623356181238371, -1.342589316696025, -1.4461919932765939, -1.5497946698571625, -1.6302000949752176, -2.039974137858289, -2.449748180741361, -2.859522223624433, -3.2335760691420243, -3.5902454995036446, -3.9460212928838105, -4.301139447967998, -4.521722932499354, -4.585549428047394
3.pdb, 4, 4, 0.40573458532231055, 0.9020560638887382, 0.9380554376804502, -, -, -, 1.2864369376183393, 15.65231229404833, , Z, 0.5354724305062158, 0.9759011245879117, 1.3776996573738003, 1.7794981901596887, 2.1812967229455773, 2.58470535971375, 3.0575244388447036, 3.460887199597458, 3.9017731400117803, 4.3426590804261025, 4.771452338512926, 4.9423279364965085, 5.229189192984703, 5.5440061454807825, 5.858823097976862, 6.194909258207328, 6.547678120752341, 6.847317575516569, 7.098041585877798, 7.301689872907449, 7.678002570837104, 8.166841614702154, 8.655680658567201, 9.132185949465722, 9.264198936489226, 9.396211923512732, 9.528224910536236, 9.696862577156148, 9.996207849128828, 10.305108408005978, 10.61470954201878, 11.009042977426887, 11.44179087373237
3.pdb, 4, 4, 0.40573458532231055, 0.9020560638887382, 0.9380554376804502, -, -, -, 1.2864369376183393, 15.65231229404833, , distance, 0.41539225251017503, 0.16442697918987442, 0.5945932670607371, 1.0862992566426686, 1.5832090818116435, 2.0771972718497915, 2.427536344242887, 2.7174632994983567, 3.104425978696336, 3.5199878593951017, 3.9457948133373946, 4.2062247028824915, 4.548224941150944, 4.945092900110228, 5.359247845186267, 5.803801384406442, 6.268940695753268, 6.712205261597707, 6.970044630352211, 7.167822226602792, 7.501992404669929, 7.959342883982834, 8.42154310384332, 8.882511541963702, 9.168866582703266, 9.472973003746343, 9.793177249902165, 10.160219655441612, 10.48604931199477, 10.820927400740313, 11.168552468342167, 11.557900922905992, 11.979937086837573
3.pdb, 4, 4, 0.40573458532231055, 0.9020560638887382, 0.9380554376804502, -, -, -, 1.2864369376183393, 15.65231229404833, , length, 0.41539225251017503, 0.915392252510175, 1.415392252510175, 1.915392252510175, 2.415392252510175, 2.915392252510175, 3.415392252510175, 3.915392252510175, 4.415392252510175, 4.915392252510175, 5.415392252510175, 5.915392252510175, 6.415392252510175, 6.915392252510175, 7.415392252510175, 7.915392252510175, 8.415392252510175, 8.915392252510175, 9.415392252510175, 9.915392252510175, 10.415392252510175, 10.915392252510175, 11.415392252510175, 11.915392252510175, 12.415392252510175, 12.915392252510175, 13.415392252510175, 13.915392252510175, 14.415392252510175, 14.915392252510175, 15.415392252510175, 15.915392252510175, 16.415392252510173
3.pdb, 4, 4, 0.40573458532231055, 0.9020560638887382, 0.9380554376804502, -, -, -, 1.2864369376183393, 15.65231229404833, , R, 2.018186798952068, 1.850063625300962, 1.7116637041374128, 1.6552903413835798, 1.685754726446013, 1.797182290311959, 1.8235992976607627, 1.8233625830547788, 1.7551416210073094, 1.7706906085628902, 1.8568357067045185, 1.7378447695760062, 1.4849231130776335, 1.2848582461890097, 1.1749166057292528, 1.149022163455834, 1.2138211472319405, 1.324889145537077, 1.3187797454387191, 1.3782750029529127, 1.273928673309323, 1.112801956059496, 1.0533935952876134, 1.0667656040487665, 0.9529107107020278, 0.9521669899922836, 1.064645883437273, 1.2444694467612678, 1.215385848535708, 1.2659058065270627, 1.4121314354958654, 1.5035789910178556, 1.419288526563322
3.pdb, 4, 4, 0.40573458532231055, 0.9020560638887382, 0.9380554376804502, -, -, -, 1.2864369376183393, 15.65231229404833, , Upper limit of R overestimation, -, -, -, -, -, -, -, -, -, -, -, -, -, -, -, -, -, -, -, -, -, -, -, -, -, -, -, -, -, -, -, -, -
5.pdb, 4, 2, 0.4381118463110573, 0.8252810443291483, 1.0554082588592137, -, -, -, 1.2770434604819016, 15.996704717397261, , X, 8.579975246995428, 8.522239933053838, 8.464504619112247, 8.406769305170657, 8.396441540832408, 8.415034348299413, 8.596080567842145, 8.765710816096309, 8.821663431211197, 8.877616046326084, 8.961773321327122, 9.0179068592605, 9.074040397193876, 9.155948568100234, 9.46361925338267, 9.935116137850928, 10.406613022319185, 10.817788333572167, 11.133998284973668, 11.473087524465868, 11.502956307812818, 11.45050956012894, 11.374501002778876, 11.251121726746069, 11.404917311757261, 11.558712896768453, 11.712508481779645, 11.8736169777082, 12.051609028369755, 11.908761755025422, 11.761149524492136, 11.788715759073234, 11.79483417210515, 11.685716164457629
5.pdb, 4, 2, 0.4381118463110573, 0.8252810443291483, 1.0554082588592137, -, -, -, 1.2770434604819016, 15.996704717397261, , Y, -0.04589325571504255, -0.13117878800353694, -0.21646432029203136, -0.3017498525805258, -0.07816694740798985, 0.33383851701320216, 0.35791083527606177, 0.18185075494255196, 0.08992443585606597, -0.0020018832304200262, -0.1957305946573544, -0.664151534811924, -1.1325724749664936, -1.5510504297995822, -1.7384142220349157, -1.694748622895093, -1.65108302375527, -1.629043265131645, -1.6386804379088915, -1.5680204266945685, -1.55367007811196, -1.5592651404212972, -1.5706033088106328, -1.6558652250199528, -2.0959286718203893, -2.5359921186208254, -2.976055565421262, -3.371843653664031, -3.770649615545751, -4.125084238298766, -4.377137207907801, -4.3869233047348, -4.4225331826605006, -4.434937312261307
5.pdb, 4, 2, 0.4381118463110573, 0.8252810443291483, 1.0554082588592137, -, -, -, 1.2770434604819016, 15.996704717397261, , Z, 0.7599844728377445, 1.2492625241606443, 1.7385405754835443, 2.227818626806444, 2.588775820932284, 2.8714519691966407, 3.301951264033131, 3.724383766647627, 4.212665300929864, 4.7009468352121, 5.115101624382428, 5.2807242337803935, 5.446346843178359, 5.606036730910656, 5.777589293228091, 5.938163274272615, 6.098737255317139, 6.353950446049847, 6.741143410262167, 7.099297250358609, 7.59177351750251, 8.087313242440095, 8.581372090298462, 9.013768546401883, 9.194575296334467, 9.375382046267053, 9.556188796199638, 9.742553354945475, 9.9718974446467, 10.29434240846536, 10.621829968724672, 11.112505718695841, 11.590941601256384, 12.07370768514826
5.pdb, 4, 2, 0.4381118463110573, 0.8252810443291483, 1.0554082588592137, -, -, -, 1.2770434604819016, 15.996704717397261, , distance, 0.2965435071988849, 0.5093553288740663, 0.964856284864747, 1.4499836032981872, 1.779434026870978, 2.0879833488641926, 2.4823189274407707, 2.866850669083632, 3.3468830124491347, 3.8320254486649645, 4.24899691839992, 4.454851605030241, 4.7050431276566425, 4.973604853254193, 5.2214478923910566, 5.432998787736666, 5.680795152277639, 6.03169189093537, 6.492294720551346, 6.922940874122038, 7.376993964066068, 7.814704767989607, 8.251727617338844, 8.637409344462927, 8.940804780436418, 9.261270974328196, 9.597097998769899, 9.93907764288712, 10.334965767175337, 10.707279032500823, 11.052469861384116, 11.498427033986342, 11.941066094100115, 12.35526733571478
5.pdb, 4, 2, 0.4381118463110573, 0.8252810443291483, 1.0554082588592137, -, -, -, 1.2770434604819016, 15.996704717397261, , length, 0.2965435071988849, 0.7965435071988849, 1.296543507198885, 1.796543507198885, 2.296543507198885, 2.796543507198885, 3.296543507198885, 3.796543507198885, 4.296543507198885, 4.796543507198885, 5.296543507198885, 5.796543507198885, 6.296543507198885, 6.796543507198885, 7.296543507198885, 7.796543507198885, 8.296543507198885, 8.796543507198885, 9.296543507198885, 9.796543507198885, 10.296543507198885, 10.796543507198885, 11.296543507198885, 11.796543507198885, 12.296543507198885, 12.796543507198885, 13.296543507198885, 13.796543507198885, 14.296543507198885, 14.796543507198885, 15.296543507198885, 15.796543507198885, 16.296543507198884, 16.796543507198884
5.pdb, 4, 2, 0.4381118463110573, 0.8252810443291483, 1.0554082588592137, -, -, -, 1.2770434604819016, 15.996704717397261, , R, 1.8871244475968936, 1.7562164447987667, 1.7065605072055352, 1.7422733210215415, 1.7145172109041609, 1.68101271753873, 1.6345262976954562, 1.587063653649407, 1.532218016262412, 1.5680872036993787, 1.5839719953834626, 1.4433567594311427, 1.3931004307934634, 1.4153987934692112, 1.357912263253058, 1.2541138114661468, 1.2499865413420974, 1.265176478514274, 1.2624992088997422, 1.3433677645881021, 1.2594508689679647, 1.214703417142114, 1.2556787949671662, 1.2885476425699658, 1.1217642762002897, 1.0557281172914366, 1.0991366475350006, 1.2131314721275437, 1.3870774856398367, 1.492933848601034, 1.5838282434012105, 1.4847366160728417, 1.4085710968385812, 1.3691775207287746
5.pdb, 4, 2, 0.4381118463110573, 0.8252810443291483, 1.0554082588592137, -, -, -, 1.2770434604819016, 15.996704717397261, , Upper limit of R overestimation, -, -, -, -, -, -, -, -, -, -, -, -, -, -, -, -, -, -, -, -, -, -, -, -, -, -, -, -, -, -, -, -, -, -
6.pdb, 4, 2, 0.5879036855265595, 0.5311921446251145, 1.382019019933897, -, -, -, 1.2225063967703187, 15.253178550781982, , X, 9.22459209747779, 9.247546922473603, 9.270501747469414, 9.293456572465226, 9.316411397461037, 9.324898611411115, 9.26208214168884, 9.224663038731057, 9.3033002115917, 9.314140193710033, 9.340414266653749, 9.39646810373211, 9.452521940810472, 9.508575777888835, 9.564629614967195, 10.000812340260804, 10.45207990920497, 10.903347478149136, 11.273039199478742, 11.568184289104046, 11.859720977220613, 11.847645261054605, 11.701215578292546, 11.85924844116994, 12.102448188497693, 12.345647935825443, 12.324515700088886, 12.198524154776091, 12.087926821816517, 11.981403352088709, 12.016859026570913, 12.175430304862639
6.pdb, 4, 2, 0.5879036855265595, 0.5311921446251145, 1.382019019933897, -, -, -, 1.2225063967703187, 15.253178550781982, , Y, 0.034075899261322457, 0.15864776524248608, 0.2832196312236497, 0.40779149720481334, 0.5323633631859769, 0.5900839204557338, 0.23062046841356518, -0.05392381022246508, -0.09075114259129412, -0.33948606753753907, -0.7691469881286399, -1.1929176305474467, -1.6166882729662533, -2.0404589153850603, -2.4642295578038667, -2.4254711938157327, -2.368358061321961, -2.3112449288281893, -2.247533017031299, -2.1805521776824692, -2.113503228581465, -2.0140228612660462, -1.925885644351682, -2.186403890384883, -2.516347183991947, -2.8462904775990108, -3.130732423775791, -3.39712418994402, -3.6239262056170594, -3.840251346917019, -4.159832086440237, -4.269924292100347
6.pdb, 4, 2, 0.5879036855265595, 0.5311921446251145, 1.382019019933897, -, -, -, 1.2225063967703187, 15.253178550781982, , Z, 0.29468703890342135, 0.778375912266643, 1.2620647856298648, 1.7457536589930864, 2.229442532356308, 2.692213269426617, 3.033643281505166, 3.4183372202091244, 3.8854323357230895, 4.288363326458093, 4.535190867456864, 4.79456783245712, 5.053944797457376, 5.313321762457633, 5.572698727457889, 5.782270154760798, 5.989865124150645, 6.197460093540491, 6.517119222560688, 6.914778277694013, 7.3154162662902955, 7.788565742937042, 8.258086671432281, 8.60393218883664, 8.890273429148685, 9.176614669460731, 9.547148473008285, 9.9510810879671, 10.381963190599356, 10.819977098641898, 11.166723701593972, 11.627955591161271
6.pdb, 4, 2, 0.5879036855265595, 0.5311921446251145, 1.382019019933897, -, -, -, 1.2225063967703187, 15.253178550781982, , distance, 0.690395414338804, 0.4604367246430867, 0.6688483584939543, 1.0875266782567048, 1.555014606098626, 1.9927374241530602, 2.2217367079664303, 2.575539058205452, 3.0492013041094244, 3.460552394472493, 3.764337695966973, 4.119937818019587, 4.503058622693919, 4.90725853144993, 5.3277420761104946, 5.5699965408450485, 5.837724484208056, 6.134589867466168, 6.520012671411098, 6.956063213494629, 7.401279844060687, 7.78667399194197, 8.133823290381343, 8.564570443218608, 8.994057278718785, 9.430496582306517, 9.835868871394636, 10.235444479021002, 10.658901378675209, 11.092645934503672, 11.524163182321265, 12.019141786751906
6.pdb, 4, 2, 0.5879036855265595, 0.5311921446251145, 1.382019019933897, -, -, -, 1.2225063967703187, 15.253178550781982, , length, 0.690395414338804, 1.190395414338804, 1.690395414338804, 2.190395414338804, 2.690395414338804, 3.190395414338804, 3.690395414338804, 4.190395414338804, 4.690395414338804, 5.190395414338804, 5.690395414338804, 6.190395414338804, 6.690395414338804, 7.190395414338804, 7.690395414338804, 8.190395414338804, 8.690395414338804, 9.190395414338804, 9.690395414338804, 10.190395414338804, 10.690395414338804, 11.190395414338804, 11.690395414338804, 12.190395414338804, 12.690395414338804, 13.190395414338804, 13.690395414338804, 14.190395414338804, 14.690395414338804, 15.190395414338804, 15.690395414338804, 16.190395414338802
6.pdb, 4, 2, 0.5879036855265595, 0.5311921446251145, 1.382019019933897, -, -, -, 1.2225063967703187, 15.253178550781982, , R, 2.0182891879451574, 1.8901421972721535, 1.839830965938605, 1.871183127655611, 1.981785553068239, 2.1432753918791363, 2.2330157175273646, 2.2095134304079833, 2.187346895173044, 2.1008720785408324, 1.9174085619383205, 1.7895070758938194, 1.7421198091838594, 1.7790913692542107, 1.8974024280254242, 1.7622530430853807, 1.6939789857058407, 1.7112343856421812, 1.7189412472056154, 1.7378817879524544, 1.8370163941005055, 1.7602234941134867, 1.6679577684925808, 1.5355677873623665, 1.451922276458862, 1.4612125810432486, 1.4072574240605793, 1.3851182063810838, 1.415170487911839, 1.5266935907626153, 1.6856803619058678, 1.62414592803595
6.pdb, 4, 2, 0.5879036855265595, 0.5311921446251145, 1.382019019933897, -, -, -, 1.2225063967703187, 15.253178550781982, , Upper limit of R overestimation, -, -, -, -, -, -, -, -, -, -, -, -, -, -, -, -, -, -, -, -, -, -, -, -, -, -, -, -, -, -, -, -
21.pdb, 4, 3, 0.4779888124249624, 0.7381679517332796, 1.083743124216727, -, -, -, 1.2543809581506375, 15.650089296229378, , X, 8.749729178717034, 8.750481551439554, 8.751233924162074, 8.596683655056323, 8.417068751324068, 8.540403589597041, 8.69618719159812, 8.845224748630205, 8.949384642953778, 9.227363317219277, 9.68427548350374, 10.128387660681675, 10.553964806911816, 10.979541953141958, 11.315307255747436, 11.6365956793585, 11.939374645074734, 12.221198936026049, 12.537543587466962, 12.846123949404484, 13.154704311342009, 13.425642825863928, 13.250506968734948, 13.075371111605966, 12.93608789720384, 12.829011076764907, 12.685653565545945, 12.542296054326982, 12.404570276636742, 12.283953430399883, 11.989786164607912, 12.122741246411369, 12.207871095111578
21.pdb, 4, 3, 0.4779888124249624, 0.7381679517332796, 1.083743124216727, -, -, -, 1.2543809581506375, 15.650089296229378, , Y, -0.09516120472038114, -0.015370390979368959, 0.06442042276164323, -0.011328706394177546, -0.17574816855079362, -0.4133270204014339, -0.6526408157686368, -0.898415164752222, -0.987405503928668, -1.1814069215070562, -1.227380649661459, -1.2769312903526977, -1.3316614811213652, -1.3863916718900324, -1.4554175542215495, -1.5267477762542059, -1.6094990463981846, -1.9838907386235556, -2.3547397719149195, -2.735834527625597, -3.1169292833362743, -3.4626327203307876, -3.388931655630579, -3.3152305909303705, -3.2439389532829126, -3.281497201935268, -3.5372798594149004, -3.7930625168945324, -4.031381637160155, -4.093530115349637, -4.109967788966518, -4.182576873630846, -4.256456738162972
21.pdb, 4, 3, 0.4779888124249624, 0.7381679517332796, 1.083743124216727, -, -, -, 1.2543809581506375, 15.650089296229378, , Z, 1.1584782227132286, 1.6520700175982668, 2.145661812483305, 2.5876703088355795, 3.0052211403314297, 3.4274964180905125, 3.8379356665725672, 4.244584151267295, 4.62011468682325, 4.864568511901532, 5.06235043377718, 5.284194775145915, 5.5408827156983165, 5.797570656250718, 6.15736283426166, 6.533774508201629, 6.916487682536016, 7.077954218668814, 7.187282690804172, 7.284980937443127, 7.382679184082082, 7.508764690387132, 7.971253160091786, 8.43374162979644, 8.906496086956457, 9.364790962644289, 9.769789550431657, 10.174788138219023, 10.590192569376542, 11.052206127392253, 11.44106469874399, 11.91756324758422, 12.400544428658291
21.pdb, 4, 3, 0.4779888124249624, 0.7381679517332796, 1.083743124216727, -, -, -, 1.2543809581506375, 15.650089296229378, , distance, 0.30912528895371794, 0.791020714397343, 1.2868057728113622, 1.738282763916344, 2.183021507657207, 2.6008390472932565, 3.0304060588624866, 3.476719834924155, 3.8637744535325242, 4.1650812289867645, 4.429589172545052, 4.752094012549001, 5.129858455833292, 5.527069571632382, 5.995906730362165, 6.477745764544568, 6.961917909696842, 7.31864060310049, 7.6631149390342586, 8.014144799288292, 8.380316411632027, 8.747667967700364, 8.989489814140883, 9.252035417353003, 9.55829338504785, 9.915412098500369, 10.293352252044842, 10.681329696543672, 11.082949929843304, 11.475307668261898, 11.745426883422855, 12.235230280056214, 12.719425605350276
21.pdb, 4, 3, 0.4779888124249624, 0.7381679517332796, 1.083743124216727, -, -, -, 1.2543809581506375, 15.650089296229378, , length, 0.30912528895371794, 0.8091252889537179, 1.309125288953718, 1.809125288953718, 2.3091252889537177, 2.8091252889537177, 3.3091252889537177, 3.8091252889537177, 4.309125288953718, 4.809125288953718, 5.309125288953718, 5.809125288953718, 6.309125288953718, 6.809125288953718, 7.309125288953718, 7.809125288953718, 8.309125288953718, 8.809125288953718, 9.309125288953718, 9.809125288953718, 10.309125288953718, 10.809125288953718, 11.309125288953718, 11.809125288953718, 12.309125288953718, 12.809125288953718, 13.309125288953718, 13.809125288953718, 14.309125288953718, 14.809125288953718, 15.309125288953718, 15.809125288953718, 16.309125288953716
21.pdb, 4, 3, 0.4779888124249624, 0.7381679517332796, 1.083743124216727, -, -, -, 1.2543809581506375, 15.650089296229378, , R, 2.041817216855841, 2.0470851349520256, 2.1283246355711576, 2.163444457764279, 2.1857750688464863, 2.1128529642525047, 2.097471441606328, 2.1517483295170203, 2.1924781231231414, 2.0408473669959157, 1.8175678486637452, 1.645635131809071, 1.5256674398940258, 1.4946032513917287, 1.4568102356226877, 1.4963567027174294, 1.603451828057305, 1.4875806274511307, 1.3995693674941745, 1.397583563840237, 1.4901895557472942, 1.6335611475638865, 1.4415551656866634, 1.3350657998853264, 1.3107239511433042, 1.2703626144433489, 1.1260010591270484, 1.0842658355105963, 1.1332945324993855, 1.1125890830811633, 1.1031325903451934, 1.108626676977585, 1.2213222539974755
21.pdb, 4, 3, 0.4779888124249624, 0.7381679517332796, 1.083743124216727, -, -, -, 1.2543809581506375, 15.650089296229378, , Upper limit of R overestimation, -, -, -, -, -, -, -, -, -, -, -, -, -, -, -, -, -, -, -, -, -, -, -, -, -, -, -, -, -, -, -, -, -
22.pdb, 4, 2, 0.5016959564000009, 0.6897610073210997, 1.2052305585708363, -, -, -, 1.2533326919825254, 16.042469997329047, , X, 8.560521357255627, 8.58232896776355, 8.542565029529788, 8.472529776872156, 8.402494524214521, 8.395034440274951, 8.596112017049519, 8.754538808299387, 8.812673327112075, 8.888480610232287, 8.965275524797562, 9.032159087911179, 9.116148301382397, 9.219250799611558, 9.322353297840719, 9.44899275225377, 9.89180423919413, 10.336467622007534, 10.78113100482094, 11.225794387634345, 11.655879602565902, 11.643842542767803, 11.583782826819954, 11.506845848419463, 11.43001504752686, 11.356614355295916, 11.402387529249642, 11.68942935969571, 11.976471190141778, 12.256496839334323, 12.581800156172575, 12.72670273982174, 12.467313381830321, 12.262093900921057
22.pdb, 4, 2, 0.5016959564000009, 0.6897610073210997, 1.2052305585708363, -, -, -, 1.2533326919825254, 16.042469997329047, , Y, 0.04783720261392829, 0.06446697413854463, -0.001560220246593122, -0.10822525882296136, -0.2148902973993296, -0.34478889791833867, -0.5521155382945826, -0.43309980352072597, -0.13577961350107062, 0.16902174125772884, -0.15006512830018623, -0.540519598403688, -0.9231455664591447, -1.2970242267101995, -1.6709028869612546, -2.0272635474466583, -1.9558485297263513, -1.88074129757965, -1.8056340654329486, -1.7305268332862473, -1.654298580522687, -1.6536269664053962, -1.7816543424311915, -1.8986277983298039, -2.0149282085639832, -2.1107836686063717, -2.2642136883660364, -2.6380066851820216, -3.0117996819980064, -3.377825614101483, -3.6699311430527803, -3.7539409271911195, -3.9833081413856495, -4.224490023803119
22.pdb, 4, 2, 0.5016959564000009, 0.6897610073210997, 1.2052305585708363, -, -, -, 1.2533326919825254, 16.042469997329047, , Z, -0.14089388191665178, 0.35835343036752454, 0.847005861411781, 1.3304493771720851, 1.813892892932389, 2.279957184640585, 2.6881035705228657, 3.071931972938878, 3.4672333213706423, 3.770531749565959, 4.113471556355669, 4.418548424966549, 4.72858118709941, 5.044151499815581, 5.3597218125317525, 5.67753392033663, 5.894875182139808, 6.1108228139031615, 6.326770445666514, 6.542718077429868, 6.766400531988028, 7.243981516544656, 7.720486217867068, 8.200472845447905, 8.68065119003829, 9.164855943158404, 9.554651237243672, 9.721641605545248, 9.888631973846824, 10.055913827338475, 10.272240039265824, 10.61551478438622, 10.976219430895576, 11.343083277514133
22.pdb, 4, 2, 0.5016959564000009, 0.6897610073210997, 1.2052305585708363, -, -, -, 1.2533326919825254, 16.042469997329047, , distance, 1.0583393821626768, 0.5933777917514397, 0.31937185806407314, 0.6005774119307642, 1.0580113759878067, 1.5098961581913888, 1.90068470552791, 2.2354104435782176, 2.599078388529689, 2.9105791952220113, 3.24699695738432, 3.5852854023428833, 3.962184963560531, 4.368159674840547, 4.791944094450707, 5.227284930355419, 5.468873289894083, 5.741683097102319, 6.043614358493104, 6.3705277835370575, 6.719203339840484, 7.1371465789116, 7.571848909091911, 8.008845150811787, 8.452881117001718, 8.902843502791855, 9.314627042335564, 9.644699436696108, 9.988902718046837, 10.341284486252336, 10.73795439117246, 11.117145813961699, 11.426107141131896, 11.773455771422652
22.pdb, 4, 2, 0.5016959564000009, 0.6897610073210997, 1.2052305585708363, -, -, -, 1.2533326919825254, 16.042469997329047, , length, 1.0583393821626768, 1.5583393821626768, 2.0583393821626768, 2.5583393821626768, 3.0583393821626768, 3.5583393821626768, 4.058339382162677, 4.558339382162677, 5.058339382162677, 5.558339382162677, 6.058339382162677, 6.558339382162677, 7.058339382162677, 7.558339382162677, 8.058339382162677, 8.558339382162677, 9.058339382162677, 9.558339382162677, 10.058339382162677, 10.558339382162677, 11.058339382162677, 11.558339382162677, 12.058339382162677, 12.558339382162677, 13.058339382162677, 13.558339382162677, 14.058339382162677, 14.558339382162677, 15.058339382162677, 15.558339382162677, 16.05833938216268, 16.55833938216268, 17.05833938216268, 17.55833938216268
22.pdb, 4, 2, 0.5016959564000009, 0.6897610073210997, 1.2052305585708363, -, -, -, 1.2533326919825254, 16.042469997329047, , R, 1.975855988526426, 1.8657938586040592, 1.8106253943412984, 1.825846755536672, 1.9221197784407462, 2.029400045148967, 2.0003779075651416, 2.020245410610803, 2.020331820500644, 2.069067459876199, 1.9100157239483735, 1.7994460033321042, 1.756978775707008, 1.7839992283800952, 1.8926977398323765, 2.054788792096626, 1.8844525186445564, 1.7855627642937353, 1.768724086085088, 1.8353023538135773, 1.9707076730902366, 1.7968461367106958, 1.5587796651361965, 1.3748541082178412, 1.279342690718625, 1.2724575284490431, 1.2695154103545152, 1.2057366567336392, 1.2447149856630457, 1.3748450508021437, 1.5265761491626442, 1.451411501232412, 1.3351502816797185, 1.2924125394309678
22.pdb, 4, 2, 0.5016959564000009, 0.6897610073210997, 1.2052305585708363, -, -, -, 1.2533326919825254, 16.042469997329047, , Upper limit of R overestimation, -, -, -, -, -, -, -, -, -, -, -, -, -, -, -, -, -, -, -, -, -, -, -, -, -, -, -, -, -, -, -, -, -, -
29.pdb, 4, 2, 0.5947828841016568, 0.5195588406984413, 1.1427920294855654, -, -, -, 1.227563921814058, 13.05810592530483, , X, 8.982263750595019, 9.050105736460953, 9.129898980933001, 9.033314220419168, 8.979494970869156, 9.130403999501432, 9.287111043975035, 9.368582778696961, 9.43140176816156, 9.56150354042161, 9.73697746652636, 10.010544895590453, 10.448178690543699, 10.787099475536547, 11.128381185221333, 11.469662894906119, 11.810944604590903, 12.104581335281502, 12.424802561884013, 12.705385500967338, 12.723399776433066, 12.55193339268939, 12.380467008945715, 12.209000625202039, 12.042405081940252, 11.941420830888992, 12.20507390582936, 12.516102235161943
29.pdb, 4, 2, 0.5947828841016568, 0.5195588406984413, 1.1427920294855654, -, -, -, 1.227563921814058, 13.05810592530483, , Y, -0.02199913454047728, 0.3103454992598152, 0.6022004021367728, 0.48506865860046533, 0.3485793074565297, 0.2416943284386351, 0.13381693700269046, -0.17075336321317286, -0.6005449761506507, -1.0080440240457194, -1.3927514366704394, -1.6470016784427883, -1.6286747224388898, -1.5931355043683197, -1.5518219326195732, -1.5105083608708267, -1.4691947891220802, -1.644219487028456, -2.0075814414310846, -2.3477375663874986, -2.625311754428994, -2.8527553356017035, -3.080198916774413, -3.3076424979471226, -3.5272044934999927, -3.7867938861729273, -4.031652344699788, -4.310974319434765
29.pdb, 4, 2, 0.5947828841016568, 0.5195588406984413, 1.1427920294855654, -, -, -, 1.227563921814058, 13.05810592530483, , Z, 1.5938915703546785, 1.9282360255999258, 2.326298525470619, 2.7410764338078004, 3.138395690107513, 3.6022530541871305, 4.064643982546808, 4.3921380694632965, 4.63440878005201, 4.893287235740015, 5.159460629878566, 5.400550971987673, 5.622068161652313, 5.987691476932354, 6.350761695242794, 6.713831913553236, 7.076902131863676, 7.324310937182006, 7.445389360674149, 7.677069905398512, 8.016532675989263, 8.427469041658206, 8.83840540732715, 9.249341772996093, 9.665912160026485, 10.073134006014586, 10.38994188250277, 10.664242106313718
29.pdb, 4, 2, 0.5947828841016568, 0.5195588406984413, 1.1427920294855654, -, -, -, 1.227563921814058, 13.05810592530483, , distance, 0.7367008460883359, 1.1398105728546475, 1.6253372921656282, 1.9586055077432531, 2.309474695445225, 2.763569821519252, 3.2303091091513823, 3.5614950870321396, 3.8463957561634934, 4.1930104495628235, 4.5768265592792, 4.936773641723017, 5.251047469652533, 5.6804358225674605, 6.1177073179688675, 6.563941995657185, 7.017430171820322, 7.397417304711168, 7.730696120959532, 8.147655647869339, 8.520872618343837, 8.863843272057386, 9.2211802349348, 9.591277928342368, 9.976498419518, 10.396748419197692, 10.844556427326422, 11.286176701864992
29.pdb, 4, 2, 0.5947828841016568, 0.5195588406984413, 1.1427920294855654, -, -, -, 1.227563921814058, 13.05810592530483, , length, 0.7367008460883359, 1.2367008460883357, 1.7367008460883357, 2.2367008460883357, 2.7367008460883357, 3.2367008460883357, 3.7367008460883357, 4.236700846088336, 4.736700846088336, 5.236700846088336, 5.736700846088336, 6.236700846088336, 6.736700846088336, 7.236700846088336, 7.736700846088336, 8.236700846088336, 8.736700846088336, 9.236700846088336, 9.736700846088336, 10.236700846088336, 10.736700846088336, 11.236700846088336, 11.736700846088336, 12.236700846088336, 12.736700846088336, 13.236700846088336, 13.736700846088336, 14.236700846088336
29.pdb, 4, 2, 0.5947828841016568, 0.5195588406984413, 1.1427920294855654, -, -, -, 1.227563921814058, 13.05810592530483, , R, 2.2566474931739124, 2.2293016121296407, 2.276716179874577, 2.325736509259878, 2.323523060344656, 2.2394466659587806, 2.2213398644816422, 2.1696033686832434, 2.1000399240555376, 2.072293501756138, 2.098023335755533, 2.117967044472584, 2.0184373756065277, 1.8707568074244214, 1.7974739215291418, 1.806684627650723, 1.8976531423087126, 1.8994135030757426, 1.8685808058037405, 1.801216768668947, 1.6256820991450838, 1.384659551180439, 1.224139159699287, 1.160600842088061, 1.19245222195862, 1.2894138373787565, 1.1750567417598725, 1.1453175006537666
29.pdb, 4, 2, 0.5947828841016568, 0.5195588406984413, 1.1427920294855654, -, -, -, 1.227563921814058, 13.05810592530483, , Upper limit of R overestimation, -, -, -, -, -, -, -, -, -, -, -, -, -, -, -, -, -, -, -, -, -, -, -, -, -, -, -, -
30.pdb, 4, 4, 0.6692603373227735, 0.40158215057056046, 1.1715782448737262, -, -, -, 1.2289744952519996, 13.568364682079793, , X, 8.974123221779077, 9.063740374944937, 9.095964560014105, 9.109364844945944, 9.122637094275525, 8.952417143532193, 9.059955498991284, 9.176755818953628, 9.479558235294986, 9.83355402392234, 10.231427587379237, 10.613684166781612, 10.995940746183987, 11.346764970841832, 11.48244149903671, 11.54843847111233, 11.596152348390774, 11.68853255337663, 11.931344265025713, 12.211841240118652, 12.34475282539753, 12.161143131590178, 12.01680142338572, 11.844442265781987, 11.7304019763574, 11.645115364393291, 11.513474331487217, 11.362467070617942, 11.632288073213502
30.pdb, 4, 4, 0.6692603373227735, 0.40158215057056046, 1.1715782448737262, -, -, -, 1.2289744952519996, 13.568364682079793, , Y, -0.1734904028743113, -0.17225734340377874, 0.011436294119296336, 0.2549738430859117, 0.49822869731527664, 0.23431076878769935, 0.21957869104619862, 0.2150991141748742, 0.4882237328386575, 0.46948491921083, 0.5200876488207021, 0.41249550336124047, 0.3049033579017789, 0.31406642949503616, -0.06641435477052923, -0.48826568249321145, -0.7065786153212524, -0.8734423040563635, -1.2212676493341426, -1.4951332699396402, -1.702819170852538, -1.808737008281414, -1.9614834211356902, -1.9691026346632794, -2.0678301900907674, -2.2534204732213396, -2.4288623036495127, -2.5930314679242485, -2.97618910728901
30.pdb, 4, 4, 0.6692603373227735, 0.40158215057056046, 1.1715782448737262, -, -, -, 1.2289744952519996, 13.568364682079793, , Z, 1.2980071591614473, 1.7899088215115446, 2.2400725372626726, 2.6765469289594583, 3.1129449354862, 3.4427478943326744, 3.930824187539559, 4.416720122635299, 4.583619135879024, 4.810469082913417, 5.089922594182283, 5.393738060771834, 5.697553527361384, 6.022528916123514, 6.314462858340142, 6.557596302647198, 6.9717443822073255, 7.405617072652247, 7.6703055723428015, 7.977592281159344, 8.339101079098176, 8.79194640816138, 9.230014104439011, 9.643822936491953, 10.117218620058425, 10.571890445783556, 11.020139640541242, 11.466689691453656, 11.640607214096844
30.pdb, 4, 4, 0.6692603373227735, 0.40158215057056046, 1.1715782448737262, -, -, -, 1.2289744952519996, 13.568364682079793, , distance, 0.45805156650670537, 0.9499870214942618, 1.3936536739807193, 1.8525462039703442, 2.3282729753615734, 2.59232523342929, 3.0812680178355056, 3.5727153588286598, 3.806552161625049, 4.0955556443633006, 4.477485802803739, 4.87739483859484, 5.294344313396525, 5.736360384044935, 6.045773514238516, 6.307880176631491, 6.720455077871321, 7.169745280728742, 7.553439629509159, 7.990109656230047, 8.40591492142801, 8.76014848855894, 9.137613273614097, 9.463364515701803, 9.889586125367105, 10.330296505968594, 10.756201874933275, 11.179630943484616, 11.49831577444229
30.pdb, 4, 4, 0.6692603373227735, 0.40158215057056046, 1.1715782448737262, -, -, -, 1.2289744952519996, 13.568364682079793, , length, 0.45805156650670537, 0.9580515665067053, 1.4580515665067053, 1.9580515665067053, 2.4580515665067053, 2.9580515665067053, 3.4580515665067053, 3.9580515665067053, 4.458051566506706, 4.958051566506706, 5.458051566506706, 5.958051566506706, 6.458051566506706, 6.958051566506706, 7.458051566506706, 7.958051566506706, 8.458051566506706, 8.958051566506706, 9.458051566506706, 9.958051566506706, 10.458051566506706, 10.958051566506706, 11.458051566506706, 11.958051566506706, 12.458051566506706, 12.958051566506706, 13.458051566506706, 13.958051566506706, 14.458051566506706
30.pdb, 4, 4, 0.6692603373227735, 0.40158215057056046, 1.1715782448737262, -, -, -, 1.2289744952519996, 13.568364682079793, , R, 2.1776424977828786, 2.2882858349378763, 2.3275482645050163, 2.391135117448945, 2.5213371860460656, 2.5417957361780656, 2.547586059875096, 2.616800408385738, 2.6202879129246632, 2.4896708176668367, 2.3625213686302065, 2.246286568169273, 2.2003270016192626, 2.1539418575218203, 2.099808217364024, 2.051624199994266, 1.9289340255286558, 1.8092917156014117, 1.734874782365565, 1.668285940565622, 1.576256211889415, 1.3687044865934725, 1.2425158491388715, 1.1832072906795472, 1.1790427665007444, 1.2360254837762283, 1.3639450038631147, 1.5707412762083364, 1.7414591669131034
30.pdb, 4, 4, 0.6692603373227735, 0.40158215057056046, 1.1715782448737262, -, -, -, 1.2289744952519996, 13.568364682079793, , Upper limit of R overestimation, -, -, -, -, -, -, -, -, -, -, -, -, -, -, -, -, -, -, -, -, -, -, -, -, -, -, -, -, -
31.pdb, 4, 3, 0.6419231136684641, 0.4432867431050757, 1.1048362752484413, -, -, -, 1.231018433727546, 11.698293599682826, , X, 9.35118165548165, 9.27829473060115, 9.20540780572065, 9.13252088084015, 9.119970648616185, 9.258472487457434, 9.412793918730483, 9.651142942579586, 10.081224707872336, 10.511306473165083, 10.941388238457833, 11.369261517692298, 11.72927847477106, 12.052985842744043, 12.228082515383727, 12.344509718621355, 12.460740771982712, 12.576971825344067, 12.37910993790377, 12.046078877927181, 11.71304781795059, 11.380016757974001, 11.046985697997412, 10.935684806432864, 10.962468247255893
31.pdb, 4, 3, 0.6419231136684641, 0.4432867431050757, 1.1048362752484413, -, -, -, 1.231018433727546, 11.698293599682826, , Y, -0.32128140341041345, -0.42890689964272916, -0.5365323958750449, -0.6441578921073605, -0.7808380071975382, -0.9902559565848876, -0.8483117518474085, -0.937074329974371, -0.9653657739551099, -0.9936572179358488, -1.0219486619165876, -1.0607070218721808, -1.3449445230738748, -1.4690591520148675, -1.5069211796241175, -1.6687568829807715, -1.6799402810060846, -1.6911236790313977, -1.706577102361573, -1.7238681212317633, -1.7411591401019537, -1.758450158972144, -1.7757411778423342, -1.9446736251755214, -2.2348753739184635
31.pdb, 4, 3, 0.6419231136684641, 0.4432867431050757, 1.1048362752484413, -, -, -, 1.231018433727546, 11.698293599682826, , Z, 1.2939218046299787, 1.7767305128594515, 2.2595392210889242, 2.742347929318397, 3.2107657090253072, 3.643155999286306, 4.027945441709413, 4.432440593857463, 4.6858755349373356, 4.939310476017207, 5.192745417097078, 5.440923458055089, 5.594703443904122, 5.954993741862371, 6.32537427263725, 6.783398987589982, 7.269573106443626, 7.75574722529727, 8.162481198181139, 8.535028287496436, 8.907575376811733, 9.28012246612703, 9.652669555442326, 10.05539630819245, 10.461678958971703
31.pdb, 4, 3, 0.6419231136684641, 0.4432867431050757, 1.1048362752484413, -, -, -, 1.231018433727546, 11.698293599682826, , distance, 0.7018276939446657, 1.0655713067911279, 1.5094112453951762, 1.980202617308209, 2.4628515933242614, 2.9519430256330166, 3.3018387752739335, 3.753765314587565, 4.108643528184001, 4.491230259781374, 4.895032875381274, 5.311600350257736, 5.677157327225016, 6.169590843203563, 6.574693182726177, 7.051698837174352, 7.521563382143265, 7.995084423130926, 8.264704860978144, 8.467515219727716, 8.69438218354618, 8.943475225593794, 9.212991732768172, 9.60453844687523, 10.058046876518437
31.pdb, 4, 3, 0.6419231136684641, 0.4432867431050757, 1.1048362752484413, -, -, -, 1.231018433727546, 11.698293599682826, , length, 0.7018276939446657, 1.2018276939446657, 1.7018276939446657, 2.201827693944666, 2.701827693944666, 3.201827693944666, 3.701827693944666, 4.201827693944666, 4.701827693944666, 5.201827693944666, 5.701827693944666, 6.201827693944666, 6.701827693944666, 7.201827693944666, 7.701827693944666, 8.201827693944665, 8.701827693944665, 9.201827693944665, 9.701827693944665, 10.201827693944665, 10.701827693944665, 11.201827693944665, 11.701827693944665, 12.201827693944665, 12.701827693944665
31.pdb, 4, 3, 0.6419231136684641, 0.4432867431050757, 1.1048362752484413, -, -, -, 1.231018433727546, 11.698293599682826, , R, 2.3396374866314202, 2.333365754255883, 2.3972647344795313, 2.5277276706476206, 2.6563209521498505, 2.69150851656058, 2.7282011621285207, 2.761130685630075, 2.604679597798965, 2.509530613861436, 2.480441265452108, 2.515792917020679, 2.513820168474189, 2.496300789967921, 2.4501898145783745, 2.323673915629647, 2.172317271419117, 2.0907096034950587, 1.8451847815676798, 1.5508004812806206, 1.322034143649922, 1.1779001567892393, 1.134129835630527, 1.1050607908786299, 1.1477103196029816
31.pdb, 4, 3, 0.6419231136684641, 0.4432867431050757, 1.1048362752484413, -, -, -, 1.231018433727546, 11.698293599682826, , Upper limit of R overestimation, -, -, -, -, -, -, -, -, -, -, -, -, -, -, -, -, -, -, -, -, -, -, -, -, -
33.pdb, 4, 3, 0.5593498171922122, 0.5809802105110758, 1.2505640558920066, -, -, -, 1.2569172975571359, 15.582300095394903, , X, 8.97025397975199, 9.071477425645261, 9.172700871538533, 9.294983237152715, 9.509816307997529, 9.421980846082192, 9.083026633137807, 8.988016153084097, 9.113433190233604, 9.244893236867371, 9.371268755279047, 9.497644273690723, 9.704017389392048, 10.17801776112715, 10.615179589004347, 10.96786811783152, 11.299532678581757, 11.48045964974596, 11.60313655005664, 11.696309991425824, 11.720645455779913, 11.707542306617169, 11.735584185359318, 11.96806674526098, 12.200781330584128, 12.433495915907274, 12.416201081067252, 12.280228640633842, 12.076122087206315, 11.88594778079239, 12.119666311423721, 12.276071531033244, 12.455637519978517
33.pdb, 4, 3, 0.5593498171922122, 0.5809802105110758, 1.2505640558920066, -, -, -, 1.2569172975571359, 15.582300095394903, , Y, -0.4685000478576504, -0.10539033974077838, 0.25771936837609366, 0.6139522860535902, 0.8920082224001219, 0.833839373873678, 0.7458451464942557, 0.5730673676874344, 0.35741754498783523, 0.00908266486156839, -0.380457870311171, -0.7699984054839104, -1.0790000244668132, -1.1185634368773678, -1.152397797796594, -1.1736694759184652, -1.192221301009228, -1.2513232504061447, -1.4476344071069038, -1.6461774175573773, -1.8219181228279544, -1.8788934932969439, -2.015820359268423, -2.4146176900412955, -2.8132318596961166, -3.2118460293509377, -3.5516650058845056, -3.8635743431113747, -4.111398811789685, -4.226939276742082, -4.369356353289904, -4.546502317413445, -4.835272003726365
33.pdb, 4, 3, 0.5593498171922122, 0.5809802105110758, 1.2505640558920066, -, -, -, 1.2569172975571359, 15.582300095394903, , Z, 1.7704937262449858, 2.098982925264941, 2.4274721242848964, 2.756090614347729, 3.045589865568521, 3.507607012988907, 3.864492229095081, 4.300843891529873, 4.732392684625983, 5.052259908522906, 5.339117712675968, 5.625975516829029, 5.882290908875591, 6.036428457816199, 6.255863795393856, 6.6083073537821315, 6.982011045131514, 7.412164297593717, 7.8553485796762095, 8.302679336508582, 8.765963865601597, 9.262534217759216, 9.687915164184936, 9.87997832064652, 10.072203879634582, 10.264429438622646, 10.57474094234261, 10.941106962591865, 11.297426943648638, 11.667471114531658, 12.082885510431026, 12.522731459525755, 12.837329736586845
33.pdb, 4, 3, 0.5593498171922122, 0.5809802105110758, 1.2505640558920066, -, -, -, 1.2569172975571359, 15.582300095394903, , distance, 0.994338459744258, 1.2490969159678251, 1.622275327567451, 2.052441637848648, 2.465404688517415, 2.8438195332264566, 3.1109357786968874, 3.4925296898959157, 3.894409712277934, 4.201541581632777, 4.510463337742196, 4.851351088103566, 5.184521481997404, 5.436892640206471, 5.770265555649779, 6.215281820205382, 6.679198028169875, 7.149092460523316, 7.6334188713100275, 8.113494804294438, 8.582346000632763, 9.048435664548045, 9.480092266159172, 9.818638063372942, 10.170675660142482, 10.534687149987578, 10.910454820148372, 11.296307996204307, 11.640406408742276, 11.962993544630864, 12.447268867697675, 12.945838120417335, 13.377554007850623
33.pdb, 4, 3, 0.5593498171922122, 0.5809802105110758, 1.2505640558920066, -, -, -, 1.2569172975571359, 15.582300095394903, , length, 0.994338459744258, 1.4943384597442582, 1.9943384597442582, 2.494338459744258, 2.994338459744258, 3.494338459744258, 3.994338459744258, 4.494338459744258, 4.994338459744258, 5.494338459744258, 5.994338459744258, 6.494338459744258, 6.994338459744258, 7.494338459744258, 7.994338459744258, 8.494338459744258, 8.994338459744258, 9.494338459744258, 9.994338459744258, 10.494338459744258, 10.994338459744258, 11.494338459744258, 11.994338459744258, 12.494338459744258, 12.994338459744258, 13.494338459744258, 13.994338459744258, 14.494338459744258, 14.994338459744258, 15.494338459744258, 15.994338459744258, 16.494338459744256, 16.994338459744256
33.pdb, 4, 3, 0.5593498171922122, 0.5809802105110758, 1.2505640558920066, -, -, -, 1.2569172975571359, 15.582300095394903, , R, 1.9301838061538115, 1.8412611990538863, 1.8332307365965097, 1.8869650104350166, 1.9022669160661214, 1.9111362616507581, 2.1280996017471514, 2.1887252950987124, 2.12780306784538, 2.0130176432924047, 1.9384484382360643, 1.942647740811003, 1.9632876420742702, 1.851393789689119, 1.7771061524839327, 1.696824783313039, 1.6859585936707602, 1.6292051207229854, 1.5073670031158135, 1.4532456659304176, 1.4228269695818223, 1.3754995640489371, 1.3814372719647101, 1.2702642938964763, 1.2575222739571876, 1.3449215650568778, 1.3681470712124029, 1.4125883381217446, 1.4930347731624594, 1.519769498240412, 1.5788413607017546, 1.6166842213346377, 1.748945811436944
33.pdb, 4, 3, 0.5593498171922122, 0.5809802105110758, 1.2505640558920066, -, -, -, 1.2569172975571359, 15.582300095394903, , Upper limit of R overestimation, -, -, -, -, -, -, -, -, -, -, -, -, -, -, -, -, -, -, -, -, -, -, -, -, -, -, -, -, -, -, -, -, -
38.pdb, 4, 1, 0.6066486663116063, 0.4998054589345307, 1.3224172422565499, -, -, -, 1.2864691092147733, 14.119466741243357, , X, 8.350121450888917, 8.4719713507479, 8.605834552365083, 8.754007415145288, 8.886263646969066, 8.862895622972294, 8.862105825062775, 8.977316883167742, 8.979965784338555, 9.02878657532196, 9.12181142373808, 9.19829967722492, 9.274787930711762, 9.351276184198602, 9.802895203149282, 10.171394139170303, 10.539893075191324, 10.908392011212346, 11.276890947233365, 11.530451681453906, 11.50374072609146, 11.513054245527924, 11.495888660658277, 11.428766543318552, 11.334078207932315, 11.35904380855315, 11.562885026176515, 11.766726243799882, 12.05486124610895, 12.347163974099624
38.pdb, 4, 1, 0.6066486663116063, 0.4998054589345307, 1.3224172422565499, -, -, -, 1.2864691092147733, 14.119466741243357, , Y, -1.1850671194875755, -0.7860401306472042, -0.3913783567378952, -0.0019162146887155007, 0.37133741629790207, 0.5498973622285898, 0.5436881395471823, 0.5572257488096395, 0.3725682982334012, 0.2353851981926885, -0.19766610876622728, -0.6261973785999728, -1.0547286484337182, -1.4832599182674637, -1.5295409492430314, -1.5617331077832892, -1.5939252663235473, -1.626117424863805, -1.6583095834040629, -1.6979084609869688, -1.8035323603737365, -2.0536372159841374, -2.247572777683027, -2.4408821293217082, -2.6403069839236872, -2.926730946174149, -3.3432134721343116, -3.759695998094474, -3.847896924317198, -4.016800537699138
38.pdb, 4, 1, 0.6066486663116063, 0.4998054589345307, 1.3224172422565499, -, -, -, 1.2864691092147733, 14.119466741243357, , Z, 1.6444777292463648, 1.9200318329743657, 2.195944808877699, 2.47228525587376, 2.768792670718203, 3.1494163460630227, 3.6333119040125217, 4.119668918175771, 4.567620284346778, 4.979213134366967, 5.179663813916007, 5.425652630436617, 5.671641446957228, 5.917630263477838, 6.0639900811223555, 6.400400840581524, 6.736811600040692, 7.07322235949986, 7.409633118959028, 7.7894395915331085, 8.268430845362564, 8.7006527655823, 9.160171788456402, 9.61470169103428, 10.063326084607304, 10.407112178454263, 10.594171162648196, 10.781230146842129, 11.1700437925661, 11.466063737952886
38.pdb, 4, 1, 0.6066486663116063, 0.4998054589345307, 1.3224172422565499, -, -, -, 1.2864691092147733, 14.119466741243357, , distance, 1.4533520550787216, 1.3310308223351326, 1.3887817627205488, 1.6071715133773226, 1.9488099360958921, 2.361146510862524, 2.829852102192215, 3.3112793087721615, 3.725908731343858, 4.124279003782617, 4.320493990740861, 4.603536431470704, 4.921222107132351, 5.267286434168766, 5.479888355292697, 5.879381667715203, 6.293256804140341, 6.7188565702098275, 7.154088762326398, 7.596943710681574, 8.048992098493006, 8.505948546325818, 8.970943245674281, 9.420864893161585, 9.864579101558597, 10.267999184261598, 10.61392559411774, 10.97173759196502, 11.430596208558363, 11.836695767660258
38.pdb, 4, 1, 0.6066486663116063, 0.4998054589345307, 1.3224172422565499, -, -, -, 1.2864691092147733, 14.119466741243357, , length, 1.4533520550787216, 1.9533520550787216, 2.453352055078722, 2.953352055078722, 3.453352055078722, 3.953352055078722, 4.453352055078722, 4.953352055078722, 5.453352055078722, 5.953352055078722, 6.453352055078722, 6.953352055078722, 7.453352055078722, 7.953352055078722, 8.453352055078721, 8.953352055078721, 9.453352055078721, 9.953352055078721, 10.453352055078721, 10.953352055078721, 11.453352055078721, 11.953352055078721, 12.453352055078721, 12.953352055078721, 13.453352055078721, 13.953352055078721, 14.453352055078721, 14.953352055078721, 15.453352055078721, 15.953352055078721
38.pdb, 4, 1, 0.6066486663116063, 0.4998054589345307, 1.3224172422565499, -, -, -, 1.2864691092147733, 14.119466741243357, , R, 2.0916141553618104, 1.970018230825165, 1.912895330584307, 1.9215442697345282, 2.004411077586364, 2.0816649953737203, 2.0975782636701883, 2.0946249231794685, 2.1096510005840505, 2.090940902977173, 1.9549389433841797, 1.8552681441462477, 1.8357350228219238, 1.8978558431502905, 1.732969148219272, 1.5121342359130534, 1.3708045827750663, 1.3223798865402652, 1.3721128243583107, 1.4592869130771418, 1.4573051666585373, 1.4271057543309331, 1.4354331811141015, 1.4960418743896782, 1.6267771881856354, 1.743519245668122, 1.8030200028009398, 1.9419663786912913, 1.9351343600475908, 2.0145094683507425
38.pdb, 4, 1, 0.6066486663116063, 0.4998054589345307, 1.3224172422565499, -, -, -, 1.2864691092147733, 14.119466741243357, , Upper limit of R overestimation, -, -, -, -, -, -, -, -, -, -, -, -, -, -, -, -, -, -, -, -, -, -, -, -, -, -, -, -, -, -
42.pdb, 4, 2, 0.5787235791946386, 0.5469303261232992, 1.4692270322033305, -, -, -, 1.3441624906710716, 17.074736790848196, , X, 8.731075691338024, 8.741836814032025, 8.569375233367793, 8.396913652703562, 8.193588180915983, 8.032191552658146, 7.884958532904982, 7.803305936648385, 7.907350628160914, 8.097203804100849, 8.312261950040003, 8.531862873048704, 8.752754140911234, 8.997199363081295, 9.174425265507898, 9.33331794401531, 9.455519766007235, 9.589891311275235, 9.887505563692025, 10.308278889867475, 10.741215813868138, 11.1741527378688, 11.607089661869463, 11.941547036637871, 12.15001800710654, 12.452189126675302, 12.83885833000404, 13.160632958866866, 13.288242211042165, 13.196755216882874, 13.024181458758834, 12.727693926951526, 12.411536147709105, 12.277410562750502, 12.366388694132645, 12.455366825514789
42.pdb, 4, 2, 0.5787235791946386, 0.5469303261232992, 1.4692270322033305, -, -, -, 1.3441624906710716, 17.074736790848196, , Y, -0.18093627762053482, -0.5391100231945986, -0.9623364615141927, -1.3855628998337868, -1.8013029957005557, -1.9212802729505989, -2.0161147870346303, -2.2665453803584827, -2.521271509680938, -2.7040752655823064, -2.877828968525649, -3.0704285415666748, -3.269466615266858, -3.425317743447723, -3.0092650481468777, -2.598839868324064, -2.2599287219584134, -1.9309225429857322, -1.8667327603668553, -1.9914397612216916, -2.086869348820425, -2.1822989364191585, -2.277728524017892, -2.4766481765540065, -2.6036806419386185, -2.8161075004369764, -3.1224769155709167, -3.4220228184608135, -3.6188293906933833, -3.635652769150475, -3.5866702575390517, -3.5382963817894035, -3.562640326854652, -3.6093421692292638, -3.6834464719154107, -3.7575507746015573
42.pdb, 4, 2, 0.5787235791946386, 0.5469303261232992, 1.4692270322033305, -, -, -, 1.3441624906710716, 17.074736790848196, , Z, 0.50725111224859, 0.8433709416254088, 1.046192008337192, 1.2490130750489752, 1.4126527456389588, 1.8430511380487138, 2.311376722266371, 2.705698795128787, 3.1128010847556005, 3.5310533086966474, 3.946849661311216, 4.352658531443623, 4.754287929662867, 5.155235333377036, 5.296348758958319, 5.510632499305432, 5.855249163289701, 6.206958165193386, 6.4972172710232865, 6.736052607552164, 6.967264228470275, 7.1984758493883865, 7.429687470306497, 7.659330200963825, 8.09568167307107, 8.320630291082162, 8.372792865384259, 8.554821095348132, 8.995771574657786, 9.47642370540251, 9.931381006145582, 10.322471696039116, 10.709061441070153, 11.140500069213239, 11.626906734935597, 12.113313400657956
42.pdb, 4, 2, 0.5787235791946386, 0.5469303261232992, 1.4692270322033305, -, -, -, 1.3441624906710716, 17.074736790848196, , distance, 0.40029504392914544, 0.4890772528215808, 0.9590454936832504, 1.4492549667607817, 1.9366510833627932, 2.25260163116369, 2.6135503432077196, 3.0543071104315267, 3.4595564240910406, 3.8246626295527077, 4.2050236895734665, 4.6125251122127775, 5.037562014944039, 5.4485053186135, 5.326691366827549, 5.309837224717679, 5.480921988788757, 5.7021079061680915, 5.99893775813453, 6.343788697542852, 6.695725888525251, 7.065538571790695, 7.450565444626129, 7.838988220241608, 8.338173780832042, 8.719721789296214, 9.029129178918993, 9.427583671062482, 9.916003843001219, 10.280421868693725, 10.57872208257768, 10.790159788615044, 11.0320790049159, 11.391933514944796, 11.88075834401943, 12.370476484317498
42.pdb, 4, 2, 0.5787235791946386, 0.5469303261232992, 1.4692270322033305, -, -, -, 1.3441624906710716, 17.074736790848196, , length, 0.40029504392914544, 0.9002950439291455, 1.4002950439291455, 1.9002950439291455, 2.4002950439291455, 2.9002950439291455, 3.4002950439291455, 3.9002950439291455, 4.4002950439291455, 4.9002950439291455, 5.4002950439291455, 5.9002950439291455, 6.4002950439291455, 6.9002950439291455, 7.4002950439291455, 7.9002950439291455, 8.400295043929145, 8.900295043929145, 9.400295043929145, 9.900295043929145, 10.400295043929145, 10.900295043929145, 11.400295043929145, 11.900295043929145, 12.400295043929145, 12.900295043929145, 13.400295043929145, 13.900295043929145, 14.400295043929145, 14.900295043929145, 15.400295043929145, 15.900295043929145, 16.400295043929145, 16.900295043929145, 17.400295043929145, 17.900295043929145
42.pdb, 4, 2, 0.5787235791946386, 0.5469303261232992, 1.4692270322033305, -, -, -, 1.3441624906710716, 17.074736790848196, , R, 1.7546855148486513, 1.7226072819253562, 1.6478714803471852, 1.659914441515099, 1.731123007395739, 1.7055034446195128, 1.757217713440107, 1.7545012564509819, 1.6617341650986448, 1.601398771266463, 1.608419221441107, 1.6897926823100045, 1.8474319229222982, 2.063136249882099, 2.1447994929310212, 2.189079871613437, 2.1645245852178565, 2.200695251112501, 2.105084754670732, 1.9188750533441656, 1.7925031500158235, 1.746653798351052, 1.7850397169583412, 1.769330164856065, 1.727211834322275, 1.7669978063471083, 1.8725785443537342, 2.0037510879005564, 2.0445316596618053, 1.9986123109025107, 1.9746048896254387, 1.8988272453766106, 1.8526872589498888, 1.758437732937692, 1.579656637337058, 1.4833986329493436
42.pdb, 4, 2, 0.5787235791946386, 0.5469303261232992, 1.4692270322033305, -, -, -, 1.3441624906710716, 17.074736790848196, , Upper limit of R overestimation, -, -, -, -, -, -, -, -, -, -, -, -, -, -, -, -, -, -, -, -, -, -, -, -, -, -, -, -, -, -, -, -, -, -, -, -
43.pdb, 4, 3, 0.5663222310181395, 0.568592050023081, 1.2807912257330571, -, -, -, 1.2332005002718274, 15.938078384589657, , X, 8.915423644783205, 8.921533091321955, 8.927642537860702, 8.786348278679982, 8.589862667992561, 8.39337705730514, 8.196891446617718, 8.170179767705575, 8.324194579042564, 8.478209390379554, 8.632224201716543, 8.80781400074817, 8.867519981933553, 9.009234726445767, 9.158599924747218, 9.56128516402265, 10.043991279859712, 10.452979699799613, 10.771370130846003, 11.089760561892392, 11.431003499315503, 11.686491909358205, 11.854725533045311, 12.189432375962818, 12.565824468291703, 12.60543507105387, 12.50118399320175, 12.39693291534963, 12.286971279971322, 12.04082766830823, 11.995594442516067, 12.13780285701499, 12.236284498229226, 12.241738156621414
43.pdb, 4, 3, 0.5663222310181395, 0.568592050023081, 1.2807912257330571, -, -, -, 1.2332005002718274, 15.938078384589657, , Y, -0.15236466718993064, -0.3083980208543585, -0.4644313745187864, -0.7673358453282756, -1.1252322541828086, -1.4831286630373417, -1.8410250718918748, -1.9323816796517803, -2.097311991574378, -2.262242303496976, -2.4271726154195736, -2.6160735062322993, -2.3578515902370505, -1.9852007038797042, -1.6147991859818118, -1.5508947158318462, -1.5838091247963857, -1.6041583298332116, -1.609065079811814, -1.6139718297904164, -1.5670968336294868, -1.7190331497829525, -1.8627787646640965, -2.0979812271637583, -2.324961576713545, -2.536984525451473, -2.7316579167109603, -2.9263313079704476, -3.118752966668466, -3.2530337289466624, -3.4599300546645066, -3.8033439058027154, -3.9507311025827634, -3.9341008714998393
43.pdb, 4, 3, 0.5663222310181395, 0.568592050023081, 1.2807912257330571, -, -, -, 1.2332005002718274, 15.938078384589657, , Z, 0.5369023508848638, 1.0118931583824635, 1.4868839658800632, 1.826278072418958, 2.114901642700077, 2.4035252129811955, 2.692148783262314, 3.1224560857945067, 3.5686370245379115, 4.014817963281317, 4.460998902024722, 4.888367034445024, 5.207046064700266, 5.507055394904972, 5.807875528997267, 5.975949192516156, 6.1020897784352455, 6.344584009800673, 6.730075199353355, 7.115566388906037, 7.474396806943016, 7.766896431138032, 8.215265303901905, 8.463650430658069, 8.697804029598565, 9.097522349925418, 9.54611345940286, 9.994704568880302, 10.442119514595468, 10.852628404246728, 11.192647567494692, 11.525940802374762, 11.940218462182385, 12.439337765068734
43.pdb, 4, 3, 0.5663222310181395, 0.568592050023081, 1.2807912257330571, -, -, -, 1.2332005002718274, 15.938078384589657, , distance, 0.34939388090596785, 0.29057540480045807, 0.7394538847929373, 1.1894593867122916, 1.657562515246585, 2.1401433015719276, 2.629241945994281, 3.0059247649023164, 3.4207327076513034, 3.8558061183282795, 4.305005155290777, 4.76094586178021, 4.906754824712818, 5.022128244777353, 5.185053749104854, 5.365224259504165, 5.577066128357547, 5.907821684380402, 6.356591749371321, 6.812500295920421, 7.247070931892035, 7.637464270465764, 8.136003041429857, 8.539729642566307, 8.953484161375481, 9.374547551382888, 9.782384567647208, 10.198428990072227, 10.618161262786252, 10.953658508802361, 11.312090693002851, 11.760934134433434, 12.210689416336598, 12.661326863171611
43.pdb, 4, 3, 0.5663222310181395, 0.568592050023081, 1.2807912257330571, -, -, -, 1.2332005002718274, 15.938078384589657, , length, 0.34939388090596785, 0.8493938809059678, 1.3493938809059678, 1.8493938809059678, 2.349393880905968, 2.849393880905968, 3.349393880905968, 3.849393880905968, 4.349393880905968, 4.849393880905968, 5.349393880905968, 5.849393880905968, 6.349393880905968, 6.849393880905968, 7.349393880905968, 7.849393880905968, 8.349393880905968, 8.849393880905968, 9.349393880905968, 9.849393880905968, 10.349393880905968, 10.849393880905968, 11.349393880905968, 11.849393880905968, 12.349393880905968, 12.849393880905968, 13.349393880905968, 13.849393880905968, 14.349393880905968, 14.849393880905968, 15.349393880905968, 15.849393880905968, 16.349393880905968, 16.849393880905968
43.pdb, 4, 3, 0.5663222310181395, 0.568592050023081, 1.2807912257330571, -, -, -, 1.2332005002718274, 15.938078384589657, , R, 1.9544167773422207, 1.8591452476117498, 1.844075243287034, 1.824024599003539, 1.8536414148660743, 1.9630249771053097, 2.144357654468016, 2.125068936643867, 2.0191992481811853, 1.9891071110181662, 2.036906630040936, 2.1466648591784523, 2.1358156944787527, 2.068733616586031, 2.0730715041858137, 1.941025593879073, 1.8140727767614877, 1.7003152439972202, 1.5853183736136416, 1.557565660182335, 1.581361868849201, 1.6683569790479058, 1.6788187568028003, 1.6776471849047165, 1.696886836547047, 1.5448698016456512, 1.3709107621367582, 1.2869366831013178, 1.2986326196538565, 1.326346786208022, 1.4666982329421983, 1.6620429134005852, 1.766652405461903, 1.7688233263888244
43.pdb, 4, 3, 0.5663222310181395, 0.568592050023081, 1.2807912257330571, -, -, -, 1.2332005002718274, 15.938078384589657, , Upper limit of R overestimation, -, -, -, -, -, -, -, -, -, -, -, -, -, -, -, -, -, -, -, -, -, -, -, -, -, -, -, -, -, -, -, -, -, -
44.pdb, 4, 1, 0.6250085807006669, 0.46998990021891207, 1.2666123640453881, -, -, -, 1.122245340677148, 13.150266545876448, , X, 8.722123091833886, 8.819663411645791, 8.917203731457699, 8.964692118335243, 8.983433154801157, 9.00765221912809, 9.00042191219288, 9.141668010247624, 9.258524087591086, 9.454396499387894, 9.789188663199164, 10.123980827010437, 10.458772990821707, 10.79356515463298, 11.074147738417377, 11.390952187983562, 11.434360762207941, 11.416782454679607, 11.419834139107438, 11.434517135236412, 11.43790975151938, 11.483323282486456, 11.550535805891137, 11.635629870775555, 11.720723935659972, 11.853718164554957, 11.879693024336119, 11.708051863814083
44.pdb, 4, 1, 0.6250085807006669, 0.46998990021891207, 1.2666123640453881, -, -, -, 1.122245340677148, 13.150266545876448, , Y, 0.1038329587634384, 0.2719006230353375, 0.43996828730723664, 0.5443827472673582, 0.5894005949775074, 0.6611404733626689, 0.6771821076163409, 0.7110870393807296, 0.7256246989757135, 0.4051653828375614, 0.1726415108521297, -0.05988236113330203, -0.2924062331187337, -0.5249301051041654, -0.7798712184100144, -0.8280527885117727, -0.9330657275598467, -1.0502220977377896, -1.0676791695567758, -1.0289251862254634, -0.9928227764004598, -1.2447643272307731, -1.49364578736486, -1.7456710764827945, -1.9976963656007292, -2.2805929411786434, -2.591743319911742, -2.8444947384376196
44.pdb, 4, 1, 0.6250085807006669, 0.46998990021891207, 1.2666123640453881, -, -, -, 1.122245340677148, 13.150266545876448, , Z, 0.7313502099023625, 1.192044410253506, 1.652738610604649, 2.133615561499281, 2.6312320472990676, 3.114566240613862, 3.59010585999888, 4.068348969690812, 4.519066746216961, 4.733158031328552, 5.022721247237392, 5.312284463146232, 5.601847679055072, 5.8914108949639115, 6.171716203987279, 6.552560000884423, 7.021033932661812, 7.506796619610046, 8.000563427402788, 8.498843005953457, 8.996593702538693, 9.409036767688542, 9.835955200070998, 10.259325314470289, 10.682695428869579, 11.024363078025093, 11.27624918347339, 11.672047152704922
44.pdb, 4, 1, 0.6250085807006669, 0.46998990021891207, 1.2666123640453881, -, -, -, 1.122245340677148, 13.150266545876448, , distance, 0.2547576301714214, 0.46703910677599275, 0.9334610888439193, 1.407195589414867, 1.883398252456716, 2.364218441674075, 2.8235224418492844, 3.3038883605367704, 3.755768807806521, 3.93794095057021, 4.263579709500236, 4.620481029973655, 5.0019574125966635, 5.402805842015334, 5.79230826077543, 6.2699506283404665, 6.726814722009945, 7.182573656815392, 7.644482696171879, 8.111237881798713, 8.578118303519657, 9.012563880155149, 9.471402102059697, 9.936251104620322, 10.404360347913574, 10.81791118855418, 11.128299276134047, 11.513749661477645
44.pdb, 4, 1, 0.6250085807006669, 0.46998990021891207, 1.2666123640453881, -, -, -, 1.122245340677148, 13.150266545876448, , length, 0.2547576301714214, 0.7547576301714214, 1.2547576301714214, 1.7547576301714214, 2.2547576301714214, 2.7547576301714214, 3.2547576301714214, 3.7547576301714214, 4.254757630171421, 4.754757630171421, 5.254757630171421, 5.754757630171421, 6.254757630171421, 6.754757630171421, 7.254757630171421, 7.754757630171421, 8.254757630171422, 8.754757630171422, 9.254757630171422, 9.754757630171422, 10.254757630171422, 10.754757630171422, 11.254757630171422, 11.754757630171422, 12.254757630171422, 12.754757630171422, 13.254757630171422, 13.754757630171422
44.pdb, 4, 1, 0.6250085807006669, 0.46998990021891207, 1.2666123640453881, -, -, -, 1.122245340677148, 13.150266545876448, , R, 2.300134652255794, 2.2765168510421043, 2.324400125870733, 2.3977640529998068, 2.492171528419446, 2.644330157214683, 2.6376745951963256, 2.574210384589583, 2.5574146027817655, 2.3233923508022087, 2.06589889142373, 1.8688593125645185, 1.744435326446346, 1.7019823057586725, 1.7271885974469618, 1.705247799592282, 1.5382887610947333, 1.4018347291101956, 1.3173225758366989, 1.3078464739445248, 1.3884587592117874, 1.3223309623816, 1.2683873857712367, 1.2992146743446222, 1.4266350509129417, 1.5894932869369052, 1.6787419131281862, 1.859465542554718
44.pdb, 4, 1, 0.6250085807006669, 0.46998990021891207, 1.2666123640453881, -, -, -, 1.122245340677148, 13.150266545876448, , Upper limit of R overestimation, -, -, -, -, -, -, -, -, -, -, -, -, -, -, -, -, -, -, -, -, -, -, -, -, -, -, -, -
3.pdb, 5, 3, 0.45676160854758585, 0.7835936685076672, 1.1328010750407247, -, -, -, 1.2917084914603014, 17.552554453704897, , X, 8.954810850888068, 8.979528387597401, 8.976853060686878, 8.974177733776354, 8.97150240686583, 8.965713852431556, 8.865941010347097, 8.9183151785275, 8.970689346707903, 8.963638442368918, 8.912226334953592, 8.860814227538269, 8.793290937059753, 8.9543266330111, 9.001277732592142, 9.005436384044275, 9.000858280695123, 9.006043527335107, 9.314315345539908, 9.634135051120515, 9.95395475670112, 10.273774462281727, 10.588418437991661, 10.781060710529315, 10.829036687884063, 10.870347171869316, 10.911856493004386, 10.847695563843173, 10.796066138371371, 10.728237653005287, 10.647145800521972, 10.477987268303563, 10.352365059586274, 10.420870805862949, 10.640589682027244, 10.836265879522019, 11.031942077016794
3.pdb, 5, 3, 0.45676160854758585, 0.7835936685076672, 1.1328010750407247, -, -, -, 1.2917084914603014, 17.552554453704897, , Y, -0.2898745856000346, -0.07802687202078065, 0.2195479617219756, 0.5171227954647319, 0.8146976292074882, 1.1163492047012336, 1.5830142491515793, 2.071201381671271, 2.559388514190963, 3.0525799479558926, 3.5495071251433097, 4.046434302330727, 4.456986679650559, 4.756856576595972, 5.230415515536183, 5.730396591606547, 6.230102344930713, 6.689271559465312, 6.702343304887889, 6.67077464248534, 6.6392059800827905, 6.607637317680242, 6.578109106343195, 6.595502407239853, 6.657466610294015, 6.727154988726703, 6.794127313334122, 6.965369315822409, 7.204769758099784, 7.257412833188987, 7.166090607697262, 7.091958248842056, 7.183718687938669, 7.431858440097395, 7.6277805413429025, 7.697561350605103, 7.767342159867304
3.pdb, 5, 3, 0.45676160854758585, 0.7835936685076672, 1.1328010750407247, -, -, -, 1.2917084914603014, 17.552554453704897, , Z, 0.5354724305062158, 0.9759011245879117, 1.3776996573738003, 1.7794981901596887, 2.1812967229455773, 2.5707586860696696, 2.523115039188584, 2.617615145800226, 2.7121152524118677, 2.7642439640590313, 2.7847421538244794, 2.805240343589928, 2.7319862890167053, 2.997447894259025, 3.046437141124333, 3.045160743998904, 3.033691333650987, 3.0766308612451208, 3.4478114656304992, 3.8308503350373106, 4.213889204444122, 4.5969280738509335, 4.983324749890373, 5.441525164793286, 5.932695541091871, 6.426082059602924, 6.9198347142748595, 7.355895419750727, 7.791810354873222, 8.25253033222812, 8.737385323531772, 9.189973314513917, 9.664928578662622, 10.001196404180481, 10.369142125097827, 10.823940392896528, 11.278738660695229
3.pdb, 5, 3, 0.45676160854758585, 0.7835936685076672, 1.1328010750407247, -, -, -, 1.2917084914603014, 17.552554453704897, , distance, 0.41539225251017503, 0.16442697918987442, 0.5945932670607371, 1.0862992566426686, 1.5832090818116435, 2.073604653887651, 2.333944262910056, 2.7602711097287544, 3.2079428573519913, 3.64898017977626, 4.090109994193529, 4.543450580429329, 4.890003763667523, 5.270565853472383, 5.726384855779282, 6.191233452707894, 6.6573977587292, 7.106416317267217, 7.255503303305635, 7.398252024104837, 7.571389425994651, 7.772885092934022, 8.002892867488166, 8.304366766012071, 8.64357040439728, 9.003191387557807, 9.373983908479552, 9.770192313269833, 10.223580932430274, 10.565118192289873, 10.834671093019839, 11.093808100851112, 11.494849740758495, 11.917559359271252, 12.352956910541366, 12.777272145857184, 13.206885421813276
3.pdb, 5, 3, 0.45676160854758585, 0.7835936685076672, 1.1328010750407247, -, -, -, 1.2917084914603014, 17.552554453704897, , length, 0.41539225251017503, 0.915392252510175, 1.415392252510175, 1.915392252510175, 2.415392252510175, 2.915392252510175, 3.415392252510175, 3.915392252510175, 4.415392252510175, 4.915392252510175, 5.415392252510175, 5.915392252510175, 6.415392252510175, 6.915392252510175, 7.415392252510175, 7.915392252510175, 8.415392252510175, 8.915392252510175, 9.415392252510175, 9.915392252510175, 10.415392252510175, 10.915392252510175, 11.415392252510175, 11.915392252510175, 12.415392252510175, 12.915392252510175, 13.415392252510175, 13.915392252510175, 14.415392252510175, 14.915392252510175, 15.415392252510175, 15.915392252510175, 16.415392252510173, 16.915392252510173, 17.415392252510173, 17.915392252510173, 18.415392252510173
3.pdb, 5, 3, 0.45676160854758585, 0.7835936685076672, 1.1328010750407247, -, -, -, 1.2917084914603014, 17.552554453704897, , R, 2.018186798952068, 1.850063625300962, 1.7116637041374128, 1.6552903413835798, 1.685754726446013, 1.7939449102547165, 1.66728534857513, 1.4250098509336324, 1.2617124456044044, 1.1646023271562898, 1.1493862619448756, 1.238829114562497, 1.3108385624377095, 1.3699042234948846, 1.3927633502093368, 1.492918765243869, 1.6746966685068887, 1.8808518569137809, 1.6094003889220307, 1.3645787205988393, 1.2002911246391557, 1.1336089972175338, 1.1697477368695808, 1.239329596015834, 1.3284886619941025, 1.5086106014954088, 1.7616899015634846, 1.8759488024120425, 1.9007070717518941, 1.8722055736984748, 1.8197413282110293, 1.763272261146558, 1.7321376999988585, 1.7905589811617577, 1.77500360930762, 1.7440425254885066, 1.7973532171527797
3.pdb, 5, 3, 0.45676160854758585, 0.7835936685076672, 1.1328010750407247, -, -, -, 1.2917084914603014, 17.552554453704897, , Upper limit of R overestimation, -, -, -, -, -, -, -, -, -, -, -, -, -, -, -, -, -, -, -, -, -, -, -, -, -, -, -, -, -, -, -, -, -, -, -, -, -
3.pdb, 5, 5, 0.39909534702277927, 0.9185549256704826, 1.1328010750407247, -, -, -, 1.2843938187494428, 18.145805070489686, , X, 8.954810850888068, 8.979528387597401, 8.976853060686878, 8.974177733776354, 8.97150240686583, 8.965713852431556, 8.865941010347097, 8.9183151785275, 8.970689346707903, 8.963638442368918, 8.912226334953592, 8.860814227538269, 8.793290937059753, 8.9543266330111, 9.001277732592142, 9.005436384044275, 9.000858280695123, 9.006043527335107, 9.314315345539908, 9.634135051120515, 9.95395475670112, 10.273774462281727, 10.588418437991661, 10.781060710529315, 10.829036687884063, 10.870347171869316, 10.911856493004386, 10.847695563843173, 10.796066138371371, 10.756723576054487, 10.770148891795515, 10.846853464717451, 10.960098839499336, 11.107834123068542, 11.251325365941593, 11.36257392411579, 11.28260619353088, 11.156248353606049
3.pdb, 5, 5, 0.39909534702277927, 0.9185549256704826, 1.1328010750407247, -, -, -, 1.2843938187494428, 18.145805070489686, , Y, -0.2898745856000346, -0.07802687202078065, 0.2195479617219756, 0.5171227954647319, 0.8146976292074882, 1.1163492047012336, 1.5830142491515793, 2.071201381671271, 2.559388514190963, 3.0525799479558926, 3.5495071251433097, 4.046434302330727, 4.456986679650559, 4.756856576595972, 5.230415515536183, 5.730396591606547, 6.230102344930713, 6.689271559465312, 6.702343304887889, 6.67077464248534, 6.6392059800827905, 6.607637317680242, 6.578109106343195, 6.595502407239853, 6.657466610294015, 6.727154988726703, 6.794127313334122, 6.965369315822409, 7.204769758099784, 7.583313008101487, 8.067060067659247, 8.553620895143595, 9.035617973780251, 9.51161506067531, 9.988923307348228, 10.476192653438908, 10.94302007929007, 11.404888184357514
3.pdb, 5, 5, 0.39909534702277927, 0.9185549256704826, 1.1328010750407247, -, -, -, 1.2843938187494428, 18.145805070489686, , Z, 0.5354724305062158, 0.9759011245879117, 1.3776996573738003, 1.7794981901596887, 2.1812967229455773, 2.5707586860696696, 2.523115039188584, 2.617615145800226, 2.7121152524118677, 2.7642439640590313, 2.7847421538244794, 2.805240343589928, 2.7319862890167053, 2.997447894259025, 3.046437141124333, 3.045160743998904, 3.033691333650987, 3.0766308612451208, 3.4478114656304992, 3.8308503350373106, 4.213889204444122, 4.5969280738509335, 4.983324749890373, 5.441525164793286, 5.932695541091871, 6.426082059602924, 6.9198347142748595, 7.355895419750727, 7.791810354873222, 8.05337938274612, 8.17192044992008, 8.255150113716999, 8.316374772249265, 8.356388010760348, 8.39336019242107, 8.407228958210611, 8.29411948870523, 8.150204410235526
3.pdb, 5, 5, 0.39909534702277927, 0.9185549256704826, 1.1328010750407247, -, -, -, 1.2843938187494428, 18.145805070489686, , distance, 0.41539225251017503, 0.16442697918987442, 0.5945932670607371, 1.0862992566426686, 1.5832090818116435, 2.073604653887651, 2.333944262910056, 2.7602711097287544, 3.2079428573519913, 3.64898017977626, 4.090109994193529, 4.543450580429329, 4.890003763667523, 5.270565853472383, 5.726384855779282, 6.191233452707894, 6.6573977587292, 7.106416317267217, 7.255503303305635, 7.398252024104837, 7.571389425994651, 7.772885092934022, 8.002892867488166, 8.304366766012071, 8.64357040439728, 9.003191387557807, 9.373983908479552, 9.770192313269833, 10.223580932430274, 10.663327765687988, 11.095394587299198, 11.522986660531851, 11.945332922076455, 12.362108569613925, 12.783298065655405, 13.198543954298179, 13.49716111780332, 13.77825888317889
3.pdb, 5, 5, 0.39909534702277927, 0.9185549256704826, 1.1328010750407247, -, -, -, 1.2843938187494428, 18.145805070489686, , length, 0.41539225251017503, 0.915392252510175, 1.415392252510175, 1.915392252510175, 2.415392252510175, 2.915392252510175, 3.415392252510175, 3.915392252510175, 4.415392252510175, 4.915392252510175, 5.415392252510175, 5.915392252510175, 6.415392252510175, 6.915392252510175, 7.415392252510175, 7.915392252510175, 8.415392252510175, 8.915392252510175, 9.415392252510175, 9.915392252510175, 10.415392252510175, 10.915392252510175, 11.415392252510175, 11.915392252510175, 12.415392252510175, 12.915392252510175, 13.415392252510175, 13.915392252510175, 14.415392252510175, 14.915392252510175, 15.415392252510175, 15.915392252510175, 16.415392252510173, 16.915392252510173, 17.415392252510173, 17.915392252510173, 18.415392252510173, 18.915392252510173
3.pdb, 5, 5, 0.39909534702277927, 0.9185549256704826, 1.1328010750407247, -, -, -, 1.2843938187494428, 18.145805070489686, , R, 2.018186798952068, 1.850063625300962, 1.7116637041374128, 1.6552903413835798, 1.685754726446013, 1.7939449102547165, 1.66728534857513, 1.4250098509336324, 1.2617124456044044, 1.1646023271562898, 1.1493862619448756, 1.238829114562497, 1.3108385624377095, 1.3699042234948846, 1.3927633502093368, 1.492918765243869, 1.6746966685068887, 1.8808518569137809, 1.6094003889220307, 1.3645787205988393, 1.2002911246391557, 1.1336089972175338, 1.1697477368695808, 1.239329596015834, 1.3284886619941025, 1.5086106014954088, 1.7616899015634846, 1.8759488024120425, 1.9007070717518941, 1.784844890636266, 1.5531058913800078, 1.3521743149414258, 1.2127961592481744, 1.1478338961929604, 1.1854289156112727, 1.3042041393708261, 1.3881434959949226, 1.5326610538727687
3.pdb, 5, 5, 0.39909534702277927, 0.9185549256704826, 1.1328010750407247, -, -, -, 1.2843938187494428, 18.145805070489686, , Upper limit of R overestimation, -, -, -, -, -, -, -, -, -, -, -, -, -, -, -, -, -, -, -, -, -, -, -, -, -, -, -, -, -, -, -, -, -, -, -, -, -, -
4.pdb, 5, 3, 0.4524942575281363, 0.7929802064682371, 1.0374708092975855, -, -, -, 1.4272036722164967, 18.326784617829517, , X, 9.05057059060866, 9.040224643430793, 9.117095519521799, 9.087039816976882, 9.053533659468396, 9.029551514531919, 9.315873746720436, 9.265329172864806, 9.214784599009178, 9.164240025153548, 9.094364696247746, 9.055383173897361, 9.197505118647559, 9.362551720417214, 9.451016512591252, 9.337183524971437, 9.223350537351621, 9.109517549731805, 8.99568456211199, 9.255281700672315, 9.233828264296923, 9.60779879164025, 9.65347232656376, 9.69654907400164, 9.739625821439521, 9.83975409363408, 10.24490160565672, 10.582054817809244, 10.752118195399719, 10.991206930338723, 11.104459886858912, 11.021408257416251, 10.90734365198092, 10.737700524446378, 10.628039568100391, 10.593731449299211, 10.559423330498031, 10.706964248349111, 10.90303704547502
4.pdb, 5, 3, 0.4524942575281363, 0.7929802064682371, 1.0374708092975855, -, -, -, 1.4272036722164967, 18.326784617829517, , Y, -0.1312205247434691, -0.35297360406304656, -0.057078251389718115, 0.1627168116249128, 0.3775793955889103, 0.5938450166336069, 0.880809937341376, 1.374354721358813, 1.8678995053762497, 2.361444289393687, 2.8560782238682565, 3.2588066021197513, 3.725583391090836, 4.121140637694975, 4.541575867532291, 5.0277285412429755, 5.513881214953659, 6.000033888664342, 6.4861865623750266, 6.833506743616257, 7.074050194231098, 7.184073430845261, 7.3236933273588924, 7.388259341190387, 7.452825355021882, 7.482806387425611, 7.299669513546955, 7.067879938883752, 6.884349005323212, 6.770458438182325, 6.714466681900191, 6.880684814100809, 7.077347825437607, 7.229631850167961, 7.15475145300494, 7.129215929396053, 7.103680405787165, 7.124931460390398, 6.971559786203644
4.pdb, 5, 3, 0.4524942575281363, 0.7929802064682371, 1.0374708092975855, -, -, -, 1.4272036722164967, 18.326784617829517, , Z, 0.35528026410812164, 0.7726776452132752, 1.128441955809277, 1.574425982821428, 2.0246608186808164, 2.470605480126777, 2.761408998609756, 2.699289821032021, 2.637170643454285, 2.57505146587655, 2.555872473749128, 2.4243966230336484, 2.485238020362103, 2.7427143957895224, 2.936739454257791, 2.9631521173855497, 2.989564780513308, 3.0159774436410665, 3.0423901067688246, 3.1255178858037045, 3.502321246278967, 3.7103742736659475, 4.132977546121517, 4.626916432713861, 5.120855319306204, 5.56289976859388, 5.753076659309586, 6.030123358135409, 6.433630674675114, 6.85321926645233, 7.278175610970422, 7.742367337926706, 8.1838668968354, 8.598535488207451, 9.075577255953744, 9.57374478803341, 10.071912320113075, 10.457842144371014, 10.891469389576356
4.pdb, 5, 3, 0.4524942575281363, 0.7929802064682371, 1.0374708092975855, -, -, -, 1.4272036722164967, 18.326784617829517, , distance, 0.5542480951702272, 0.35664068634738183, 0.36853444706019556, 0.7760159852594773, 1.2525389483101332, 1.7397784867169237, 2.1643675418736685, 2.363359921100012, 2.643190000171656, 2.9811804100646153, 3.380552250568962, 3.674103296224193, 4.133886790489855, 4.613255855271241, 5.083330783442955, 5.526462964323631, 5.978572901469269, 6.437769410310113, 6.902638337800018, 7.26812906146477, 7.617564575056239, 7.821262481617259, 8.115798025826379, 8.388258948936114, 8.680990657338954, 8.941610374551582, 8.94456105633846, 8.971002387925168, 9.101571170378385, 9.331589236116796, 9.595794804584406, 10.00793481694036, 10.426476576194151, 10.79259484768607, 11.072227969017407, 11.424968831878312, 11.788366868268493, 12.1263073910645, 12.41507009363206
4.pdb, 5, 3, 0.4524942575281363, 0.7929802064682371, 1.0374708092975855, -, -, -, 1.4272036722164967, 18.326784617829517, , length, 0.5542480951702272, 1.054248095170227, 1.554248095170227, 2.054248095170227, 2.554248095170227, 3.054248095170227, 3.554248095170227, 4.054248095170227, 4.554248095170227, 5.054248095170227, 5.554248095170227, 6.054248095170227, 6.554248095170227, 7.054248095170227, 7.554248095170227, 8.054248095170227, 8.554248095170227, 9.054248095170227, 9.554248095170227, 10.054248095170227, 10.554248095170227, 11.054248095170227, 11.554248095170227, 12.054248095170227, 12.554248095170227, 13.054248095170227, 13.554248095170227, 14.054248095170227, 14.554248095170227, 15.054248095170227, 15.554248095170227, 16.054248095170227, 16.554248095170227, 17.054248095170227, 17.554248095170227, 18.054248095170227, 18.554248095170227, 19.054248095170227, 19.554248095170227
4.pdb, 5, 3, 0.4524942575281363, 0.7929802064682371, 1.0374708092975855, -, -, -, 1.4272036722164967, 18.326784617829517, , R, 1.8997479617256425, 1.8648697155965983, 1.8332989957731252, 1.7882997102576368, 1.8239559885357386, 1.9316462741231895, 1.8225921798226647, 1.5563355675519583, 1.3609974690301472, 1.2535750063541296, 1.2054380238795195, 1.2484788968525644, 1.1552366059314931, 1.0814771723579677, 1.0688473073811553, 1.0407628860022242, 1.1225779897259238, 1.3035412370148036, 1.5642483485584122, 1.725157735945962, 1.6641108443491277, 1.6647030450884708, 1.6057225821348224, 1.5294989552620637, 1.5437656397097947, 1.617852649907712, 1.5943649544447396, 1.6051141172912866, 1.683875665474141, 1.6868910946970443, 1.680866822592016, 1.6597526339807611, 1.7108398140509096, 1.7672337191313068, 1.681549966671118, 1.6609600657163115, 1.7269189918452887, 1.7459941402305292, 1.7006433753563102
4.pdb, 5, 3, 0.4524942575281363, 0.7929802064682371, 1.0374708092975855, -, -, -, 1.4272036722164967, 18.326784617829517, , Upper limit of R overestimation, -, -, -, -, -, -, -, -, -, -, -, -, -, -, -, -, -, -, -, -, -, -, -, -, -, -, -, -, -, -, -, -, -, -, -, -, -, -, -
4.pdb, 5, 5, 0.34451474892214834, 1.0656183768987058, 0.9780849592644982, -, -, -, 1.3537013400462774, 20.178898702706743, , X, 9.05057059060866, 9.040224643430793, 9.117095519521799, 9.087039816976882, 9.053533659468396, 9.029551514531919, 9.315873746720436, 9.265329172864806, 9.214784599009178, 9.164240025153548, 9.094364696247746, 9.055383173897361, 9.197505118647559, 9.362551720417214, 9.451016512591252, 9.337183524971437, 9.223350537351621, 9.109517549731805, 8.99568456211199, 9.255281700672315, 9.233828264296923, 9.60779879164025, 9.65347232656376, 9.69654907400164, 9.739625821439521, 9.83975409363408, 10.24490160565672, 10.582054817809244, 10.752118195399719, 10.991206930338723, 11.104459886858912, 11.021408257416251, 10.90734365198092, 10.857859557364705, 11.069626219366418, 11.22318224949518, 11.37673827962394, 11.5302943097527, 11.683850339881461, 11.756918852159654, 11.71268345615577, 11.7434027912637, 11.713747114598794
4.pdb, 5, 5, 0.34451474892214834, 1.0656183768987058, 0.9780849592644982, -, -, -, 1.3537013400462774, 20.178898702706743, , Y, -0.1312205247434691, -0.35297360406304656, -0.057078251389718115, 0.1627168116249128, 0.3775793955889103, 0.5938450166336069, 0.880809937341376, 1.374354721358813, 1.8678995053762497, 2.361444289393687, 2.8560782238682565, 3.2588066021197513, 3.725583391090836, 4.121140637694975, 4.541575867532291, 5.0277285412429755, 5.513881214953659, 6.000033888664342, 6.4861865623750266, 6.833506743616257, 7.074050194231098, 7.184073430845261, 7.3236933273588924, 7.388259341190387, 7.452825355021882, 7.482806387425611, 7.299669513546955, 7.067879938883752, 6.884349005323212, 6.770458438182325, 6.714466681900191, 6.880684814100809, 7.077347825437607, 7.3086600288361945, 7.681137568160933, 8.150708916556505, 8.620280264952076, 9.089851613347648, 9.559422961743218, 9.84973082706042, 9.894488286324641, 10.215714173260569, 10.411130536736524
4.pdb, 5, 5, 0.34451474892214834, 1.0656183768987058, 0.9780849592644982, -, -, -, 1.3537013400462774, 20.178898702706743, , Z, 0.35528026410812164, 0.7726776452132752, 1.128441955809277, 1.574425982821428, 2.0246608186808164, 2.470605480126777, 2.761408998609756, 2.699289821032021, 2.637170643454285, 2.57505146587655, 2.555872473749128, 2.4243966230336484, 2.485238020362103, 2.7427143957895224, 2.936739454257791, 2.9631521173855497, 2.989564780513308, 3.0159774436410665, 3.0423901067688246, 3.1255178858037045, 3.502321246278967, 3.7103742736659475, 4.132977546121517, 4.626916432713861, 5.120855319306204, 5.56289976859388, 5.753076659309586, 6.030123358135409, 6.433630674675114, 6.85321926645233, 7.278175610970422, 7.742367337926706, 8.1838668968354, 8.575645554741506, 8.745876090050444, 8.822839031633132, 8.89980197321582, 8.976764914798508, 9.053727856381196, 9.287317324263366, 9.743343436858389, 10.092522849223194, 10.5517972614512
4.pdb, 5, 5, 0.34451474892214834, 1.0656183768987058, 0.9780849592644982, -, -, -, 1.3537013400462774, 20.178898702706743, , distance, 0.5542480951702272, 0.35664068634738183, 0.36853444706019556, 0.7760159852594773, 1.2525389483101332, 1.7397784867169237, 2.1643675418736685, 2.363359921100012, 2.643190000171656, 2.9811804100646153, 3.380552250568962, 3.674103296224193, 4.133886790489855, 4.613255855271241, 5.083330783442955, 5.526462964323631, 5.978572901469269, 6.437769410310113, 6.902638337800018, 7.26812906146477, 7.617564575056239, 7.821262481617259, 8.115798025826379, 8.388258948936114, 8.680990657338954, 8.941610374551582, 8.94456105633846, 8.971002387925168, 9.101571170378385, 9.331589236116796, 9.595794804584406, 10.00793481694036, 10.426476576194151, 10.851393427908317, 11.266301624023102, 11.676724013776983, 12.093891644312285, 12.51713012294819, 12.945844040666772, 13.325294998777965, 13.641246068632704, 14.109578862659507, 14.548139338429861
4.pdb, 5, 5, 0.34451474892214834, 1.0656183768987058, 0.9780849592644982, -, -, -, 1.3537013400462774, 20.178898702706743, , length, 0.5542480951702272, 1.054248095170227, 1.554248095170227, 2.054248095170227, 2.554248095170227, 3.054248095170227, 3.554248095170227, 4.054248095170227, 4.554248095170227, 5.054248095170227, 5.554248095170227, 6.054248095170227, 6.554248095170227, 7.054248095170227, 7.554248095170227, 8.054248095170227, 8.554248095170227, 9.054248095170227, 9.554248095170227, 10.054248095170227, 10.554248095170227, 11.054248095170227, 11.554248095170227, 12.054248095170227, 12.554248095170227, 13.054248095170227, 13.554248095170227, 14.054248095170227, 14.554248095170227, 15.054248095170227, 15.554248095170227, 16.054248095170227, 16.554248095170227, 17.054248095170227, 17.554248095170227, 18.054248095170227, 18.554248095170227, 19.054248095170227, 19.554248095170227, 20.054248095170227, 20.554248095170227, 21.054248095170227, 21.554248095170227
4.pdb, 5, 5, 0.34451474892214834, 1.0656183768987058, 0.9780849592644982, -, -, -, 1.3537013400462774, 20.178898702706743, , R, 1.8997479617256425, 1.8648697155965983, 1.8332989957731252, 1.7882997102576368, 1.8239559885357386, 1.9316462741231895, 1.8225921798226647, 1.5563355675519583, 1.3609974690301472, 1.2535750063541296, 1.2054380238795195, 1.2484788968525644, 1.1552366059314931, 1.0814771723579677, 1.0688473073811553, 1.0407628860022242, 1.1225779897259238, 1.3035412370148036, 1.5642483485584122, 1.725157735945962, 1.6641108443491277, 1.6647030450884708, 1.6057225821348224, 1.5294989552620637, 1.5437656397097947, 1.617852649907712, 1.5943649544447396, 1.6051141172912866, 1.683875665474141, 1.6868910946970443, 1.680866822592016, 1.6597526339807611, 1.7108398140509096, 1.7586097554326081, 1.514291019633214, 1.2490488416925334, 1.0645760571748444, 0.9814603385034488, 1.011161165134195, 1.037592316379053, 0.9976441698528651, 1.129650562264443, 1.3009575529494677
4.pdb, 5, 5, 0.34451474892214834, 1.0656183768987058, 0.9780849592644982, -, -, -, 1.3537013400462774, 20.178898702706743, , Upper limit of R overestimation, -, -, -, -, -, -, -, -, -, -, -, -, -, -, -, -, -, -, -, -, -, -, -, -, -, -, -, -, -, -, -, -, -, -, -, -, -, -, -, -, -, -, -
5.pdb, 5, 4, 0.3174581948181445, 1.1474091391827401, 0.982762019550355, -, -, -, 1.2506040398568798, 18.63151812533629, , X, 8.579975246995428, 8.628284969976681, 8.657386048433894, 8.652482056711758, 8.684114904331324, 8.843162108781865, 8.958333639910569, 8.978090275677314, 8.880177263559274, 8.79280384370806, 8.866363041537497, 8.920029392858066, 8.907302062658598, 8.89457473245913, 8.881847402259663, 8.922655032831646, 9.080734302786423, 9.329498952558623, 9.578263602330825, 9.827028252103025, 9.990617542011934, 10.078607661302287, 10.134415929593063, 10.333478411731418, 10.548342516315795, 10.784855840538793, 10.892041720118911, 10.801603082002638, 10.786871691710207, 10.631835391359772, 10.478168979736035, 10.421332518531045, 10.439410571203377, 10.461469953736163, 10.624239807017696, 10.790797573906499, 10.973276258527086, 11.165033405845453, 11.35679055316382
5.pdb, 5, 4, 0.3174581948181445, 1.1474091391827401, 0.982762019550355, -, -, -, 1.2506040398568798, 18.63151812533629, , Y, -0.04589325571504255, 0.44644955150301513, 0.8706267025993891, 1.174130168608919, 1.485377611740284, 1.9186304100467142, 2.3811689037736596, 2.855635474110004, 3.3448122484375196, 3.8052448926224307, 4.247184399268804, 4.721629181967005, 5.21960873964165, 5.717588297316296, 6.215567854990941, 6.685217503468652, 6.9359120489728205, 6.854252179422652, 6.772592309872483, 6.690932440322314, 6.624778295973068, 6.573217606812399, 6.528027675569694, 6.575402974232575, 6.706725822969899, 6.687062947332881, 6.754086462994942, 6.78554211007629, 6.792618261847164, 6.792353186148602, 6.801560900692385, 7.067957961033484, 7.533334931325064, 7.997762531322593, 8.378505650316246, 8.745462411931701, 9.168023983046323, 9.59816552877956, 10.028307074512798
5.pdb, 5, 4, 0.3174581948181445, 1.1474091391827401, 0.982762019550355, -, -, -, 1.2506040398568798, 18.63151812533629, , Z, 0.7599844728377445, 0.8325429378581478, 1.0223304027957367, 1.4196484076550577, 1.793098052500311, 1.963908164238986, 2.1148838584360266, 2.2132354458538557, 2.2466887792677306, 2.4051257148974208, 2.6047941893982154, 2.711365393871792, 2.754427850886671, 2.79749030790155, 2.8405527649164286, 2.8932332273634875, 3.2431375895381866, 3.669104506949344, 4.095071424360501, 4.521038341771659, 4.98620727511967, 5.473822899145699, 5.968639337135247, 6.396557749807846, 6.825512462106566, 7.26559747524229, 7.709618952611661, 8.16289369422509, 8.65844026895189, 9.133520104065049, 9.60923204624389, 9.919307357700184, 10.10123442972028, 10.283827589473029, 10.55938881948532, 10.854989455342086, 11.042493654071006, 11.210444382222281, 11.378395110373555
5.pdb, 5, 4, 0.3174581948181445, 1.1474091391827401, 0.982762019550355, -, -, -, 1.2506040398568798, 18.63151812533629, , distance, 0.2965435071988849, 0.5597502879998622, 0.967444486840001, 1.3699168040028593, 1.8118645222189447, 2.2646779995744137, 2.7460166394851755, 3.216389463228763, 3.6766022312622195, 4.163315972884356, 4.647347235934285, 5.12826605700724, 5.610026040702668, 6.094724899720375, 6.581713380965552, 7.046434255030182, 7.394871927675025, 7.47833024731554, 7.593860398316056, 7.740026370130224, 7.935805275812713, 8.1700686464542, 8.431685936292514, 8.764492789709912, 9.175219105099346, 9.497984376821332, 9.870336245478248, 10.193113050533642, 10.555255232127637, 10.883989592643083, 11.231829621553254, 11.62831546462542, 12.06048416477627, 12.498113667025832, 12.97307228917393, 13.456021552748949, 13.89991962844734, 14.339785962590526, 14.783475816888288
5.pdb, 5, 4, 0.3174581948181445, 1.1474091391827401, 0.982762019550355, -, -, -, 1.2506040398568798, 18.63151812533629, , length, 0.2965435071988849, 0.7965435071988849, 1.296543507198885, 1.796543507198885, 2.296543507198885, 2.796543507198885, 3.296543507198885, 3.796543507198885, 4.296543507198885, 4.796543507198885, 5.296543507198885, 5.796543507198885, 6.296543507198885, 6.796543507198885, 7.296543507198885, 7.796543507198885, 8.296543507198885, 8.796543507198885, 9.296543507198885, 9.796543507198885, 10.296543507198885, 10.796543507198885, 11.296543507198885, 11.796543507198885, 12.296543507198885, 12.796543507198885, 13.296543507198885, 13.796543507198885, 14.296543507198885, 14.796543507198885, 15.296543507198885, 15.796543507198885, 16.296543507198884, 16.796543507198884, 17.296543507198884, 17.796543507198884, 18.296543507198884, 18.796543507198884, 19.296543507198884
5.pdb, 5, 4, 0.3174581948181445, 1.1474091391827401, 0.982762019550355, -, -, -, 1.2506040398568798, 18.63151812533629, , R, 1.8871244475968936, 1.750062908503321, 1.650970301791397, 1.5595773405421116, 1.5296705177767833, 1.3366428792705747, 1.2010388821439795, 1.1157725866204016, 1.0745870514622855, 1.07225642344765, 1.0123265703866375, 0.9827866779001473, 1.036749690364059, 1.1961512209101215, 1.441975050903096, 1.7237590114064518, 1.7009977798961076, 1.4310617495926603, 1.2349915279887596, 1.1314977058930331, 1.1097373026556008, 1.1754986998035262, 1.332449718503837, 1.4778500704875988, 1.5622200736232215, 1.6652844817432453, 1.7798775984086144, 1.7190200710128616, 1.6088911344446, 1.4829332794526786, 1.4414636817918927, 1.3264052640697621, 1.1689825444006232, 1.1071413543410775, 1.006210198693798, 1.0021384921276895, 1.0230636222120657, 1.142268879457822, 1.3554716079327844
5.pdb, 5, 4, 0.3174581948181445, 1.1474091391827401, 0.982762019550355, -, -, -, 1.2506040398568798, 18.63151812533629, , Upper limit of R overestimation, -, -, -, -, -, -, -, -, -, -, -, -, -, -, -, -, -, -, -, -, -, -, -, -, -, -, -, -, -, -, -, -, -, -, -, -, -, -, -
10.pdb, 5, 1, 0.4453196564874614, 0.8089629255055142, 0.9218711936665642, -, -, -, 1.3387998945580748, 17.49318498135351, , X, 8.630647840760554, 8.605571045550985, 8.598280378645038, 8.597106891402333, 8.595933404159629, 8.594759916916926, 8.510345982339096, 8.809453246426717, 8.940231929528442, 8.90406633160226, 8.86790073367608, 8.934670805479506, 9.121672716739623, 9.21416879750179, 9.210571853083621, 9.206974908665455, 9.203377964247286, 9.299046045681013, 9.38707955857202, 9.55589930644685, 9.759397750828427, 10.009290974681942, 10.259184198535458, 10.399997736245641, 10.43764706423855, 10.585115447669867, 10.874321124072518, 11.12941700169964, 11.180584657060036, 11.115717318915307, 11.070984795432821, 10.862524185797131, 10.773380879197813, 10.684237572598493, 10.595094265999174, 10.50949120668942, 10.761029298411101
10.pdb, 5, 1, 0.4453196564874614, 0.8089629255055142, 0.9218711936665642, -, -, -, 1.3387998945580748, 17.49318498135351, , Y, -0.2210575598032428, 0.12214608025126741, 0.4685842611443505, 0.8161348970416858, 1.1636855329390212, 1.5112361688363565, 1.9093891931010316, 2.308969291196412, 2.7701674051467675, 3.268498399953555, 3.766829394760342, 4.176813411440442, 4.539635907268768, 5.004939249966651, 5.504904097560129, 6.004868945153605, 6.504833792747082, 6.726674272712125, 6.8223766884533745, 6.834561680507724, 6.803933360898682, 6.716027393823858, 6.628121426749035, 6.537079768243876, 6.389385497751268, 6.2824397374503524, 6.313527850452934, 6.389354882904831, 6.598784281134044, 6.88063194069079, 7.178575049341355, 7.459720291131841, 7.450239528158607, 7.440758765185374, 7.431278002212141, 7.418474281925163, 7.094389003662419
10.pdb, 5, 1, 0.4453196564874614, 0.8089629255055142, 0.9218711936665642, -, -, -, 1.3387998945580748, 17.49318498135351, , Z, 0.3801370318536669, 0.7428799377737572, 1.1031756135717343, 1.4626296139877113, 1.822083614403688, 2.181537614819665, 2.2103366160757147, 2.2236890264902094, 2.253113173176223, 2.2720411720540645, 2.290969170931906, 2.2561639013149106, 2.4700165998329946, 2.4964732133053933, 2.5011862974001264, 2.5058993814948596, 2.5106124655895927, 2.8302023007132964, 3.3052424928434787, 3.7757224804052396, 4.22634610756318, 4.650404968601051, 5.074463829638923, 5.537828488002116, 6.014031103036241, 6.458073599656294, 6.857978053465809, 7.281270333536196, 7.698659637167896, 8.106524964505734, 8.503883421566888, 8.812852919291513, 9.304750861980834, 9.796648804670152, 10.288546747359472, 10.779345662287524, 10.994955871527424
10.pdb, 5, 1, 0.4453196564874614, 0.8089629255055142, 0.9218711936665642, -, -, -, 1.3387998945580748, 17.49318498135351, , distance, 0.5607553777020934, 0.33597885714803566, 0.6357319164563892, 1.092229439456902, 1.5753651091830627, 2.0665394518485214, 2.4105907576349366, 2.732576161871163, 3.155037905087252, 3.6159639453893693, 4.086089368353849, 4.462491374983186, 4.881229942041216, 5.33576456195828, 5.813925682170904, 6.295480935954216, 6.779707116986657, 7.082022357853234, 7.32382452681726, 7.518499583448779, 7.697738413077955, 7.848359254505751, 8.0273475880515, 8.231339269540701, 8.403424766592765, 8.631521299505573, 8.978464629898093, 9.377101283197629, 9.820333246729742, 10.281720772897952, 10.754059735940404, 11.123573290578172, 11.45853165138728, 11.805168887433338, 12.162486477517831, 12.527183317859084, 12.545950340898584
10.pdb, 5, 1, 0.4453196564874614, 0.8089629255055142, 0.9218711936665642, -, -, -, 1.3387998945580748, 17.49318498135351, , length, 0.5607553777020934, 1.0607553777020935, 1.5607553777020935, 2.0607553777020935, 2.5607553777020935, 3.0607553777020935, 3.5607553777020935, 4.060755377702094, 4.560755377702094, 5.060755377702094, 5.560755377702094, 6.060755377702094, 6.560755377702094, 7.060755377702094, 7.560755377702094, 8.060755377702094, 8.560755377702094, 9.060755377702094, 9.560755377702094, 10.060755377702094, 10.560755377702094, 11.060755377702094, 11.560755377702094, 12.060755377702094, 12.560755377702094, 13.060755377702094, 13.560755377702094, 14.060755377702094, 14.560755377702094, 15.060755377702094, 15.560755377702094, 16.060755377702094, 16.560755377702094, 17.060755377702094, 17.560755377702094, 18.060755377702094, 18.560755377702094
10.pdb, 5, 1, 0.4453196564874614, 0.8089629255055142, 0.9218711936665642, -, -, -, 1.3387998945580748, 17.49318498135351, , R, 1.9314936914991476, 1.752218887194344, 1.6347773136620376, 1.5974499895357706, 1.6487699924448813, 1.7841673035798686, 1.8033581521284654, 1.601229201954632, 1.4639250266187458, 1.3855271570190364, 1.402576571768867, 1.3806277556097595, 1.4362508470988875, 1.3807049141443783, 1.4017050834199474, 1.5161923400778232, 1.7131653429734623, 1.5867715019919701, 1.3207583849907831, 1.0985915917129605, 0.9616373221292187, 0.9232326376263134, 1.0008084320406454, 1.106077562536864, 1.2038995307749676, 1.3527299509046677, 1.4511908474917725, 1.5974939096918928, 1.6579606354993552, 1.7096262153127622, 1.8303365178412607, 1.9023435048057762, 1.7841269459951, 1.747115884694303, 1.7943230363173803, 1.9194162522340366, 1.8122067629853496
10.pdb, 5, 1, 0.4453196564874614, 0.8089629255055142, 0.9218711936665642, -, -, -, 1.3387998945580748, 17.49318498135351, , Upper limit of R overestimation, -, -, -, -, -, -, -, -, -, -, -, -, -, -, -, -, -, -, -, -, -, -, -, -, -, -, -, -, -, -, -, -, -, -, -, -, -
10.pdb, 5, 3, 0.39611076167908266, 0.9260614056269428, 0.9218711936665642, -, -, -, 1.285335475023205, 18.426965334894412, , X, 8.630647840760554, 8.605571045550985, 8.598280378645038, 8.597106891402333, 8.595933404159629, 8.594759916916926, 8.510345982339096, 8.809453246426717, 8.940231929528442, 8.90406633160226, 8.86790073367608, 8.934670805479506, 9.121672716739623, 9.21416879750179, 9.210571853083621, 9.206974908665455, 9.203377964247286, 9.299046045681013, 9.38707955857202, 9.55589930644685, 9.759397750828427, 10.009290974681942, 10.259184198535458, 10.399997736245641, 10.43764706423855, 10.585115447669867, 10.874321124072518, 11.12941700169964, 11.180584657060036, 11.115717318915307, 11.070984795432821, 10.869497064569998, 10.941802021838017, 11.078958268513619, 11.252840407973457, 11.379506617890716, 11.399213556547132, 11.460706550778033, 11.522199545008936
10.pdb, 5, 3, 0.39611076167908266, 0.9260614056269428, 0.9218711936665642, -, -, -, 1.285335475023205, 18.426965334894412, , Y, -0.2210575598032428, 0.12214608025126741, 0.4685842611443505, 0.8161348970416858, 1.1636855329390212, 1.5112361688363565, 1.9093891931010316, 2.308969291196412, 2.7701674051467675, 3.268498399953555, 3.766829394760342, 4.176813411440442, 4.539635907268768, 5.004939249966651, 5.504904097560129, 6.004868945153605, 6.504833792747082, 6.726674272712125, 6.8223766884533745, 6.834561680507724, 6.803933360898682, 6.716027393823858, 6.628121426749035, 6.537079768243876, 6.389385497751268, 6.2824397374503524, 6.313527850452934, 6.389354882904831, 6.598784281134044, 6.88063194069079, 7.178575049341355, 7.481497525840188, 7.976241323485347, 8.452236702733224, 8.914664084576636, 9.289213585863873, 9.495439269884365, 9.698004541209217, 9.90056981253407
10.pdb, 5, 3, 0.39611076167908266, 0.9260614056269428, 0.9218711936665642, -, -, -, 1.285335475023205, 18.426965334894412, , Z, 0.3801370318536669, 0.7428799377737572, 1.1031756135717343, 1.4626296139877113, 1.822083614403688, 2.181537614819665, 2.2103366160757147, 2.2236890264902094, 2.253113173176223, 2.2720411720540645, 2.290969170931906, 2.2561639013149106, 2.4700165998329946, 2.4964732133053933, 2.5011862974001264, 2.5058993814948596, 2.5106124655895927, 2.8302023007132964, 3.3052424928434787, 3.7757224804052396, 4.22634610756318, 4.650404968601051, 5.074463829638923, 5.537828488002116, 6.014031103036241, 6.458073599656294, 6.857978053465809, 7.281270333536196, 7.698659637167896, 8.106524964505734, 8.503883421566888, 8.79164061146752, 8.792394167116923, 8.746081098627263, 8.672809172982085, 8.753742230947031, 9.206675684080198, 9.659650211524742, 10.112624738969284
10.pdb, 5, 3, 0.39611076167908266, 0.9260614056269428, 0.9218711936665642, -, -, -, 1.285335475023205, 18.426965334894412, , distance, 0.5607553777020934, 0.33597885714803566, 0.6357319164563892, 1.092229439456902, 1.5753651091830627, 2.0665394518485214, 2.4105907576349366, 2.732576161871163, 3.155037905087252, 3.6159639453893693, 4.086089368353849, 4.462491374983186, 4.881229942041216, 5.33576456195828, 5.813925682170904, 6.295480935954216, 6.779707116986657, 7.082022357853234, 7.32382452681726, 7.518499583448779, 7.697738413077955, 7.848359254505751, 8.0273475880515, 8.231339269540701, 8.403424766592765, 8.631521299505573, 8.978464629898093, 9.377101283197629, 9.820333246729742, 10.281720772897952, 10.754059735940404, 11.124457319752228, 11.479242190261528, 11.811577193826173, 12.135001164938172, 12.490700799613972, 12.936962894686978, 13.392304048293145, 13.850725847599112
10.pdb, 5, 3, 0.39611076167908266, 0.9260614056269428, 0.9218711936665642, -, -, -, 1.285335475023205, 18.426965334894412, , length, 0.5607553777020934, 1.0607553777020935, 1.5607553777020935, 2.0607553777020935, 2.5607553777020935, 3.0607553777020935, 3.5607553777020935, 4.060755377702094, 4.560755377702094, 5.060755377702094, 5.560755377702094, 6.060755377702094, 6.560755377702094, 7.060755377702094, 7.560755377702094, 8.060755377702094, 8.560755377702094, 9.060755377702094, 9.560755377702094, 10.060755377702094, 10.560755377702094, 11.060755377702094, 11.560755377702094, 12.060755377702094, 12.560755377702094, 13.060755377702094, 13.560755377702094, 14.060755377702094, 14.560755377702094, 15.060755377702094, 15.560755377702094, 16.060755377702094, 16.560755377702094, 17.060755377702094, 17.560755377702094, 18.060755377702094, 18.560755377702094, 19.060755377702094, 19.560755377702094
10.pdb, 5, 3, 0.39611076167908266, 0.9260614056269428, 0.9218711936665642, -, -, -, 1.285335475023205, 18.426965334894412, , R, 1.9314936914991476, 1.752218887194344, 1.6347773136620376, 1.5974499895357706, 1.6487699924448813, 1.7841673035798686, 1.8033581521284654, 1.601229201954632, 1.4639250266187458, 1.3855271570190364, 1.402576571768867, 1.3806277556097595, 1.4362508470988875, 1.3807049141443783, 1.4017050834199474, 1.5161923400778232, 1.7131653429734623, 1.5867715019919701, 1.3207583849907831, 1.0985915917129605, 0.9616373221292187, 0.9232326376263134, 1.0008084320406454, 1.106077562536864, 1.2038995307749676, 1.3527299509046677, 1.4511908474917725, 1.5974939096918928, 1.6579606354993552, 1.7096262153127622, 1.8303365178412607, 1.9004885538381477, 1.7371928524424691, 1.6228639103959692, 1.5773040942958827, 1.5353102931281188, 1.3786581608284216, 1.2770392959228822, 1.274261392150241
10.pdb, 5, 3, 0.39611076167908266, 0.9260614056269428, 0.9218711936665642, -, -, -, 1.285335475023205, 18.426965334894412, , Upper limit of R overestimation, -, -, -, -, -, -, -, -, -, -, -, -, -, -, -, -, -, -, -, -, -, -, -, -, -, -, -, -, -, -, -, -, -, -, -, -, -, -, -
27.pdb, 5, 3, 0.4378601890317195, 0.82585562268578, 0.9725060920219846, -, -, -, 1.388917467685802, 16.319462891841603, , X, 9.048826718130279, 9.060092633051624, 8.90703183943621, 8.762376337432531, 8.612560103480845, 8.429126921345212, 8.259061972184336, 8.180470084291406, 8.384839970180865, 8.619182327597718, 8.853524685014571, 8.81187365884566, 8.766687678952135, 8.72150169905861, 8.77162149644876, 8.916659057676084, 8.857757897223548, 8.820734068515844, 8.67481162795037, 8.509492796125192, 8.450932263665454, 8.387749490722733, 8.602608117088314, 8.615478581698, 8.585443165791194, 8.743349499166934, 8.86719697285295, 9.085853959885123, 9.425553171890131, 9.79135424125172, 10.157155310613305, 10.522956379974893, 10.784393526060578, 11.022523664586595, 11.267875255987168
27.pdb, 5, 3, 0.4378601890317195, 0.82585562268578, 0.9725060920219846, -, -, -, 1.388917467685802, 16.319462891841603, , Y, 0.5251548777631786, 0.7947245715643361, 1.128596399192517, 1.4206597920316784, 1.8126885127887984, 2.2169538437829384, 2.5895791635746463, 2.7504548290825968, 3.103540292269319, 3.479910373872719, 3.856280455476118, 4.334736875944232, 4.8145008295101075, 5.294264783075984, 5.78139667265519, 6.259338211811081, 6.6888113763782675, 6.902301237042269, 7.104081163361092, 7.3613175070359045, 7.624651662167991, 7.875316628971805, 8.039534552201678, 8.064603463505899, 8.059272879898744, 8.250587025635935, 8.366592903668911, 8.334516419335216, 8.26460561960174, 8.113272871164478, 7.961940122727215, 7.810607374289953, 7.6470853879005105, 7.656007143999447, 7.585735046815747
27.pdb, 5, 3, 0.4378601890317195, 0.82585562268578, 0.9725060920219846, -, -, -, 1.388917467685802, 16.319462891841603, , Z, 0.9519821546274874, 1.2484700217689013, 0.9121890376302522, 0.6162254403264739, 0.8796289722592787, 1.1096763800860001, 1.3869540104605296, 1.8478588533486533, 2.1030378419792966, 2.3341854597350546, 2.565333077490813, 2.6999292928947787, 2.833288867278856, 2.966648441662933, 3.046643237752055, 3.0697947168090853, 3.163948441818194, 3.599185488882384, 4.010785209349929, 4.388491780782034, 4.808452602383386, 5.230429075760235, 5.614629506634701, 6.113834775864456, 6.61115318712231, 6.927274393320533, 7.310343479058731, 7.728080164994052, 7.967381057116232, 8.272811862544145, 8.57824266797206, 8.883673473399972, 9.222897312202694, 9.662458956791586, 10.077833446701941
27.pdb, 5, 3, 0.4378601890317195, 0.82585562268578, 0.9725060920219846, -, -, -, 1.388917467685802, 16.319462891841603, , distance, 0.6257054639888214, 0.9607990446735653, 1.1945092839987808, 1.5089631139676056, 1.8923191804378954, 2.332774563679219, 2.7684689167311056, 3.055057640406096, 3.431625233458955, 3.8419162391214483, 4.27136852003406, 4.7645952528717395, 5.259676679873747, 5.7556085368905645, 6.2382497541760085, 6.695515058212246, 7.131983510289039, 7.482108496048439, 7.828267271658292, 8.224248344399514, 8.648366092860696, 9.070228093927302, 9.394015091439112, 9.676513581602102, 9.951236858266837, 10.287943789864936, 10.609423340633704, 10.84568441823163, 10.957715229653601, 11.070411536024706, 11.204307211948237, 11.35865258833466, 11.530965179707316, 11.900140209547795, 12.212058930160929
27.pdb, 5, 3, 0.4378601890317195, 0.82585562268578, 0.9725060920219846, -, -, -, 1.388917467685802, 16.319462891841603, , length, 0.6257054639888214, 1.1257054639888215, 1.6257054639888215, 2.1257054639888215, 2.6257054639888215, 3.1257054639888215, 3.6257054639888215, 4.1257054639888215, 4.6257054639888215, 5.1257054639888215, 5.6257054639888215, 6.1257054639888215, 6.6257054639888215, 7.1257054639888215, 7.6257054639888215, 8.125705463988822, 8.625705463988822, 9.125705463988822, 9.625705463988822, 10.125705463988822, 10.625705463988822, 11.125705463988822, 11.625705463988822, 12.125705463988822, 12.625705463988822, 13.125705463988822, 13.625705463988822, 14.125705463988822, 14.625705463988822, 15.125705463988822, 15.625705463988822, 16.125705463988822, 16.625705463988822, 17.125705463988822, 17.625705463988822
27.pdb, 5, 3, 0.4378601890317195, 0.82585562268578, 0.9725060920219846, -, -, -, 1.388917467685802, 16.319462891841603, , R, 2.0393723654177, 1.973698137438, 1.7885888368617435, 1.6778571752060312, 1.5121073275824444, 1.4035008249867176, 1.3885732047849502, 1.46482394337973, 1.258582721705914, 1.0965543847908668, 1.0368940710577819, 0.9725592660470819, 1.0203060909744381, 1.1747640958102232, 1.3583733449112925, 1.558948933007945, 1.6186654323960237, 1.508129847964457, 1.3973115271203544, 1.3107437308667163, 1.279017814431698, 1.3352196157943161, 1.360083401479922, 1.3429660451658576, 1.3975763492280409, 1.4416622383054059, 1.379086791112374, 1.2689125078669388, 1.2917910089700417, 1.3305552376585157, 1.4642817398499643, 1.6797716172910253, 1.8568338296496856, 1.8598940541941615, 1.8755888923497197
27.pdb, 5, 3, 0.4378601890317195, 0.82585562268578, 0.9725060920219846, -, -, -, 1.388917467685802, 16.319462891841603, , Upper limit of R overestimation, -, -, -, -, -, -, -, -, -, -, -, -, -, -, -, -, -, -, -, -, -, -, -, -, -, -, -, -, -, -, -, -, -, -, -
37.pdb, 5, 2, 0.3272997063625651, 1.1168789946261377, 1.0066256432654253, -, -, -, 1.4559034686658536, 19.971293880584934, , X, 8.862655499943575, 8.929339871278907, 8.974706424853181, 8.977624427499148, 9.005443722619157, 9.038779531946744, 9.072115341274332, 9.079692713805763, 8.700462507648224, 8.314431182807212, 7.94951821148657, 8.018162521073698, 8.154250451420259, 8.256343281666064, 8.249656661797735, 8.291197077475418, 8.367529550738066, 8.443862024000715, 8.471515648714488, 8.317372696822192, 8.323261609017894, 8.305506543533062, 8.28775147804823, 8.419622936527269, 8.376064960473299, 8.347892083634429, 8.405184460676805, 8.718854840478157, 9.03252522027951, 9.346195600080863, 9.678004207105435, 10.036957804858499, 10.472449278651474, 10.775557020008243, 10.685297561513272, 10.57294593813168, 10.46059431475009, 10.385469930292112, 10.513827050770827, 10.642184171249543, 10.799716784344081, 11.004326521980133
37.pdb, 5, 2, 0.3272997063625651, 1.1168789946261377, 1.0066256432654253, -, -, -, 1.4559034686658536, 19.971293880584934, , Y, -0.6021437555625587, -0.31195784965865797, 0.03710114657872744, 0.5033896548299082, 0.9696878003696964, 1.4359880809086853, 1.9022883614476742, 2.304797115909813, 2.6178847812428714, 2.9227552719338314, 3.239681752155952, 3.6849297008160837, 4.125462220130624, 4.58366276918278, 5.069733509064894, 5.562169057541839, 6.056237928975492, 6.550306800409146, 7.008621339697224, 7.206116119054118, 7.434416905466522, 7.6544552517871685, 7.874493598107816, 7.9520540302632705, 7.870789939358915, 7.848841306386197, 8.113775621646997, 8.066830745387646, 8.019885869128295, 7.972940992868944, 7.886141660737047, 7.712936986389755, 7.6962249574352, 7.744351174319448, 7.744659742294427, 7.741869258537231, 7.739078774780035, 7.801111849659452, 8.21746599825041, 8.633820146841368, 9.011319846360053, 9.298831328207964
37.pdb, 5, 2, 0.3272997063625651, 1.1168789946261377, 1.0066256432654253, -, -, -, 1.4559034686658536, 19.971293880584934, , Z, 2.272726884876357, 2.6744050329431195, 2.8814671695281717, 2.7010052280184813, 2.523091430086565, 2.345742135794947, 2.168392841503329, 1.8803023449389402, 1.9583161985286188, 2.0479476670390997, 2.144474314228915, 2.3336190379471895, 2.527038723192447, 2.6913793703129665, 2.758353435139025, 2.745137042975494, 2.73681215223247, 2.728487261489447, 2.7465816080215433, 3.0964169477348777, 3.512179964408791, 3.9608088575912346, 4.409437750773678, 4.809746717519538, 5.301172042723246, 5.7798132408701015, 6.19352912362597, 6.580061232807431, 6.966593341988893, 7.353125451170354, 7.715417379704857, 8.007861281498096, 8.215445931942297, 8.492504239357645, 8.983883951697374, 9.47108958171813, 9.958295211738886, 10.408088995165324, 10.653392220936023, 10.898695446706723, 11.168382994363924, 11.522190462621806
37.pdb, 5, 2, 0.3272997063625651, 1.1168789946261377, 1.0066256432654253, -, -, -, 1.4559034686658536, 19.971293880584934, , distance, 1.5029028131496214, 1.8233831704848267, 2.0180719118384567, 1.9213119411175377, 1.9559089511536099, 2.112608072797991, 2.3665683833981372, 2.585248135244723, 2.8986186831681264, 3.256028814535765, 3.6551082403254616, 4.11077638781909, 4.559623999326907, 5.027774792096899, 5.503594939618836, 5.957332621593519, 6.4173171010129275, 6.882884975473847, 7.327527956300028, 7.622531670818684, 7.968247763639875, 8.332641335658492, 8.710502329641912, 8.942733330011295, 9.101112643796561, 9.326396033714135, 9.768517012199904, 9.936788903323661, 10.126975007414284, 10.337865925439875, 10.523738965418605, 10.622354323538337, 10.807433903631368, 11.0801436172132, 11.40915806173027, 11.741838965648679, 12.086052991481811, 12.45742809091207, 12.925148771013427, 13.395201635862549, 13.86401582160042, 14.344429197313461
37.pdb, 5, 2, 0.3272997063625651, 1.1168789946261377, 1.0066256432654253, -, -, -, 1.4559034686658536, 19.971293880584934, , length, 1.5029028131496214, 2.002902813149621, 2.502902813149621, 3.002902813149621, 3.502902813149621, 4.002902813149621, 4.502902813149621, 5.002902813149621, 5.502902813149621, 6.002902813149621, 6.502902813149621, 7.002902813149621, 7.502902813149621, 8.002902813149621, 8.502902813149621, 9.002902813149621, 9.502902813149621, 10.002902813149621, 10.502902813149621, 11.002902813149621, 11.502902813149621, 12.002902813149621, 12.502902813149621, 13.002902813149621, 13.502902813149621, 14.002902813149621, 14.502902813149621, 15.002902813149621, 15.502902813149621, 16.00290281314962, 16.50290281314962, 17.00290281314962, 17.50290281314962, 18.00290281314962, 18.50290281314962, 19.00290281314962, 19.50290281314962, 20.00290281314962, 20.50290281314962, 21.00290281314962, 21.50290281314962, 22.00290281314962
37.pdb, 5, 2, 0.3272997063625651, 1.1168789946261377, 1.0066256432654253, -, -, -, 1.4559034686658536, 19.971293880584934, , R, 2.0395010895528634, 2.073433531272456, 2.0690472589801994, 1.9088837941439463, 1.8040230792309144, 1.7760173268350357, 1.8313699211235697, 1.9057023589782875, 1.6998756286803, 1.5611472499513346, 1.4945912669878638, 1.274997949461093, 1.1149616964378655, 1.0387644637483386, 1.0185766597572707, 1.0147500182425062, 1.1121493856869835, 1.3073794926496902, 1.537678728979021, 1.4088018731613319, 1.316597956888023, 1.2933649534544014, 1.3691384364444767, 1.3859801822289566, 1.3294471235881884, 1.342290053865858, 1.3023963697839014, 1.1324315347361333, 1.0624071554332242, 1.1014637537183483, 1.2225128078952603, 1.3816179618033002, 1.4850356911777658, 1.517520977460544, 1.3551652729619377, 1.2736751367727928, 1.2918402421554112, 1.3595733462954047, 1.257179899383454, 1.2543941005474866, 1.3217023723867747, 1.3894432427566807
37.pdb, 5, 2, 0.3272997063625651, 1.1168789946261377, 1.0066256432654253, -, -, -, 1.4559034686658536, 19.971293880584934, , Upper limit of R overestimation, -, -, -, -, -, -, -, -, -, -, -, -, -, -, -, -, -, -, -, -, -, -, -, -, -, -, -, -, -, -, -, -, -, -, -, -, -, -, -, -, -, -
37.pdb, 5, 3, 0.3134293919099157, 1.1601811694438917, 1.0066256432654253, -, -, -, 1.6570739300957193, 20.395033790527552, , X, 8.862655499943575, 8.929339871278907, 8.974706424853181, 8.977624427499148, 9.005443722619157, 9.038779531946744, 9.072115341274332, 9.079692713805763, 8.700462507648224, 8.314431182807212, 7.94951821148657, 8.018162521073698, 8.154250451420259, 8.256343281666064, 8.249656661797735, 8.291197077475418, 8.367529550738066, 8.443862024000715, 8.471515648714488, 8.317372696822192, 8.323261609017894, 8.305506543533062, 8.28775147804823, 8.419622936527269, 8.376064960473299, 8.347892083634429, 8.405184460676805, 8.718854840478157, 9.03252522027951, 9.346195600080863, 9.678004207105435, 10.036957804858499, 10.472449278651474, 10.775557020008243, 10.685297561513272, 10.57294593813168, 10.46059431475009, 10.405698772890178, 10.666648949396906, 10.93309422589897, 11.21845593787618, 11.510380406747442, 11.79389328105775
37.pdb, 5, 3, 0.3134293919099157, 1.1601811694438917, 1.0066256432654253, -, -, -, 1.6570739300957193, 20.395033790527552, , Y, -0.6021437555625587, -0.31195784965865797, 0.03710114657872744, 0.5033896548299082, 0.9696878003696964, 1.4359880809086853, 1.9022883614476742, 2.304797115909813, 2.6178847812428714, 2.9227552719338314, 3.239681752155952, 3.6849297008160837, 4.125462220130624, 4.58366276918278, 5.069733509064894, 5.562169057541839, 6.056237928975492, 6.550306800409146, 7.008621339697224, 7.206116119054118, 7.434416905466522, 7.6544552517871685, 7.874493598107816, 7.9520540302632705, 7.870789939358915, 7.848841306386197, 8.113775621646997, 8.066830745387646, 8.019885869128295, 7.972940992868944, 7.886141660737047, 7.712936986389755, 7.6962249574352, 7.744351174319448, 7.744659742294427, 7.741869258537231, 7.739078774780035, 7.6791310331438645, 7.309668290878588, 6.949092572582974, 6.690511087846756, 6.802618731342666, 6.618163986498117
37.pdb, 5, 3, 0.3134293919099157, 1.1601811694438917, 1.0066256432654253, -, -, -, 1.6570739300957193, 20.395033790527552, , Z, 2.272726884876357, 2.6744050329431195, 2.8814671695281717, 2.7010052280184813, 2.523091430086565, 2.345742135794947, 2.168392841503329, 1.8803023449389402, 1.9583161985286188, 2.0479476670390997, 2.144474314228915, 2.3336190379471895, 2.527038723192447, 2.6913793703129665, 2.758353435139025, 2.745137042975494, 2.73681215223247, 2.728487261489447, 2.7465816080215433, 3.0964169477348777, 3.512179964408791, 3.9608088575912346, 4.409437750773678, 4.809746717519538, 5.301172042723246, 5.7798132408701015, 6.19352912362597, 6.580061232807431, 6.966593341988893, 7.353125451170354, 7.715417379704857, 8.007861281498096, 8.215445931942297, 8.492504239357645, 8.983883951697374, 9.47108958171813, 9.958295211738886, 10.402659484144715, 10.615599797921414, 10.836941312340517, 11.103983910201585, 11.465684326202863, 11.799448079540866
37.pdb, 5, 3, 0.3134293919099157, 1.1601811694438917, 1.0066256432654253, -, -, -, 1.6570739300957193, 20.395033790527552, , distance, 1.5029028131496214, 1.8233831704848267, 2.0180719118384567, 1.9213119411175377, 1.9559089511536099, 2.112608072797991, 2.3665683833981372, 2.585248135244723, 2.8986186831681264, 3.256028814535765, 3.6551082403254616, 4.11077638781909, 4.559623999326907, 5.027774792096899, 5.503594939618836, 5.957332621593519, 6.4173171010129275, 6.882884975473847, 7.327527956300028, 7.622531670818684, 7.968247763639875, 8.332641335658492, 8.710502329641912, 8.942733330011295, 9.101112643796561, 9.326396033714135, 9.768517012199904, 9.936788903323661, 10.126975007414284, 10.337865925439875, 10.523738965418605, 10.622354323538337, 10.807433903631368, 11.0801436172132, 11.40915806173027, 11.741838965648679, 12.086052991481811, 12.379110823006092, 12.354757830883168, 12.363347752515534, 12.488176917377663, 12.902759773283215, 13.143545432759248
37.pdb, 5, 3, 0.3134293919099157, 1.1601811694438917, 1.0066256432654253, -, -, -, 1.6570739300957193, 20.395033790527552, , length, 1.5029028131496214, 2.002902813149621, 2.502902813149621, 3.002902813149621, 3.502902813149621, 4.002902813149621, 4.502902813149621, 5.002902813149621, 5.502902813149621, 6.002902813149621, 6.502902813149621, 7.002902813149621, 7.502902813149621, 8.002902813149621, 8.502902813149621, 9.002902813149621, 9.502902813149621, 10.002902813149621, 10.502902813149621, 11.002902813149621, 11.502902813149621, 12.002902813149621, 12.502902813149621, 13.002902813149621, 13.502902813149621, 14.002902813149621, 14.502902813149621, 15.002902813149621, 15.502902813149621, 16.00290281314962, 16.50290281314962, 17.00290281314962, 17.50290281314962, 18.00290281314962, 18.50290281314962, 19.00290281314962, 19.50290281314962, 20.00290281314962, 20.50290281314962, 21.00290281314962, 21.50290281314962, 22.00290281314962, 22.50290281314962
37.pdb, 5, 3, 0.3134293919099157, 1.1601811694438917, 1.0066256432654253, -, -, -, 1.6570739300957193, 20.395033790527552, , R, 2.0395010895528634, 2.073433531272456, 2.0690472589801994, 1.9088837941439463, 1.8040230792309144, 1.7760173268350357, 1.8313699211235697, 1.9057023589782875, 1.6998756286803, 1.5611472499513346, 1.4945912669878638, 1.274997949461093, 1.1149616964378655, 1.0387644637483386, 1.0185766597572707, 1.0147500182425062, 1.1121493856869835, 1.3073794926496902, 1.537678728979021, 1.4088018731613319, 1.316597956888023, 1.2933649534544014, 1.3691384364444767, 1.3859801822289566, 1.3294471235881884, 1.342290053865858, 1.3023963697839014, 1.1324315347361333, 1.0624071554332242, 1.1014637537183483, 1.2225128078952603, 1.3816179618033002, 1.4850356911777658, 1.517520977460544, 1.3551652729619377, 1.2736751367727928, 1.2918402421554112, 1.3549589299619262, 1.2189662401065526, 1.175699729802804, 1.1795033418411383, 1.092798652731213, 1.1944510777583777
37.pdb, 5, 3, 0.3134293919099157, 1.1601811694438917, 1.0066256432654253, -, -, -, 1.6570739300957193, 20.395033790527552, , Upper limit of R overestimation, -, -, -, -, -, -, -, -, -, -, -, -, -, -, -, -, -, -, -, -, -, -, -, -, -, -, -, -, -, -, -, -, -, -, -, -, -, -, -, -, -, -, -
38.pdb, 5, 5, 0.3644214187213347, 1.0094443372739297, 1.0556286674093214, -, -, -, 1.4658347538815046, 19.171857801180664, , X, 8.350121450888917, 8.4719713507479, 8.573554130713832, 8.730472021341688, 8.887389911969546, 9.00006453308946, 8.827136039775075, 8.680992377614587, 8.521579930419149, 8.648831847698801, 8.908158601133271, 8.946196740403481, 9.17290468892997, 9.436108531159027, 9.541007313419437, 9.49614731410086, 9.451287314782284, 9.406427315463707, 9.427534299135935, 9.47284413776898, 9.560645097722507, 9.204734022766479, 8.938050604478722, 8.671367186190963, 8.44087130338075, 8.439276992315941, 8.437682681251134, 8.317693810868569, 8.455958503032038, 8.865385640720644, 9.190709394284598, 9.591718598308201, 10.018242391496841, 10.444766184685482, 10.586122849939354, 10.550355874930776, 10.525443207060594, 10.530225985225782, 10.524363988007638, 10.50031311859212, 10.605234749382134
38.pdb, 5, 5, 0.3644214187213347, 1.0094443372739297, 1.0556286674093214, -, -, -, 1.4658347538815046, 19.171857801180664, , Y, -1.1850671194875755, -0.7860401306472042, -0.4164292652167053, 0.049313789325809876, 0.515056843868325, 0.9811319574611866, 1.4493506083651417, 1.896804343111323, 2.284676476752303, 2.658948782044597, 3.07358044373804, 3.509703662998225, 3.9173664278018254, 4.320530573960446, 4.77056041826246, 5.264925862785929, 5.759291307309397, 6.253656751832865, 6.672414467752064, 6.992238242060273, 6.976855611993404, 7.171100437786106, 7.34800586730597, 7.524911296825834, 7.687720076750827, 7.761361545168445, 7.835003013586062, 7.800286775562811, 7.680537724607169, 7.787145735764969, 7.854086382432043, 7.788623137222244, 7.668720058647317, 7.54881698007239, 7.395792842367756, 7.229792288291663, 7.134689591682744, 7.208795874639926, 7.279951503642991, 7.346065310180345, 7.472211619952966
38.pdb, 5, 5, 0.3644214187213347, 1.0094443372739297, 1.0556286674093214, -, -, -, 1.4658347538815046, 19.171857801180664, , Z, 1.6444777292463648, 1.9200318329743657, 1.910594678637322, 2.002573930353738, 2.0945531820701544, 2.1781445826028003, 2.207589975208382, 2.1833781336932385, 2.02573671994912, 2.073727903274862, 2.0383503753661314, 2.243062496846915, 2.393814764675316, 2.5286569268059056, 2.56341655108319, 2.5034967069391083, 2.443576862795027, 2.383657018650946, 2.6400613642999207, 2.9875793736680882, 3.4384699311178717, 3.7088507260448815, 4.093017907642619, 4.477185089240358, 4.876419988697865, 5.370964619951229, 5.865509251204593, 6.230959800757044, 6.614357136932612, 6.848945646705529, 7.212580682999528, 7.477063485803865, 7.7087976127516, 7.940531739699336, 8.332408437621464, 8.8026274914804, 9.279985457836336, 9.77444009059782, 10.269105577920898, 10.764131355295673, 11.185436228924658
38.pdb, 5, 5, 0.3644214187213347, 1.0094443372739297, 1.0556286674093214, -, -, -, 1.4658347538815046, 19.171857801180664, , distance, 1.4533520550787216, 1.3310308223351326, 1.1345865084419156, 1.1455216798644092, 1.3554162803140368, 1.6810590997818948, 2.020286130859855, 2.366722106656341, 2.6390139037079092, 2.9844935091922813, 3.3486652538850885, 3.8296838088200147, 4.275048261426716, 4.723853327143709, 5.168476305577192, 5.610587156950441, 6.061701837781334, 6.519951694191144, 6.988720946697808, 7.393156702669339, 7.528046263499447, 7.7801786741066765, 8.08307268561503, 8.404816945112321, 8.735921826437222, 9.03728719813136, 9.35568221165061, 9.533164839854706, 9.650946744366115, 9.868875121335691, 10.151050541127232, 10.28915616707131, 10.388672301040472, 10.511055595249676, 10.693024502516568, 10.909107505249835, 11.195903728066744, 11.618880942312598, 12.044645717496069, 12.470780576844417, 12.894839370192932
38.pdb, 5, 5, 0.3644214187213347, 1.0094443372739297, 1.0556286674093214, -, -, -, 1.4658347538815046, 19.171857801180664, , length, 1.4533520550787216, 1.9533520550787216, 2.453352055078722, 2.953352055078722, 3.453352055078722, 3.953352055078722, 4.453352055078722, 4.953352055078722, 5.453352055078722, 5.953352055078722, 6.453352055078722, 6.953352055078722, 7.453352055078722, 7.953352055078722, 8.453352055078721, 8.953352055078721, 9.453352055078721, 9.953352055078721, 10.453352055078721, 10.953352055078721, 11.453352055078721, 11.953352055078721, 12.453352055078721, 12.953352055078721, 13.453352055078721, 13.953352055078721, 14.453352055078721, 14.953352055078721, 15.453352055078721, 15.953352055078721, 16.45335205507872, 16.95335205507872, 17.45335205507872, 17.95335205507872, 18.45335205507872, 18.95335205507872, 19.45335205507872, 19.95335205507872, 20.45335205507872, 20.95335205507872, 21.45335205507872
38.pdb, 5, 5, 0.3644214187213347, 1.0094443372739297, 1.0556286674093214, -, -, -, 1.4658347538815046, 19.171857801180664, , R, 2.0916141553618104, 1.970018230825165, 1.8737738470018532, 1.8127435810093877, 1.8340010064787344, 1.8909831349440431, 1.7323686116977177, 1.6595440207893464, 1.567694981353047, 1.4749916219752273, 1.3221472751659682, 1.2496874799684303, 1.1226634198168635, 1.0716905006946955, 1.0585489281640859, 1.0877338503720655, 1.2220671087658255, 1.4455797074728818, 1.5620645072683026, 1.665673815846574, 1.5873696651926312, 1.4801746504332847, 1.3429342384745608, 1.2999385843630644, 1.324113256165983, 1.2432830420299334, 1.2633546876138768, 1.3112555836367636, 1.2370057180598282, 1.2873974359672988, 1.2780969165850762, 1.2818173725490916, 1.359247576073509, 1.5276507915401842, 1.5217335038832893, 1.4510087116215817, 1.428836278542905, 1.3965027450093472, 1.4542125302039237, 1.5928424282471056, 1.73435964375839
38.pdb, 5, 5, 0.3644214187213347, 1.0094443372739297, 1.0556286674093214, -, -, -, 1.4658347538815046, 19.171857801180664, , Upper limit of R overestimation, -, -, -, -, -, -, -, -, -, -, -, -, -, -, -, -, -, -, -, -, -, -, -, -, -, -, -, -, -, -, -, -, -, -, -, -, -, -, -, -, -
41.pdb, 5, 3, 0.5262047228447692, 0.6420649350365784, 1.191181162682757, -, -, -, 1.2789307941666501, 16.827870737583215, , X, 8.604321401193914, 8.67590509982882, 8.769351419799401, 8.768328471379805, 8.751294257161877, 8.67832990555175, 8.569767907479777, 8.669079290787735, 8.768390674095693, 8.867702057403651, 8.967013440711609, 8.92701863829399, 8.852037165202013, 8.888966983054283, 8.97566976154508, 9.07936647977193, 9.36801637711874, 9.631309166309101, 9.74626229350204, 9.900068942025447, 10.065578156759383, 10.030716833496232, 10.231335023226665, 10.441716945935472, 10.703419842809067, 11.04530363382841, 11.315818825516402, 11.4509590178701, 11.399902268548459, 11.6051277481215, 11.602450977613488, 11.603541758092351, 11.455653439982616, 11.424640841409307, 11.393628242836, 11.38669269403864
41.pdb, 5, 3, 0.5262047228447692, 0.6420649350365784, 1.191181162682757, -, -, -, 1.2789307941666501, 16.827870737583215, , Y, -0.1419591261494522, 0.33704200982816607, 0.7144066409541774, 1.076041265323203, 1.458363579200239, 1.783123296465011, 2.156727613189118, 2.613960713911011, 3.0711938146329034, 3.528426915354796, 3.985660016076689, 4.461402936112551, 4.941794586922331, 5.430373847945438, 5.922594578899175, 6.389421784332813, 6.529764473067107, 6.4026381454993295, 6.6344796685005765, 6.639538937979285, 6.597264205279919, 6.694312627716629, 6.5259589413278825, 6.343471052009765, 5.979625736139772, 5.97408209273416, 6.08116198208485, 6.304042027573007, 6.712327892477738, 7.125670772931056, 7.410307883430549, 7.618455408982242, 7.713977273630076, 7.743300907977248, 7.7726245423244205, 7.938466004077496
41.pdb, 5, 3, 0.5262047228447692, 0.6420649350365784, 1.191181162682757, -, -, -, 1.2789307941666501, 16.827870737583215, , Z, 0.34793833475458436, 0.4189007417844956, 0.7043246705865852, 1.044387767072805, 1.3659741070972982, 1.7062031648184992, 1.9858540368575242, 2.1621354617147777, 2.338416886572031, 2.5146983114292842, 2.6909797362865375, 2.819580723041667, 2.936206794420286, 2.9622866907933396, 2.9480958408771176, 2.964839590516818, 3.332123903667482, 3.7377293819336037, 4.1253126655316965, 4.592270241245792, 5.062184644954971, 5.534667751322065, 5.960589549576866, 6.35763208815301, 6.446127038351392, 6.745490350434327, 7.0413364151314415, 7.390504679755029, 7.626431513927164, 7.770744563218077, 8.10779429741513, 8.511242087443811, 8.903307956480198, 9.401482969099662, 9.899657981719127, 10.352533147776311
41.pdb, 5, 3, 0.5262047228447692, 0.6420649350365784, 1.191181162682757, -, -, -, 1.2789307941666501, 16.827870737583215, , distance, 0.5838775506492213, 0.62923598368113, 0.8003415980843767, 1.1566413799902935, 1.604641736717706, 2.0354856382223807, 2.501858324362688, 2.979434486900821, 3.463345874769807, 3.951265548509252, 4.441872828142111, 4.928228695278888, 5.415666128379056, 5.879561599529053, 6.338347304826363, 6.788790141776331, 7.057315011327437, 7.1166770117404985, 7.500973530439588, 7.7387952457435425, 7.963472573701308, 8.29585738433554, 8.440463759241965, 8.584482922388275, 8.428596904565694, 8.705375797482692, 9.050451833060064, 9.477075285129505, 9.902109571843882, 10.33838852622115, 10.761376118017932, 11.179060114876947, 11.480546955788261, 11.847037712408216, 12.222996633984069, 12.664021341909503
41.pdb, 5, 3, 0.5262047228447692, 0.6420649350365784, 1.191181162682757, -, -, -, 1.2789307941666501, 16.827870737583215, , length, 0.5838775506492213, 1.0838775506492213, 1.5838775506492213, 2.0838775506492215, 2.5838775506492215, 3.0838775506492215, 3.5838775506492215, 4.0838775506492215, 4.5838775506492215, 5.0838775506492215, 5.5838775506492215, 6.0838775506492215, 6.5838775506492215, 7.0838775506492215, 7.5838775506492215, 8.083877550649222, 8.583877550649222, 9.083877550649222, 9.583877550649222, 10.083877550649222, 10.583877550649222, 11.083877550649222, 11.583877550649222, 12.083877550649222, 12.583877550649222, 13.083877550649222, 13.583877550649222, 14.083877550649222, 14.583877550649222, 15.083877550649222, 15.583877550649222, 16.08387755064922, 16.58387755064922, 17.08387755064922, 17.58387755064922, 18.08387755064922
41.pdb, 5, 3, 0.5262047228447692, 0.6420649350365784, 1.191181162682757, -, -, -, 1.2789307941666501, 16.827870737583215, , R, 1.959837311845367, 1.9198712241087883, 1.877130666638253, 1.8018777778268478, 1.782105284949479, 1.7572886848389404, 1.6768878776426084, 1.4318683135153807, 1.265152688748832, 1.1931620793429134, 1.224349747285692, 1.2926303671379136, 1.440066468164937, 1.5892601001722213, 1.7818301037484463, 2.0060631444548704, 1.8787291737579273, 1.624338393111309, 1.596993954636506, 1.4721666170484797, 1.4076079001768431, 1.4006445561645078, 1.4414529891986032, 1.5644510968391139, 1.557798170249377, 1.6253124130311816, 1.7291153734749336, 1.7835042030059831, 1.7470647110280535, 1.5909522420861493, 1.5637160299685002, 1.5813233194602712, 1.5676916890849923, 1.479845343742609, 1.483845160758673, 1.500233236834627
41.pdb, 5, 3, 0.5262047228447692, 0.6420649350365784, 1.191181162682757, -, -, -, 1.2789307941666501, 16.827870737583215, , Upper limit of R overestimation, -, -, -, -, -, -, -, -, -, -, -, -, -, -, -, -, -, -, -, -, -, -, -, -, -, -, -, -, -, -, -, -, -, -, -, -
43.pdb, 5, 6, 0.4204324535118429, 0.8664714462132739, 1.0588858156736525, -, -, -, 1.2804114862180367, 17.582780348309377, , X, 8.915423644783205, 8.962339485612617, 9.011272870427556, 9.058605278584972, 9.084992948715156, 9.111380618845342, 9.134768046836662, 9.303470892971717, 9.403943499001299, 9.501535222297202, 9.599126945593104, 9.683938205864164, 9.535871666855957, 9.37925924275651, 9.22264681865706, 9.066034394557612, 8.88432655617817, 8.64732361284586, 8.562602429017787, 8.622965428372192, 8.715028101972502, 8.844898971253132, 8.993805930629877, 9.142712890006624, 9.363856727766036, 9.749444133481832, 9.9306555659788, 10.161687002464298, 10.446365056737738, 10.750958619921064, 10.910815046835449, 10.874392410452618, 10.789375643397424, 10.704358876342228, 10.619342109287032, 10.57279690810698, 10.721725549076009
43.pdb, 5, 6, 0.4204324535118429, 0.8664714462132739, 1.0588858156736525, -, -, -, 1.2804114862180367, 17.582780348309377, , Y, -0.15236466718993064, 0.3232995431532294, 0.799399403799469, 1.2597052086532916, 1.513385664283528, 1.7670661199137645, 2.1067439168493762, 2.5756042762860174, 3.0188150725563236, 3.4609428683339143, 3.9030706641115054, 4.351516171521394, 4.825065101458822, 5.298585285004749, 5.772105468550675, 6.245625652096601, 6.599707494797598, 6.690619520147448, 6.908704046306316, 7.247950282595253, 7.481131997660717, 7.548116139035144, 7.494929814254711, 7.441743489474277, 7.403011955614903, 7.397186015772627, 7.5479172274355575, 7.455724246415027, 7.418692824300052, 7.8029211835264505, 8.098121514234144, 8.216014863949532, 8.247510887971279, 8.279006911993026, 8.310502936014773, 8.333625219733351, 8.311567356378996
43.pdb, 5, 6, 0.4204324535118429, 0.8664714462132739, 1.0588858156736525, -, -, -, 1.2804114862180367, 17.582780348309377, , Z, 0.5369023508848638, 0.6834517054554037, 0.8281391152158393, 0.9930907624717571, 1.4231488019226388, 1.8532068413735208, 2.0682572149799245, 2.1096010543623, 2.3148114872442886, 2.526940852832801, 2.7390702184213134, 2.9399781735446657, 2.9132061783429113, 2.8778340934124635, 2.8424620084820162, 2.807089923551569, 2.9172335254450417, 3.348005632827367, 3.7437179757809482, 4.106027649227202, 4.524670037065284, 4.991795020313464, 5.466134489792362, 5.9404739592712605, 6.3671761642315925, 6.685434567071669, 7.122342210883506, 7.535162299893847, 7.914977258608807, 7.98572711792768, 8.35627089067826, 8.804837474521895, 9.296548924246531, 9.788260373971168, 10.279971823695805, 10.776931916914169, 11.198543625499857
43.pdb, 5, 6, 0.4204324535118429, 0.8664714462132739, 1.0588858156736525, -, -, -, 1.2804114862180367, 17.582780348309377, , distance, 0.34939388090596785, 0.4428897327241435, 0.878421495385054, 1.3449826015984436, 1.6874950207356039, 2.0943497060931335, 2.4955000736932127, 2.9506975123291, 3.4487917723886055, 3.9484826327573557, 4.448242969204536, 4.946819368821551, 5.342611747290001, 5.7502866381067905, 6.171555116702587, 6.603816222201088, 6.971319170837355, 7.19800101695651, 7.547545860150706, 7.999613139384221, 8.3850545910127, 8.656674564605568, 8.847939803848803, 9.062784507400306, 9.286548971387306, 9.502357736363063, 9.909427893055506, 10.133368988218098, 10.400112573986265, 10.77609798346312, 11.264939409807193, 11.645028999918326, 11.993277612998298, 12.35195188607669, 12.720169923765205, 13.100713345102601, 13.428495865884129
43.pdb, 5, 6, 0.4204324535118429, 0.8664714462132739, 1.0588858156736525, -, -, -, 1.2804114862180367, 17.582780348309377, , length, 0.34939388090596785, 0.8493938809059678, 1.3493938809059678, 1.8493938809059678, 2.349393880905968, 2.849393880905968, 3.349393880905968, 3.849393880905968, 4.349393880905968, 4.849393880905968, 5.349393880905968, 5.849393880905968, 6.349393880905968, 6.849393880905968, 7.349393880905968, 7.849393880905968, 8.349393880905968, 8.849393880905968, 9.349393880905968, 9.849393880905968, 10.349393880905968, 10.849393880905968, 11.349393880905968, 11.849393880905968, 12.349393880905968, 12.849393880905968, 13.349393880905968, 13.849393880905968, 14.349393880905968, 14.849393880905968, 15.349393880905968, 15.849393880905968, 16.349393880905968, 16.849393880905968, 17.349393880905968, 17.849393880905968, 18.349393880905968
43.pdb, 5, 6, 0.4204324535118429, 0.8664714462132739, 1.0588858156736525, -, -, -, 1.2804114862180367, 17.582780348309377, , R, 1.9544167773422207, 1.8483437551723123, 1.8208781452510585, 1.8681545708559344, 1.8995171043932453, 2.0094298699595265, 1.9686188563081768, 1.7429745100623701, 1.4753186256140418, 1.2753147046659816, 1.1658055764821131, 1.1496398926684324, 1.0650688693301371, 1.0826878896615393, 1.206406245920751, 1.4212436054677073, 1.5627434616491425, 1.4629984845574688, 1.4278750513754022, 1.4612190897080615, 1.4756752776706146, 1.421128393798799, 1.3507147927308119, 1.3772034942808273, 1.4530557571522975, 1.518661757332892, 1.5952195436256826, 1.630206107890088, 1.6956331897215018, 1.6625476070329663, 1.5424793974879256, 1.4324262929955733, 1.3494560859339042, 1.3631590821009179, 1.4720483951843788, 1.6381922425725584, 1.7060176787215855
43.pdb, 5, 6, 0.4204324535118429, 0.8664714462132739, 1.0588858156736525, -, -, -, 1.2804114862180367, 17.582780348309377, , Upper limit of R overestimation, -, -, -, -, -, -, -, -, -, -, -, -, -, -, -, -, -, -, -, -, -, -, -, -, -, -, -, -, -, -, -, -, -, -, -, -, -
12.pdb, 6, 4, 0.43719688121630185, 0.8273716562452206, 1.0759480305376716, -, -, -, 1.4013186871759766, 16.037975850466417, , X, 8.660966312307316, 8.485231758227329, 8.349204936518122, 8.239969140577847, 8.362307283905736, 8.506081704307915, 8.649856124710096, 8.847475621019257, 8.9835585127657, 8.948111024243811, 9.230352764344097, 9.681028939302163, 10.131705114260226, 10.470427897681203, 10.788123976778206, 11.105820055875208, 11.42351613497221, 11.762766238439253, 11.997174777231608, 11.949141492447607, 11.901108207663608, 12.048290815544393, 12.204823044357111, 12.361355273169828, 12.535302086611805, 12.742499276357174, 12.947698882895343, 12.933261654647216, 12.684257883364433, 12.43148895688951, 12.16660716455023, 11.915130347393342, 11.73373114184466, 11.640309030162744
12.pdb, 6, 4, 0.43719688121630185, 0.8273716562452206, 1.0759480305376716, -, -, -, 1.4013186871759766, 16.037975850466417, , Y, -0.05411646125119802, -0.3495441289314356, -0.3958845240498699, -0.4264590705886392, -0.11585196158282351, -0.06913332918195987, -0.022414696781096213, 0.09153926767109201, -0.08147812629308734, -0.5645080776713689, -0.8717853956401371, -1.0277242534095394, -1.1836631111789417, -1.3401514508748398, -1.4967429923928637, -1.6533345339108876, -1.8099260754289115, -1.9124277212652327, -1.8933618738281162, -1.8289183961406374, -1.764474918453159, -1.3374262194654696, -0.8930109970824861, -0.4485957746995026, -0.08688873928448113, 0.21593321694241135, 0.5367136294999727, 0.8896921105331687, 1.1183253237630855, 1.3590020033011594, 1.5903030058762408, 1.7983953250565043, 2.0707703577663503, 2.396215860883342
12.pdb, 6, 4, 0.43719688121630185, 0.8273716562452206, 1.0759480305376716, -, -, -, 1.4013186871759766, 16.037975850466417, , Z, 1.4106491289968834, 1.6820718810484863, 2.157394195999507, 2.623735768717646, 2.9472595835770194, 3.423858246420937, 3.9004569092648547, 4.3424795068867645, 4.740514057285266, 4.855155373524611, 5.002769117634616, 5.153015774711378, 5.3032624317881405, 5.6241308356558415, 5.977044834317555, 6.329958832979269, 6.682872831640983, 7.026527294549731, 7.411534248310249, 7.905031808320836, 8.398529368331424, 8.5807480836467, 8.74805848815642, 8.915368892666143, 9.19082753322659, 9.530486461253721, 9.835878686790116, 10.027355427300535, 10.395762777519167, 10.74663759156434, 11.081835582716119, 11.460592757078295, 11.821277661107677, 12.185875813791707
12.pdb, 6, 4, 0.43719688121630185, 0.8273716562452206, 1.0759480305376716, -, -, -, 1.4013186871759766, 16.037975850466417, , distance, 0.5749658182739765, 0.9372929346668141, 1.4228936988655527, 1.8939276615040679, 2.136006251132943, 2.578088588953514, 3.038183477031239, 3.4764792340497253, 3.8731986851990805, 4.018046654762935, 4.22816843689051, 4.46762975618347, 4.747844031342521, 5.1812029179941455, 5.645966775982722, 6.116291195943045, 6.590985901338288, 7.0555695953309625, 7.484540898445803, 7.8859163959254746, 8.298011951458289, 8.442891830469726, 8.601199869153342, 8.785149737894884, 9.098905194099725, 9.497587396144956, 9.874587800017734, 10.070182291974222, 10.334955013689596, 10.600686444717025, 10.86258485794125, 11.180547641514995, 11.523291979313855, 11.91098088482094
12.pdb, 6, 4, 0.43719688121630185, 0.8273716562452206, 1.0759480305376716, -, -, -, 1.4013186871759766, 16.037975850466417, , length, 0.5749658182739765, 1.0749658182739765, 1.5749658182739765, 2.0749658182739763, 2.5749658182739763, 3.0749658182739763, 3.5749658182739763, 4.074965818273976, 4.574965818273976, 5.074965818273976, 5.574965818273976, 6.074965818273976, 6.574965818273976, 7.074965818273976, 7.574965818273976, 8.074965818273977, 8.574965818273977, 9.074965818273977, 9.574965818273977, 10.074965818273977, 10.574965818273977, 11.074965818273977, 11.574965818273977, 12.074965818273977, 12.574965818273977, 13.074965818273977, 13.574965818273977, 14.074965818273977, 14.574965818273977, 15.074965818273977, 15.574965818273977, 16.074965818273977, 16.574965818273977, 17.074965818273977
12.pdb, 6, 4, 0.43719688121630185, 0.8273716562452206, 1.0759480305376716, -, -, -, 1.4013186871759766, 16.037975850466417, , R, 2.24064916010712, 2.224534842012531, 2.2304496585177915, 2.2845503542717402, 2.2490040035381, 2.191774395322363, 2.207732160999, 2.2588760667365806, 2.3027086853035623, 2.28576048507406, 2.1315306055057004, 1.9256354872119605, 1.789999702745191, 1.5851442485548894, 1.429380915320299, 1.3632517454286164, 1.3936219892334127, 1.488615212396246, 1.5013205253003818, 1.3682591361902443, 1.3287897106798299, 1.1604314042004706, 1.0792017010100976, 1.1060538531957211, 1.1018252201334955, 1.1160698387646522, 1.2127316490470552, 1.1527768280290924, 1.101645152008069, 1.1407730829473175, 1.088510315423293, 1.1303699145576658, 1.1876651283733366, 1.2354643481933085
12.pdb, 6, 4, 0.43719688121630185, 0.8273716562452206, 1.0759480305376716, -, -, -, 1.4013186871759766, 16.037975850466417, , Upper limit of R overestimation, -, -, -, -, -, -, -, -, -, -, -, -, -, -, -, -, -, -, -, -, -, -, -, -, -, -, -, -, -, -, -, -, -, -
25.pdb, 6, 2, 0.5063153715210491, 0.6805955399673435, 0.9047252268302926, -, -, -, 1.3133520865644182, 17.411622632292268, , X, 7.968575687664831, 7.987276167541128, 8.268398763516272, 8.541935905366987, 8.653239053326057, 8.786366506306651, 8.968373423990982, 9.148939678785858, 9.230808021702414, 9.36766002179566, 9.544948797415538, 9.902767364156743, 10.260585930897948, 10.635321990675918, 11.009338273433883, 11.364925047358827, 11.720511821283774, 11.952489323374362, 12.100674619808487, 12.06005144476251, 11.836070190055372, 11.835911196098358, 11.841218040101975, 12.011127473655275, 12.185888740847531, 11.83402512339004, 11.658421163402576, 11.268878875217482, 11.277356640391819, 11.527593531611334, 11.312186671309297, 11.220590876021019, 11.128995080732743, 11.03043768799935, 10.989236561117261, 11.09640588556021, 11.227332426166562
25.pdb, 6, 2, 0.5063153715210491, 0.6805955399673435, 0.9047252268302926, -, -, -, 1.3133520865644182, 17.411622632292268, , Y, -1.0227143900393738, -1.074984464603059, -0.7259295046959312, -0.37429249039084234, 0.034453217437200784, 0.3472672326358717, 0.1827101158600607, 0.07150661739420291, -0.04667173518597556, -0.2505973388993251, -0.4485774513890672, -0.6200139467201019, -0.7914504420511366, -0.954212211149479, -0.8980787381917035, -0.8035305549256662, -0.7089823716596286, -0.38134818663148706, -0.10979102924481582, -0.21356980381877796, -0.5835648583511696, -0.8353856925469874, -1.0839692705527126, -1.287032837553084, -1.2841345913389712, -1.048999530825683, -0.9564977186799399, -0.9225869412458264, -0.7162840670592081, -0.4371664144305136, -0.21561652763562966, 0.031647047825005825, 0.27891062328564137, 0.5445524756895909, 0.8609164384264134, 0.9763401972722245, 1.418424930494657
25.pdb, 6, 2, 0.5063153715210491, 0.6805955399673435, 0.9047252268302926, -, -, -, 1.3133520865644182, 17.411622632292268, , Z, 1.3897368541876034, 1.8258495200263947, 2.0475040282061956, 2.271238782152119, 2.536543351147122, 2.800346642937773, 3.233753620685564, 3.6865555746989114, 4.153891700418949, 4.589421123329301, 5.0009286819610415, 5.305190742303573, 5.6094528026461035, 5.889392077662598, 6.1958797146380356, 6.534433532000565, 6.872987349363095, 7.116448093723657, 7.505348758940599, 7.96555585079121, 8.199981929158836, 8.629156342115424, 9.062951273105394, 9.459360817566001, 9.880388254816316, 10.146665362407525, 10.533749461068144, 10.787077344186839, 11.230156211936261, 11.457617121933918, 11.802850091770939, 12.227668799616922, 12.652487507462904, 13.055183943602719, 13.374085099279876, 13.848629187634526, 14.006383380069824
25.pdb, 6, 2, 0.5063153715210491, 0.6805955399673435, 0.9047252268302926, -, -, -, 1.3133520865644182, 17.411622632292268, , distance, 1.4055058272987393, 1.6399896763465138, 1.4730604941999328, 1.4694074722567, 1.682098278075325, 1.9753642852982025, 2.3798059275136945, 2.8356032328140164, 3.3058817153967617, 3.759728507916565, 4.206275610254174, 4.5915651652955765, 4.9972179084859265, 5.4001433221116955, 5.805809516380184, 6.240062437186051, 6.683512123088426, 6.979960953986918, 7.38724303674089, 7.787753732428584, 7.930513490769549, 8.348262544365943, 8.780138671038953, 9.232715181860646, 9.68400988855171, 9.79341562121642, 10.102168813685235, 10.243176990365942, 10.660058627659595, 10.926601972171616, 11.207108994499489, 11.602308783582227, 12.005325743376865, 12.393311762608944, 12.719100374659584, 13.212284157336292, 13.431445362039938
25.pdb, 6, 2, 0.5063153715210491, 0.6805955399673435, 0.9047252268302926, -, -, -, 1.3133520865644182, 17.411622632292268, , length, 1.4055058272987393, 1.9055058272987393, 2.4055058272987395, 2.9055058272987395, 3.4055058272987395, 3.9055058272987395, 4.4055058272987395, 4.9055058272987395, 5.4055058272987395, 5.9055058272987395, 6.4055058272987395, 6.9055058272987395, 7.4055058272987395, 7.9055058272987395, 8.40550582729874, 8.90550582729874, 9.40550582729874, 9.90550582729874, 10.40550582729874, 10.90550582729874, 11.40550582729874, 11.90550582729874, 12.40550582729874, 12.90550582729874, 13.40550582729874, 13.90550582729874, 14.40550582729874, 14.90550582729874, 15.40550582729874, 15.90550582729874, 16.40550582729874, 16.90550582729874, 17.40550582729874, 17.90550582729874, 18.40550582729874, 18.90550582729874, 19.40550582729874
25.pdb, 6, 2, 0.5063153715210491, 0.6805955399673435, 0.9047252268302926, -, -, -, 1.3133520865644182, 17.411622632292268, , R, 1.905415985837241, 1.9921158482707344, 1.9904375549933004, 2.0593209145759364, 2.0546991544371025, 2.080587148343464, 2.0263618733345794, 2.002442666307182, 1.9539151647196118, 1.8747503269081964, 1.8349460751123476, 1.6898326679447504, 1.6269007797589043, 1.6252320152181332, 1.5653027862967563, 1.5916464511473511, 1.7051127889475468, 1.700128973978828, 1.6725518350568283, 1.641568466594064, 1.6691462693218433, 1.5670347010989933, 1.548041294805177, 1.4516779027635065, 1.1862183203245438, 1.220913605410247, 1.1270815490563442, 1.1527027272581665, 1.0396608275942734, 0.9374100162999339, 0.9137687721013512, 0.9253392971844694, 1.0508033753311923, 1.2507614252226242, 1.3966259840331967, 1.535762648181936, 1.586588400296005
25.pdb, 6, 2, 0.5063153715210491, 0.6805955399673435, 0.9047252268302926, -, -, -, 1.3133520865644182, 17.411622632292268, , Upper limit of R overestimation, -, -, -, -, -, -, -, -, -, -, -, -, -, -, -, -, -, -, -, -, -, -, -, -, -, -, -, -, -, -, -, -, -, -, -, -, -
44.pdb, 6, 5, 0.3920507179534671, 0.936364065026518, 0.90003050186257, -, -, -, 1.297317914934575, 17.895992472521748, , X, 8.722123091833886, 8.819663411645791, 8.917203731457699, 8.964692118335243, 8.983433154801157, 9.00765221912809, 9.00042191219288, 9.141668010247624, 9.258524087591086, 9.454396499387894, 9.789188663199164, 10.123980827010437, 10.458772990821707, 10.79356515463298, 11.074147738417377, 11.390952187983562, 11.434360762207941, 11.416782454679607, 11.419834139107438, 11.434517135236412, 11.43790975151938, 11.485292446557063, 11.63538049514486, 11.785468543732659, 11.935556592320456, 12.101958026114337, 12.232218994981608, 12.23540993808313, 12.005848518085088, 11.639107034387093, 11.470329378322333, 11.341823611250321, 11.267763649935434, 11.152482324895926, 11.073674296344546, 11.010234231979167, 10.946794167613788, 10.938073247352257
44.pdb, 6, 5, 0.3920507179534671, 0.936364065026518, 0.90003050186257, -, -, -, 1.297317914934575, 17.895992472521748, , Y, 0.1038329587634384, 0.2719006230353375, 0.43996828730723664, 0.5443827472673582, 0.5894005949775074, 0.6611404733626689, 0.6771821076163409, 0.7110870393807296, 0.7256246989757135, 0.4051653828375614, 0.1726415108521297, -0.05988236113330203, -0.2924062331187337, -0.5249301051041654, -0.7798712184100144, -0.8280527885117727, -0.9330657275598467, -1.0502220977377896, -1.0676791695567758, -1.0289251862254634, -0.9928227764004598, -0.6227884710149602, -0.254471002622323, 0.11384646577031421, 0.48216393416295145, 0.8731455617184326, 1.3494115632771417, 1.7256680927967711, 2.058635783130551, 2.3232393769542705, 2.704760993317075, 3.033060088086107, 3.164733643728377, 3.4737582962766407, 3.8724687999034426, 4.267605580791968, 4.662742361680493, 5.019799528047136
44.pdb, 6, 5, 0.3920507179534671, 0.936364065026518, 0.90003050186257, -, -, -, 1.297317914934575, 17.895992472521748, , Z, 0.7313502099023625, 1.192044410253506, 1.652738610604649, 2.133615561499281, 2.6312320472990676, 3.114566240613862, 3.59010585999888, 4.068348969690812, 4.519066746216961, 4.733158031328552, 5.022721247237392, 5.312284463146232, 5.601847679055072, 5.8914108949639115, 6.171716203987279, 6.552560000884423, 7.021033932661812, 7.506796619610046, 8.000563427402788, 8.498843005953457, 8.996593702538693, 9.255467681406834, 9.55847893556738, 9.861490189727922, 10.164501443888465, 10.38584197716372, 10.36449309264075, 10.552788663822485, 10.831246808625043, 11.01779826978536, 11.25632727827855, 11.559791757854295, 11.940962365140216, 12.228116532816523, 12.518544749817154, 12.818281772259112, 13.118018794701069, 13.428359922866743
44.pdb, 6, 5, 0.3920507179534671, 0.936364065026518, 0.90003050186257, -, -, -, 1.297317914934575, 17.895992472521748, , distance, 0.2547576301714214, 0.46703910677599275, 0.9334610888439193, 1.407195589414867, 1.883398252456716, 2.364218441674075, 2.8235224418492844, 3.3038883605367704, 3.755768807806521, 3.93794095057021, 4.263579709500236, 4.620481029973655, 5.0019574125966635, 5.402805842015334, 5.79230826077543, 6.2699506283404665, 6.726814722009945, 7.182573656815392, 7.644482696171879, 8.111237881798713, 8.578118303519657, 8.806559056988862, 9.124994375929752, 9.459152303312738, 9.807425871949466, 10.09862349256844, 10.176379993912597, 10.41137129083857, 10.661628181654377, 10.790671531930226, 11.063120672453849, 11.404336406727332, 11.782355960198698, 12.116633914349185, 12.494760720248172, 12.891149628583754, 13.294526393851474, 13.708016361281297
44.pdb, 6, 5, 0.3920507179534671, 0.936364065026518, 0.90003050186257, -, -, -, 1.297317914934575, 17.895992472521748, , length, 0.2547576301714214, 0.7547576301714214, 1.2547576301714214, 1.7547576301714214, 2.2547576301714214, 2.7547576301714214, 3.2547576301714214, 3.7547576301714214, 4.254757630171421, 4.754757630171421, 5.254757630171421, 5.754757630171421, 6.254757630171421, 6.754757630171421, 7.254757630171421, 7.754757630171421, 8.254757630171422, 8.754757630171422, 9.254757630171422, 9.754757630171422, 10.254757630171422, 10.754757630171422, 11.254757630171422, 11.754757630171422, 12.254757630171422, 12.754757630171422, 13.254757630171422, 13.754757630171422, 14.254757630171422, 14.754757630171422, 15.254757630171422, 15.754757630171422, 16.254757630171422, 16.754757630171422, 17.254757630171422, 17.754757630171422, 18.254757630171422, 18.754757630171422
44.pdb, 6, 5, 0.3920507179534671, 0.936364065026518, 0.90003050186257, -, -, -, 1.297317914934575, 17.895992472521748, , R, 2.300134652255794, 2.2765168510421043, 2.324400125870733, 2.3977640529998068, 2.492171528419446, 2.644330157214683, 2.6376745951963256, 2.574210384589583, 2.5574146027817655, 2.3233923508022087, 2.06589889142373, 1.8688593125645185, 1.744435326446346, 1.7019823057586725, 1.7271885974469618, 1.705247799592282, 1.5382887610947333, 1.4018347291101956, 1.3173225758366989, 1.3078464739445248, 1.3884587592117874, 1.2460681587606655, 1.0676926810473069, 0.9912578018225611, 1.0272834153786923, 1.1294925719147855, 1.1419240559222013, 1.033091277255416, 0.9368858681103214, 1.0258482868458823, 0.9446133269428392, 0.9167931875766813, 0.9281744305646715, 0.9048142691433989, 0.9156952857561091, 1.0312560290746917, 1.2455756770939834, 1.4902085900267241
44.pdb, 6, 5, 0.3920507179534671, 0.936364065026518, 0.90003050186257, -, -, -, 1.297317914934575, 17.895992472521748, , Upper limit of R overestimation, -, -, -, -, -, -, -, -, -, -, -, -, -, -, -, -, -, -, -, -, -, -, -, -, -, -, -, -, -, -, -, -, -, -, -, -, -, -
32.pdb, 7, 3, 0.4409048416313722, 0.818926205432514, 0.9388096233039984, -, -, -, 1.574964434192522, 16.31519149469295, , X, 8.857229622442098, 8.792752585277935, 8.574956115211318, 8.3571596451447, 8.15594633024298, 8.395443999968402, 8.648779691730859, 8.905283368222328, 9.161787044713797, 9.418290721205267, 9.674794397696736, 10.095196793848578, 10.541183591995088, 10.92405286780612, 11.245313146312883, 11.604119431443893, 11.961328704340639, 12.261052032803446, 12.437164384566564, 12.556944166762396, 12.807252596811791, 12.97986163863168, 13.199855300806746, 13.411333594820189, 13.476222671585258, 13.704877612949343, 13.929672111264576, 14.000244807757655, 14.367121770089735, 14.813663088658089, 15.225371654074628, 15.489106236263963, 15.655240417473946, 15.553147054112396, 15.59894981933239
32.pdb, 7, 3, 0.4409048416313722, 0.818926205432514, 0.9388096233039984, -, -, -, 1.574964434192522, 16.31519149469295, , Y, -0.20100199089526324, -0.3806645307893284, -0.7004558061250135, -1.0202470814606985, -1.3460586648992012, -1.7236731222011403, -2.000731702206645, -2.2342566210350205, -2.4677815398633967, -2.7013064586917723, -2.934831377520148, -3.16187667293906, -3.3879105065819113, -3.541588812521989, -3.5174749847322238, -3.479783312329136, -3.4475632004916426, -3.588578242433758, -3.928378454311334, -4.297823135409385, -4.604964895353702, -4.9033451509153885, -5.2664821869465985, -5.594376158197474, -5.984380089911543, -6.292405537770721, -6.50558319407677, -6.863627641050499, -7.179056672155303, -7.325981095896135, -7.479827738989228, -7.619139865140118, -7.757117568704295, -7.900825773582846, -8.011243413237112
32.pdb, 7, 3, 0.4409048416313722, 0.818926205432514, 0.9388096233039984, -, -, -, 1.574964434192522, 16.31519149469295, , Z, 1.0285621661312718, 1.4469148578638458, 1.7636138282532314, 2.080312798642617, 2.3958882639952472, 2.599702700119938, 2.90075142872419, 3.2608513818379885, 3.620951334951787, 3.9810512880655855, 4.341151241179384, 4.391603886809647, 4.393720943195272, 4.2556021640263015, 3.8794477969066596, 3.5332724257695105, 3.1857262037237395, 2.8494538704984733, 2.5278771724229174, 2.235785867845699, 1.9308110670104268, 1.5741978887412107, 1.3529596636154995, 1.174933099862446, 1.0169434290059363, 0.7124210039300443, 0.31996371914727684, 0.14244447629412613, 0.2685627574680717, 0.27309897909445896, 0.28084228085475416, 0.6704906940668294, 1.0364006403929533, 1.477231304030218, 1.9559205364306076
32.pdb, 7, 3, 0.4409048416313722, 0.818926205432514, 0.9388096233039984, -, -, -, 1.574964434192522, 16.31519149469295, , distance, 0.2099403046029103, 0.6614812132236317, 1.1326605706736415, 1.6211978723368938, 2.1123814969923855, 2.4411603099629593, 2.8141449626064774, 3.2297208133379787, 3.6664398527254827, 4.117580096998573, 4.578880924062549, 4.851826705305954, 5.129506321866222, 5.276402072133761, 5.167205863380858, 5.130407575513102, 5.144207163232624, 5.286232774412356, 5.524104666663043, 5.7876225061591, 6.1128746532124465, 6.3976975937262175, 6.795403912384248, 7.172079311680483, 7.511892319231791, 7.8955184874414535, 8.21878789131026, 8.557877965636706, 9.02046839331981, 9.41264921792447, 9.794024526376157, 10.056410622390423, 10.269152121800282, 10.327180089586951, 10.479511229376898
32.pdb, 7, 3, 0.4409048416313722, 0.818926205432514, 0.9388096233039984, -, -, -, 1.574964434192522, 16.31519149469295, , length, 0.2099403046029103, 0.7099403046029102, 1.2099403046029102, 1.7099403046029102, 2.2099403046029105, 2.7099403046029105, 3.2099403046029105, 3.7099403046029105, 4.2099403046029105, 4.7099403046029105, 5.2099403046029105, 5.7099403046029105, 6.2099403046029105, 6.7099403046029105, 7.2099403046029105, 7.7099403046029105, 8.20994030460291, 8.70994030460291, 9.20994030460291, 9.70994030460291, 10.20994030460291, 10.70994030460291, 11.20994030460291, 11.70994030460291, 12.20994030460291, 12.70994030460291, 13.20994030460291, 13.70994030460291, 14.20994030460291, 14.70994030460291, 15.20994030460291, 15.70994030460291, 16.20994030460291, 16.70994030460291, 17.20994030460291
32.pdb, 7, 3, 0.4409048416313722, 0.818926205432514, 0.9388096233039984, -, -, -, 1.574964434192522, 16.31519149469295, , R, 1.9647381648648066, 1.9429213538537, 1.9485771467611526, 2.0325100868680392, 2.173606627189402, 1.9747651780171391, 1.7883267539637384, 1.653064180546264, 1.6017590274998306, 1.6389667271804134, 1.7613528171932062, 1.7219239027867095, 1.7292656085026128, 1.705549286217231, 1.501785628389621, 1.372747899287783, 1.332988506246134, 1.234600320294999, 1.0561195198607163, 0.9397472530871773, 0.9817078723705224, 1.0478370182366434, 1.1006410754228864, 1.0578964886788518, 1.031339968896934, 1.0687824705666416, 1.121945179572989, 1.1299787978976539, 1.2135249066378127, 1.2526137757933002, 1.260281483342771, 1.196404489165322, 1.150532800971362, 1.1018456191634278, 1.1084732926957261
32.pdb, 7, 3, 0.4409048416313722, 0.818926205432514, 0.9388096233039984, -, -, -, 1.574964434192522, 16.31519149469295, , Upper limit of R overestimation, -, -, -, -, -, -, -, -, -, -, -, -, -, -, -, -, -, -, -, -, -, -, -, -, -, -, -, -, -, -, -, -, -, -, -
43.pdb, 7, 5, 0.4443049718591067, 0.8112440787830414, 0.954492810756151, -, -, -, 1.3133784228386896, 14.544904464744869, , X, 8.915423644783205, 8.921533091321955, 8.927642537860702, 8.786348278679982, 8.589862667992561, 8.39337705730514, 8.196891446617718, 8.37282596178189, 8.709187913669876, 9.01478400192684, 9.305463459240936, 9.596142916555031, 9.886822373869128, 10.180406390416506, 10.511261074574245, 10.865242174054945, 11.184951630755855, 11.448672758320606, 11.621952679929823, 12.074792670399372, 12.552520936432659, 12.915662770652652, 13.224061075856191, 13.532459381059732, 13.869773702995243, 14.147388549414393, 14.331068713955636, 14.510598212144144, 14.80492805935696, 15.160297190255584, 15.472263844000064
43.pdb, 7, 5, 0.4443049718591067, 0.8112440787830414, 0.954492810756151, -, -, -, 1.3133784228386896, 14.544904464744869, , Y, -0.15236466718993064, -0.3083980208543585, -0.4644313745187864, -0.7673358453282756, -1.1252322541828086, -1.4831286630373417, -1.8410250718918748, -2.210104443145101, -2.5336730756026435, -2.8625511359737814, -3.1800955155513493, -3.497639895128917, -3.815184274706485, -4.078829692828088, -4.303882015458707, -4.507289738976987, -4.761081123606699, -5.072080037537502, -5.440254161615484, -5.40055623276513, -5.381022553223575, -5.6042718119609924, -5.954731580138783, -6.305191348316574, -6.63998867292514, -7.032469624246788, -7.4951273323109024, -7.959626949615858, -8.256758851314837, -8.526897958636077, -8.73229414430815
43.pdb, 7, 5, 0.4443049718591067, 0.8112440787830414, 0.954492810756151, -, -, -, 1.3133784228386896, 14.544904464744869, , Z, 0.5369023508848638, 1.0118931583824635, 1.4868839658800632, 1.826278072418958, 2.114901642700077, 2.4035252129811955, 2.692148783262314, 2.8141508852128063, 2.9934940685559726, 3.15698872646641, 3.411293701042764, 3.665598675619118, 3.9199036501954723, 3.9674100512713277, 3.6772879603339503, 3.388631279788453, 3.1009874127886374, 2.8246462990192804, 2.537278766849463, 2.517973023332984, 2.557650544482052, 2.4432494863389547, 2.264172865206118, 2.085096244073281, 2.0823974788847295, 2.1968967135945507, 2.239218584669718, 2.28404340819121, 2.5474170541789363, 2.7145368007264, 2.9936152628787647
43.pdb, 7, 5, 0.4443049718591067, 0.8112440787830414, 0.954492810756151, -, -, -, 1.3133784228386896, 14.544904464744869, , distance, 0.34939388090596785, 0.29057540480045807, 0.7394538847929373, 1.1894593867122916, 1.657562515246585, 2.1401433015719276, 2.629241945994281, 2.9359612365004044, 3.2606536351672393, 3.618011361731088, 4.046440910377682, 4.489695075251891, 4.943787990630667, 5.241436663520048, 5.348227587005345, 5.489080037720094, 5.698321941939045, 5.96914550613848, 6.272297527635474, 6.44697519381275, 6.692713012770677, 7.047018187613287, 7.465568940211197, 7.893603351166045, 8.358404306332075, 8.85048923968207, 9.331952923051732, 9.814677032997636, 10.263459571097057, 10.713629308301837, 11.11034070556603
43.pdb, 7, 5, 0.4443049718591067, 0.8112440787830414, 0.954492810756151, -, -, -, 1.3133784228386896, 14.544904464744869, , length, 0.34939388090596785, 0.8493938809059678, 1.3493938809059678, 1.8493938809059678, 2.349393880905968, 2.849393880905968, 3.349393880905968, 3.849393880905968, 4.349393880905968, 4.849393880905968, 5.349393880905968, 5.849393880905968, 6.349393880905968, 6.849393880905968, 7.349393880905968, 7.849393880905968, 8.349393880905968, 8.849393880905968, 9.349393880905968, 9.849393880905968, 10.349393880905968, 10.849393880905968, 11.349393880905968, 11.849393880905968, 12.349393880905968, 12.849393880905968, 13.349393880905968, 13.849393880905968, 14.349393880905968, 14.849393880905968, 15.349393880905968
43.pdb, 7, 5, 0.4443049718591067, 0.8112440787830414, 0.954492810756151, -, -, -, 1.3133784228386896, 14.544904464744869, , R, 1.9544167773422207, 1.8591452476117498, 1.844075243287034, 1.824024599003539, 1.8536414148660743, 1.9630249771053097, 2.144357654468016, 2.0129747019369155, 1.8875337248845494, 1.8164396534744809, 1.8111122434053082, 1.8878286386581526, 2.0407675728212222, 2.065939166219515, 1.7656873482569677, 1.5229115696703526, 1.3404772425933558, 1.231377459939197, 1.167396923594122, 1.1166440221368903, 1.1019444228235529, 1.0124088849835589, 0.9544947387846656, 1.0110952228584387, 1.039100386551641, 1.0217526216034776, 0.9830377937833876, 1.0536437040460578, 1.0419065722074172, 1.062658646539609, 1.1691740737739378
43.pdb, 7, 5, 0.4443049718591067, 0.8112440787830414, 0.954492810756151, -, -, -, 1.3133784228386896, 14.544904464744869, , Upper limit of R overestimation, -, -, -, -, -, -, -, -, -, -, -, -, -, -, -, -, -, -, -, -, -, -, -, -, -, -, -, -, -, -, -
49.pdb, 7, 2, 0.3781552637099411, 0.972450417142066, 0.9078035369175412, -, -, -, 1.6858222398516498, 17.779421429297944, , X, 8.896128901489789, 8.910327964608701, 8.924527027727612, 8.847903473395647, 8.636448915093592, 8.42902098658159, 8.243501970958969, 8.302505240627688, 8.39567006798084, 8.540400731616689, 8.716099244612886, 8.891797757609083, 9.142972586895546, 9.61776625093044, 10.092559914965335, 10.56735357900023, 10.896566984634726, 11.194048519684758, 11.49153005473479, 11.789011589784824, 12.13834413900555, 12.505428164377898, 12.431965607883303, 12.598334120808204, 12.882309966051109, 13.149965141518225, 13.207913747772546, 13.284890352459588, 13.441068758883327, 13.679159374611723, 13.940736705126287, 14.23984043545842, 14.479920044790209, 14.807757845351409, 15.179437153878277, 15.432641018269372, 15.61548398552454, 15.72750300235428
49.pdb, 7, 2, 0.3781552637099411, 0.972450417142066, 0.9078035369175412, -, -, -, 1.6858222398516498, 17.779421429297944, , Y, 0.3024554128236157, 0.3069137559420375, 0.3113720990604593, 0.18949633203305066, -0.15814726282249592, -0.5087129122287526, -0.8690419108823988, -1.1682062822511616, -1.4406265988616473, -1.7416777605609575, -1.9500527077467167, -2.158427654932476, -2.51821153815612, -2.5225188468269506, -2.5268261554977807, -2.531133464168611, -2.670101440862862, -2.838421164404437, -3.0067408879460125, -3.175060611487588, -3.3797298508408766, -3.5397579332099935, -3.618596034915121, -3.93649138276852, -4.272845422233165, -4.5937544544160875, -5.0623833021260305, -5.5402291023992705, -5.877279188538736, -6.068715314484918, -6.299646429668336, -6.602072293350479, -6.896098766963364, -7.097492618354363, -7.228085682827337, -7.346854598709299, -7.476018728738674, -7.589869005956213
49.pdb, 7, 2, 0.3781552637099411, 0.972450417142066, 0.9078035369175412, -, -, -, 1.6858222398516498, 17.779421429297944, , Z, 0.5146506407994843, 1.014429101503008, 1.5142075622065319, 1.9366451670078106, 2.2270227354367997, 2.5169837326926174, 2.801390527992989, 3.182154768104635, 3.5909425933173003, 3.961391879032321, 4.38056954293661, 4.799747206840899, 4.810299321368455, 4.966991451624999, 5.123683581881544, 5.280375712138087, 5.008796264282507, 4.64386722053405, 4.278938176785592, 3.914009133037134, 3.62801313627906, 3.335398108079594, 2.9382129995144743, 2.6461595706150467, 2.411119760156615, 2.149969219082659, 2.0013690710866614, 1.8759179112989501, 1.6175617463799288, 1.2217523624780418, 0.8772183349556193, 0.6299686013993446, 0.5704732173897854, 0.5551778584850957, 0.7015169125737626, 1.1109048590900406, 1.5478038692234093, 2.021607472255285
49.pdb, 7, 2, 0.3781552637099411, 0.972450417142066, 0.9078035369175412, -, -, -, 1.6858222398516498, 17.779421429297944, , distance, 0.5117666191571895, 0.40206905438016677, 0.7492756345276037, 1.0968759586427272, 1.378225063464018, 1.7588119213797213, 2.180411562422218, 2.621615759293271, 3.084204499945188, 3.5317649384249923, 3.9879952506572494, 4.453633197541246, 4.651453027051381, 4.8389704626989145, 5.0690487287931685, 5.336185425084731, 5.30034880041802, 5.235893659808559, 5.218761100831708, 5.24941448528166, 5.4207026415947555, 5.611363369617303, 5.450653209143282, 5.671460848236842, 6.025812255151269, 6.3722229258117675, 6.724063709496543, 7.115201517079238, 7.442179608913307, 7.710603446021284, 8.046631240479583, 8.47351702955505, 8.85476959525003, 9.21978253023533, 9.557778056403837, 9.816511932837836, 10.054977770615965, 10.256592247197506
49.pdb, 7, 2, 0.3781552637099411, 0.972450417142066, 0.9078035369175412, -, -, -, 1.6858222398516498, 17.779421429297944, , length, 0.5117666191571895, 1.0117666191571895, 1.5117666191571895, 2.0117666191571892, 2.5117666191571892, 3.0117666191571892, 3.5117666191571892, 4.011766619157189, 4.511766619157189, 5.011766619157189, 5.511766619157189, 6.011766619157189, 6.511766619157189, 7.011766619157189, 7.511766619157189, 8.01176661915719, 8.51176661915719, 9.01176661915719, 9.51176661915719, 10.01176661915719, 10.51176661915719, 11.01176661915719, 11.51176661915719, 12.01176661915719, 12.51176661915719, 13.01176661915719, 13.51176661915719, 14.01176661915719, 14.51176661915719, 15.01176661915719, 15.51176661915719, 16.01176661915719, 16.51176661915719, 17.01176661915719, 17.51176661915719, 18.01176661915719, 18.51176661915719, 19.01176661915719
49.pdb, 7, 2, 0.3781552637099411, 0.972450417142066, 0.9078035369175412, -, -, -, 1.6858222398516498, 17.779421429297944, , R, 1.7880864116045403, 1.7548925035522227, 1.8056811227877347, 1.8592946756853366, 1.8421232575218978, 1.9018766837226526, 2.0159528269642006, 1.964127697454417, 1.95817074057495, 1.9745313049636752, 2.0409170999125745, 2.1807452271381074, 2.1313959782799117, 1.9298444731699111, 1.7989420948669392, 1.7481148129775355, 1.512895320693948, 1.2889517305216038, 1.1515867861275828, 1.1162556224461093, 1.1604111631680525, 1.2279587248525925, 1.2555444716927948, 1.150128863320633, 1.0806499723210756, 1.0846986886983971, 0.9702504203470228, 0.9476561129675851, 0.930760882398223, 0.9158654378435289, 0.9961198769704833, 1.1398507091660675, 1.2524474221659136, 1.2908989319906727, 1.2744443700012378, 1.2391585056734205, 1.2536978606653209, 1.3381686493389708
49.pdb, 7, 2, 0.3781552637099411, 0.972450417142066, 0.9078035369175412, -, -, -, 1.6858222398516498, 17.779421429297944, , Upper limit of R overestimation, -, -, -, -, -, -, -, -, -, -, -, -, -, -, -, -, -, -, -, -, -, -, -, -, -, -, -, -, -, -, -, -, -, -, -, -, -, -
43.pdb, 8, 4, 0.4847070698329502, 0.7242105502397599, 1.0316633541641334, -, -, -, 1.6143183602506699, 14.48143532463312, , X, 8.915423644783205, 8.921533091321955, 8.927642537860702, 8.786348278679982, 8.589862667992561, 8.39337705730514, 8.196891446617718, 8.37282596178189, 8.709187913669876, 9.01478400192684, 9.305463459240936, 9.596142916555031, 9.886822373869128, 10.232846311318928, 10.697974281754135, 11.175561590674116, 11.653148899594099, 12.113760444101487, 12.47859334578446, 12.825043951648054, 13.171494557511645, 13.517945163375238, 13.930427196780352, 14.380858824367126, 14.661127760521195, 15.006304004822736, 15.414224707638247, 15.66817956251324, 15.568874377784555, 15.46956919305587, 15.370264008327185
43.pdb, 8, 4, 0.4847070698329502, 0.7242105502397599, 1.0316633541641334, -, -, -, 1.6143183602506699, 14.48143532463312, , Y, -0.15236466718993064, -0.3083980208543585, -0.4644313745187864, -0.7673358453282756, -1.1252322541828086, -1.4831286630373417, -1.8410250718918748, -2.210104443145101, -2.5336730756026435, -2.8625511359737814, -3.1800955155513493, -3.497639895128917, -3.815184274706485, -3.9980262685382444, -3.9401707712355, -3.8706540244310377, -3.8011372776265753, -3.831396375929152, -3.822996226624656, -3.8670505631427625, -3.9111048996608684, -3.9551592361789747, -3.887739994412421, -3.726333923271721, -3.4277027557576387, -3.207068822454365, -3.061833089535948, -3.3035137921341233, -3.7090759382421408, -4.114638084350158, -4.520200230458176
43.pdb, 8, 4, 0.4847070698329502, 0.7242105502397599, 1.0316633541641334, -, -, -, 1.6143183602506699, 14.48143532463312, , Z, 0.5369023508848638, 1.0118931583824635, 1.4868839658800632, 1.826278072418958, 2.114901642700077, 2.4035252129811955, 2.692148783262314, 2.8141508852128063, 2.9934940685559726, 3.15698872646641, 3.411293701042764, 3.665598675619118, 3.9199036501954723, 3.9891893289137283, 3.817736978399119, 3.687054981657815, 3.5563729849165107, 3.3666697539755632, 3.540922608167263, 3.898737075637067, 4.256551543106871, 4.614366010576674, 4.8337196454272355, 4.921913200410319, 4.635087906518303, 4.366979826383023, 4.116965262610932, 4.153463714043297, 4.4285233910776824, 4.703583068112069, 4.978642745146455
43.pdb, 8, 4, 0.4847070698329502, 0.7242105502397599, 1.0316633541641334, -, -, -, 1.6143183602506699, 14.48143532463312, , distance, 0.34939388090596785, 0.29057540480045807, 0.7394538847929373, 1.1894593867122916, 1.657562515246585, 2.1401433015719276, 2.629241945994281, 2.9359612365004044, 3.2606536351672393, 3.618011361731088, 4.046440910377682, 4.489695075251891, 4.943787990630667, 5.206490485600578, 5.207057375652734, 5.273932395013968, 5.386583267806785, 5.572148780786432, 5.864912702117591, 6.277019378666171, 6.701100175108639, 7.135020310660049, 7.489748893421137, 7.7698294723400565, 7.6945229195817095, 7.742753308754926, 7.909294084128889, 8.227926008614949, 8.427918238882638, 8.652216206229415, 8.898982229299444
43.pdb, 8, 4, 0.4847070698329502, 0.7242105502397599, 1.0316633541641334, -, -, -, 1.6143183602506699, 14.48143532463312, , length, 0.34939388090596785, 0.8493938809059678, 1.3493938809059678, 1.8493938809059678, 2.349393880905968, 2.849393880905968, 3.349393880905968, 3.849393880905968, 4.349393880905968, 4.849393880905968, 5.349393880905968, 5.849393880905968, 6.349393880905968, 6.849393880905968, 7.349393880905968, 7.849393880905968, 8.349393880905968, 8.849393880905968, 9.349393880905968, 9.849393880905968, 10.349393880905968, 10.849393880905968, 11.349393880905968, 11.849393880905968, 12.349393880905968, 12.849393880905968, 13.349393880905968, 13.849393880905968, 14.349393880905968, 14.849393880905968, 15.349393880905968
43.pdb, 8, 4, 0.4847070698329502, 0.7242105502397599, 1.0316633541641334, -, -, -, 1.6143183602506699, 14.48143532463312, , R, 1.9544167773422207, 1.8591452476117498, 1.844075243287034, 1.824024599003539, 1.8536414148660743, 1.9630249771053097, 2.144357654468016, 2.0129747019369155, 1.8875337248845494, 1.8164396534744809, 1.8111122434053082, 1.8878286386581526, 2.0407675728212222, 2.08231517153951, 1.8764433471792417, 1.7324027178717707, 1.6694019814518966, 1.6315220552247316, 1.545218259717682, 1.4070023961046079, 1.3606053372401916, 1.4109266349154173, 1.431834184987285, 1.4351358655244704, 1.2578386536430852, 1.1439147450386609, 1.1038311600298807, 1.0513966957248984, 1.0405347186995437, 1.1390606169732107, 1.3342480766594564
43.pdb, 8, 4, 0.4847070698329502, 0.7242105502397599, 1.0316633541641334, -, -, -, 1.6143183602506699, 14.48143532463312, , Upper limit of R overestimation, -, -, -, -, -, -, -, -, -, -, -, -, -, -, -, -, -, -, -, -, -, -, -, -, -, -, -, -, -, -, -
45.pdb, 9, 5, 0.33479385579983817, 1.0942402923875494, 0.9261225464302638, -, -, -, 1.2593148820391091, 19.94368121979534, , X, 9.30692206691759, 9.35885563926101, 9.389432460149541, 9.258355961664263, 9.127279463178985, 8.977399077524277, 9.170261406536799, 9.315974035039734, 9.461686663542668, 9.358135888427933, 9.27222964858732, 9.186323408746707, 9.109671792485468, 8.884291440510966, 8.726925071327504, 8.5636734820647, 8.584136994843288, 8.81623064721701, 9.01487114928708, 9.25681262929989, 9.588330890781995, 9.9198491522641, 9.854756256913735, 9.854343542808062, 9.515488719819963, 9.185740246093678, 8.865006193352038, 8.658118011808707, 8.73343893196623, 8.804281626526166, 8.87428471584311, 8.917578588462492, 8.940285131400707, 9.205977650269098, 9.477753309642669, 9.83490712949347, 10.086162219653433, 10.068290970473916, 10.0504197212944, 10.087857863312344, 10.325580507253077, 10.56330315119381
45.pdb, 9, 5, 0.33479385579983817, 1.0942402923875494, 0.9261225464302638, -, -, -, 1.2593148820391091, 19.94368121979534, , Y, 0.14042154516153277, 0.36638596443726806, 0.6211227798410925, 1.093643341535524, 1.566163903229956, 2.0346040258763374, 2.434494783612245, 2.8825513853462583, 3.3306079870802714, 3.799676067421076, 4.242003333950912, 4.684330600480747, 5.131850039812372, 5.572629073355445, 6.047186465208091, 6.482578737884723, 6.875489571704166, 7.252650735181728, 7.6226114776616045, 7.86588674601397, 8.054968353978131, 8.24404996194229, 8.440050346780685, 8.854490627837142, 9.119769161315345, 9.38359902576162, 9.645994845439155, 9.974382231512108, 10.466354124218967, 10.960735561605697, 11.45556875522988, 11.874401256382052, 12.129952883555232, 12.478886178013635, 12.831111982485876, 13.17128155219394, 13.559109151386572, 14.038892378452413, 14.518675605518252, 14.980415289576694, 15.419766773378555, 15.859118257180414
45.pdb, 9, 5, 0.33479385579983817, 1.0942402923875494, 0.9261225464302638, -, -, -, 1.2593148820391091, 19.94368121979534, , Z, 1.051408194173922, 1.4944014055045587, 1.897098681109766, 1.994788344436127, 2.092478007762488, 2.1203972890855303, 2.235974708571504, 2.4033458875042384, 2.5707170664369734, 2.682534560318917, 2.89925259657961, 3.115970632840303, 3.304573708303365, 3.273923752660759, 3.2683463260114105, 3.169369404497257, 2.9666230055252587, 2.7403190405978304, 2.4688950181512364, 2.1374095741946197, 1.8143866836224956, 1.4913637930503714, 1.118617857842829, 0.8476008326679318, 0.5930331430186788, 0.32579422089858767, 0.04601198195609002, -0.139590095562197, -0.09173180711542775, -0.09721294109964339, -0.11269447764402024, -0.3021721329975812, -0.6718512900389494, -0.8796107827670544, -0.9532058022535758, -0.9337582234094732, -0.8763381099154014, -0.7367362708191616, -0.5971344317229217, -0.4585172388972541, -0.43711120612769233, -0.4157051733581306
45.pdb, 9, 5, 0.33479385579983817, 1.0942402923875494, 0.9261225464302638, -, -, -, 1.2593148820391091, 19.94368121979534, , distance, 0.528351096041705, 0.910859786711399, 1.3457520398754386, 1.6640886590166304, 2.056048048394451, 2.446212234289257, 2.8651764722678856, 3.3537275637553963, 3.8452231309181477, 4.297488707342641, 4.778684654340966, 5.263387204218415, 5.743823220815409, 6.128123629646631, 6.566404506686544, 6.94493789916146, 7.254516802724845, 7.552156951025307, 7.852889160690044, 8.040672779028021, 8.20661454527731, 8.399084822176281, 8.56625653517042, 8.974349799192613, 9.21165481194234, 9.469023120753334, 9.744869248846166, 10.090905662093853, 10.574845401394544, 11.06716641391898, 11.561394045778968, 11.995935018978981, 12.291290666822807, 12.669131557647617, 13.038187995055809, 13.393469563874813, 13.789606056426502, 14.24584426270948, 14.704928504529043, 15.153166903400745, 15.608246879818154, 16.06599745177331
45.pdb, 9, 5, 0.33479385579983817, 1.0942402923875494, 0.9261225464302638, -, -, -, 1.2593148820391091, 19.94368121979534, , length, 0.528351096041705, 1.028351096041705, 1.528351096041705, 2.028351096041705, 2.528351096041705, 3.028351096041705, 3.528351096041705, 4.028351096041705, 4.528351096041705, 5.028351096041705, 5.528351096041705, 6.028351096041705, 6.528351096041705, 7.028351096041705, 7.528351096041705, 8.028351096041705, 8.528351096041705, 9.028351096041705, 9.528351096041705, 10.028351096041705, 10.528351096041705, 11.028351096041705, 11.528351096041705, 12.028351096041705, 12.528351096041705, 13.028351096041705, 13.528351096041705, 14.028351096041705, 14.528351096041705, 15.028351096041705, 15.528351096041705, 16.028351096041703, 16.528351096041703, 17.028351096041703, 17.528351096041703, 18.028351096041703, 18.528351096041703, 19.028351096041703, 19.528351096041703, 20.028351096041703, 20.528351096041703, 21.028351096041703
45.pdb, 9, 5, 0.33479385579983817, 1.0942402923875494, 0.9261225464302638, -, -, -, 1.2593148820391091, 19.94368121979534, , R, 2.099850661626876, 2.0488777162120684, 2.0454940833366937, 1.8962862389145652, 1.8233665179084586, 1.8008060456029897, 1.6586112972220943, 1.530823291431768, 1.4913069593501749, 1.3514902144587049, 1.240380453324881, 1.229158537325585, 1.2891365205242578, 1.2955497658292658, 1.3924808357129124, 1.4928347682087912, 1.4793661043238664, 1.4163116365355501, 1.4276692776701003, 1.3854445065550165, 1.368534032532436, 1.4476802782962988, 1.4040898653446032, 1.22366406451971, 1.0536549063518705, 0.9747827172128563, 0.9970097542381022, 1.0332506088796898, 0.936738522306851, 0.9417984406802862, 1.0579501728898666, 1.2034997244957857, 1.3078364314750337, 1.3924066896750211, 1.4417146466530302, 1.4245015683527693, 1.448308838693318, 1.4456627631575303, 1.535968422262129, 1.6643020951665959, 1.6464318454994553, 1.7154968718506824
45.pdb, 9, 5, 0.33479385579983817, 1.0942402923875494, 0.9261225464302638, -, -, -, 1.2593148820391091, 19.94368121979534, , Upper limit of R overestimation, -, -, -, -, -, -, -, -, -, -, -, -, -, -, -, -, -, -, -, -, -, -, -, -, -, -, -, -, -, -, -, -, -, -, -, -, -, -, -, -, -, -
18.pdb, 10, 2, 0.20649055776749445, 1.577500592723353, 0.9055286794231894, -, -, -, 1.30368484303776, 23.61352788403694, , X, 8.699411988164035, 8.567415726270703, 8.533487777296779, 8.379280432573827, 8.042010074038036, 7.704739715502244, 7.37841173639349, 7.1121247099203275, 7.07617826765357, 6.972470467491706, 6.894045084336498, 6.8251786896833995, 6.834371396417834, 6.869963667757626, 6.700463975674176, 6.832885174029798, 7.192261986102983, 7.5127191959920925, 7.845454424662146, 7.9811734701086054, 7.997307650168166, 7.99547684267658, 7.798672091861405, 7.6039136017036055, 7.618216178398037, 7.238379436505719, 6.879941702090353, 6.60603935970681, 6.4221669424330905, 6.1329470276708, 5.77237131884082, 5.302432682623801, 4.985459287956556, 4.688238426344352, 4.249565056500081, 3.78771553449078, 3.351869801510408, 2.9401373925165744, 2.7928687048342398, 2.6274620808316493, 2.4522860329310556, 2.4234737749086683, 2.5458088251606052, 2.699302019184094, 2.5360238483890822, 2.3437217472848255, 2.181445442345872, 2.4774914046953076, 2.7557516922123346, 2.978655504311937
18.pdb, 10, 2, 0.20649055776749445, 1.577500592723353, 0.9055286794231894, -, -, -, 1.30368484303776, 23.61352788403694, , Y, -0.14694792245877872, 0.3195482567204921, 0.5638702654319199, 0.8514002441640929, 1.2046919534360234, 1.5579836627079537, 1.8804761719372016, 2.1833361919676655, 2.1573983946037094, 2.3264408876259766, 2.6818117798862984, 3.064008808917859, 3.481427173509339, 3.9484437535457007, 4.370981717199089, 4.698801457774486, 4.890088338801862, 5.133675470666109, 5.464415836806582, 5.788182950090668, 6.174579964137341, 6.607990170222738, 6.986564478557195, 7.372552573687834, 7.588149343638744, 7.701106782818264, 7.883403974911916, 8.115228053737933, 8.322821350509797, 8.469415397158953, 8.608711752347249, 8.693343687306275, 9.076855193994486, 9.472760271090499, 9.661148482436982, 9.815536289566307, 9.975746176736447, 10.199711448857615, 10.668754662113184, 11.067111120380382, 11.433305100358126, 11.878570540431683, 12.267073861897243, 12.570459220661343, 13.016481775811993, 13.473961961903392, 13.928025166182874, 14.329930591108287, 14.722505087081357, 15.074880132300935
18.pdb, 10, 2, 0.20649055776749445, 1.577500592723353, 0.9055286794231894, -, -, -, 1.30368484303776, 23.61352788403694, , Z, 0.11604160019312076, 0.15714513553202078, 0.5920654159715926, 0.8121353339890117, 0.7052069775401423, 0.5982786210912729, 0.4743154271095288, 0.6372055044448297, 0.14795613730110693, -0.26092269768896276, -0.6037943766171904, -0.9152542100282927, -1.1889560342360923, -1.3376953901699016, -1.5200996046425714, -1.5995909326011177, -1.8054054070871803, -2.0971931434793323, -2.2701037498837797, -2.5542594669487695, -2.8516332709606385, -3.0572918540330662, -3.3179628787474837, -3.5684805258584493, -3.9511175608349682, -4.253700274198844, -4.549047531765612, -4.892055794041527, -5.304001073922004, -5.619942708589984, -5.89246477595719, -5.896538716037939, -5.930224969268633, -6.000360048594887, -5.912798330454264, -5.799398929972696, -5.945548100250539, -6.108619736043579, -6.033293501814868, -6.213041761847426, -6.504958395957215, -6.668378472595426, -6.893388953884013, -7.259991140833364, -7.334154407480587, -7.395242714419541, -7.45434512911144, -7.483134321391199, -7.58588582140028, -7.861830957356625
18.pdb, 10, 2, 0.20649055776749445, 1.577500592723353, 0.9055286794231894, -, -, -, 1.30368484303776, 23.61352788403694, , distance, 0.7737951457742765, 0.8586258267754701, 0.7579898447152914, 1.0332209308186124, 1.5157488220431743, 2.0068491450950816, 2.4733390469431975, 2.8534227250190125, 2.935874042728611, 3.24590242952062, 3.681755258373574, 4.133988288471893, 4.570573202838907, 4.991162405662495, 5.47915926647139, 5.733198481668959, 5.870499494173614, 6.133416436479, 6.43736643857156, 6.836210288764244, 7.314532025776042, 7.789349417636118, 8.268080857065511, 8.750041201296895, 9.128164944906906, 9.442325620563079, 9.819506185341517, 10.25441655849309, 10.694367050948902, 11.060809902196262, 11.421145575964644, 11.62286196067504, 12.031818731692642, 12.470223978178677, 12.71958723402959, 12.9520878218907, 13.323871502782465, 13.748571765894726, 14.127622513882981, 14.589241147054224, 15.085260837023691, 15.518016183867623, 15.878395054801057, 16.236087109786155, 16.68316900602862, 17.14581134926701, 17.5954315515169, 17.82201170036024, 18.092398633070164, 18.43781585177001
18.pdb, 10, 2, 0.20649055776749445, 1.577500592723353, 0.9055286794231894, -, -, -, 1.30368484303776, 23.61352788403694, , length, 0.7737951457742765, 1.2737951457742764, 1.7737951457742764, 2.2737951457742764, 2.7737951457742764, 3.2737951457742764, 3.7737951457742764, 4.273795145774276, 4.773795145774276, 5.273795145774276, 5.773795145774276, 6.273795145774276, 6.773795145774276, 7.273795145774276, 7.773795145774276, 8.273795145774276, 8.773795145774276, 9.273795145774276, 9.773795145774276, 10.273795145774276, 10.773795145774276, 11.273795145774276, 11.773795145774276, 12.273795145774276, 12.773795145774276, 13.273795145774276, 13.773795145774276, 14.273795145774276, 14.773795145774276, 15.273795145774276, 15.773795145774276, 16.273795145774276, 16.773795145774276, 17.273795145774276, 17.773795145774276, 18.273795145774276, 18.773795145774276, 19.273795145774276, 19.773795145774276, 20.273795145774276, 20.773795145774276, 21.273795145774276, 21.773795145774276, 22.273795145774276, 22.773795145774276, 23.273795145774276, 23.773795145774276, 24.273795145774276, 24.773795145774276, 25.273795145774276
18.pdb, 10, 2, 0.20649055776749445, 1.577500592723353, 0.9055286794231894, -, -, -, 1.30368484303776, 23.61352788403694, , R, 2.1310645969981596, 1.9552030518976673, 1.908058205281313, 1.8009277782195074, 1.5465353751283548, 1.365413339712226, 1.2634694896367809, 1.239971941512987, 1.1844424223318895, 1.0521952213506764, 0.9301972721041298, 0.9084380285039673, 0.9220105579261675, 0.9488531093150667, 0.9963862741721907, 1.0775444280650548, 1.0002546364545208, 0.9745143552896549, 0.9644280405523966, 0.9765286726693041, 0.9795218094259941, 1.0041919381358888, 1.0480988121454706, 1.1913583271652104, 1.19646834945406, 1.1294654918542, 1.1137821932797733, 1.0975284662224787, 1.1093022169367857, 1.1820063159476983, 1.308774968327805, 1.3470520921858598, 1.278958052827291, 1.267305223131186, 1.2620040490175362, 1.3413722655916385, 1.3417821362359834, 1.3741641334988717, 1.3042455157310908, 1.2293144268128227, 1.2115957764665117, 1.1966965217573302, 1.104115249740919, 1.0265874645025221, 0.9896088690088278, 1.051144120950794, 1.1929740404422058, 1.0662516880213804, 1.0103757424284427, 0.9813287775328317
18.pdb, 10, 2, 0.20649055776749445, 1.577500592723353, 0.9055286794231894, -, -, -, 1.30368484303776, 23.61352788403694, , Upper limit of R overestimation, -, -, -, -, -, -, -, -, -, -, -, -, -, -, -, -, -, -, -, -, -, -, -, -, -, -, -, -, -, -, -, -, -, -, -, -, -, -, -, -, -, -, -, -, -, -, -, -, -, -
