Snapshot, Tunnel cluster, Tunnel, Throughput, Cost, Bottleneck radius, Average R error bound, Max. R error bound, Bottleneck R error bound, Curvature, Length, , Axis, Values...
1AKD.pdb, 1, 1, 0.4196578121127556, 0.8683156328449549, 0.671116913366864, -, -, -, 1.1227580115533728, 14.101320893703722, , X, 16.975476231179453, 17.41662988647509, 17.88966256508965, 18.358958441050234, 18.828254317010817, 19.18779465384101, 19.35793297859744, 19.743624495899898, 20.129316013202352, 20.52259276611875, 20.92155420857346, 21.32041807215161, 21.704990447013166, 22.158984388752007, 22.401404053098698, 22.581290070655328, 22.76117608821196, 22.94106210576859, 23.137608581181947, 23.414598439934426, 23.697397791622663, 23.9801971433109, 24.31480917952857, 24.69019619767831, 25.153323791015445, 25.64009690474393, 26.126870018472413, 26.591336661003076, 26.9545627624033, 27.216327809518745
1AKD.pdb, 1, 1, 0.4196578121127556, 0.8683156328449549, 0.671116913366864, -, -, -, 1.1227580115533728, 14.101320893703722, , Y, 24.106161642832348, 24.138345272139148, 24.256638483946734, 24.38640583443703, 24.51617318492733, 24.746059829559588, 25.18151338561154, 25.498044764764963, 25.81457614391838, 26.120254100839112, 26.41779805389216, 26.715456141408712, 27.02499107312134, 27.233074179207637, 27.584426725290697, 27.97684070099949, 28.36925467670828, 28.76166865241707, 29.141123849437655, 29.544846648280057, 29.948384617320997, 30.351922586361937, 30.591530293246592, 30.702129948565315, 30.767671711525455, 30.82107066244817, 30.874469613370888, 30.868480648431728, 30.83303039226537, 31.210063773951095
1AKD.pdb, 1, 1, 0.4196578121127556, 0.8683156328449549, 0.671116913366864, -, -, -, 1.1227580115533728, 14.101320893703722, , Z, 7.833481663061395, 7.868731453377661, 7.979353304946083, 8.093027468910979, 8.206701632875875, 8.339281853408858, 8.467694776674024, 8.435292006851615, 8.402889237029205, 8.361610462832727, 8.313679643561395, 8.265680302115552, 8.254047354044781, 8.276067549387767, 8.096208792135249, 7.843914732839285, 7.59162067354332, 7.339326614247355, 7.084804069478718, 6.984018992722993, 6.8992744694366674, 6.814529946150341, 6.6030532357162, 6.291842209484761, 6.305334278975213, 6.40633174325739, 6.507329207539566, 6.553314855614719, 6.3735837064240695, 6.283802509889633
1AKD.pdb, 1, 1, 0.4196578121127556, 0.8683156328449549, 0.671116913366864, -, -, -, 1.1227580115533728, 14.101320893703722, , distance, 0.0, 0.4437283868465025, 0.937901097518319, 1.43524348362611, 1.9339568883137905, 2.3578923480897216, 2.6897412138519883, 3.1562888224128978, 3.6317503305545653, 4.113091801915853, 4.598454566600365, 5.086622950969697, 5.573575644173736, 6.069779328487771, 6.450429928065082, 6.812298732670046, 7.190742784260758, 7.583280922902591, 7.992699022234216, 8.47131490596718, 8.954805515979366, 9.440016282929136, 9.87115843117301, 10.266467467271985, 10.657773760720604, 11.054519955750022, 11.459349081402761, 11.825081699262233, 12.122880565836885, 12.559537094011985
1AKD.pdb, 1, 1, 0.4196578121127556, 0.8683156328449549, 0.671116913366864, -, -, -, 1.1227580115533728, 14.101320893703722, , length, 0.0, 0.5, 1.0, 1.5, 2.0, 2.5, 3.0, 3.5, 4.0, 4.5, 5.0, 5.5, 6.0, 6.5, 7.0, 7.5, 8.0, 8.5, 9.0, 9.5, 10.0, 10.5, 11.0, 11.5, 12.0, 12.5, 13.0, 13.5, 14.0, 14.5
1AKD.pdb, 1, 1, 0.4196578121127556, 0.8683156328449549, 0.671116913366864, -, -, -, 1.1227580115533728, 14.101320893703722, , R, 3.4839028770087492, 3.2605416608548876, 2.9682151405381743, 2.7100608284168834, 2.497804633933533, 2.2974338529560363, 2.0505161857705243, 1.7421224128248052, 1.4857111370952767, 1.2927274293320066, 1.1775526013303157, 1.1523551110264387, 1.1726306181577506, 1.1738502191477775, 0.985467468923706, 0.7847536565513646, 0.6814566988561941, 0.6892835437061335, 0.7875302559928952, 0.8982361138475432, 1.0931801903044907, 1.3626299644045816, 1.5710233146404633, 1.7541571464649643, 1.8134216315539686, 1.8946649591030043, 2.0448525624687353, 2.21325628409318, 2.1987460010567594, 2.158010246410495
1AKD.pdb, 1, 1, 0.4196578121127556, 0.8683156328449549, 0.671116913366864, -, -, -, 1.1227580115533728, 14.101320893703722, , Upper limit of R overestimation, -, -, -, -, -, -, -, -, -, -, -, -, -, -, -, -, -, -, -, -, -, -, -, -, -, -, -, -, -, -
1AKD.pdb, 2, 2, 0.36304053609496967, 1.0132407812687692, 0.8397287718676849, -, -, -, 1.1502426946204538, 14.136466443317914, , X, 16.975476231179453, 16.88573264901453, 16.805163660071553, 16.70583502176284, 16.678575064959446, 16.694442396090597, 16.71030972722175, 16.726177058352903, 16.742044389484054, 16.757911720615205, 16.864415721538066, 16.914597283480816, 16.882046843488418, 16.84974819687652, 16.705263679668878, 16.525085762921695, 16.349718116106104, 16.176518554944558, 16.171261606644393, 16.316129291560753, 16.464177367180696, 16.835379999999073, 17.088700294156666, 17.322691185821142, 17.64841821654681, 18.028394833635083, 18.337195746702747, 18.369338338275792, 18.414318220301467, 18.46182679079728
1AKD.pdb, 2, 2, 0.36304053609496967, 1.0132407812687692, 0.8397287718676849, -, -, -, 1.1502426946204538, 14.136466443317914, , Y, 24.106161642832348, 24.323012722330738, 24.677079367853352, 25.03480733753844, 25.32568291509132, 25.610396525519445, 25.89511013594757, 26.17982374637569, 26.464537356803813, 26.749250967231937, 26.988812840240396, 27.291727638477063, 27.43837857137256, 27.28869907249704, 27.21497269434793, 27.181713666833517, 27.150143466985696, 27.103339753743615, 26.81902083914223, 26.966849648820133, 27.206689937380627, 27.34781741845948, 27.593585646050535, 27.85676822200302, 28.098037158125447, 28.2128296817131, 28.32525814669354, 28.248113107236566, 28.181874572497993, 28.117784400206514
1AKD.pdb, 2, 2, 0.36304053609496967, 1.0132407812687692, 0.8397287718676849, -, -, -, 1.1502426946204538, 14.136466443317914, , Z, 7.833481663061395, 7.448347833003085, 7.119562606035131, 6.789815006572688, 6.390514738058761, 5.979800253483701, 5.569085768908641, 5.1583712843335805, 4.747656799758521, 4.33694231518346, 3.913292115740447, 3.533156308538924, 3.142120381365494, 2.666144704420324, 2.202261602291774, 1.7371485944805385, 1.2699767728432194, 0.8034697831182707, 0.5250715475292279, 0.0718958353504198, -0.29516347219607614, -0.5986652248554779, -0.9410898928371667, -1.295977122083782, -1.5750860206375474, -1.8790723629689774, -2.207812293911733, -2.7007783137286676, -3.194269265840794, -3.6878636190754044
1AKD.pdb, 2, 2, 0.36304053609496967, 1.0132407812687692, 0.8397287718676849, -, -, -, 1.1502426946204538, 14.136466443317914, , distance, 0.0, 0.45100595148489203, 0.9298568925408971, 1.4227892668902618, 1.9124685572961717, 2.403713245578882, 2.8979542355420698, 3.393882752191223, 3.8908535721543065, 4.388512607281742, 4.867226977411704, 5.352040275785452, 5.755108112340697, 6.070067814610012, 6.438040101601846, 6.843036512346519, 7.262024167425636, 7.683910269457978, 7.837041826999016, 8.298222027356871, 8.714905275937648, 9.034880201809758, 9.442883662115271, 9.875962011171854, 10.242512724132236, 10.597502803657123, 10.976458430577496, 11.404790518272586, 11.844534296653771, 12.289985852057537
1AKD.pdb, 2, 2, 0.36304053609496967, 1.0132407812687692, 0.8397287718676849, -, -, -, 1.1502426946204538, 14.136466443317914, , length, 0.0, 0.5, 1.0, 1.5, 2.0, 2.5, 3.0, 3.5, 4.0, 4.5, 5.0, 5.5, 6.0, 6.5, 7.0, 7.5, 8.0, 8.5, 9.0, 9.5, 10.0, 10.5, 11.0, 11.5, 12.0, 12.5, 13.0, 13.5, 14.0, 14.5
1AKD.pdb, 2, 2, 0.36304053609496967, 1.0132407812687692, 0.8397287718676849, -, -, -, 1.1502426946204538, 14.136466443317914, , R, 3.4839028770087492, 3.313141875135542, 3.0472970293382367, 2.785327518416039, 2.4649658336242717, 2.1548740957265027, 1.8901974347140929, 1.6822169614221139, 1.542505574249355, 1.4806144898332527, 1.4208759862130553, 1.4432292953214634, 1.3793846913627466, 1.159295698824042, 0.985398803392874, 0.8750934028152799, 0.8628545304597597, 0.9450215036735625, 0.8519645438103476, 0.8624760502201485, 0.984810197005308, 0.9304256370057447, 0.9332132364116785, 0.9988791040954279, 1.0461871086655492, 1.0829830621024823, 1.1684024024717994, 0.9946750307583363, 0.9039570934538164, 0.9128702314922976
1AKD.pdb, 2, 2, 0.36304053609496967, 1.0132407812687692, 0.8397287718676849, -, -, -, 1.1502426946204538, 14.136466443317914, , Upper limit of R overestimation, -, -, -, -, -, -, -, -, -, -, -, -, -, -, -, -, -, -, -, -, -, -, -, -, -, -, -, -, -, -
1AKD.pdb, 3, 3, 0.3563631650722655, 1.0318049414981696, 0.7900540237617162, -, -, -, 1.2286042109500823, 17.363485096589965, , X, 16.975476231179453, 17.05921098814801, 17.41596043119639, 17.770743755631138, 18.121217877374125, 18.471691999117112, 18.8221661208601, 19.172640242603084, 19.52311436434607, 19.87358848608906, 20.286797849977294, 20.768919062186416, 21.252445973151826, 21.738917596186763, 22.13572381060135, 22.553062772620734, 22.948690970160413, 23.329465185806328, 23.70950239144634, 24.071834190593478, 24.444745287661597, 24.81606865188326, 24.987013875653535, 24.968875346666337, 24.985442820887574, 25.021704133334488, 25.455137429948657, 25.789194935665712, 26.06801131058108, 26.468871211723936, 26.722046810246542, 27.014970610137333, 27.344962854148765, 27.735396670145168, 28.11089615058575, 28.48639563102633, 28.93691279518258
1AKD.pdb, 3, 3, 0.3563631650722655, 1.0318049414981696, 0.7900540237617162, -, -, -, 1.2286042109500823, 17.363485096589965, , Y, 24.106161642832348, 23.719516515980455, 23.551465726212204, 23.384361609767986, 23.21933234639106, 23.054303083014133, 22.889273819637204, 22.724244556260278, 22.55921529288335, 22.39418602950642, 22.632875613913683, 22.558447688397205, 22.478351152621542, 22.404482494908677, 22.446659529778096, 22.314205719633776, 22.44470922259453, 22.434013876549486, 22.32785100747214, 22.426420409593426, 22.56813924992344, 22.62933068542368, 22.75822277697768, 22.994276140420006, 23.238731380226753, 23.494591499213737, 23.74350889203844, 24.088068196086834, 24.476064176668494, 24.682122164297855, 25.087167565069777, 25.186576197882157, 25.424532303325144, 25.535774286984104, 25.604499238813258, 25.673224190642408, 25.674793261715916
1AKD.pdb, 3, 3, 0.3563631650722655, 1.0318049414981696, 0.7900540237617162, -, -, -, 1.2286042109500823, 17.363485096589965, , Z, 7.833481663061395, 8.07352248348638, 8.380912735353514, 8.691038784184212, 9.007160963440509, 9.323283142696807, 9.639405321953104, 9.955527501209403, 10.2716496804657, 10.587771859721997, 10.576342916085668, 10.484580569042498, 10.385654984237627, 10.29722187384678, 10.074192915326389, 10.240935475219057, 10.51742627981566, 10.815024968726767, 11.12110221371152, 11.237647231956753, 11.42142594305026, 11.7330157671297, 12.14373440921028, 12.584131733650095, 13.002903776379698, 13.421249395068902, 13.40813865391732, 13.448384621222816, 13.55223198965156, 13.765199464321231, 13.786176652915522, 14.105385772878869, 14.1765069523499, 14.455908367450444, 14.778827894863907, 15.10174742227737, 15.195303297968533
1AKD.pdb, 3, 3, 0.3563631650722655, 1.0318049414981696, 0.7900540237617162, -, -, -, 1.2286042109500823, 17.363485096589965, , distance, 0.0, 0.46273703019447143, 0.8952064953353056, 1.3743543717570363, 1.86459465326645, 2.35893545965378, 2.855247762390184, 3.352656121115958, 3.8507358190712657, 4.349256215733975, 4.5451854131010725, 4.879954139760494, 5.239830705959047, 5.626375510626867, 5.8653976216611285, 6.333751772498337, 6.7559808442962375, 7.215182206386966, 7.701814456869954, 8.047867426792918, 8.4278607769419, 8.880443987388828, 9.196736016141319, 9.36479550674363, 9.57261328031111, 9.815240685833853, 10.154455752489604, 10.45031578490315, 10.747796395194817, 11.208994372944293, 11.462660612372485, 11.886779385461633, 12.226950717286025, 12.71519624780506, 13.209103929209345, 13.703453491916244, 14.132692157356962
1AKD.pdb, 3, 3, 0.3563631650722655, 1.0318049414981696, 0.7900540237617162, -, -, -, 1.2286042109500823, 17.363485096589965, , length, 0.0, 0.5, 1.0, 1.5, 2.0, 2.5, 3.0, 3.5, 4.0, 4.5, 5.0, 5.5, 6.0, 6.5, 7.0, 7.5, 8.0, 8.5, 9.0, 9.5, 10.0, 10.5, 11.0, 11.5, 12.0, 12.5, 13.0, 13.5, 14.0, 14.5, 15.0, 15.5, 16.0, 16.5, 17.0, 17.5, 18.0
1AKD.pdb, 3, 3, 0.3563631650722655, 1.0318049414981696, 0.7900540237617162, -, -, -, 1.2286042109500823, 17.363485096589965, , R, 3.4839028770087492, 3.360241904284601, 3.0179841381846875, 2.7052951075784715, 2.426681021753744, 2.1947629034456284, 2.018733639334896, 1.9072157958764473, 1.8665883205446807, 1.8993790070997165, 1.8036984450484579, 1.5656542175089578, 1.3847206119305504, 1.2759541367025786, 1.149145523198571, 1.2241519631879396, 1.115493063859586, 0.9975438880853766, 0.8968739419612621, 0.9502473026612281, 1.0135320808907617, 1.043827964090624, 0.9640677179129074, 0.8308753481012774, 0.7901310859821629, 0.8465913754731798, 0.8223499407910699, 0.8352207959895681, 0.8784083657316284, 0.9148259762222053, 1.033235999578208, 1.0535696111128297, 1.1414304797715276, 1.236026049553653, 1.3878954477394876, 1.613054784734818, 1.712465909462216
1AKD.pdb, 3, 3, 0.3563631650722655, 1.0318049414981696, 0.7900540237617162, -, -, -, 1.2286042109500823, 17.363485096589965, , Upper limit of R overestimation, -, -, -, -, -, -, -, -, -, -, -, -, -, -, -, -, -, -, -, -, -, -, -, -, -, -, -, -, -, -, -, -, -, -, -, -, -
1AKD.pdb, 4, 4, 0.34323997331662914, 1.069325445782909, 0.827839236698908, -, -, -, 1.3387530555505955, 19.10872312961985, , X, 16.975476231179453, 16.92097252699672, 16.7031161629929, 16.585331941295674, 16.474334720627677, 16.476914263018656, 16.557735320251496, 16.638556377484335, 16.720176486278913, 16.79389162910774, 16.860070906260415, 16.926250183413092, 16.859826743453908, 16.65623465763987, 16.454599349151415, 16.52071356678279, 16.91657715496806, 17.31349492741971, 17.716393615448663, 18.123916633940446, 18.58138610889937, 18.920774761925998, 19.187541988574758, 19.450849697543035, 19.692159719628627, 19.942834149904222, 20.360624307023013, 20.774319161947272, 21.210244545713874, 21.68192586387594, 22.16184185359523, 22.540053806403197, 22.975945231046392, 23.3689536838766, 23.767277039405563, 24.167507613510153, 24.567738187614747, 24.96796876171934, 25.347896807001007, 25.68428659820899
1AKD.pdb, 4, 4, 0.34323997331662914, 1.069325445782909, 0.827839236698908, -, -, -, 1.3387530555505955, 19.10872312961985, , Y, 24.106161642832348, 23.785268776737226, 23.89076221597157, 23.94894477500368, 23.998498620567677, 23.993034132207413, 23.953677504089338, 23.914320875971264, 23.882822965061695, 23.856022507483118, 23.82592067834964, 23.795818849216165, 23.70923456954449, 23.557917823218308, 23.41950104325012, 23.391164590266087, 23.268789842626873, 23.156802779613088, 23.04190884435066, 22.9086764448501, 22.78484520823805, 22.68205762878358, 22.267354595367596, 21.849497049574087, 21.41515088067348, 21.031526641869053, 20.757621054526027, 20.47778947981698, 20.314490145968048, 20.259032525984093, 20.25060458829629, 20.34230949413187, 20.444170520785317, 20.442432810768917, 20.45637210252737, 20.474709809666003, 20.493047516804637, 20.511385223943268, 20.548774880506087, 20.917989765239795
1AKD.pdb, 4, 4, 0.34323997331662914, 1.069325445782909, 0.827839236698908, -, -, -, 1.3387530555505955, 19.10872312961985, , Z, 7.833481663061395, 8.091228761438945, 8.52330912351079, 9.004730786571944, 9.489673178518816, 9.97826031841839, 10.470112951359337, 10.961965584300284, 11.454183096980078, 11.947911708941911, 12.442597652908756, 12.937283596875602, 13.400528038828405, 13.831403316461213, 14.264626457911541, 14.680217140163503, 14.959954235136765, 15.242646965198162, 15.515200938612445, 15.761927952156288, 15.881600049076148, 16.148556128550826, 16.23075605904914, 16.30862853057345, 16.360348890200918, 16.52798694343129, 16.548107288745037, 16.5681843857188, 16.48698913500546, 16.35950191277151, 16.418048556740384, 16.689158137680767, 16.899923104484387, 17.2090194237486, 17.510744032633706, 17.809874800106403, 18.109005567579104, 18.408136335051804, 18.706480379817812, 18.68362699358897
1AKD.pdb, 4, 4, 0.34323997331662914, 1.069325445782909, 0.827839236698908, -, -, -, 1.3387530555505955, 19.10872312961985, , distance, 0.0, 0.4151824321938812, 0.7722945325616373, 1.244489541853608, 1.733696765825681, 2.20486674205756, 2.6738704964270013, 3.1524164561640715, 3.6365556503806498, 4.126024376707819, 4.619069559452475, 5.113465559963598, 5.582376846421303, 6.031380491093513, 6.488639216166823, 6.89897213789969, 7.175741909621642, 7.47738385831357, 7.790404586268994, 8.100194239470001, 8.31246252388521, 8.657524009968949, 8.876297851827541, 9.11307430620105, 9.345018609276991, 9.687776601333617, 9.930591692479567, 10.19270934635086, 10.353416198767903, 10.471107481316265, 10.745161577296466, 11.115489751292435, 11.472408971400366, 11.924771326742972, 12.373315193458897, 12.823462007036774, 13.277176914357604, 13.734106297258132, 14.176548521054091, 14.27352344810217
1AKD.pdb, 4, 4, 0.34323997331662914, 1.069325445782909, 0.827839236698908, -, -, -, 1.3387530555505955, 19.10872312961985, , length, 0.0, 0.5, 1.0, 1.5, 2.0, 2.5, 3.0, 3.5, 4.0, 4.5, 5.0, 5.5, 6.0, 6.5, 7.0, 7.5, 8.0, 8.5, 9.0, 9.5, 10.0, 10.5, 11.0, 11.5, 12.0, 12.5, 13.0, 13.5, 14.0, 14.5, 15.0, 15.5, 16.0, 16.5, 17.0, 17.5, 18.0, 18.5, 19.0, 19.5
1AKD.pdb, 4, 4, 0.34323997331662914, 1.069325445782909, 0.827839236698908, -, -, -, 1.3387530555505955, 19.10872312961985, , R, 3.4839028770087492, 3.3872237510929115, 3.119849226674783, 2.810184379568937, 2.528604608872947, 2.2239321654875934, 1.9163807162580628, 1.6581121431390575, 1.4569225754650983, 1.3214531140841883, 1.2676179990073284, 1.3027242899795457, 1.3668507648882047, 1.4504663892692307, 1.6040309690863364, 1.5395461865251132, 1.3057024174913119, 1.1387540547286061, 1.0526667043979545, 1.0346107557766748, 1.0347714218176205, 1.0238243163607352, 0.8776690200308317, 0.8276542202236228, 0.8643701824077574, 0.9373135108395694, 0.9145931382721932, 0.9913623571669699, 1.0583020090777122, 1.0969727728141732, 1.162646061332203, 1.1495716912672647, 1.1214367356823742, 1.039483902373338, 1.0470975034643, 1.1485903341898926, 1.3353036880813254, 1.591935720835171, 1.8752796145950885, 1.9795158260596732
1AKD.pdb, 4, 4, 0.34323997331662914, 1.069325445782909, 0.827839236698908, -, -, -, 1.3387530555505955, 19.10872312961985, , Upper limit of R overestimation, -, -, -, -, -, -, -, -, -, -, -, -, -, -, -, -, -, -, -, -, -, -, -, -, -, -, -, -, -, -, -, -, -, -, -, -, -, -, -, -
1AKD.pdb, 5, 5, 0.3100796171410046, 1.1709261849908803, 0.6473382042476552, -, -, -, 1.241292742354813, 19.524851427368272, , X, 16.975476231179453, 17.35159014779755, 17.703798232971035, 18.05598216478539, 18.432934267093017, 18.837141097244434, 19.241347927395847, 19.645554757547263, 19.965905357445596, 20.238814619582453, 20.69263768552376, 21.1229849478728, 21.588745961933633, 21.923725255993233, 22.062572444988998, 22.405361068650148, 22.50191533083012, 22.56749520954734, 22.546073856868126, 22.515848083117962, 22.54926864253541, 22.617521498995675, 22.741406038435375, 22.72806948998693, 22.779137238598675, 22.940235784263145, 23.26743921782948, 23.584831769568662, 23.8655821639124, 24.148248595156073, 24.544018243127624, 25.005603184954804, 25.45871884730754, 25.651066046274142, 26.116967142557186, 26.55277215955533, 26.990356894684787, 27.38148136617951, 27.628171387198254, 27.877840213822747, 28.12750904044724, 28.38041794916322
1AKD.pdb, 5, 5, 0.3100796171410046, 1.1709261849908803, 0.6473382042476552, -, -, -, 1.241292742354813, 19.524851427368272, , Y, 24.106161642832348, 24.054490828377045, 24.01599709508166, 23.977523033665605, 23.956343203063707, 23.939606154541472, 23.92286910601924, 23.906132057497008, 23.777321428745267, 23.590147784617386, 23.778825823128326, 24.01805851588942, 24.16631765293003, 24.314641979901705, 24.512619679691973, 24.690028494307185, 24.72557667369935, 24.73325304846449, 24.707809062314325, 24.685678849125942, 24.63013392268609, 24.555554165386525, 24.451471088447047, 24.415431534309953, 24.425230360027705, 24.375681130149793, 24.549166342620342, 24.90823280606049, 25.21615628160905, 25.523501878683742, 25.74902155331748, 25.92692633877069, 26.117905684099, 26.53709212207841, 26.567471672267864, 26.429202325707656, 26.403102287026712, 26.32571172927163, 26.390562227697842, 26.459045410553347, 26.52752859340885, 26.60875708460601
1AKD.pdb, 5, 5, 0.3100796171410046, 1.1709261849908803, 0.6473382042476552, -, -, -, 1.241292742354813, 19.524851427368272, , Z, 7.833481663061395, 7.619851270186162, 7.267051472516991, 6.9142259213275254, 6.62027677215461, 6.326445681788546, 6.032614591422482, 5.738783501056418, 5.431762105916754, 5.197495489216566, 5.233616624171766, 5.31922656872643, 5.408969947577865, 5.355210774767728, 4.9905228192421225, 4.67717738015134, 4.187977592420754, 3.696610868815421, 3.197818236097476, 2.699226851971294, 2.2059983962858767, 1.7163256408806449, 1.2442912466069052, 0.7712446707961, 0.28015650795227803, -0.04507300752313459, -0.05386768074067179, -0.18314667381254995, -0.459398355217591, -0.7344226679733292, -0.8815649231460121, -0.9542920074492338, -1.0262930598378495, -1.0724842805245955, -1.1600908727214627, -1.0714617078128856, -0.9072267450993028, -0.9992586443710507, -1.428390229523142, -1.8561466212672375, -2.2839030130113334, -2.7059632964666056
1AKD.pdb, 5, 5, 0.3100796171410046, 1.1709261849908803, 0.6473382042476552, -, -, -, 1.241292742354813, 19.524851427368272, , distance, 0.0, 0.4356254080058971, 0.9270521801522035, 1.4244550126405116, 1.9022343700669164, 2.400977770216037, 2.9001539454793175, 3.399572261606885, 3.8495531009187, 4.226590925059543, 4.547937580592434, 4.850883362379862, 5.211922237789096, 5.5380916440845365, 5.841760951282875, 6.307678382317987, 6.649428850034349, 6.984097640621129, 7.2720638702357725, 7.575759560291281, 7.937901278850905, 8.333920220587503, 8.762569001139378, 9.11389973622555, 9.530845022039502, 9.885475252992965, 10.099273788772294, 10.420807486720431, 10.83870411349833, 11.26350306766743, 11.659067452925601, 12.042553261490884, 12.430129826843643, 12.668524421692357, 13.057919057039268, 13.28228639024384, 13.489764805351358, 13.828544637611074, 14.299673810050622, 14.7745219456639, 15.250977882482179, 15.729449436986442
1AKD.pdb, 5, 5, 0.3100796171410046, 1.1709261849908803, 0.6473382042476552, -, -, -, 1.241292742354813, 19.524851427368272, , length, 0.0, 0.5, 1.0, 1.5, 2.0, 2.5, 3.0, 3.5, 4.0, 4.5, 5.0, 5.5, 6.0, 6.5, 7.0, 7.5, 8.0, 8.5, 9.0, 9.5, 10.0, 10.5, 11.0, 11.5, 12.0, 12.5, 13.0, 13.5, 14.0, 14.5, 15.0, 15.5, 16.0, 16.5, 17.0, 17.5, 18.0, 18.5, 19.0, 19.5, 20.0, 20.5
1AKD.pdb, 5, 5, 0.3100796171410046, 1.1709261849908803, 0.6473382042476552, -, -, -, 1.241292742354813, 19.524851427368272, , R, 3.4839028770087492, 3.2544291990549072, 2.9498452529802806, 2.6828288520828747, 2.4288976595525433, 2.2030457096895417, 2.033638415378784, 1.9290031339611713, 1.862142259395899, 1.7868868485456324, 1.7531113631152948, 1.7997794604487543, 1.8465560955318963, 1.857664508010707, 1.7177415372243026, 1.658342528959042, 1.428279715908277, 1.238189322693493, 1.0613612505525434, 0.9644416218091085, 0.9384666670592674, 0.9985482823995802, 1.12942504682377, 1.3520340743995662, 1.5761174158743407, 1.5672163857557435, 1.4925774123819653, 1.260806256998504, 1.0444385725055576, 0.9117006620885877, 0.7769857078262401, 0.6853082270994468, 0.6985654308769305, 0.6697505944273296, 0.8668482960436754, 0.9886936298949425, 1.1101431499816403, 1.2121248865868557, 1.090593528474551, 1.0574437523303972, 1.1203094557155238, 1.2638154009845626
1AKD.pdb, 5, 5, 0.3100796171410046, 1.1709261849908803, 0.6473382042476552, -, -, -, 1.241292742354813, 19.524851427368272, , Upper limit of R overestimation, -, -, -, -, -, -, -, -, -, -, -, -, -, -, -, -, -, -, -, -, -, -, -, -, -, -, -, -, -, -, -, -, -, -, -, -, -, -, -, -, -, -
1AKD.pdb, 6, 6, 0.30071174650845517, 1.2016031258714945, 0.7551649641595084, -, -, -, 1.4618842445963534, 22.92694036059259, , X, 16.975476231179453, 16.88573264901453, 16.805163660071553, 16.70583502176284, 16.678575064959446, 16.694442396090597, 16.71030972722175, 16.726177058352903, 16.742044389484054, 16.757911720615205, 16.864415721538066, 16.914597283480816, 16.738662139849627, 16.277400620676243, 15.819049874119793, 15.355707383143375, 14.992854649037263, 14.649720215173655, 14.306585781310048, 14.025922550842438, 13.92002148641599, 13.962984045113433, 13.846716805717012, 13.820848815028244, 13.834949524734707, 13.849532319784624, 13.459108802440827, 13.070348392884831, 12.622681596713724, 12.184011184843184, 11.781320684338876, 11.408019007417385, 10.991265658922133, 10.513866768413411, 10.054446225327695, 9.673220567808531, 9.235359472804442, 8.797498377800352, 8.409106838155555, 8.134523859293044, 7.760697896261748, 7.386712715478614, 7.012467073832096, 6.535974137809143, 6.047553045680973, 5.559131953552803, 5.073947567478935, 4.618346982009326
1AKD.pdb, 6, 6, 0.30071174650845517, 1.2016031258714945, 0.7551649641595084, -, -, -, 1.4618842445963534, 22.92694036059259, , Y, 24.106161642832348, 24.323012722330738, 24.677079367853352, 25.03480733753844, 25.32568291509132, 25.610396525519445, 25.89511013594757, 26.17982374637569, 26.464537356803813, 26.749250967231937, 26.988812840240396, 27.291727638477063, 27.617109106638758, 27.776098711800536, 27.9464242102364, 28.108063470999817, 28.199105032927992, 28.278085341480857, 28.35706565003372, 28.448741980897204, 28.74994057942275, 29.035865155521808, 29.468785323299787, 29.951332207542574, 30.449688160625925, 30.94806958508857, 31.25510854202252, 31.564075612487482, 31.39964654622629, 31.339398194604144, 31.345283509926517, 31.42582663985827, 31.480092843205014, 31.49438804864752, 31.576275987166888, 31.319789125891596, 31.07936016338319, 30.838931200874782, 30.56567386444022, 30.289425968801485, 30.317363100164727, 30.21329754169291, 29.89329164888973, 29.838163146626382, 29.813935206401084, 29.78970726617579, 29.7513393297402, 29.583730485600245
1AKD.pdb, 6, 6, 0.30071174650845517, 1.2016031258714945, 0.7551649641595084, -, -, -, 1.4618842445963534, 22.92694036059259, , Z, 7.833481663061395, 7.448347833003085, 7.119562606035131, 6.789815006572688, 6.390514738058761, 5.979800253483701, 5.569085768908641, 5.1583712843335805, 4.747656799758521, 4.33694231518346, 3.913292115740447, 3.533156308538924, 3.4238612476365735, 3.314942892938519, 3.2105215459173357, 3.1154395364655065, 2.8029003237815204, 2.4479061390995795, 2.092911954417638, 1.71356489991426, 1.328773568411595, 0.9989621976786782, 1.039494761519289, 0.958356675232609, 0.9963237680005735, 1.0337843851753434, 0.9768405363498153, 0.9185598495740129, 0.8104829934550625, 0.579083291805252, 0.31700226222778743, -0.005733949295495089, -0.2503811736239965, -0.39402199849557934, -0.5735411621407855, -0.6417133346669852, -0.6199975461952256, -0.598281757723466, -0.5210128393137968, -0.2633355966644262, 0.06753245264665148, 0.23994073713897995, 0.1531281327555994, 0.050743756331760884, -0.05345722099937997, -0.1576581983305208, -0.23977541471493852, -0.12004495958418337
1AKD.pdb, 6, 6, 0.30071174650845517, 1.2016031258714945, 0.7551649641595084, -, -, -, 1.4618842445963534, 22.92694036059259, , distance, 0.0, 0.45100595148489203, 0.9298568925408971, 1.4227892668902618, 1.9124685572961717, 2.403713245578882, 2.8979542355420698, 3.393882752191223, 3.8908535721543065, 4.388512607281742, 4.867226977411704, 5.352040275785452, 5.641594208696015, 5.862844042379927, 6.120187803540971, 6.395216249017049, 6.781572276663763, 7.198507631282251, 7.625437803276812, 8.062955543321966, 8.556384394463636, 8.949175504862271, 9.203538792174232, 9.55955211626337, 9.84123796876366, 10.139975971292348, 10.511223011707406, 10.894340177305116, 11.021082228128112, 11.309471430311566, 11.656826319138998, 12.084178789811366, 12.471346193706955, 12.80742373679522, 13.205351091235837, 13.311209166980309, 13.416266834765327, 13.538986006202517, 13.597998422895019, 13.48901947156132, 13.557327555384136, 13.67126030916117, 13.847030567124408, 14.227088757782687, 14.635641057433705, 15.049715073789667, 15.44965680827613, 15.683143480982679
1AKD.pdb, 6, 6, 0.30071174650845517, 1.2016031258714945, 0.7551649641595084, -, -, -, 1.4618842445963534, 22.92694036059259, , length, 0.0, 0.5, 1.0, 1.5, 2.0, 2.5, 3.0, 3.5, 4.0, 4.5, 5.0, 5.5, 6.0, 6.5, 7.0, 7.5, 8.0, 8.5, 9.0, 9.5, 10.0, 10.5, 11.0, 11.5, 12.0, 12.5, 13.0, 13.5, 14.0, 14.5, 15.0, 15.5, 16.0, 16.5, 17.0, 17.5, 18.0, 18.5, 19.0, 19.5, 20.0, 20.5, 21.0, 21.5, 22.0, 22.5, 23.0, 23.5
1AKD.pdb, 6, 6, 0.30071174650845517, 1.2016031258714945, 0.7551649641595084, -, -, -, 1.4618842445963534, 22.92694036059259, , R, 3.4839028770087492, 3.313141875135542, 3.0472970293382367, 2.785327518416039, 2.4649658336242717, 2.1548740957265027, 1.8901974347140929, 1.6822169614221139, 1.542505574249355, 1.4806144898332527, 1.4208759862130553, 1.4432292953214634, 1.4978961487800078, 1.3086175035041974, 1.1916273670816908, 1.1577506872666472, 1.107063593445853, 1.1308238566438722, 1.246273868201763, 1.3853827978420532, 1.3380308936211378, 1.2389727880200225, 1.1727511334696707, 1.1068822718560445, 1.0628721214109098, 1.114419190733388, 1.0290178842543005, 1.0396585660437152, 0.9258757568020473, 0.823084204129358, 0.7681779012463861, 0.7693152387483657, 0.8634228241401538, 1.0123356161925479, 1.2087540633971647, 1.3567198048339755, 1.5015024592528858, 1.7178136739192462, 1.9308241528530123, 1.9991046577037186, 2.034838296139475, 2.033416102067184, 1.9250930809714162, 1.7353248105181418, 1.5956679281257995, 1.5324799188083835, 1.536967188230348, 1.4991668075127391
1AKD.pdb, 6, 6, 0.30071174650845517, 1.2016031258714945, 0.7551649641595084, -, -, -, 1.4618842445963534, 22.92694036059259, , Upper limit of R overestimation, -, -, -, -, -, -, -, -, -, -, -, -, -, -, -, -, -, -, -, -, -, -, -, -, -, -, -, -, -, -, -, -, -, -, -, -, -, -, -, -, -, -, -, -, -, -, -, -
1AKD.pdb, 7, 7, 0.2673999549605692, 1.3190097827489788, 0.9611982741803882, -, -, -, 1.2855681490578517, 24.37620879260579, , X, 16.975476231179453, 17.35159014779755, 17.703798232971035, 18.05598216478539, 18.432934267093017, 18.837141097244434, 19.241347927395847, 19.645554757547263, 19.965905357445596, 20.238814619582453, 20.69263768552376, 21.1229849478728, 21.588745961933633, 22.07083773817392, 22.455612428625514, 22.75760683610089, 23.05960124357627, 23.361595651051648, 23.663590058527024, 23.9655844660024, 24.29389823598637, 24.628224921310768, 24.861968539964643, 25.00767019417738, 25.153221511636588, 25.295758936257943, 25.421187029623894, 25.48748680424051, 25.558778468535113, 26.022243545938807, 26.503229922811332, 26.984216299683855, 27.379647137025323, 27.67664603535893, 27.951114400160552, 28.292678118276164, 28.638225440289926, 28.978966084792116, 29.320248185826657, 29.472119619088833, 29.625618731998813, 29.78527159215409, 29.939386678801814, 30.08911016531893, 30.311594053839066, 30.70396721614248, 31.106522955089922, 31.488005762235385, 31.82750801934811, 32.17759039231817, 32.527672765288244
1AKD.pdb, 7, 7, 0.2673999549605692, 1.3190097827489788, 0.9611982741803882, -, -, -, 1.2855681490578517, 24.37620879260579, , Y, 24.106161642832348, 24.054490828377045, 24.01599709508166, 23.977523033665605, 23.956343203063707, 23.939606154541472, 23.92286910601924, 23.906132057497008, 23.777321428745267, 23.590147784617386, 23.778825823128326, 24.01805851588942, 24.16631765293003, 24.26452889192156, 24.18056296127706, 23.880022761257198, 23.579482561237338, 23.278942361217474, 22.978402161197614, 22.677861961177754, 22.393215269822857, 22.062767775629947, 21.661053707316203, 21.189516655056007, 20.71804385496251, 20.24785915734887, 19.795757343371807, 19.38952537171608, 18.97825484073122, 18.869307812970547, 18.93790233659293, 19.006496860215314, 18.885719623903338, 18.547069534169594, 18.17602189981716, 17.81355650871869, 17.454147529027708, 17.090230017133266, 16.806853567868618, 16.50616172282371, 16.320941421733426, 16.129731890939475, 15.93490937688717, 15.73722167202711, 15.507068904154561, 15.262405469541873, 15.026544192770132, 14.962062226592236, 14.614263315529342, 14.281434346655116, 13.948605377780888
1AKD.pdb, 7, 7, 0.2673999549605692, 1.3190097827489788, 0.9611982741803882, -, -, -, 1.2855681490578517, 24.37620879260579, , Z, 7.833481663061395, 7.619851270186162, 7.267051472516991, 6.9142259213275254, 6.62027677215461, 6.326445681788546, 6.032614591422482, 5.738783501056418, 5.431762105916754, 5.197495489216566, 5.233616624171766, 5.31922656872643, 5.408969947577865, 5.487003135930444, 5.684381152004018, 5.946058369250032, 6.207735586496046, 6.46941280374206, 6.7310900209880735, 6.992767238234088, 7.236540075250102, 7.3293937945816126, 7.193507776245693, 7.11335893779224, 7.032609642118076, 6.939822613324814, 6.7961236758648065, 6.512548245395667, 6.237399958302642, 6.229642571577558, 6.347739551183558, 6.4658365307895584, 6.629944257253477, 6.84698750435403, 6.973660206093349, 6.930371233257096, 6.892658721187462, 6.856424427291631, 6.677631832800596, 6.344161937785679, 5.905923506290308, 5.472391639436444, 5.038504607504728, 4.604335920319297, 4.248980250759203, 4.3569165991244105, 4.536689609223489, 4.400286249567418, 4.28524128820702, 4.156139740525492, 4.027038192843964
1AKD.pdb, 7, 7, 0.2673999549605692, 1.3190097827489788, 0.9611982741803882, -, -, -, 1.2855681490578517, 24.37620879260579, , distance, 0.0, 0.4356254080058971, 0.9270521801522035, 1.4244550126405116, 1.9022343700669164, 2.400977770216037, 2.9001539454793175, 3.399572261606885, 3.8495531009187, 4.226590925059543, 4.547937580592434, 4.850883362379862, 5.211922237789096, 5.611929307362278, 5.88693989313395, 6.086586877401073, 6.3195742203830445, 6.5823625574491835, 6.871533696962268, 7.183902411591274, 7.539882305215852, 7.936883871518811, 8.281598899286175, 8.575636103717919, 8.887983798952876, 9.214783169401889, 9.538643913542927, 9.820684640279357, 10.125017643297976, 10.575487540255914, 10.940586103492922, 11.316002468264877, 11.702490734806336, 12.099244231589134, 12.50481841235392, 12.980429360217643, 13.45935209038011, 13.93777981187236, 14.38781713171212, 14.701842333286189, 14.978359043292379, 15.273802240326093, 15.57704190238874, 15.888169605760933, 16.26791581251381, 16.696406578081753, 17.11709006808879, 17.49328151808829, 17.979682751661013, 18.470310907718485, 18.96142869630853
1AKD.pdb, 7, 7, 0.2673999549605692, 1.3190097827489788, 0.9611982741803882, -, -, -, 1.2855681490578517, 24.37620879260579, , length, 0.0, 0.5, 1.0, 1.5, 2.0, 2.5, 3.0, 3.5, 4.0, 4.5, 5.0, 5.5, 6.0, 6.5, 7.0, 7.5, 8.0, 8.5, 9.0, 9.5, 10.0, 10.5, 11.0, 11.5, 12.0, 12.5, 13.0, 13.5, 14.0, 14.5, 15.0, 15.5, 16.0, 16.5, 17.0, 17.5, 18.0, 18.5, 19.0, 19.5, 20.0, 20.5, 21.0, 21.5, 22.0, 22.5, 23.0, 23.5, 24.0, 24.5, 25.0
1AKD.pdb, 7, 7, 0.2673999549605692, 1.3190097827489788, 0.9611982741803882, -, -, -, 1.2855681490578517, 24.37620879260579, , R, 3.4839028770087492, 3.2544291990549072, 2.9498452529802806, 2.6828288520828747, 2.4288976595525433, 2.2030457096895417, 2.033638415378784, 1.9290031339611713, 1.862142259395899, 1.7868868485456324, 1.7531113631152948, 1.7997794604487543, 1.8465560955318963, 1.9242270087694768, 1.8243127489224675, 1.547028095080003, 1.3311216931963408, 1.1912964579365886, 1.1395793006083137, 1.181036028939436, 1.2815102866223693, 1.297083417465429, 1.1545811821463672, 1.0109849264381299, 0.9612173265926787, 1.0034880696830548, 1.1041320233866259, 1.1849290160289283, 1.34198382711948, 1.3014663120889733, 1.2396013657233258, 1.267494797331671, 1.2719935823834287, 1.2360735670436687, 1.1926616604657099, 1.0938320859670547, 1.0834786037048354, 1.1659167804879385, 1.2249697394379688, 1.122793156920864, 1.0158564627210391, 0.9994559495924031, 1.0766613256194941, 1.240455956285528, 1.428823309898414, 1.399602994206906, 1.4097642392939944, 1.3366198198438006, 1.157259689672045, 1.0586549862254837, 1.0551123528941857
1AKD.pdb, 7, 7, 0.2673999549605692, 1.3190097827489788, 0.9611982741803882, -, -, -, 1.2855681490578517, 24.37620879260579, , Upper limit of R overestimation, -, -, -, -, -, -, -, -, -, -, -, -, -, -, -, -, -, -, -, -, -, -, -, -, -, -, -, -, -, -, -, -, -, -, -, -, -, -, -, -, -, -, -, -, -, -, -, -, -, -, -
1AKD.pdb, 8, 8, 0.2620783546203639, 1.3391117564950925, 0.7894449537033967, -, -, -, 1.2661353171659193, 25.91606666852322, , X, 16.975476231179453, 16.949592445914732, 16.785918171590282, 16.655331039004516, 16.530481243656258, 16.46296153352485, 16.394919327665868, 16.36034842733377, 16.416895031098353, 16.467630384568402, 16.424945381057814, 16.258133424689778, 16.01367278685742, 15.816060725294275, 15.8194960641873, 16.03140198590319, 16.01871729112267, 16.006640952208993, 15.947439739072738, 15.817893538645306, 15.64631310551432, 15.452910868742283, 15.525613542825159, 15.361998006058105, 15.056730314497017, 14.619211335960161, 14.409986552855027, 14.427922335434786, 14.451800557890934, 14.454473128419087, 14.373607277252319, 14.29167966921236, 14.180187667276378, 14.225928920892635, 14.264659625491628, 14.012476162061775, 13.78011030665645, 13.527012345851075, 13.332883972454624, 13.258154505263807, 13.203266091646443, 13.146106247923266, 13.00100136536526, 13.054568995986864, 13.028517796091192, 12.747086155443512, 12.362109731041912, 11.97878076312295, 11.808554284150532, 11.678426083752987, 11.564686352468769, 11.490988611725937, 11.423595370583763, 11.203083050520979, 10.927065632531068
1AKD.pdb, 8, 8, 0.2620783546203639, 1.3391117564950925, 0.7894449537033967, -, -, -, 1.2661353171659193, 25.91606666852322, , Y, 24.106161642832348, 23.653979868024248, 23.182435238713914, 22.70040718332708, 22.270015569871905, 21.827672392416137, 21.384855178045214, 20.938007850356648, 20.49393346445486, 20.052298455891044, 19.610314085411947, 19.31904696303364, 19.02089274918667, 18.675084564146413, 18.239366372473796, 17.808360335416115, 17.538951999698476, 17.379719926502773, 17.32088652772691, 17.262293080298523, 17.171327767220358, 17.038024189953198, 16.888574471390662, 16.76348280713068, 16.682771845276534, 16.526956743686547, 16.14913455965448, 15.65018414524186, 15.151443595027729, 14.664082370453215, 14.22154933164323, 13.778520660815287, 13.302169289502165, 12.829398566607498, 12.354852416400682, 12.097842726547986, 11.908613297523692, 11.67427328402908, 11.454306861733626, 11.090036461378974, 10.597705087165044, 10.105736538577162, 9.647310277229789, 9.241315472530347, 8.8693506691562, 8.694779243066513, 8.482660233287138, 8.284582152954107, 7.947469271767929, 7.7746335150804065, 7.4320851148020015, 7.028848627084141, 6.547375919651284, 6.106664384788597, 5.696741710724314
1AKD.pdb, 8, 8, 0.2620783546203639, 1.3391117564950925, 0.7894449537033967, -, -, -, 1.2661353171659193, 25.91606666852322, , Z, 7.833481663061395, 7.996496743666693, 7.972059608679927, 7.947905053411691, 7.750123557649863, 7.527023575350206, 7.305070441526917, 7.091723835429746, 6.869012314873133, 6.640264881628246, 6.607957737523736, 6.252146979014842, 5.934651079714146, 5.632382701804837, 5.445346374270013, 5.38790389867925, 5.1251313735685144, 4.651317793239457, 4.224772715304003, 3.745414196162774, 3.2886649998638764, 2.8473628583801265, 2.438860840611367, 2.0212947148642586, 1.6985175312751248, 1.6312804213593888, 1.5796620327761073, 1.5529278975000678, 1.5267039758932577, 1.4616076178390973, 1.2433755769361299, 1.0276203265646802, 0.9464586024939919, 0.7902677535582529, 0.6384667509224018, 0.3620819014976582, -0.011978537014280422, -0.37395387472474284, -0.7623694206266024, -0.9297230790164073, -0.9974473291683729, -1.0660016832669483, -1.1648416012286338, -1.055671955905344, -0.806888712637593, -0.5015207917283503, -0.26319605875844804, -0.010723532993597434, 0.28564319784312214, 0.6600467294795768, 1.0058921008295671, 1.222619176197206, 1.2632827123464392, 1.315315749092738, 1.2399115037078223
1AKD.pdb, 8, 8, 0.2620783546203639, 1.3391117564950925, 0.7894449537033967, -, -, -, 1.2661353171659193, 25.91606666852322, , distance, 0.0, 0.48136498035584724, 0.9531036536666069, 1.4462818732013931, 1.8911376242639306, 2.355440752618884, 2.8322735765729075, 3.311462719508555, 3.780265399855291, 4.256228427828055, 4.692295639509927, 5.092314507425419, 5.5127654739200445, 5.973749173438689, 6.438848270331532, 6.821614771439965, 7.167900073023149, 7.5039873970680855, 7.753682846647551, 8.05548447985646, 8.397258719310805, 8.782832861331391, 9.126751898153744, 9.502618670029598, 9.819678552658702, 10.072915734892673, 10.440607130821313, 10.836924927929836, 11.239722372682872, 11.666580324936549, 12.161610946840334, 12.656329672187177, 13.113770455635235, 13.57690163711265, 14.043149033987829, 14.449944878852612, 14.850649641639121, 15.290707944404573, 15.723439942273217, 16.12550008231695, 16.573873256392147, 17.02576815888487, 17.487843058543238, 17.758215486791375, 17.955358246637935, 18.023935641966364, 18.191567741392337, 18.352680957093117, 18.567990926495337, 18.60741035174523, 18.812693969882876, 19.115902466428576, 19.55254079179511, 19.994722090003147, 20.4686389496922
1AKD.pdb, 8, 8, 0.2620783546203639, 1.3391117564950925, 0.7894449537033967, -, -, -, 1.2661353171659193, 25.91606666852322, , length, 0.0, 0.5, 1.0, 1.5, 2.0, 2.5, 3.0, 3.5, 4.0, 4.5, 5.0, 5.5, 6.0, 6.5, 7.0, 7.5, 8.0, 8.5, 9.0, 9.5, 10.0, 10.5, 11.0, 11.5, 12.0, 12.5, 13.0, 13.5, 14.0, 14.5, 15.0, 15.5, 16.0, 16.5, 17.0, 17.5, 18.0, 18.5, 19.0, 19.5, 20.0, 20.5, 21.0, 21.5, 22.0, 22.5, 23.0, 23.5, 24.0, 24.5, 25.0, 25.5, 26.0, 26.5, 27.0
1AKD.pdb, 8, 8, 0.2620783546203639, 1.3391117564950925, 0.7894449537033967, -, -, -, 1.2661353171659193, 25.91606666852322, , R, 3.4839028770087492, 3.392064938753332, 3.1860648088749364, 3.016821944554199, 2.742318781609861, 2.4681329959984497, 2.2400571994832132, 2.043866617404972, 1.8709467881414192, 1.76121942981765, 1.6155805064930404, 1.4576065334450194, 1.2856470295206908, 1.2077092752712026, 1.2651572022279676, 1.411589764382005, 1.3374204827238074, 1.2681290238906442, 1.2179111572570993, 1.181985028807238, 1.1960748006594208, 1.2542127886893248, 1.361435269344112, 1.5263477799441456, 1.7120273791953617, 1.7248513444437417, 1.6069912366043084, 1.4066229696655252, 1.279982986537887, 1.2127659580147796, 1.1292049361265413, 1.1377810321009432, 1.1682920760327145, 1.2187386511668317, 1.3498334897547206, 1.2308193967232097, 1.1807006228620862, 1.2051667696322887, 1.2782833791734314, 1.2175480833605916, 1.1383856925511928, 1.1501372870786692, 1.1755865182515333, 1.3530198341856177, 1.4655622683517944, 1.312244511847386, 1.1880010163738048, 1.1426357511595522, 1.0032675122651882, 0.8558134194695315, 0.7917570071238287, 0.850978081415517, 0.9840998687437059, 1.0634133234505296, 1.1415465580035438
1AKD.pdb, 8, 8, 0.2620783546203639, 1.3391117564950925, 0.7894449537033967, -, -, -, 1.2661353171659193, 25.91606666852322, , Upper limit of R overestimation, -, -, -, -, -, -, -, -, -, -, -, -, -, -, -, -, -, -, -, -, -, -, -, -, -, -, -, -, -, -, -, -, -, -, -, -, -, -, -, -, -, -, -, -, -, -, -, -, -, -, -, -, -, -, -
1AKD.pdb, 9, 9, 0.25659177349022727, 1.3602688869784854, 0.9268391330427956, -, -, -, 1.5873105624549966, 24.572986268940877, , X, 16.975476231179453, 16.949592445914732, 16.785918171590282, 16.655331039004516, 16.530481243656258, 16.46296153352485, 16.394919327665868, 16.36034842733377, 16.416895031098353, 16.467630384568402, 16.424945381057814, 16.258133424689778, 16.01367278685742, 15.816060725294275, 15.8194960641873, 16.03140198590319, 16.01871729112267, 16.006640952208993, 15.947439739072738, 15.817893538645306, 15.64631310551432, 15.452910868742283, 15.525613542825159, 15.361998006058105, 15.056730314497017, 14.619211335960161, 14.2633738210004, 13.97424965225725, 13.685125483514101, 13.396001314770952, 13.10541696320361, 12.801747725553238, 12.498078487902866, 12.102875849803358, 11.6400052164961, 11.254584094666056, 10.881277987491048, 10.431989210345984, 9.973266860250096, 9.55447725032735, 9.231527819420387, 8.892816594227526, 8.73395685564895, 8.697707423009781, 8.54108815330181, 8.407871326931417, 7.9796636633041045, 7.549392244262907, 7.117719589164063, 6.686046934065219, 6.254374278966376, 5.839783234652596
1AKD.pdb, 9, 9, 0.25659177349022727, 1.3602688869784854, 0.9268391330427956, -, -, -, 1.5873105624549966, 24.572986268940877, , Y, 24.106161642832348, 23.653979868024248, 23.182435238713914, 22.70040718332708, 22.270015569871905, 21.827672392416137, 21.384855178045214, 20.938007850356648, 20.49393346445486, 20.052298455891044, 19.610314085411947, 19.31904696303364, 19.02089274918667, 18.675084564146413, 18.239366372473796, 17.808360335416115, 17.538951999698476, 17.379719926502773, 17.32088652772691, 17.262293080298523, 17.171327767220358, 17.038024189953198, 16.888574471390662, 16.76348280713068, 16.682771845276534, 16.526956743686547, 16.28417324990895, 16.075917373452288, 15.867661496995627, 15.659405620538966, 15.451516056339663, 15.24009131935818, 15.028666582376696, 15.043275509263502, 15.231436684353946, 14.983940126270205, 14.667914762123766, 14.490289344840084, 14.33781504854452, 14.117018051180917, 13.981278795103858, 13.855139156366914, 13.497891983291947, 13.060450006619815, 13.065944586356999, 13.33874823671915, 13.358773974960343, 13.393496214811723, 13.438196995646642, 13.482897776481561, 13.52759855731648, 13.363610217772592
1AKD.pdb, 9, 9, 0.25659177349022727, 1.3602688869784854, 0.9268391330427956, -, -, -, 1.5873105624549966, 24.572986268940877, , Z, 7.833481663061395, 7.996496743666693, 7.972059608679927, 7.947905053411691, 7.750123557649863, 7.527023575350206, 7.305070441526917, 7.091723835429746, 6.869012314873133, 6.640264881628246, 6.607957737523736, 6.252146979014842, 5.934651079714146, 5.632382701804837, 5.445346374270013, 5.38790389867925, 5.1251313735685144, 4.651317793239457, 4.224772715304003, 3.745414196162774, 3.2886649998638764, 2.8473628583801265, 2.438860840611367, 2.0212947148642586, 1.6985175312751248, 1.6312804213593888, 1.7609869510549037, 2.111752834472677, 2.4625187178904504, 2.8132846013082236, 3.162996010563765, 3.4992765105888965, 3.8355570106140284, 3.9987127577361297, 4.016672600269391, 3.929271810879807, 3.825490697174311, 3.919659215098777, 4.047014829403701, 4.193667396767271, 4.55042854857127, 4.895753004598003, 5.1548774919570475, 5.32204931692058, 5.661105332859884, 6.043761540122583, 6.301127362676264, 6.553102761967835, 6.80141820456588, 7.049733647163926, 7.298049089761971, 7.3314819805665685
1AKD.pdb, 9, 9, 0.25659177349022727, 1.3602688869784854, 0.9268391330427956, -, -, -, 1.5873105624549966, 24.572986268940877, , distance, 0.0, 0.48136498035584724, 0.9531036536666069, 1.4462818732013931, 1.8911376242639306, 2.355440752618884, 2.8322735765729075, 3.311462719508555, 3.780265399855291, 4.256228427828055, 4.692295639509927, 5.092314507425419, 5.5127654739200445, 5.973749173438689, 6.438848270331532, 6.821614771439965, 7.167900073023149, 7.5039873970680855, 7.753682846647551, 8.05548447985646, 8.397258719310805, 8.782832861331391, 9.126751898153744, 9.502618670029598, 9.819678552658702, 10.072915734892673, 10.267141468279972, 10.306811572539957, 10.370464582361436, 10.457662574217162, 10.56852332143092, 10.715061685458712, 10.882619567491156, 10.981056055947919, 11.036123660913592, 11.453662593455507, 11.928275147615123, 12.27192847914651, 12.601145279015523, 12.965433408164843, 13.162842680696889, 13.380698729722187, 13.697917618829065, 14.029842993458981, 14.062166043051601, 13.876027651020783, 14.098904040448678, 14.3266056702723, 14.561799020353368, 14.810143530258246, 15.070989087134796, 15.480893815092704
1AKD.pdb, 9, 9, 0.25659177349022727, 1.3602688869784854, 0.9268391330427956, -, -, -, 1.5873105624549966, 24.572986268940877, , length, 0.0, 0.5, 1.0, 1.5, 2.0, 2.5, 3.0, 3.5, 4.0, 4.5, 5.0, 5.5, 6.0, 6.5, 7.0, 7.5, 8.0, 8.5, 9.0, 9.5, 10.0, 10.5, 11.0, 11.5, 12.0, 12.5, 13.0, 13.5, 14.0, 14.5, 15.0, 15.5, 16.0, 16.5, 17.0, 17.5, 18.0, 18.5, 19.0, 19.5, 20.0, 20.5, 21.0, 21.5, 22.0, 22.5, 23.0, 23.5, 24.0, 24.5, 25.0, 25.5
1AKD.pdb, 9, 9, 0.25659177349022727, 1.3602688869784854, 0.9268391330427956, -, -, -, 1.5873105624549966, 24.572986268940877, , R, 3.4839028770087492, 3.392064938753332, 3.1860648088749364, 3.016821944554199, 2.742318781609861, 2.4681329959984497, 2.2400571994832132, 2.043866617404972, 1.8709467881414192, 1.76121942981765, 1.6155805064930404, 1.4576065334450194, 1.2856470295206908, 1.2077092752712026, 1.2651572022279676, 1.411589764382005, 1.3374204827238074, 1.2681290238906442, 1.2179111572570993, 1.181985028807238, 1.1960748006594208, 1.2542127886893248, 1.361435269344112, 1.5263477799441456, 1.7120273791953617, 1.7248513444437417, 1.578397499801064, 1.3180132957191883, 1.1273707459636824, 1.0222085411094257, 1.0117007576220636, 1.080301740446726, 1.2392806230241273, 1.3001675916517144, 1.3121000649391625, 1.1902396849100692, 1.1211302417332365, 1.0596231818920243, 1.0799541977813383, 1.132942905110287, 1.096070173046964, 1.147430490216208, 1.1215853787495575, 1.083388144025196, 1.1553042157413964, 1.1924612300503634, 1.0215024568459152, 0.9352531096849463, 0.9447638119630781, 1.0532962256428875, 1.2492320742496634, 1.3073396302313465
1AKD.pdb, 9, 9, 0.25659177349022727, 1.3602688869784854, 0.9268391330427956, -, -, -, 1.5873105624549966, 24.572986268940877, , Upper limit of R overestimation, -, -, -, -, -, -, -, -, -, -, -, -, -, -, -, -, -, -, -, -, -, -, -, -, -, -, -, -, -, -, -, -, -, -, -, -, -, -, -, -, -, -, -, -, -, -, -, -, -, -, -, -
1AKD.pdb, 10, 10, 0.2532166581693754, 1.3735098003178652, 0.8111763241632097, -, -, -, 1.343511129180704, 22.627122926159416, , X, 16.975476231179453, 17.05921098814801, 17.41596043119639, 17.770743755631138, 18.121217877374125, 18.471691999117112, 18.8221661208601, 19.172640242603084, 19.52311436434607, 19.87358848608906, 20.286797849977294, 20.768919062186416, 21.252445973151826, 21.738917596186763, 22.13572381060135, 22.553062772620734, 22.948690970160413, 23.329465185806328, 23.70950239144634, 24.071834190593478, 24.459403172117643, 24.781452440361576, 24.89708404785733, 24.82508004100109, 24.830188950977064, 24.876163168290248, 24.941396228770145, 24.888093077746785, 24.966623098856434, 25.03723922205623, 25.374505800719596, 25.705142123291843, 25.886071084346845, 25.979506238949558, 26.13274729906014, 26.285384362835234, 26.31073909741155, 26.32765570850947, 26.28521005719714, 26.426216728388567, 26.64142756780507, 26.823188707222712, 27.021734719660603, 27.222318193854857, 27.42498766065735, 27.627657127459845, 27.830326594262335, 28.270655922872535
1AKD.pdb, 10, 10, 0.2532166581693754, 1.3735098003178652, 0.8111763241632097, -, -, -, 1.343511129180704, 22.627122926159416, , Y, 24.106161642832348, 23.719516515980455, 23.551465726212204, 23.384361609767986, 23.21933234639106, 23.054303083014133, 22.889273819637204, 22.724244556260278, 22.55921529288335, 22.39418602950642, 22.632875613913683, 22.558447688397205, 22.478351152621542, 22.404482494908677, 22.446659529778096, 22.314205719633776, 22.44470922259453, 22.434013876549486, 22.32785100747214, 22.426420409593426, 22.45654353506224, 22.216075639802803, 21.84500020834153, 21.393608906196178, 20.925778147307778, 20.450897496645037, 19.977218955321376, 19.51112524499561, 19.101016578760014, 18.67929724137265, 18.35801411632498, 18.022240412118453, 17.6173864017479, 17.175477784093793, 16.765528393528484, 16.355519012562958, 15.954996533778852, 15.526819576804485, 15.249972883665754, 14.801235571024888, 14.357200117735605, 14.399500308602066, 14.433479916928807, 14.514053375817786, 14.606694142999087, 14.699334910180388, 14.79197567736169, 14.807141603718252
1AKD.pdb, 10, 10, 0.2532166581693754, 1.3735098003178652, 0.8111763241632097, -, -, -, 1.343511129180704, 22.627122926159416, , Z, 7.833481663061395, 8.07352248348638, 8.380912735353514, 8.691038784184212, 9.007160963440509, 9.323283142696807, 9.639405321953104, 9.955527501209403, 10.2716496804657, 10.587771859721997, 10.576342916085668, 10.484580569042498, 10.385654984237627, 10.29722187384678, 10.074192915326389, 10.240935475219057, 10.51742627981566, 10.815024968726767, 11.12110221371152, 11.237647231956753, 11.405462820442276, 11.68628024990995, 11.93939131510933, 12.141698266006628, 12.309939899742387, 12.459521780224518, 12.605017209426414, 12.675144241932232, 12.57444972662571, 12.336694021969686, 12.155064826257265, 11.987925238608709, 11.995591682498352, 12.19784540562795, 12.439627693381452, 12.681642210023444, 12.956944483153281, 13.151890675972684, 13.461819914141213, 13.47816382182367, 13.40881716328962, 13.777479869781384, 14.1607020869332, 14.611466403389828, 15.059063069465495, 15.506659735541163, 15.954256401616831, 16.17571142650605
1AKD.pdb, 10, 10, 0.2532166581693754, 1.3735098003178652, 0.8111763241632097, -, -, -, 1.343511129180704, 22.627122926159416, , distance, 0.0, 0.46273703019447143, 0.8952064953353056, 1.3743543717570363, 1.86459465326645, 2.35893545965378, 2.855247762390184, 3.352656121115958, 3.8507358190712657, 4.349256215733975, 4.5451854131010725, 4.879954139760494, 5.239830705959047, 5.626375510626867, 5.8653976216611285, 6.333751772498337, 6.7559808442962375, 7.215182206386966, 7.701814456869954, 8.047867426792918, 8.455143508389881, 8.90784747444565, 9.204521470715411, 9.356011576419286, 9.583842101887143, 9.858096024194438, 10.162263556658552, 10.35208005116188, 10.553988987720617, 10.7108263594517, 11.057168658066153, 11.422809004437044, 11.782447308624013, 12.171877669777707, 12.607818652092966, 13.048046263373648, 13.410387641137257, 13.760590310401806, 14.027879908163417, 14.413902380023243, 14.817463750586207, 15.050841503043932, 15.31410459936422, 15.586769657446654, 15.863202657589364, 16.150387263381667, 16.44776030220076, 16.841783022636978
1AKD.pdb, 10, 10, 0.2532166581693754, 1.3735098003178652, 0.8111763241632097, -, -, -, 1.343511129180704, 22.627122926159416, , length, 0.0, 0.5, 1.0, 1.5, 2.0, 2.5, 3.0, 3.5, 4.0, 4.5, 5.0, 5.5, 6.0, 6.5, 7.0, 7.5, 8.0, 8.5, 9.0, 9.5, 10.0, 10.5, 11.0, 11.5, 12.0, 12.5, 13.0, 13.5, 14.0, 14.5, 15.0, 15.5, 16.0, 16.5, 17.0, 17.5, 18.0, 18.5, 19.0, 19.5, 20.0, 20.5, 21.0, 21.5, 22.0, 22.5, 23.0, 23.5
1AKD.pdb, 10, 10, 0.2532166581693754, 1.3735098003178652, 0.8111763241632097, -, -, -, 1.343511129180704, 22.627122926159416, , R, 3.4839028770087492, 3.360241904284601, 3.0179841381846875, 2.7052951075784715, 2.426681021753744, 2.1947629034456284, 2.018733639334896, 1.9072157958764473, 1.8665883205446807, 1.8993790070997165, 1.8036984450484579, 1.5656542175089578, 1.3847206119305504, 1.2759541367025786, 1.149145523198571, 1.2241519631879396, 1.115493063859586, 0.9975438880853766, 0.8968739419612621, 0.9502473026612281, 1.0172889046759606, 1.0000075400570396, 0.9364813163205254, 0.8494135621193508, 0.8370774667734602, 0.9141020797945187, 1.0760216679247026, 1.203579858704614, 1.2455071447959218, 1.2416121564437121, 1.1495841794420953, 1.1382921627636957, 1.0815874065953341, 0.9384003080093826, 0.8279328337512246, 0.8212881376096717, 0.9055973300759508, 0.9983011442523471, 1.1263900199113595, 1.2451131389665129, 1.3852789278352233, 1.2275624150925668, 1.1179274594528934, 1.0447920347827906, 1.05643382431351, 1.1628835830964093, 1.3536244343737227, 1.4287196322059126
1AKD.pdb, 10, 10, 0.2532166581693754, 1.3735098003178652, 0.8111763241632097, -, -, -, 1.343511129180704, 22.627122926159416, , Upper limit of R overestimation, -, -, -, -, -, -, -, -, -, -, -, -, -, -, -, -, -, -, -, -, -, -, -, -, -, -, -, -, -, -, -, -, -, -, -, -, -, -, -, -, -, -, -, -, -, -, -, -
1AKD.pdb, 11, 11, 0.25296156857215996, 1.3745177046698656, 0.6136071136260797, -, -, -, 1.1541114442879794, 22.765974914252894, , X, 16.975476231179453, 16.949592445914732, 16.785918171590282, 16.655331039004516, 16.530481243656258, 16.46296153352485, 16.394919327665868, 16.36034842733377, 16.416895031098353, 16.467630384568402, 16.424945381057814, 16.258133424689778, 16.01367278685742, 15.816060725294275, 15.8194960641873, 16.03140198590319, 15.889064782497998, 15.818206568905778, 15.855842932002611, 15.98837418798324, 16.150000780926195, 16.294528878313713, 16.439056975701227, 16.528249675804613, 16.466612062038347, 16.405351397826525, 16.296331807487995, 16.278899886544945, 16.336059285274462, 16.40098108692035, 16.41134527922597, 16.42170947153159, 16.33269412683206, 16.206623307644406, 15.938820303532324, 15.673992783398933, 15.440184857946027, 15.317977983520208, 15.167596646452944, 15.012079692300443, 14.829760401874998, 14.60675950154439, 14.383758601213783, 14.164222527831807, 14.062609753437611, 13.882481390317674, 13.50811653287078, 13.073142312452193
1AKD.pdb, 11, 11, 0.25296156857215996, 1.3745177046698656, 0.6136071136260797, -, -, -, 1.1541114442879794, 22.765974914252894, , Y, 24.106161642832348, 23.653979868024248, 23.182435238713914, 22.70040718332708, 22.270015569871905, 21.827672392416137, 21.384855178045214, 20.938007850356648, 20.49393346445486, 20.052298455891044, 19.610314085411947, 19.31904696303364, 19.02089274918667, 18.675084564146413, 18.239366372473796, 17.808360335416115, 17.35004735057082, 16.96766396937798, 16.637545221205443, 16.20942355768964, 15.73713934262896, 15.259215699707317, 14.781292056785675, 14.299983739690951, 13.80793867033748, 13.314179028657035, 12.846192659619241, 12.48938003320274, 12.104810220645087, 11.702489909696393, 11.215273935274698, 10.728057960853006, 10.387566799563922, 10.101784663227615, 9.91262994047152, 9.661250269327422, 9.270239003677466, 8.791530063099744, 8.319238168505901, 7.847292765049785, 7.414032931113157, 7.039491532469781, 6.664950133826405, 6.278129800652035, 5.845974917597923, 5.395225915546921, 5.160100092757065, 4.990897397558417
1AKD.pdb, 11, 11, 0.25296156857215996, 1.3745177046698656, 0.6136071136260797, -, -, -, 1.1541114442879794, 22.765974914252894, , Z, 7.833481663061395, 7.996496743666693, 7.972059608679927, 7.947905053411691, 7.750123557649863, 7.527023575350206, 7.305070441526917, 7.091723835429746, 6.869012314873133, 6.640264881628246, 6.607957737523736, 6.252146979014842, 5.934651079714146, 5.632382701804837, 5.445346374270013, 5.38790389867925, 5.464083794686313, 5.696308091292883, 6.069945771777385, 6.202456834486912, 6.226653008800738, 6.253122247589392, 6.279591486378046, 6.318661183913832, 6.381571668001687, 6.431054465698713, 6.482688831740998, 6.2183121131005095, 5.9051155882552475, 5.618237241828355, 5.506374925625929, 5.394512609423502, 5.648520219783168, 6.0389491110046185, 6.268741741131298, 6.0951012146812875, 6.085183172793357, 6.060040539473804, 5.995219830957904, 5.939703949196263, 5.8089603065648365, 5.5640330946140155, 5.3191058826631945, 5.106091330081157, 4.881473674057808, 4.775781945407139, 4.8591575958683935, 4.91927491684269
1AKD.pdb, 11, 11, 0.25296156857215996, 1.3745177046698656, 0.6136071136260797, -, -, -, 1.1541114442879794, 22.765974914252894, , distance, 0.0, 0.48136498035584724, 0.9531036536666069, 1.4462818732013931, 1.8911376242639306, 2.355440752618884, 2.8322735765729075, 3.311462719508555, 3.780265399855291, 4.256228427828055, 4.692295639509927, 5.092314507425419, 5.5127654739200445, 5.973749173438689, 6.438848270331532, 6.821614771439965, 7.241506502419716, 7.540884098101377, 7.755247824400429, 8.123612793606789, 8.561766307510707, 9.012750839783727, 9.468659519468375, 9.932563503141367, 10.412510829171367, 10.897648054244112, 11.361020197336988, 11.74919598291108, 12.172094548926651, 12.613026004095024, 13.11139410540429, 13.609881916992647, 13.90636795917729, 14.139803976197928, 14.317101966582818, 14.60723417819297, 15.017265655464275, 15.505816143717434, 15.99608039303625, 16.486119530785306, 16.950809540303336, 17.37908065479943, 17.811090498349877, 18.253233269172206, 18.725211922024293, 19.20976992156717, 19.489033716256426, 19.725976227796785
1AKD.pdb, 11, 11, 0.25296156857215996, 1.3745177046698656, 0.6136071136260797, -, -, -, 1.1541114442879794, 22.765974914252894, , length, 0.0, 0.5, 1.0, 1.5, 2.0, 2.5, 3.0, 3.5, 4.0, 4.5, 5.0, 5.5, 6.0, 6.5, 7.0, 7.5, 8.0, 8.5, 9.0, 9.5, 10.0, 10.5, 11.0, 11.5, 12.0, 12.5, 13.0, 13.5, 14.0, 14.5, 15.0, 15.5, 16.0, 16.5, 17.0, 17.5, 18.0, 18.5, 19.0, 19.5, 20.0, 20.5, 21.0, 21.5, 22.0, 22.5, 23.0, 23.5
1AKD.pdb, 11, 11, 0.25296156857215996, 1.3745177046698656, 0.6136071136260797, -, -, -, 1.1541114442879794, 22.765974914252894, , R, 3.4839028770087492, 3.392064938753332, 3.1860648088749364, 3.016821944554199, 2.742318781609861, 2.4681329959984497, 2.2400571994832132, 2.043866617404972, 1.8709467881414192, 1.76121942981765, 1.6155805064930404, 1.4576065334450194, 1.2856470295206908, 1.2077092752712026, 1.2651572022279676, 1.411589764382005, 1.3431304620978097, 1.2322243435803313, 1.1697993733807253, 0.9775493124042827, 0.7619774813704825, 0.635717226181185, 0.6216844522540299, 0.6935423945923791, 0.7892418627905644, 0.972970001735395, 1.2077606213498249, 1.2372101635303459, 1.3114960559040383, 1.443303937290294, 1.557000734125178, 1.7441533068858166, 1.732977513058077, 1.6975970191694558, 1.5751334705643467, 1.5692768229615046, 1.4166432359187913, 1.208475347022206, 1.0572191485772393, 0.9910044944136502, 1.0006566776260102, 1.0739267576385712, 1.2373904260235085, 1.4439381328096887, 1.6765208841518335, 1.873423784775143, 1.9700800703083101, 1.9963309347962803
1AKD.pdb, 11, 11, 0.25296156857215996, 1.3745177046698656, 0.6136071136260797, -, -, -, 1.1541114442879794, 22.765974914252894, , Upper limit of R overestimation, -, -, -, -, -, -, -, -, -, -, -, -, -, -, -, -, -, -, -, -, -, -, -, -, -, -, -, -, -, -, -, -, -, -, -, -, -, -, -, -, -, -, -, -, -, -, -, -
1AKD.pdb, 12, 12, 0.2482239835673225, 1.39342378087468, 0.6000793333902465, -, -, -, 1.3139637735670866, 19.682620544468527, , X, 16.975476231179453, 16.861445593770245, 16.768524230865616, 16.513261286406003, 16.154104730441787, 15.794948174477566, 15.435791618513349, 15.07663506254913, 14.719494756104389, 14.322583751186233, 13.951071402123311, 13.598840792634151, 13.142444233703653, 12.664293188107605, 12.187601458342018, 11.731921699998432, 11.417015110685625, 11.028870306327743, 10.533366892867198, 10.03764819865077, 9.567105523025631, 9.256047869934124, 8.94376836374662, 8.74136486373009, 8.536357625610693, 8.465559434815754, 8.432445312670291, 8.399331190524828, 8.363406010948324, 8.283523360942143, 8.091363915560738, 7.822447258026146, 7.557842485322681, 7.323119249847976, 7.07643354692398, 6.700541159162166, 6.331095940276075, 6.063854428130439, 5.989529268131847, 5.548737987041009, 5.107946705950171, 4.667155424859333
1AKD.pdb, 12, 12, 0.2482239835673225, 1.39342378087468, 0.6000793333902465, -, -, -, 1.3139637735670866, 19.682620544468527, , Y, 24.106161642832348, 24.51353382993465, 24.99428727336601, 25.38769596257933, 25.72785309535226, 26.06801022812519, 26.40816736089812, 26.74832449367105, 27.08660158000159, 27.36291992253958, 27.38300935597481, 27.621918747052774, 27.72611983320428, 27.62685086446028, 27.533896635066476, 27.478507675407723, 27.62665123773021, 27.7264915040221, 27.709728957191224, 27.69540097417286, 27.740745031271956, 28.096398642358213, 28.450414389236872, 28.847465097245014, 28.95610282925105, 28.89491202605743, 28.854932896836853, 28.814953767616277, 28.751709955147543, 28.32451254921135, 28.170134693377552, 28.203855096833987, 28.275911871682545, 28.614818625879614, 28.90958321081047, 28.621349333606783, 28.66765259576855, 28.729998844276196, 28.76806020732467, 28.834683720297324, 28.90130723326998, 28.967930746242633
1AKD.pdb, 12, 12, 0.2482239835673225, 1.39342378087468, 0.6000793333902465, -, -, -, 1.3139637735670866, 19.682620544468527, , Z, 7.833481663061395, 7.660891272805339, 7.55976345376874, 7.564551012963319, 7.637350005618574, 7.710148998273828, 7.782947990929084, 7.855746983584338, 7.938073464046514, 8.064997960310706, 8.25757830382129, 8.254638607073925, 8.144255649689043, 8.03693720094928, 7.918395652745475, 7.771195907664233, 7.412187098650056, 7.17823429776514, 7.243006083850524, 7.306458991827053, 7.331973351656604, 7.168407935463241, 7.003623920309055, 6.80278478720858, 6.453755739356492, 5.972846068837516, 5.47554824646012, 4.978250424082724, 4.495956659411061, 4.248734997382039, 3.9002807385853937, 3.4801060538515816, 3.0771703236726684, 2.794245235318647, 2.5186045075634613, 2.3682460976948785, 2.257121749075051, 1.8391565358298139, 1.4944584310967945, 1.2680421021064139, 1.0416257731160328, 0.815209444125652
1AKD.pdb, 12, 12, 0.2482239835673225, 1.39342378087468, 0.6000793333902465, -, -, -, 1.3139637735670866, 19.682620544468527, , distance, 0.0, 0.4568834948881417, 0.9521123484878713, 1.388631183008453, 1.828387797063701, 2.2929691036905533, 2.7699120355179976, 3.25378518936568, 3.7394403431247007, 4.206888731442539, 4.4793541349003565, 4.892809834053066, 5.281364602494188, 5.569824591677424, 5.889000119120689, 6.234698180362966, 6.593013432856645, 6.992729040870335, 7.405074714378649, 7.82903887348744, 8.267143614535845, 8.715152815638131, 9.168943617758357, 9.557347148046734, 9.830783080463155, 9.940461705995563, 10.05455397790414, 10.191924865343728, 10.338662667397442, 10.305092805252867, 10.531543006814562, 10.932561923959758, 11.344652480322804, 11.785155360050577, 12.219321748872277, 12.483189111843132, 12.85324166820981, 13.280636075474346, 13.513235898033358, 14.001223681010263, 14.490030527761759, 14.979576256531853
1AKD.pdb, 12, 12, 0.2482239835673225, 1.39342378087468, 0.6000793333902465, -, -, -, 1.3139637735670866, 19.682620544468527, , length, 0.0, 0.5, 1.0, 1.5, 2.0, 2.5, 3.0, 3.5, 4.0, 4.5, 5.0, 5.5, 6.0, 6.5, 7.0, 7.5, 8.0, 8.5, 9.0, 9.5, 10.0, 10.5, 11.0, 11.5, 12.0, 12.5, 13.0, 13.5, 14.0, 14.5, 15.0, 15.5, 16.0, 16.5, 17.0, 17.5, 18.0, 18.5, 19.0, 19.5, 20.0, 20.5
1AKD.pdb, 12, 12, 0.2482239835673225, 1.39342378087468, 0.6000793333902465, -, -, -, 1.3139637735670866, 19.682620544468527, , R, 3.4839028770087492, 3.2908457321196, 3.0479396872816387, 2.7327670574803, 2.384819750276781, 2.0729384797284767, 1.8072806548404556, 1.5996772578325293, 1.4530850689906525, 1.3558870093475663, 1.2821025322833934, 1.2321186813440375, 1.0575994679301548, 0.8344525867239323, 0.6982270542870683, 0.6433688766611048, 0.6009021612102226, 0.6463533882779964, 0.7352179013715845, 0.9240912792563418, 1.1495589825301065, 1.2232457440984588, 1.3819781256691974, 1.5304996876122194, 1.543191526785276, 1.3806647763553377, 1.2681944539472636, 1.2430056969278942, 1.297776760657129, 1.2893369470221399, 1.2804761960424704, 1.3003714654479017, 1.3940213094338927, 1.4812145482649415, 1.6273030905455683, 1.589498215086083, 1.345000792570096, 1.2257911874652208, 1.2649266173008646, 1.143605372436797, 1.1132054413580232, 1.176803332228888
1AKD.pdb, 12, 12, 0.2482239835673225, 1.39342378087468, 0.6000793333902465, -, -, -, 1.3139637735670866, 19.682620544468527, , Upper limit of R overestimation, -, -, -, -, -, -, -, -, -, -, -, -, -, -, -, -, -, -, -, -, -, -, -, -, -, -, -, -, -, -, -, -, -, -, -, -, -, -, -, -, -, -
1AKD.pdb, 13, 13, 0.214424497127354, 1.5397975973230271, 0.7728185035055106, -, -, -, 1.8487034339678698, 23.583210418448957, , X, 16.975476231179453, 16.92097252699672, 16.7031161629929, 16.585331941295674, 16.474334720627677, 16.476914263018656, 16.557735320251496, 16.638556377484335, 16.720176486278913, 16.79389162910774, 16.860070906260415, 16.926250183413092, 16.859826743453908, 16.65623465763987, 16.454599349151415, 16.13610214457499, 15.828701230883176, 15.882497977884793, 15.712350723874483, 15.661554504487075, 15.57395700215275, 15.512815859116373, 15.417603362410725, 14.977718168382417, 14.533599576257108, 14.089056178162098, 13.644512780067089, 13.183950358551268, 12.712626179399484, 12.241302000247698, 11.985382886292358, 11.780143464803182, 11.436063688122857, 11.092235788848331, 10.757117227037348, 10.314350114135108, 9.827742502755383, 9.344965157210774, 8.873460960898653, 8.468438604819362, 8.063253984453969, 7.644282379953264, 7.596256306692993, 7.24633963953666, 7.113593259677296, 6.980727460837361, 6.883347581727509, 6.684624289684037, 6.3109766673441205, 5.938130165195937
1AKD.pdb, 13, 13, 0.214424497127354, 1.5397975973230271, 0.7728185035055106, -, -, -, 1.8487034339678698, 23.583210418448957, , Y, 24.106161642832348, 23.785268776737226, 23.89076221597157, 23.94894477500368, 23.998498620567677, 23.993034132207413, 23.953677504089338, 23.914320875971264, 23.882822965061695, 23.856022507483118, 23.82592067834964, 23.795818849216165, 23.70923456954449, 23.557917823218308, 23.41950104325012, 23.333009440439444, 23.150387096835857, 22.902239817080723, 22.61979714315075, 22.54523308907915, 22.47385196064818, 22.361449198493194, 22.2782601792763, 22.385599185246573, 22.47457578966502, 22.5744646964572, 22.674353603249376, 22.808756080006162, 22.955340981568366, 23.10192588313057, 23.273063825298394, 23.12056449805843, 22.857459912104712, 22.639733568431314, 22.416745630132297, 22.352940322727548, 22.42490796166623, 22.518320067731786, 22.628735623418503, 22.810542305670403, 22.991677089430432, 23.23982833664896, 23.34451955940596, 23.449074817332068, 23.683053070431534, 23.972547647814494, 24.099651538386016, 24.27631907337459, 24.281678956650886, 24.286401466766804
1AKD.pdb, 13, 13, 0.214424497127354, 1.5397975973230271, 0.7728185035055106, -, -, -, 1.8487034339678698, 23.583210418448957, , Z, 7.833481663061395, 8.091228761438945, 8.52330912351079, 9.004730786571944, 9.489673178518816, 9.97826031841839, 10.470112951359337, 10.961965584300284, 11.454183096980078, 11.947911708941911, 12.442597652908756, 12.937283596875602, 13.400528038828405, 13.831403316461213, 14.264626457911541, 14.520547312913134, 14.722455730626399, 15.133024884303524, 15.406273391626799, 15.894216399520184, 16.38080432729681, 16.842569129610865, 17.29977442900492, 17.492655280548878, 17.703997642751922, 17.909918437015165, 18.115839231278407, 18.132108652892036, 18.052319024613073, 17.972529396334107, 17.58922499006442, 17.27119569154277, 17.02305723742581, 16.732617116357837, 16.43607810884498, 16.353714865153428, 16.42947609729813, 16.520031125150254, 16.633799549870393, 16.86378867752061, 17.094039874111548, 17.06605415188563, 16.690091657557264, 16.493007886922364, 16.071780854186944, 15.692128765215891, 15.291148258727619, 14.892179678895184, 14.559976840299559, 14.226908261451063
1AKD.pdb, 13, 13, 0.214424497127354, 1.5397975973230271, 0.7728185035055106, -, -, -, 1.8487034339678698, 23.583210418448957, , distance, 0.0, 0.4151824321938812, 0.7722945325616373, 1.244489541853608, 1.733696765825681, 2.20486674205756, 2.6738704964270013, 3.1524164561640715, 3.6365556503806498, 4.126024376707819, 4.619069559452475, 5.113465559963598, 5.582376846421303, 6.031380491093513, 6.488639216166823, 6.7837423440719755, 7.048869525509919, 7.4784597654515785, 7.819970590567894, 8.314946346510581, 8.8139330479892, 9.292311545432296, 9.766211669131012, 10.012542505312544, 10.298151275808515, 10.593021019401572, 10.902855999027526, 11.050821123922393, 11.131977173000177, 11.234820160886626, 10.989522802498312, 10.818194413512984, 10.802437066303604, 10.768358334295423, 10.748338512410694, 10.956220149416119, 11.305212590053962, 11.670564753896562, 12.052843398617386, 12.47376300153749, 12.900686786952411, 13.155307174215212, 12.922438069100352, 13.041290439861562, 12.8571120462623, 12.714998622025904, 12.548621203569118, 12.480216541057473, 12.609841182342556, 12.756621741017888
1AKD.pdb, 13, 13, 0.214424497127354, 1.5397975973230271, 0.7728185035055106, -, -, -, 1.8487034339678698, 23.583210418448957, , length, 0.0, 0.5, 1.0, 1.5, 2.0, 2.5, 3.0, 3.5, 4.0, 4.5, 5.0, 5.5, 6.0, 6.5, 7.0, 7.5, 8.0, 8.5, 9.0, 9.5, 10.0, 10.5, 11.0, 11.5, 12.0, 12.5, 13.0, 13.5, 14.0, 14.5, 15.0, 15.5, 16.0, 16.5, 17.0, 17.5, 18.0, 18.5, 19.0, 19.5, 20.0, 20.5, 21.0, 21.5, 22.0, 22.5, 23.0, 23.5, 24.0, 24.5
1AKD.pdb, 13, 13, 0.214424497127354, 1.5397975973230271, 0.7728185035055106, -, -, -, 1.8487034339678698, 23.583210418448957, , R, 3.4839028770087492, 3.3872237510929115, 3.119849226674783, 2.810184379568937, 2.528604608872947, 2.2239321654875934, 1.9163807162580628, 1.6581121431390575, 1.4569225754650983, 1.3214531140841883, 1.2676179990073284, 1.3027242899795457, 1.3668507648882047, 1.4504663892692307, 1.6040309690863364, 1.6577701206276347, 1.618499946383268, 1.497390197272905, 1.4590814816578042, 1.2550085709569845, 1.10193745272074, 1.0306528021201422, 1.0366642102403798, 0.8775238932274765, 0.7864079861180047, 0.7900811203066107, 0.8993866508611594, 0.9993081276303903, 1.1362006401596463, 1.3546982867119306, 1.4030742817161581, 1.2589040890359926, 1.1741005230580335, 1.1333704702712826, 1.178139071129083, 1.1118183176062537, 0.9836768350291956, 0.9260222235282298, 0.9508125856394889, 0.9755235527055444, 1.0969346474760493, 1.194465142995436, 1.0814186937356842, 1.0818440734643957, 0.9220996410852673, 0.806479186852298, 0.8697092386961898, 0.9229689626165616, 0.9336617351897565, 1.0428677125698997
1AKD.pdb, 13, 13, 0.214424497127354, 1.5397975973230271, 0.7728185035055106, -, -, -, 1.8487034339678698, 23.583210418448957, , Upper limit of R overestimation, -, -, -, -, -, -, -, -, -, -, -, -, -, -, -, -, -, -, -, -, -, -, -, -, -, -, -, -, -, -, -, -, -, -, -, -, -, -, -, -, -, -, -, -, -, -, -, -, -, -
1AKD.pdb, 14, 14, 0.201109036345329, 1.6039080486266393, 0.8388162929733194, -, -, -, 1.505084255171908, 24.575555855049345, , X, 16.975476231179453, 16.949592445914732, 16.785918171590282, 16.655331039004516, 16.530481243656258, 16.46296153352485, 16.394919327665868, 16.36034842733377, 16.416895031098353, 16.467630384568402, 16.424945381057814, 16.258133424689778, 16.01367278685742, 15.816060725294275, 15.8194960641873, 16.03140198590319, 15.889064782497998, 15.623276713580106, 15.35425296077624, 15.085229207972374, 14.816205455168506, 14.402298173040052, 13.960631865613813, 13.494747827642039, 13.126998216112815, 12.759665346000565, 12.391879713844048, 12.238767567650186, 12.238640361588608, 12.238513155527032, 12.257625992596733, 12.285654929274726, 12.196590882256187, 12.107564556207004, 11.805639710923886, 11.34995159294734, 10.884783530361767, 10.417812593639285, 9.950841656916804, 9.521419165763897, 9.08986882293995, 8.649018402691715, 8.24822222570681, 7.90170719838733, 7.589989963632054, 7.363596097588921, 7.197890967346565, 6.88685243785185, 6.485974046867571, 6.113682548682927, 5.812934622134753, 5.49351997183926
1AKD.pdb, 14, 14, 0.201109036345329, 1.6039080486266393, 0.8388162929733194, -, -, -, 1.505084255171908, 24.575555855049345, , Y, 24.106161642832348, 23.653979868024248, 23.182435238713914, 22.70040718332708, 22.270015569871905, 21.827672392416137, 21.384855178045214, 20.938007850356648, 20.49393346445486, 20.052298455891044, 19.610314085411947, 19.31904696303364, 19.02089274918667, 18.675084564146413, 18.239366372473796, 17.808360335416115, 17.35004735057082, 16.96931314855342, 16.621824126694634, 16.274335104835846, 15.926846082977058, 15.664608629558078, 15.442243325723098, 15.265800953558186, 15.309831457272194, 15.412066665362865, 15.514696642815856, 15.324367316563357, 14.9235796132479, 14.522791909932444, 14.205334381200322, 13.926493197134981, 13.622437943630706, 13.33478257162474, 13.096074539874733, 13.07656978999152, 13.135446457427825, 13.196232485638633, 13.257018513849442, 13.344817515297148, 13.492229616694349, 13.566733120734735, 13.373481258627562, 13.274569157006688, 13.008678709060852, 12.567649932410523, 12.364351316105356, 12.360382653149207, 12.3177991292191, 12.293896041841961, 12.39812743490662, 12.496843336368903
1AKD.pdb, 14, 14, 0.201109036345329, 1.6039080486266393, 0.8388162929733194, -, -, -, 1.505084255171908, 24.575555855049345, , Z, 7.833481663061395, 7.996496743666693, 7.972059608679927, 7.947905053411691, 7.750123557649863, 7.527023575350206, 7.305070441526917, 7.091723835429746, 6.869012314873133, 6.640264881628246, 6.607957737523736, 6.252146979014842, 5.934651079714146, 5.632382701804837, 5.445346374270013, 5.38790389867925, 5.464083794686313, 5.596763081749746, 5.835253333363826, 6.0737435849779065, 6.312233836591986, 6.390326995031721, 6.4084849969929305, 6.365821752063218, 6.650684273853205, 6.974081111637779, 7.296882624191902, 7.605022520193003, 7.903969339359455, 8.202916158525907, 8.580537142285753, 8.994616811887798, 9.35806075765383, 9.69764302005778, 9.858382683582294, 10.001276844141763, 10.174748077659173, 10.342805219818864, 10.510862361978557, 10.54991462818989, 10.346868670248949, 10.271115257816607, 10.395557319133257, 10.08627964779732, 9.869626864347978, 9.80528460475751, 9.589490347304103, 9.26884005647053, 8.973064534948634, 8.65140885696473, 8.266198566120783, 7.894411602701112
1AKD.pdb, 14, 14, 0.201109036345329, 1.6039080486266393, 0.8388162929733194, -, -, -, 1.505084255171908, 24.575555855049345, , distance, 0.0, 0.48136498035584724, 0.9531036536666069, 1.4462818732013931, 1.8911376242639306, 2.355440752618884, 2.8322735765729075, 3.311462719508555, 3.780265399855291, 4.256228427828055, 4.692295639509927, 5.092314507425419, 5.5127654739200445, 5.973749173438689, 6.438848270331532, 6.821614771439965, 7.241506502419716, 7.600392093679909, 7.914328108283689, 8.246648945691, 8.595222409069104, 8.942245690578279, 9.283500560264446, 9.61360873709801, 9.673945287718226, 9.70045969037757, 9.752464632530245, 9.980406511360327, 10.332588992987167, 10.69655442018576, 10.992842363438589, 11.268021491902033, 11.621985596059906, 11.966380770136848, 12.330833378315853, 12.569715980988773, 12.764586075513092, 12.974059168610264, 13.199157736083668, 13.369685943197943, 13.45940085963186, 13.651062635716995, 14.0683908949449, 14.308451313803408, 14.676081466944533, 15.146402181209087, 15.380339717948056, 15.550045267950438, 15.820676216551064, 16.067893002008347, 16.182325052532054, 16.328358874661387
1AKD.pdb, 14, 14, 0.201109036345329, 1.6039080486266393, 0.8388162929733194, -, -, -, 1.505084255171908, 24.575555855049345, , length, 0.0, 0.5, 1.0, 1.5, 2.0, 2.5, 3.0, 3.5, 4.0, 4.5, 5.0, 5.5, 6.0, 6.5, 7.0, 7.5, 8.0, 8.5, 9.0, 9.5, 10.0, 10.5, 11.0, 11.5, 12.0, 12.5, 13.0, 13.5, 14.0, 14.5, 15.0, 15.5, 16.0, 16.5, 17.0, 17.5, 18.0, 18.5, 19.0, 19.5, 20.0, 20.5, 21.0, 21.5, 22.0, 22.5, 23.0, 23.5, 24.0, 24.5, 25.0, 25.5
1AKD.pdb, 14, 14, 0.201109036345329, 1.6039080486266393, 0.8388162929733194, -, -, -, 1.505084255171908, 24.575555855049345, , R, 3.4839028770087492, 3.392064938753332, 3.1860648088749364, 3.016821944554199, 2.742318781609861, 2.4681329959984497, 2.2400571994832132, 2.043866617404972, 1.8709467881414192, 1.76121942981765, 1.6155805064930404, 1.4576065334450194, 1.2856470295206908, 1.2077092752712026, 1.2651572022279676, 1.411589764382005, 1.3431304620978097, 1.1669799825616072, 0.9824654956394827, 0.8893164356401071, 0.898114516979073, 0.9299147652923265, 1.0388638558523984, 1.2184690713297779, 1.1319827916161271, 1.065629481834553, 1.0948791957820858, 1.0238067719762802, 0.903535244017807, 0.8833504248944894, 0.8957473385525936, 0.9773397517434468, 1.0820915926463464, 1.2448623978998463, 1.2999780685370048, 1.1564015271002002, 1.0221119364901425, 0.9790349298934733, 1.0349986426629862, 1.1002151463778485, 1.1046375775037678, 1.229464046260082, 1.3474360084631112, 1.2934673456368904, 1.2486339879676223, 1.2098317383601174, 1.1999337398664753, 1.0369502517175615, 0.8985690682359477, 0.8395811220413045, 0.8742024030626063, 0.9961535839718905
1AKD.pdb, 14, 14, 0.201109036345329, 1.6039080486266393, 0.8388162929733194, -, -, -, 1.505084255171908, 24.575555855049345, , Upper limit of R overestimation, -, -, -, -, -, -, -, -, -, -, -, -, -, -, -, -, -, -, -, -, -, -, -, -, -, -, -, -, -, -, -, -, -, -, -, -, -, -, -, -, -, -, -, -, -, -, -, -, -, -, -, -
1AKD.pdb, 15, 15, 0.19496018726793418, 1.6349599091202323, 0.6216515910450804, -, -, -, 1.231092989106489, 24.183166759048177, , X, 16.975476231179453, 16.949592445914732, 16.785918171590282, 16.655331039004516, 16.530481243656258, 16.46296153352485, 16.394919327665868, 16.36034842733377, 16.416895031098353, 16.467630384568402, 16.424945381057814, 16.258133424689778, 16.01367278685742, 15.816060725294275, 15.8194960641873, 16.03140198590319, 16.01871729112267, 16.006640952208993, 15.947439739072738, 15.817893538645306, 15.64631310551432, 15.452910868742283, 15.525613542825159, 15.361998006058105, 15.056730314497017, 14.602725963815406, 14.202475207887224, 13.956946022762988, 13.743917879382408, 13.507702436087413, 13.145488227160161, 12.769131958411878, 12.50623574263218, 12.611357747757552, 12.712979202423988, 12.644384560184998, 12.496288035708448, 12.335334890162688, 12.174381744616928, 12.016327818585818, 11.894781820743212, 11.767494545076971, 11.754885418790895, 11.387482062907193, 10.894464043656505, 10.399865657734688, 9.964306851673417, 9.6728216254405, 9.378684581302597, 9.082622339550369, 8.785901636413861
1AKD.pdb, 15, 15, 0.19496018726793418, 1.6349599091202323, 0.6216515910450804, -, -, -, 1.231092989106489, 24.183166759048177, , Y, 24.106161642832348, 23.653979868024248, 23.182435238713914, 22.70040718332708, 22.270015569871905, 21.827672392416137, 21.384855178045214, 20.938007850356648, 20.49393346445486, 20.052298455891044, 19.610314085411947, 19.31904696303364, 19.02089274918667, 18.675084564146413, 18.239366372473796, 17.808360335416115, 17.538951999698476, 17.379719926502773, 17.32088652772691, 17.262293080298523, 17.171327767220358, 17.038024189953198, 16.888574471390662, 16.76348280713068, 16.682771845276534, 16.667209096189573, 16.647630965971608, 16.626847362949807, 16.586186692302565, 16.555578919951593, 16.591517745907456, 16.58661690469701, 16.537148049492554, 16.67575732291924, 16.79865224832547, 16.466678604647804, 16.15817020060421, 15.856736501013469, 15.555302801422727, 15.23980510212963, 14.792492728960555, 14.346458713719848, 14.117962025756709, 14.049228182555701, 13.991788536923304, 13.93721861424519, 13.788816468740496, 13.425414716817297, 13.069821289710989, 12.719896641098513, 12.370049249402085
1AKD.pdb, 15, 15, 0.19496018726793418, 1.6349599091202323, 0.6216515910450804, -, -, -, 1.231092989106489, 24.183166759048177, , Z, 7.833481663061395, 7.996496743666693, 7.972059608679927, 7.947905053411691, 7.750123557649863, 7.527023575350206, 7.305070441526917, 7.091723835429746, 6.869012314873133, 6.640264881628246, 6.607957737523736, 6.252146979014842, 5.934651079714146, 5.632382701804837, 5.445346374270013, 5.38790389867925, 5.1251313735685144, 4.651317793239457, 4.224772715304003, 3.745414196162774, 3.2886649998638764, 2.8473628583801265, 2.438860840611367, 2.0212947148642586, 1.6985175312751248, 1.5504380728829696, 1.2869631725286839, 0.8915559128509226, 0.4421892952964233, 0.002569654446904379, -0.3357943209150647, -0.6602944832179369, -1.0103789935465035, -1.479115802104805, -1.9530038872693032, -2.3096376550629647, -2.6741645352542722, -3.03917386347749, -3.4041831917007075, -3.7547920103016392, -3.9422439007116767, -4.128745759627904, -4.503580814548033, -4.66416430124526, -4.724446303565633, -4.7712994032854095, -4.8503754360805456, -5.031967092240995, -5.224079025523904, -5.423828591986712, -5.622659737569883
1AKD.pdb, 15, 15, 0.19496018726793418, 1.6349599091202323, 0.6216515910450804, -, -, -, 1.231092989106489, 24.183166759048177, , distance, 0.0, 0.48136498035584724, 0.9531036536666069, 1.4462818732013931, 1.8911376242639306, 2.355440752618884, 2.8322735765729075, 3.311462719508555, 3.780265399855291, 4.256228427828055, 4.692295639509927, 5.092314507425419, 5.5127654739200445, 5.973749173438689, 6.438848270331532, 6.821614771439965, 7.167900073023149, 7.5039873970680855, 7.753682846647551, 8.05548447985646, 8.397258719310805, 8.782832861331391, 9.126751898153744, 9.502618670029598, 9.819678552658702, 10.022205125548039, 10.30417968009774, 10.641522439849144, 11.028336026048779, 11.417527641116314, 11.742050549665366, 12.09880648795439, 12.469079702773975, 12.68782526845905, 12.936146021817587, 13.416516897279058, 13.915614376848627, 14.415219909313311, 14.914851879337236, 15.410824702583266, 15.850097693161342, 16.293242753345506, 16.709931495891425, 16.98701692758994, 17.233131095808794, 17.479318134949796, 17.790006700980552, 18.24628430293719, 18.708606118512993, 19.175516901583563, 19.643655656426084
1AKD.pdb, 15, 15, 0.19496018726793418, 1.6349599091202323, 0.6216515910450804, -, -, -, 1.231092989106489, 24.183166759048177, , length, 0.0, 0.5, 1.0, 1.5, 2.0, 2.5, 3.0, 3.5, 4.0, 4.5, 5.0, 5.5, 6.0, 6.5, 7.0, 7.5, 8.0, 8.5, 9.0, 9.5, 10.0, 10.5, 11.0, 11.5, 12.0, 12.5, 13.0, 13.5, 14.0, 14.5, 15.0, 15.5, 16.0, 16.5, 17.0, 17.5, 18.0, 18.5, 19.0, 19.5, 20.0, 20.5, 21.0, 21.5, 22.0, 22.5, 23.0, 23.5, 24.0, 24.5, 25.0
1AKD.pdb, 15, 15, 0.19496018726793418, 1.6349599091202323, 0.6216515910450804, -, -, -, 1.231092989106489, 24.183166759048177, , R, 3.4839028770087492, 3.392064938753332, 3.1860648088749364, 3.016821944554199, 2.742318781609861, 2.4681329959984497, 2.2400571994832132, 2.043866617404972, 1.8709467881414192, 1.76121942981765, 1.6155805064930404, 1.4576065334450194, 1.2856470295206908, 1.2077092752712026, 1.2651572022279676, 1.411589764382005, 1.3374204827238074, 1.2681290238906442, 1.2179111572570993, 1.181985028807238, 1.1960748006594208, 1.2542127886893248, 1.361435269344112, 1.5263477799441456, 1.7120273791953617, 1.735914961716416, 1.6972766743147396, 1.4965069501254495, 1.373104691971771, 1.3202735657080606, 1.2757798751234648, 1.2771620838916546, 1.258272652160617, 1.2207062907372905, 1.2620323620177056, 1.0238869280001017, 0.798757105448614, 0.6564972871652199, 0.6242122954611311, 0.7005757038079476, 0.8169328993641618, 1.0233957810677707, 1.1853025612952206, 1.0623285273141643, 0.9353717090123781, 0.9017460067196246, 0.9005114338548492, 0.854864001619116, 0.9039783374945385, 1.0448381211220696, 1.2691914250811518
1AKD.pdb, 15, 15, 0.19496018726793418, 1.6349599091202323, 0.6216515910450804, -, -, -, 1.231092989106489, 24.183166759048177, , Upper limit of R overestimation, -, -, -, -, -, -, -, -, -, -, -, -, -, -, -, -, -, -, -, -, -, -, -, -, -, -, -, -, -, -, -, -, -, -, -, -, -, -, -, -, -, -, -, -, -, -, -, -, -, -, -
1AKD.pdb, 16, 16, 0.18957807085725054, 1.6629543558859519, 0.6188002522583558, -, -, -, 1.3104440025305915, 26.844654277962483, , X, 16.975476231179453, 17.05921098814801, 17.41596043119639, 17.770743755631138, 18.121217877374125, 18.471691999117112, 18.8221661208601, 19.172640242603084, 19.52311436434607, 19.87358848608906, 19.8699638052915, 19.852549190519422, 19.745671433288425, 19.618441211204658, 19.491210989120887, 19.36398076703712, 19.30666244597318, 19.32047708492064, 19.292449826626335, 19.263918833334937, 19.23291142566096, 19.20190401798698, 19.270550053250663, 19.009920002616997, 18.693799116592153, 18.47203041148144, 18.096700028292563, 17.735409913590182, 17.66406889263234, 17.579228571200474, 17.374307164945424, 17.119731010526326, 16.955431335128115, 16.915230122841066, 16.879176173196683, 16.84238317052807, 16.87796013938584, 16.862717808158802, 16.818399201918016, 16.8636904599019, 16.676333362133366, 16.521052398245654, 16.365771434357942, 16.27735510801748, 16.424031621685078, 16.454703368402775, 16.235360666775424, 16.023394270522132, 15.929130293466581, 16.009360569138547, 16.200983576600336, 16.28487350653379, 16.37931676041317, 16.472969060108152, 16.625143705424506, 16.68143939414447, 16.73773508286443
1AKD.pdb, 16, 16, 0.18957807085725054, 1.6629543558859519, 0.6188002522583558, -, -, -, 1.3104440025305915, 26.844654277962483, , Y, 24.106161642832348, 23.719516515980455, 23.551465726212204, 23.384361609767986, 23.21933234639106, 23.054303083014133, 22.889273819637204, 22.724244556260278, 22.55921529288335, 22.39418602950642, 22.072543410025318, 21.699512405022688, 21.23848130822408, 20.782483637757203, 20.326485967290324, 19.87048829682345, 19.439574455371968, 19.060735327890203, 18.674902773297944, 18.28833004694243, 17.901355028282094, 17.514380009621757, 17.253357453622783, 17.115071580080127, 17.00469023012562, 16.78638419278646, 16.458749455605766, 16.146190219922246, 15.675727003315759, 15.20104960627227, 14.787126516030447, 14.408828816121815, 14.195562354726816, 13.780335976717558, 13.361701854732987, 12.943165401848997, 12.499707487364072, 12.004425314952348, 11.510097528603076, 11.022699342352892, 10.720926172162212, 10.370685860545093, 10.020445548927976, 9.643238979812976, 9.171220350211048, 8.707876514829685, 8.258971957333474, 7.806573178458607, 7.497854806163771, 7.090195839624844, 6.642998054401338, 6.150358990038338, 5.6597079003052855, 5.168558835416104, 4.799937751558047, 4.336756929085872, 3.8735761066136973
1AKD.pdb, 16, 16, 0.18957807085725054, 1.6629543558859519, 0.6188002522583558, -, -, -, 1.3104440025305915, 26.844654277962483, , Z, 7.833481663061395, 8.07352248348638, 8.380912735353514, 8.691038784184212, 9.007160963440509, 9.323283142696807, 9.639405321953104, 9.955527501209403, 10.2716496804657, 10.587771859721997, 10.831684600323273, 11.04561485329686, 11.17091681148895, 11.331785065402817, 11.492653319316682, 11.653521573230549, 11.81659353585398, 12.107501431966535, 12.424278502805498, 12.740098623066551, 13.055199996599217, 13.370301370131882, 13.77320259725622, 13.938415974670747, 14.14173957658718, 14.42831699521915, 14.470537635288052, 14.412618547715333, 14.564628987986385, 14.696854131568674, 14.596843097175288, 14.394787582819742, 14.038771086322384, 13.763336260310789, 13.492327801724628, 13.22142259663165, 13.127677632303218, 13.060870139984697, 13.006483180476845, 13.070094630459806, 12.819030885059448, 12.49775289581579, 12.176474906572134, 11.909644562434298, 11.834249511886954, 11.781641501103795, 11.767430305490915, 11.747732386093686, 11.504466942055451, 11.501907919240814, 11.611162106943189, 11.5967208785283, 11.579720034973192, 11.581077540157434, 11.390974339023694, 11.211268131213432, 11.031561923403169
1AKD.pdb, 16, 16, 0.18957807085725054, 1.6629543558859519, 0.6188002522583558, -, -, -, 1.3104440025305915, 26.844654277962483, , distance, 0.0, 0.46273703019447143, 0.8952064953353056, 1.3743543717570363, 1.86459465326645, 2.35893545965378, 2.855247762390184, 3.352656121115958, 3.8507358190712657, 4.349256215733975, 4.637120042278395, 4.938350837985018, 5.199619729292346, 5.501838425644059, 5.831329762116078, 6.183735725852781, 6.563280074581226, 7.015882032114672, 7.479462224899502, 7.947265190850588, 8.417955876342864, 8.891846729358601, 9.35460174889968, 9.501816914344278, 9.652856969187132, 9.965473866859313, 10.187765601103312, 10.354887078197507, 10.809936742387203, 11.259281456346658, 11.521568456453984, 11.709389769156122, 11.692989218916193, 11.907538823160923, 12.14393797169252, 12.395971375517284, 12.75726453483982, 13.18295592422895, 13.617835696691253, 14.092962683447809, 14.286697172767136, 14.512932926133095, 14.752651562703017, 15.042559923141686, 15.471351135294599, 15.904916075371274, 16.34494245625013, 16.79000901996522, 17.041327082152126, 17.43369791195759, 17.883869573567868, 18.35891473977153, 18.832455063771143, 19.31139012102611, 19.63437719812212, 20.058047308296633, 20.485159401029662
1AKD.pdb, 16, 16, 0.18957807085725054, 1.6629543558859519, 0.6188002522583558, -, -, -, 1.3104440025305915, 26.844654277962483, , length, 0.0, 0.5, 1.0, 1.5, 2.0, 2.5, 3.0, 3.5, 4.0, 4.5, 5.0, 5.5, 6.0, 6.5, 7.0, 7.5, 8.0, 8.5, 9.0, 9.5, 10.0, 10.5, 11.0, 11.5, 12.0, 12.5, 13.0, 13.5, 14.0, 14.5, 15.0, 15.5, 16.0, 16.5, 17.0, 17.5, 18.0, 18.5, 19.0, 19.5, 20.0, 20.5, 21.0, 21.5, 22.0, 22.5, 23.0, 23.5, 24.0, 24.5, 25.0, 25.5, 26.0, 26.5, 27.0, 27.5, 28.0
1AKD.pdb, 16, 16, 0.18957807085725054, 1.6629543558859519, 0.6188002522583558, -, -, -, 1.3104440025305915, 26.844654277962483, , R, 3.4839028770087492, 3.360241904284601, 3.0179841381846875, 2.7052951075784715, 2.426681021753744, 2.1947629034456284, 2.018733639334896, 1.9072157958764473, 1.8665883205446807, 1.8993790070997165, 1.6721303506943679, 1.4459702776822572, 1.2008412765309906, 0.9962468542765746, 0.8800040023380649, 0.8650660768248555, 0.9162029240256069, 0.7376122521732724, 0.629982829796822, 0.634713884436001, 0.7501005908627922, 0.9627246044396292, 1.1134879261045945, 1.2239057510796778, 1.3482580688649572, 1.4315551038988943, 1.4738638726617843, 1.5445701388081066, 1.5001372395782417, 1.5368976935553604, 1.6246967354118405, 1.7727521887019275, 1.8195044218607772, 1.877825952047706, 2.005009868837757, 2.195195571275602, 2.150531532907778, 2.009806970870161, 1.9129131340430723, 1.821056601808718, 1.810780202443968, 1.6921135596632384, 1.6487931903726696, 1.6202502253219064, 1.4400437774408887, 1.313980817948794, 1.2109695709396187, 1.1907925578289702, 1.0148158803051173, 0.8792441878310084, 0.8677945892347427, 0.8764798544563961, 0.9780227217896758, 1.1655644358031005, 1.1735339471281439, 1.1327820184532236, 1.18543522386432
1AKD.pdb, 16, 16, 0.18957807085725054, 1.6629543558859519, 0.6188002522583558, -, -, -, 1.3104440025305915, 26.844654277962483, , Upper limit of R overestimation, -, -, -, -, -, -, -, -, -, -, -, -, -, -, -, -, -, -, -, -, -, -, -, -, -, -, -, -, -, -, -, -, -, -, -, -, -, -, -, -, -, -, -, -, -, -, -, -, -, -, -, -, -, -, -, -, -
1AKD.pdb, 17, 17, 0.18852554455336393, 1.6685217664034253, 0.741878362530664, -, -, -, 1.3609892874477252, 21.3996653867588, , X, 16.975476231179453, 16.861445593770245, 16.768524230865616, 16.824456608350108, 16.94694072956016, 16.98374458551572, 17.06431526100267, 17.14338659931788, 17.22222293248437, 17.474113440692893, 17.760641495198975, 18.043782774702905, 18.322122094494834, 18.59466556933698, 18.859098967250844, 18.963158400701985, 18.986549329949227, 19.00994025919647, 18.956704580416, 18.89969183830977, 18.939570814766423, 19.01648890779464, 19.351153579060497, 19.736691612455793, 20.23155392649275, 20.726416240529712, 21.094506855690284, 21.507305965787822, 21.924030160368055, 22.295839437232694, 22.613934211929923, 22.721392756358156, 22.82590624528973, 22.961066532774442, 23.1081293222206, 23.24889198043346, 23.489436562046215, 23.79819110539637, 24.128602335684707, 24.453945989058468, 24.780220233787713, 25.1275388708153, 25.600727357176943, 26.051954357929272, 26.511920420576068
1AKD.pdb, 17, 17, 0.18852554455336393, 1.6685217664034253, 0.741878362530664, -, -, -, 1.3609892874477252, 21.3996653867588, , Y, 24.106161642832348, 24.51353382993465, 24.99428727336601, 25.463931093405556, 25.8690885060771, 26.355908073427187, 26.8446697201522, 27.330938308244086, 27.816816135921385, 28.234492860606004, 28.63532707631461, 29.04005867701829, 29.450316208944628, 29.862012796852778, 30.276321824333678, 30.72667281846048, 31.177909583596847, 31.629146348733215, 32.09661027401898, 32.57330402710646, 33.01534593183979, 33.37162300337525, 33.654062616809206, 33.8694333861373, 33.92784676839724, 33.98626015065718, 34.1475479644255, 34.17946491644547, 34.23748344114623, 34.33875040013578, 34.6920875725408, 35.13336294948198, 35.58038234189886, 35.99967999561951, 36.41849225305081, 36.809231647123205, 37.23478486553077, 37.34055239843245, 37.297811341374945, 37.23611530383144, 37.15278951760132, 37.06302728313484, 36.984654948058704, 36.78710268430428, 36.60767595397437
1AKD.pdb, 17, 17, 0.18852554455336393, 1.6685217664034253, 0.741878362530664, -, -, -, 1.3609892874477252, 21.3996653867588, , Z, 7.833481663061395, 7.660891272805339, 7.55976345376874, 7.597617479922523, 7.7412596988857, 7.67710197042939, 7.609128306836561, 7.5240210524142945, 7.436228289930985, 7.35026442431616, 7.265213818802579, 7.188484644262032, 7.123554061672044, 7.045900339307359, 6.984374207711011, 6.889947144538514, 6.67584846117447, 6.461749777810428, 6.480407563641051, 6.60365829179061, 6.795301963240301, 7.109455527803325, 7.350640546188862, 7.532123730887749, 7.573344683314159, 7.6145656357405676, 7.782367177032124, 8.062685215831689, 8.331568393429901, 8.634024886517036, 8.60192413931627, 8.417072942924717, 8.37220901637187, 8.607808738883774, 8.83795831847412, 9.093462268695692, 9.167670932915017, 8.946079445726703, 8.573254594566789, 8.198784226303195, 7.831008736696839, 7.568955152187498, 7.652252506496473, 7.737247416755998, 7.816223803456834
1AKD.pdb, 17, 17, 0.18852554455336393, 1.6685217664034253, 0.741878362530664, -, -, -, 1.3609892874477252, 21.3996653867588, , distance, 0.0, 0.4568834948881417, 0.9521123484878713, 1.3863537500498049, 1.7655679796255583, 2.2551900088297065, 2.7491186389851126, 3.2439396269127005, 3.7400068107090676, 4.186317786572878, 4.631711601394454, 5.089267134779225, 5.5567472775804365, 6.030910458758899, 6.50691130629281, 6.976554021958046, 7.442724539872034, 7.913026673247586, 8.342861896134508, 8.769696196723055, 9.181995933232237, 9.515183698402996, 9.850857394879192, 10.150694661878958, 10.3506140838064, 10.57042202114395, 10.853500137550935, 11.048142552224238, 11.286272979245505, 11.560839362824762, 12.0185082281153, 12.44810444018002, 12.890907615916488, 13.337265555089793, 13.791732753416015, 14.223617114625833, 14.716402003325225, 14.931055245787753, 15.024450034067856, 15.114782136114483, 15.20291202251441, 15.310338558515063, 15.501077085366367, 15.594806248005044, 15.72361045316512
1AKD.pdb, 17, 17, 0.18852554455336393, 1.6685217664034253, 0.741878362530664, -, -, -, 1.3609892874477252, 21.3996653867588, , length, 0.0, 0.5, 1.0, 1.5, 2.0, 2.5, 3.0, 3.5, 4.0, 4.5, 5.0, 5.5, 6.0, 6.5, 7.0, 7.5, 8.0, 8.5, 9.0, 9.5, 10.0, 10.5, 11.0, 11.5, 12.0, 12.5, 13.0, 13.5, 14.0, 14.5, 15.0, 15.5, 16.0, 16.5, 17.0, 17.5, 18.0, 18.5, 19.0, 19.5, 20.0, 20.5, 21.0, 21.5, 22.0
1AKD.pdb, 17, 17, 0.18852554455336393, 1.6685217664034253, 0.741878362530664, -, -, -, 1.3609892874477252, 21.3996653867588, , R, 3.4839028770087492, 3.2908457321196, 3.0479396872816387, 2.7910404180593402, 2.5496294029017768, 2.2240638777902673, 1.9065532225788857, 1.6267968005783997, 1.4046616335827342, 1.1362352628933032, 0.9155653941431785, 0.7799252524178724, 0.7429179082852859, 0.8081586904940625, 0.9459630600413877, 0.9936900810668385, 1.0496330143682573, 1.1979753187637274, 1.3294892985701803, 1.4688421188572502, 1.5614338730217585, 1.6011054822722723, 1.5167236316240778, 1.4432015366097701, 1.2878787391519082, 1.2163849657890085, 1.080296239260456, 0.922821248843416, 0.8520013551993553, 0.8143330771726873, 0.8334112178936719, 0.8274777425158621, 0.8365219072659809, 0.7701513565710458, 0.8042482907889337, 0.9193006798179253, 1.0897532136981867, 1.0675665740533815, 1.0131846723081939, 1.0421891661799485, 1.1444447632216836, 1.254482338243705, 1.2199609246953838, 1.1820341647819137, 1.2238074805955987
1AKD.pdb, 17, 17, 0.18852554455336393, 1.6685217664034253, 0.741878362530664, -, -, -, 1.3609892874477252, 21.3996653867588, , Upper limit of R overestimation, -, -, -, -, -, -, -, -, -, -, -, -, -, -, -, -, -, -, -, -, -, -, -, -, -, -, -, -, -, -, -, -, -, -, -, -, -, -, -, -, -, -, -, -, -
1AKD.pdb, 18, 18, 0.179209700973208, 1.7191986450114136, 0.741878362530664, -, -, -, 1.4064291110287561, 26.395377273176027, , X, 16.975476231179453, 16.861445593770245, 16.768524230865616, 16.824456608350108, 16.94694072956016, 16.98374458551572, 17.06431526100267, 17.14338659931788, 17.22222293248437, 17.474113440692893, 17.760641495198975, 18.043782774702905, 18.322122094494834, 18.59466556933698, 18.859098967250844, 18.963158400701985, 18.986549329949227, 19.00994025919647, 18.956704580416, 18.89969183830977, 18.825163795598325, 18.596892489479934, 18.423835140442897, 17.990879919382394, 17.61226666446361, 17.386704802649675, 17.155400017992246, 16.92807037106472, 16.853875558000624, 16.76504622818021, 16.51619813694271, 16.296028329986605, 16.347910317114707, 16.41058603873186, 16.475425135308253, 16.663578820623172, 16.824280883670724, 16.972032178536118, 17.16335087984403, 17.42340131384496, 17.69342878551419, 18.17504167422257, 18.65556417931619, 19.09569278094591, 19.541607393290096, 19.98784846424345, 20.443208714832544, 20.90823113447133, 21.372421163496426, 21.7851799885056, 22.102130570011276, 22.41908115151695, 22.73603173302262, 23.052982314528297, 23.374472041536745
1AKD.pdb, 18, 18, 0.179209700973208, 1.7191986450114136, 0.741878362530664, -, -, -, 1.4064291110287561, 26.395377273176027, , Y, 24.106161642832348, 24.51353382993465, 24.99428727336601, 25.463931093405556, 25.8690885060771, 26.355908073427187, 26.8446697201522, 27.330938308244086, 27.816816135921385, 28.234492860606004, 28.63532707631461, 29.04005867701829, 29.450316208944628, 29.862012796852778, 30.276321824333678, 30.72667281846048, 31.177909583596847, 31.629146348733215, 32.09661027401898, 32.57330402710646, 32.989273452182694, 33.42954440890374, 33.83528462007581, 34.017401703054006, 34.192358220549174, 34.36057395080365, 34.51635186594561, 34.671305634490075, 34.79451067862252, 34.94372675173578, 35.377356222981746, 35.78931668550278, 36.10263487352997, 36.43965365368761, 36.934821639508904, 37.28360296658211, 37.677755655240865, 38.06543532691731, 38.43761787330325, 38.80005985780613, 39.164948486797854, 39.15847761714393, 39.15566303947025, 39.28210142746452, 39.40015432180907, 39.507754861582214, 39.62506716968557, 39.75266952043819, 39.89838451427922, 40.0711751247688, 40.20531811253642, 40.339461100304035, 40.47360408807165, 40.607747075839264, 40.785668694032665
1AKD.pdb, 18, 18, 0.179209700973208, 1.7191986450114136, 0.741878362530664, -, -, -, 1.4064291110287561, 26.395377273176027, , Z, 7.833481663061395, 7.660891272805339, 7.55976345376874, 7.597617479922523, 7.7412596988857, 7.67710197042939, 7.609128306836561, 7.5240210524142945, 7.436228289930985, 7.35026442431616, 7.265213818802579, 7.188484644262032, 7.123554061672044, 7.045900339307359, 6.984374207711011, 6.889947144538514, 6.67584846117447, 6.461749777810428, 6.480407563641051, 6.60365829179061, 6.561756642834418, 6.498088004785973, 6.298099843489925, 6.141512450944708, 5.912618599511861, 5.499399553700977, 5.084391917929531, 4.667768482437123, 4.188899349150475, 3.749624865419952, 3.7432916865659003, 3.914966167241647, 3.5646725305797324, 3.233319869977746, 3.208732121548256, 3.216430514175134, 3.4787633275159955, 3.7573372729510246, 4.022810332142811, 4.248352233645704, 4.457542355918398, 4.326070838270317, 4.191054514501785, 3.99070108364294, 3.798123209302565, 3.5999035573128264, 3.5621080580821474, 3.6942889542649726, 3.8095692995696977, 3.8526714609802055, 3.489976013371619, 3.1272805657630327, 2.7645851181544465, 2.4018896705458603, 2.082673344905925
1AKD.pdb, 18, 18, 0.179209700973208, 1.7191986450114136, 0.741878362530664, -, -, -, 1.4064291110287561, 26.395377273176027, , distance, 0.0, 0.4568834948881417, 0.9521123484878713, 1.3863537500498049, 1.7655679796255583, 2.2551900088297065, 2.7491186389851126, 3.2439396269127005, 3.7400068107090676, 4.186317786572878, 4.631711601394454, 5.089267134779225, 5.5567472775804365, 6.030910458758899, 6.50691130629281, 6.976554021958046, 7.442724539872034, 7.913026673247586, 8.342861896134508, 8.769696196723055, 9.162330709511457, 9.557077644757332, 9.955449501064233, 10.105764889215934, 10.287204594503686, 10.52473372647038, 10.768561996722365, 11.02933610069132, 11.293297661775616, 11.583392621314601, 11.999184042061325, 12.341496055685084, 12.748801526453358, 13.175568854281037, 13.645983904817465, 13.966366784064192, 14.253932645157487, 14.54222427064422, 14.830615312986815, 15.131570792794554, 15.449255104624868, 15.502035483655703, 15.574898501545508, 15.797829887242132, 16.024211651624917, 16.25443458640904, 16.465303817509465, 16.655710317302635, 16.879552679746553, 17.14239643622337, 17.44509859745036, 17.756721954597516, 18.076805140040825, 18.40490677969131, 18.767655665111118
1AKD.pdb, 18, 18, 0.179209700973208, 1.7191986450114136, 0.741878362530664, -, -, -, 1.4064291110287561, 26.395377273176027, , length, 0.0, 0.5, 1.0, 1.5, 2.0, 2.5, 3.0, 3.5, 4.0, 4.5, 5.0, 5.5, 6.0, 6.5, 7.0, 7.5, 8.0, 8.5, 9.0, 9.5, 10.0, 10.5, 11.0, 11.5, 12.0, 12.5, 13.0, 13.5, 14.0, 14.5, 15.0, 15.5, 16.0, 16.5, 17.0, 17.5, 18.0, 18.5, 19.0, 19.5, 20.0, 20.5, 21.0, 21.5, 22.0, 22.5, 23.0, 23.5, 24.0, 24.5, 25.0, 25.5, 26.0, 26.5, 27.0
1AKD.pdb, 18, 18, 0.179209700973208, 1.7191986450114136, 0.741878362530664, -, -, -, 1.4064291110287561, 26.395377273176027, , R, 3.4839028770087492, 3.2908457321196, 3.0479396872816387, 2.7910404180593402, 2.5496294029017768, 2.2240638777902673, 1.9065532225788857, 1.6267968005783997, 1.4046616335827342, 1.1362352628933032, 0.9155653941431785, 0.7799252524178724, 0.7429179082852859, 0.8081586904940625, 0.9459630600413877, 0.9936900810668385, 1.0496330143682573, 1.1979753187637274, 1.3294892985701803, 1.4688421188572502, 1.5168201716709322, 1.5129053103992454, 1.4809882430964425, 1.357754741254579, 1.262520537637763, 1.1206134183998633, 1.0578787682414053, 1.0890940444695505, 1.1364675538790734, 1.2531275085283107, 1.228621709933622, 1.2076478899097225, 1.238205668555679, 1.3091521357190414, 1.2658366768423215, 1.1619498211900527, 1.0097159337690944, 0.9499941577031894, 0.9552211784412368, 1.0034278313979441, 1.1286166948123886, 0.9788819294098614, 0.9200539964479488, 0.8709873186508741, 0.9129356673591, 1.0480670125293523, 1.1806774402046534, 1.3060995979516528, 1.5058220225369805, 1.7155955498759385, 1.6241493701034635, 1.6108580230772294, 1.67669652294554, 1.8169844708894196, 1.9809118624392528
1AKD.pdb, 18, 18, 0.179209700973208, 1.7191986450114136, 0.741878362530664, -, -, -, 1.4064291110287561, 26.395377273176027, , Upper limit of R overestimation, -, -, -, -, -, -, -, -, -, -, -, -, -, -, -, -, -, -, -, -, -, -, -, -, -, -, -, -, -, -, -, -, -, -, -, -, -, -, -, -, -, -, -, -, -, -, -, -, -, -, -, -, -, -, -
1AKD.pdb, 19, 19, 0.17706412673913857, 1.731243314061132, 0.8262150223954969, -, -, -, 1.391091985931489, 29.821906796010204, , X, 16.975476231179453, 17.35159014779755, 17.703798232971035, 18.05598216478539, 18.432934267093017, 18.837141097244434, 19.241347927395847, 19.645554757547263, 19.965905357445596, 20.238814619582453, 20.69263768552376, 21.1229849478728, 21.588745961933633, 21.923725255993233, 22.062572444988998, 22.405361068650148, 22.50191533083012, 22.71864987182626, 23.15152205004415, 23.449376987428813, 23.715820037448044, 23.982263087467274, 24.360054916064303, 24.72927104123486, 25.0449852515088, 25.29285642425882, 25.677437540276035, 25.91663890613906, 25.874860912282337, 25.919653970135904, 26.00882769652338, 26.00997936054084, 26.035962962930512, 25.91675850873653, 26.00036162445514, 26.183679274455336, 26.1928866902345, 26.213357389213314, 26.21558241494291, 26.26510248966657, 26.276575360270517, 26.21772035059931, 26.418173667937186, 26.56054590909164, 26.454421707230008, 26.338438934691546, 26.24385723319023, 26.363003555393657, 26.656797086228465, 26.88835581203639, 26.93020436061099, 26.97424109460233, 26.712597855916986, 26.44748945805875, 26.156788764344096, 25.903088272107304, 25.746126215516, 25.606045524515363, 25.470016964004333, 25.333988403493304, 25.476498719365555, 25.632203802007854, 25.717991674069932, 25.77672499792802
1AKD.pdb, 19, 19, 0.17706412673913857, 1.731243314061132, 0.8262150223954969, -, -, -, 1.391091985931489, 29.821906796010204, , Y, 24.106161642832348, 24.054490828377045, 24.01599709508166, 23.977523033665605, 23.956343203063707, 23.939606154541472, 23.92286910601924, 23.906132057497008, 23.777321428745267, 23.590147784617386, 23.778825823128326, 24.01805851588942, 24.16631765293003, 24.314641979901705, 24.512619679691973, 24.690028494307185, 24.72557667369935, 24.664711719688224, 24.42189337212335, 24.226689171433186, 24.05017943192659, 23.87366969242, 23.782151845678882, 23.70714189518268, 23.502646137961495, 23.115492069888607, 22.91491661554346, 22.47839628179063, 21.996964160397635, 21.52429701063712, 21.050237449920626, 20.749580882937277, 20.516107835055763, 20.241159196679398, 19.849391522777825, 19.403146998933767, 18.90354866745458, 18.403967900117415, 17.90852219227148, 17.48606749184087, 17.061033578225427, 16.656912731851968, 16.382132823775677, 16.116541756938474, 15.89446381526596, 15.673577247359125, 15.428456344694752, 15.260882508561004, 15.016363424567016, 14.737374944052162, 14.367429945971194, 14.062603172557436, 13.746053583839657, 13.420389263146609, 13.089419815264261, 12.894034393784075, 12.804134982629805, 12.602540235696365, 12.374134620102645, 12.145729004508922, 12.27941609465916, 12.060120451144524, 11.76999651760956, 11.889894153778615
1AKD.pdb, 19, 19, 0.17706412673913857, 1.731243314061132, 0.8262150223954969, -, -, -, 1.391091985931489, 29.821906796010204, , Z, 7.833481663061395, 7.619851270186162, 7.267051472516991, 6.9142259213275254, 6.62027677215461, 6.326445681788546, 6.032614591422482, 5.738783501056418, 5.431762105916754, 5.197495489216566, 5.233616624171766, 5.31922656872643, 5.408969947577865, 5.355210774767728, 4.9905228192421225, 4.67717738015134, 4.187977592420754, 3.8380536307049806, 3.784139057167009, 3.4759951714307826, 3.091479355168611, 2.706963538906439, 2.3966348585228823, 2.0680519113161715, 1.8657645804491965, 1.912449467180837, 1.958495579569246, 1.9947733033144757, 1.9845874141080027, 2.085230563340272, 2.141108410940071, 1.8048340814778616, 1.3756539597977913, 1.0202494512091604, 0.8525380703715731, 0.7763963701548464, 0.7815786381827662, 0.7814926723225845, 0.7789617002592487, 0.6979964240814107, 0.623727507091094, 0.47196659760762305, 0.10548942798561288, -0.2753585978900121, -0.7105033871482636, -1.1436431151268651, -1.5690488565292573, -1.9814126712919964, -2.303611902797282, -2.625241902186822, -2.958992403874944, -3.3092284351465087, -3.594384845419257, -3.865061758796177, -4.032800641767038, -4.232764660266809, -4.69889877043763, -5.130627582765885, -5.554097895173438, -5.97756820758099, -6.358069698610747, -6.779573373535244, -7.119497781908148, -7.426882397800151
1AKD.pdb, 19, 19, 0.17706412673913857, 1.731243314061132, 0.8262150223954969, -, -, -, 1.391091985931489, 29.821906796010204, , distance, 0.0, 0.4356254080058971, 0.9270521801522035, 1.4244550126405116, 1.9022343700669164, 2.400977770216037, 2.9001539454793175, 3.399572261606885, 3.8495531009187, 4.226590925059543, 4.547937580592434, 4.850883362379862, 5.211922237789096, 5.5380916440845365, 5.841760951282875, 6.307678382317987, 6.649428850034349, 7.018508874163759, 7.391914773690829, 7.804716933474264, 8.241477690481346, 8.685062039717595, 9.175853523129483, 9.670611714765801, 10.05459367512669, 10.257624566323319, 10.5668659886118, 10.802061162615061, 10.85621138600376, 10.94105712947656, 11.105999487246555, 11.368090114661806, 11.691212289750238, 11.887174005975746, 12.177939959659307, 12.518458485703327, 12.718379362739531, 12.945424307256822, 13.17408626630121, 13.455034455030807, 13.715860506924878, 13.967902124499448, 14.44115715810754, 14.881561646182465, 15.175047581058978, 15.471338644645414, 15.799146679855632, 16.207923464175373, 16.706677440776783, 17.18790983238187, 17.61865499065797, 18.027988070568362, 18.241148797830427, 18.459704334406823, 18.61380552345003, 18.735216959976796, 19.01895546831163, 19.362028828186737, 19.723715845442214, 20.091335773411437, 20.335668753617586, 20.822762019722138, 21.26509206534557, 21.437767665695493
1AKD.pdb, 19, 19, 0.17706412673913857, 1.731243314061132, 0.8262150223954969, -, -, -, 1.391091985931489, 29.821906796010204, , length, 0.0, 0.5, 1.0, 1.5, 2.0, 2.5, 3.0, 3.5, 4.0, 4.5, 5.0, 5.5, 6.0, 6.5, 7.0, 7.5, 8.0, 8.5, 9.0, 9.5, 10.0, 10.5, 11.0, 11.5, 12.0, 12.5, 13.0, 13.5, 14.0, 14.5, 15.0, 15.5, 16.0, 16.5, 17.0, 17.5, 18.0, 18.5, 19.0, 19.5, 20.0, 20.5, 21.0, 21.5, 22.0, 22.5, 23.0, 23.5, 24.0, 24.5, 25.0, 25.5, 26.0, 26.5, 27.0, 27.5, 28.0, 28.5, 29.0, 29.5, 30.0, 30.5, 31.0, 31.5
1AKD.pdb, 19, 19, 0.17706412673913857, 1.731243314061132, 0.8262150223954969, -, -, -, 1.391091985931489, 29.821906796010204, , R, 3.4839028770087492, 3.2544291990549072, 2.9498452529802806, 2.6828288520828747, 2.4288976595525433, 2.2030457096895417, 2.033638415378784, 1.9290031339611713, 1.862142259395899, 1.7868868485456324, 1.7531113631152948, 1.7997794604487543, 1.8465560955318963, 1.857664508010707, 1.7177415372243026, 1.658342528959042, 1.428279715908277, 1.2559339906312568, 1.1517088124183688, 1.005391032264558, 0.9072544548323873, 0.9101293198439255, 0.9262636087655403, 1.0248177181877471, 1.0796661789253035, 0.9588349907079001, 0.8722490691945062, 0.8771623765875485, 1.0012805711092838, 1.1135561869859765, 1.2549135851648932, 1.3160585227689787, 1.3739452246425108, 1.415113359045534, 1.3193412948653473, 1.1985095829861185, 1.0138897297430387, 0.9147667707414215, 0.9122434701188022, 0.9163981315794403, 0.9805825124487351, 1.0283565110914301, 0.9136460758607137, 0.8730624041892248, 0.8261872947790478, 0.8787493292696786, 1.0237089457140218, 1.032033762413449, 0.9939193684186045, 1.0194677028006773, 1.0238983987409012, 1.0826313788689523, 1.0233208631568989, 1.0543614458936426, 1.1609748186670825, 1.2273228433502696, 1.298779810224573, 1.3884373690284182, 1.5427214826967717, 1.766566267639171, 1.8527439577210734, 1.9310035836861283, 2.0534452552442044, 2.0288455075443474
1AKD.pdb, 19, 19, 0.17706412673913857, 1.731243314061132, 0.8262150223954969, -, -, -, 1.391091985931489, 29.821906796010204, , Upper limit of R overestimation, -, -, -, -, -, -, -, -, -, -, -, -, -, -, -, -, -, -, -, -, -, -, -, -, -, -, -, -, -, -, -, -, -, -, -, -, -, -, -, -, -, -, -, -, -, -, -, -, -, -, -, -, -, -, -, -, -, -, -, -, -, -, -, -
1AKD.pdb, 20, 20, 0.1751074340570582, 1.7423555845261263, 0.80415706585661, -, -, -, 1.5823900223851082, 26.395776126143733, , X, 16.975476231179453, 17.35159014779755, 17.703798232971035, 18.05598216478539, 18.432934267093017, 18.837141097244434, 19.241347927395847, 19.645554757547263, 19.965905357445596, 20.238814619582453, 20.69263768552376, 21.1229849478728, 21.588745961933633, 21.923725255993233, 22.062572444988998, 22.405361068650148, 22.50191533083012, 22.71864987182626, 23.15152205004415, 23.449376987428813, 23.715820037448044, 23.982263087467274, 24.360054916064303, 24.72927104123486, 25.128425833183716, 25.536105092836355, 25.917352039515265, 26.298598986194175, 26.66791198459734, 26.855747946157347, 27.029988322464394, 27.328023093218587, 27.628866343727697, 27.929709594236805, 28.347807862057927, 28.48212699484949, 28.58868028729967, 28.86109824641049, 29.32482343854984, 29.79389234004696, 30.250715258178424, 30.63965768784321, 30.86531291299463, 31.267975878723973, 31.59545588393816, 31.87519761175656, 32.15493933957496, 32.434681067393356, 32.37111603034018, 32.00687029610548, 31.848691980050084, 32.186666035394616, 32.528353883377434, 32.547451691487524, 32.534614178055065, 32.51942563769719
1AKD.pdb, 20, 20, 0.1751074340570582, 1.7423555845261263, 0.80415706585661, -, -, -, 1.5823900223851082, 26.395776126143733, , Y, 24.106161642832348, 24.054490828377045, 24.01599709508166, 23.977523033665605, 23.956343203063707, 23.939606154541472, 23.92286910601924, 23.906132057497008, 23.777321428745267, 23.590147784617386, 23.778825823128326, 24.01805851588942, 24.16631765293003, 24.314641979901705, 24.512619679691973, 24.690028494307185, 24.72557667369935, 24.664711719688224, 24.42189337212335, 24.226689171433186, 24.05017943192659, 23.87366969242, 23.782151845678882, 23.70714189518268, 23.719575980071035, 23.957616772480314, 24.219511123858386, 24.48140547523646, 24.74923881714155, 25.03119325545341, 25.379014258710807, 25.60759960366001, 25.832554130376472, 26.057508657092935, 25.922746605847294, 26.069640948530232, 26.26460978597136, 26.4722086454708, 26.641047247967307, 26.804347658048894, 26.90725160461199, 26.98943065108215, 27.221573137469107, 27.04959314107188, 27.03970631022686, 27.1185569200728, 27.19740752991874, 27.276258139764675, 27.51753122655336, 27.82582105406579, 28.131417212525378, 28.430527773697705, 28.72638311802104, 29.17472627048379, 29.638442151931674, 30.10136350281547
1AKD.pdb, 20, 20, 0.1751074340570582, 1.7423555845261263, 0.80415706585661, -, -, -, 1.5823900223851082, 26.395776126143733, , Z, 7.833481663061395, 7.619851270186162, 7.267051472516991, 6.9142259213275254, 6.62027677215461, 6.326445681788546, 6.032614591422482, 5.738783501056418, 5.431762105916754, 5.197495489216566, 5.233616624171766, 5.31922656872643, 5.408969947577865, 5.355210774767728, 4.9905228192421225, 4.67717738015134, 4.187977592420754, 3.8380536307049806, 3.784139057167009, 3.4759951714307826, 3.091479355168611, 2.706963538906439, 2.3966348585228823, 2.0680519113161715, 1.8668068415692411, 2.0087723377129723, 2.198672612500204, 2.3885728872874363, 2.5930895478846225, 2.9144429946475983, 3.219993505548955, 3.549910731059188, 3.879893760218091, 4.2098767893769935, 4.43312132706998, 4.855079255560555, 5.302840113023116, 5.646718385524891, 5.723944215153813, 5.781453707548284, 5.891074575361138, 6.12759341638886, 6.466411717930797, 6.585381775960984, 6.892808499006632, 7.299658774960947, 7.706509050915261, 8.113359326869574, 8.449168804761834, 8.598441800793193, 8.76705801519819, 8.98224725774797, 9.19584687419375, 9.043504436951697, 8.856952283873678, 8.668609163113404
1AKD.pdb, 20, 20, 0.1751074340570582, 1.7423555845261263, 0.80415706585661, -, -, -, 1.5823900223851082, 26.395776126143733, , distance, 0.0, 0.4356254080058971, 0.9270521801522035, 1.4244550126405116, 1.9022343700669164, 2.400977770216037, 2.9001539454793175, 3.399572261606885, 3.8495531009187, 4.226590925059543, 4.547937580592434, 4.850883362379862, 5.211922237789096, 5.5380916440845365, 5.841760951282875, 6.307678382317987, 6.649428850034349, 7.018508874163759, 7.391914773690829, 7.804716933474264, 8.241477690481346, 8.685062039717595, 9.175853523129483, 9.670611714765801, 10.110452220989053, 10.355369177887475, 10.56981854682645, 10.803168859891569, 11.037144948176486, 11.075757042635537, 11.135422764989718, 11.303916242189027, 11.493737826168578, 11.701858656767815, 12.008012244543837, 12.046955784843695, 12.08013052456336, 12.314549230062026, 12.782103493691153, 13.259065504136837, 13.705875436917099, 14.068871659259068, 14.300427688125017, 14.645719118161079, 14.941029260537917, 15.210561771381983, 15.491546838124458, 15.78337281681519, 15.781072140976164, 15.50367174842752, 15.436540866368578, 15.85560153652867, 16.281722535178453, 16.420746701488618, 16.545101794577477, 16.680954602050544
1AKD.pdb, 20, 20, 0.1751074340570582, 1.7423555845261263, 0.80415706585661, -, -, -, 1.5823900223851082, 26.395776126143733, , length, 0.0, 0.5, 1.0, 1.5, 2.0, 2.5, 3.0, 3.5, 4.0, 4.5, 5.0, 5.5, 6.0, 6.5, 7.0, 7.5, 8.0, 8.5, 9.0, 9.5, 10.0, 10.5, 11.0, 11.5, 12.0, 12.5, 13.0, 13.5, 14.0, 14.5, 15.0, 15.5, 16.0, 16.5, 17.0, 17.5, 18.0, 18.5, 19.0, 19.5, 20.0, 20.5, 21.0, 21.5, 22.0, 22.5, 23.0, 23.5, 24.0, 24.5, 25.0, 25.5, 26.0, 26.5, 27.0, 27.5
1AKD.pdb, 20, 20, 0.1751074340570582, 1.7423555845261263, 0.80415706585661, -, -, -, 1.5823900223851082, 26.395776126143733, , R, 3.4839028770087492, 3.2544291990549072, 2.9498452529802806, 2.6828288520828747, 2.4288976595525433, 2.2030457096895417, 2.033638415378784, 1.9290031339611713, 1.862142259395899, 1.7868868485456324, 1.7531113631152948, 1.7997794604487543, 1.8465560955318963, 1.857664508010707, 1.7177415372243026, 1.658342528959042, 1.428279715908277, 1.2559339906312568, 1.1517088124183688, 1.005391032264558, 0.9072544548323873, 0.9101293198439255, 0.9262636087655403, 1.0248177181877471, 1.0994130398367767, 0.976101253244932, 0.9117602109657725, 0.9490876818820517, 1.0727979179491034, 1.0636122396021164, 0.9200537787547471, 0.8171901157591956, 0.8177788038304734, 0.9229412260788403, 0.9847678292067901, 1.0485881226316467, 1.1833303242444946, 1.2896137043090357, 1.2693473056792435, 1.3244559008673602, 1.4237144030276236, 1.4591973270842868, 1.3604747363521743, 1.2010953569379712, 1.0552214543664915, 0.9706594307584173, 0.9849956608789245, 1.0966050756693528, 1.206971783637631, 1.2845464487432547, 1.3697020983481214, 1.3550212476776724, 1.4245284931231983, 1.252163917775773, 1.130272994568294, 1.098304247313357
1AKD.pdb, 20, 20, 0.1751074340570582, 1.7423555845261263, 0.80415706585661, -, -, -, 1.5823900223851082, 26.395776126143733, , Upper limit of R overestimation, -, -, -, -, -, -, -, -, -, -, -, -, -, -, -, -, -, -, -, -, -, -, -, -, -, -, -, -, -, -, -, -, -, -, -, -, -, -, -, -, -, -, -, -, -, -, -, -, -, -, -, -, -, -, -, -
1AKD.pdb, 21, 21, 0.17074208792941908, 1.7676011187678293, 0.6000793333902465, -, -, -, 1.284922968545615, 26.56172926732201, , X, 16.975476231179453, 16.861445593770245, 16.768524230865616, 16.513261286406003, 16.154104730441787, 15.794948174477566, 15.435791618513349, 15.07663506254913, 14.719494756104389, 14.322583751186233, 13.951071402123311, 13.598840792634151, 13.142444233703653, 12.664293188107605, 12.187601458342018, 11.731921699998432, 11.417015110685625, 11.028870306327743, 10.533366892867198, 10.03764819865077, 9.567105523025631, 9.256047869934124, 8.94376836374662, 8.74136486373009, 8.611431991557716, 8.526527838827102, 8.485147613743747, 8.438513846118525, 8.12328057394381, 7.799102289318475, 7.613385185536811, 7.458121489053054, 7.32952928119495, 7.062805309535206, 6.666666791840898, 6.208403342555927, 5.778797192018457, 5.361385271037643, 5.118597318811067, 5.031164087445708, 4.972582675990996, 4.9147248889637325, 4.850520944241676, 4.619603524542487, 4.341489203573744, 4.063374882605001, 3.762340632869785, 3.572093487934042, 3.341249429418011, 2.942919422167077, 2.4993225908160706, 2.055725759465064, 1.6150989233975428, 1.1970393682744909, 1.0656389735038578, 0.6981603795913686
1AKD.pdb, 21, 21, 0.17074208792941908, 1.7676011187678293, 0.6000793333902465, -, -, -, 1.284922968545615, 26.56172926732201, , Y, 24.106161642832348, 24.51353382993465, 24.99428727336601, 25.38769596257933, 25.72785309535226, 26.06801022812519, 26.40816736089812, 26.74832449367105, 27.08660158000159, 27.36291992253958, 27.38300935597481, 27.621918747052774, 27.72611983320428, 27.62685086446028, 27.533896635066476, 27.478507675407723, 27.62665123773021, 27.7264915040221, 27.709728957191224, 27.69540097417286, 27.740745031271956, 28.096398642358213, 28.450414389236872, 28.847465097245014, 29.182866151290494, 29.299427368559613, 29.290274968277686, 29.490302811850967, 29.665878836429997, 29.867648338287168, 30.164143694802004, 30.4930564806486, 30.941383938033024, 31.30820913994461, 31.613266601839854, 31.76599020463356, 31.949461913338872, 32.216206797239124, 32.50841711867199, 32.917242271977656, 33.253602174435976, 33.59130971598006, 33.92509788198284, 34.11928248682153, 34.052807917858885, 33.98633334889623, 33.96786170533781, 34.19325231237142, 34.32568593885246, 34.60661546379022, 34.828030701832894, 35.04944593987557, 35.2631774702197, 35.49585289140473, 35.677678572309254, 35.92517579303525
1AKD.pdb, 21, 21, 0.17074208792941908, 1.7676011187678293, 0.6000793333902465, -, -, -, 1.284922968545615, 26.56172926732201, , Z, 7.833481663061395, 7.660891272805339, 7.55976345376874, 7.564551012963319, 7.637350005618574, 7.710148998273828, 7.782947990929084, 7.855746983584338, 7.938073464046514, 8.064997960310706, 8.25757830382129, 8.254638607073925, 8.144255649689043, 8.03693720094928, 7.918395652745475, 7.771195907664233, 7.412187098650056, 7.17823429776514, 7.243006083850524, 7.306458991827053, 7.331973351656604, 7.168407935463241, 7.003623920309055, 6.80278478720858, 6.961974272033533, 7.437220063837779, 7.894858868372013, 8.334397227747044, 8.661187725508544, 8.982597800493233, 9.32759197960644, 9.668708421896364, 9.838250545515368, 9.916671902606236, 9.920442809789867, 9.829294320728549, 9.660770755565089, 9.595921792051879, 9.837636327175879, 10.078374201821074, 10.443655236437166, 10.807739184118706, 11.152730814927299, 11.478561362652247, 11.888724203671915, 12.298887044691583, 12.682418077086743, 13.086156975515937, 13.425154503946205, 13.322861264231985, 13.258075898771466, 13.193290533310948, 13.10395723122747, 13.108661615775837, 12.745997021816837, 12.596368961910121
1AKD.pdb, 21, 21, 0.17074208792941908, 1.7676011187678293, 0.6000793333902465, -, -, -, 1.284922968545615, 26.56172926732201, , distance, 0.0, 0.4568834948881417, 0.9521123484878713, 1.388631183008453, 1.828387797063701, 2.2929691036905533, 2.7699120355179976, 3.25378518936568, 3.7394403431247007, 4.206888731442539, 4.4793541349003565, 4.892809834053066, 5.281364602494188, 5.569824591677424, 5.889000119120689, 6.234698180362966, 6.593013432856645, 6.992729040870335, 7.405074714378649, 7.82903887348744, 8.267143614535845, 8.715152815638131, 9.168943617758357, 9.557347148046734, 9.82291656490907, 9.925309118091294, 9.948089171516274, 10.105425240671996, 10.48603454851159, 10.895918298155248, 11.250789346836736, 11.607778608034515, 11.990982222436136, 12.428604689409315, 12.922212803932034, 13.363611052018157, 13.7920979574138, 14.27466764745297, 14.669700424396378, 15.011371587927066, 15.315290661935173, 15.629330270675773, 15.95128410225665, 16.316151059466087, 16.583075480663588, 16.860604953543493, 17.1858158028474, 17.578130306591213, 17.93314312880774, 18.365877856774944, 18.813392117315214, 19.263488169844532, 19.702743614142396, 20.16213431430326, 20.276975434341807, 20.671845641756125
1AKD.pdb, 21, 21, 0.17074208792941908, 1.7676011187678293, 0.6000793333902465, -, -, -, 1.284922968545615, 26.56172926732201, , length, 0.0, 0.5, 1.0, 1.5, 2.0, 2.5, 3.0, 3.5, 4.0, 4.5, 5.0, 5.5, 6.0, 6.5, 7.0, 7.5, 8.0, 8.5, 9.0, 9.5, 10.0, 10.5, 11.0, 11.5, 12.0, 12.5, 13.0, 13.5, 14.0, 14.5, 15.0, 15.5, 16.0, 16.5, 17.0, 17.5, 18.0, 18.5, 19.0, 19.5, 20.0, 20.5, 21.0, 21.5, 22.0, 22.5, 23.0, 23.5, 24.0, 24.5, 25.0, 25.5, 26.0, 26.5, 27.0, 27.5
1AKD.pdb, 21, 21, 0.17074208792941908, 1.7676011187678293, 0.6000793333902465, -, -, -, 1.284922968545615, 26.56172926732201, , R, 3.4839028770087492, 3.2908457321196, 3.0479396872816387, 2.7327670574803, 2.384819750276781, 2.0729384797284767, 1.8072806548404556, 1.5996772578325293, 1.4530850689906525, 1.3558870093475663, 1.2821025322833934, 1.2321186813440375, 1.0575994679301548, 0.8344525867239323, 0.6982270542870683, 0.6433688766611048, 0.6009021612102226, 0.6463533882779964, 0.7352179013715845, 0.9240912792563418, 1.1495589825301065, 1.2232457440984588, 1.3819781256691974, 1.5304996876122194, 1.505671548042646, 1.3796989847921366, 1.302362079251473, 1.2902170984070591, 1.3022023352663443, 1.3767982800495089, 1.4151634279505911, 1.487327958049522, 1.4301102069716558, 1.3945843982613333, 1.4123139140598324, 1.4810396667095422, 1.5256775911998868, 1.5618768139588433, 1.496596348547207, 1.3036844906604044, 1.2084507373483366, 1.2017174540819533, 1.2470732582504098, 1.1791258049713118, 1.1111423802469629, 1.1371677288423685, 1.1958742085605527, 1.164113421426805, 1.1225696273479624, 0.9658383677633977, 0.8413361783331834, 0.8193214194645715, 0.8884409675602298, 1.0148639003341482, 0.9372683557271277, 1.0881126961571943
1AKD.pdb, 21, 21, 0.17074208792941908, 1.7676011187678293, 0.6000793333902465, -, -, -, 1.284922968545615, 26.56172926732201, , Upper limit of R overestimation, -, -, -, -, -, -, -, -, -, -, -, -, -, -, -, -, -, -, -, -, -, -, -, -, -, -, -, -, -, -, -, -, -, -, -, -, -, -, -, -, -, -, -, -, -, -, -, -, -, -, -, -, -, -, -, -
1AKD.pdb, 22, 22, 0.13946478211112934, 1.9699431675783343, 0.6056970047950934, -, -, -, 1.251424355364964, 21.903976635397907, , X, 16.975476231179453, 16.88573264901453, 16.805163660071553, 16.70583502176284, 16.678575064959446, 16.694442396090597, 16.71030972722175, 16.726177058352903, 16.742044389484054, 16.757911720615205, 16.864415721538066, 16.914597283480816, 17.093229378591705, 17.541391775821968, 17.99149524328973, 18.448812156273217, 18.864716837310773, 19.19360672007522, 19.544279798877913, 19.911515986816198, 19.910379905742012, 20.23297547517203, 20.454011218665872, 20.51343541564212, 20.316738793711508, 20.120042171780895, 19.923345549850282, 19.853263386706686, 19.839307128638268, 19.893378381669354, 19.969045391771633, 20.22857573864613, 20.650743386243118, 21.062563848870848, 21.466547647381745, 21.746041305193117, 21.770015982639016, 21.68396487854353, 21.576453917221844, 21.526311285882542, 21.24645172891627, 20.96750043688507, 20.74885828751228, 20.905102631959238, 21.051584668170573, 21.187778255648194
1AKD.pdb, 22, 22, 0.13946478211112934, 1.9699431675783343, 0.6056970047950934, -, -, -, 1.251424355364964, 21.903976635397907, , Y, 24.106161642832348, 24.323012722330738, 24.677079367853352, 25.03480733753844, 25.32568291509132, 25.610396525519445, 25.89511013594757, 26.17982374637569, 26.464537356803813, 26.749250967231937, 26.988812840240396, 27.291727638477063, 27.563027269432162, 27.696935821784425, 27.827471495996047, 27.945472810436108, 28.10857845318074, 28.418441752190684, 28.723625677401053, 29.020596241276046, 29.38654187225914, 29.659096979495178, 29.964001170796912, 30.343600551027464, 30.765419236832475, 31.187237922637486, 31.609056608442497, 32.10118978887577, 32.59292652752569, 33.078629963146774, 33.521158652580766, 33.85911318334618, 34.121861546401824, 34.40075318463968, 34.6918712811582, 35.02188517980049, 35.456351121553695, 35.878420155589275, 36.29727922308631, 36.69131722231153, 36.98474817335122, 37.27004770936687, 37.49634747257033, 37.355743629131766, 37.213286469671125, 37.08433945939078
1AKD.pdb, 22, 22, 0.13946478211112934, 1.9699431675783343, 0.6056970047950934, -, -, -, 1.251424355364964, 21.903976635397907, , Z, 7.833481663061395, 7.448347833003085, 7.119562606035131, 6.789815006572688, 6.390514738058761, 5.979800253483701, 5.569085768908641, 5.1583712843335805, 4.747656799758521, 4.33694231518346, 3.913292115740447, 3.533156308538924, 3.2736693223749063, 3.0969804282254882, 2.922955563799911, 2.758830821942772, 2.541836458985301, 2.3369217001465064, 2.181597860238606, 2.088324409102595, 1.8808854366591707, 1.642519598276941, 1.3387567911055873, 1.166550384809492, 0.9838499873637854, 0.8011495899180787, 0.6184491924723722, 0.5854780094533146, 0.6220175000089326, 0.7268771424407833, 0.6281856448523675, 0.46410874353213516, 0.41178499143035097, 0.3634877991389757, 0.3182402089252954, 0.18934273496844753, -0.05695903176876621, -0.3024661726417446, -0.5532185886357173, -0.8430131643818297, -1.1321618007720529, -1.4334453089888652, -1.756548425115647, -2.210217340039478, -2.6662816372771005, -3.129488065570931
1AKD.pdb, 22, 22, 0.13946478211112934, 1.9699431675783343, 0.6056970047950934, -, -, -, 1.251424355364964, 21.903976635397907, , distance, 0.0, 0.45100595148489203, 0.9298568925408971, 1.4227892668902618, 1.9124685572961717, 2.403713245578882, 2.8979542355420698, 3.393882752191223, 3.8908535721543065, 4.388512607281742, 4.867226977411704, 5.352040275785452, 5.723257319601278, 5.970625055678767, 6.244494233142583, 6.531700402584674, 6.898556324147565, 7.32994092972484, 7.737151698174622, 8.110414831670164, 8.481124735603183, 8.931651776987902, 9.41254167358385, 9.791362111234758, 10.120632455916315, 10.46344257986681, 10.818505439134968, 11.168513371584428, 11.499213929321158, 11.811992572440303, 12.227833647986838, 12.649520836149577, 12.99628465005098, 13.3597795091976, 13.737023881697949, 14.154298690253267, 14.631249672869183, 15.064845934121495, 15.4960990134567, 15.949225785142662, 16.26290212252751, 16.586141478262928, 16.89686852023508, 17.08418204440192, 17.28167846534528, 17.503236645102575
1AKD.pdb, 22, 22, 0.13946478211112934, 1.9699431675783343, 0.6056970047950934, -, -, -, 1.251424355364964, 21.903976635397907, , length, 0.0, 0.5, 1.0, 1.5, 2.0, 2.5, 3.0, 3.5, 4.0, 4.5, 5.0, 5.5, 6.0, 6.5, 7.0, 7.5, 8.0, 8.5, 9.0, 9.5, 10.0, 10.5, 11.0, 11.5, 12.0, 12.5, 13.0, 13.5, 14.0, 14.5, 15.0, 15.5, 16.0, 16.5, 17.0, 17.5, 18.0, 18.5, 19.0, 19.5, 20.0, 20.5, 21.0, 21.5, 22.0, 22.5
1AKD.pdb, 22, 22, 0.13946478211112934, 1.9699431675783343, 0.6056970047950934, -, -, -, 1.251424355364964, 21.903976635397907, , R, 3.4839028770087492, 3.313141875135542, 3.0472970293382367, 2.785327518416039, 2.4649658336242717, 2.1548740957265027, 1.8901974347140929, 1.6822169614221139, 1.542505574249355, 1.4806144898332527, 1.4208759862130553, 1.4432292953214634, 1.3800270205659242, 1.1615714821530538, 1.0212411281320608, 0.9648523468181396, 0.9273390211164747, 0.8712531456472439, 0.870706473743176, 0.9116671180755263, 1.0741083466588504, 1.1327416369731633, 1.070203073967397, 1.005385803626329, 0.7817837754083214, 0.6522899530929505, 0.6339449231315459, 0.6073215645831316, 0.6420228535782737, 0.7399743565623469, 0.8417274226643299, 0.8091571342321875, 0.7246530535513256, 0.7469595812114505, 0.8737433892600768, 0.952357272202399, 0.8806421799705912, 0.8257837825482999, 0.8558553911237432, 0.944629624459167, 0.9264037791345832, 0.9985122138634464, 1.1166551020319537, 1.0324571373662113, 1.0404904684232585, 1.1288803208273221
1AKD.pdb, 22, 22, 0.13946478211112934, 1.9699431675783343, 0.6056970047950934, -, -, -, 1.251424355364964, 21.903976635397907, , Upper limit of R overestimation, -, -, -, -, -, -, -, -, -, -, -, -, -, -, -, -, -, -, -, -, -, -, -, -, -, -, -, -, -, -, -, -, -, -, -, -, -, -, -, -, -, -, -, -, -, -
1AKD.pdb, 23, 23, 0.128719463217827, 2.050119946460317, 0.6342574138566808, -, -, -, 1.2141695756376367, 17.312771746213517, , X, 16.975476231179453, 17.41662988647509, 17.88966256508965, 18.358958441050234, 18.828254317010817, 19.18779465384101, 19.333617765285922, 19.5542971692115, 19.774976573137078, 19.996756812513407, 20.22240764996251, 20.44805848741161, 20.711686857880462, 21.07618817886236, 21.485206582395318, 21.80761949809888, 22.128171515015087, 22.377296827627355, 22.53923229582465, 22.70129190138371, 22.72744809743892, 22.653750607105366, 22.77654786909519, 23.092983684614268, 23.09761986564244, 23.106540020451654, 23.11428485907726, 23.121997538921146, 23.164835004201812, 23.29372746920957, 23.515921421636396, 23.964225544402893, 24.430519429856627, 24.9154075298445, 25.40378332078794, 25.851548935600242, 26.323685286641314
1AKD.pdb, 23, 23, 0.128719463217827, 2.050119946460317, 0.6342574138566808, -, -, -, 1.2141695756376367, 17.312771746213517, , Y, 24.106161642832348, 24.138345272139148, 24.256638483946734, 24.38640583443703, 24.51617318492733, 24.746059829559588, 25.179236916986685, 25.480319330341967, 25.781401743697245, 26.078756275050473, 26.363003367973334, 26.647250460896196, 26.81498460122679, 27.004054474583562, 27.24246313767063, 27.57162558343736, 27.902475144658656, 28.04672560473996, 27.963928731558113, 27.88110445644407, 28.11857820324132, 28.591387754693013, 28.97734669724546, 29.093080638649937, 29.264735541022937, 29.419248658960324, 29.567638656730274, 29.600607851149597, 29.475861420348398, 29.443726022684, 29.52552993776868, 29.684925764236826, 29.848731429101, 29.91209861273639, 29.950854291801818, 29.980043137838916, 30.079363099211225
1AKD.pdb, 23, 23, 0.128719463217827, 2.050119946460317, 0.6342574138566808, -, -, -, 1.2141695756376367, 17.312771746213517, , Z, 7.833481663061395, 7.868731453377661, 7.979353304946083, 8.093027468910979, 8.206701632875875, 8.339281853408858, 8.521485465019362, 8.854126384106614, 9.186767303193866, 9.521907165724285, 9.865833451028886, 10.209759736333488, 10.595291799994385, 10.836701628472564, 10.984089522113686, 11.178259540613954, 11.372626134846119, 11.677219840329238, 12.142967782452248, 12.60866814072769, 12.889488780937732, 13.034470876296385, 13.279617402541545, 13.58252856004406, 14.052116784254155, 14.527415926493035, 15.004736274999251, 15.497230298132282, 15.97801330044169, 16.381088953738768, 16.685107268251155, 16.83878349938368, 16.837103883750203, 16.910099214995785, 17.01003461493267, 16.922911176606817, 16.79167546767582
1AKD.pdb, 23, 23, 0.128719463217827, 2.050119946460317, 0.6342574138566808, -, -, -, 1.2141695756376367, 17.312771746213517, , distance, 0.0, 0.4437283868465025, 0.937901097518319, 1.43524348362611, 1.9339568883137905, 2.3578923480897216, 2.6806102421627873, 3.0952128242128607, 3.531998525474698, 3.9837227077501054, 4.445936571822922, 4.915552602617663, 5.3781583185570305, 5.850893222648033, 6.332486461787697, 6.822505985767501, 7.313535976829202, 7.712459612178214, 8.025547898489817, 8.356887233395126, 8.645685338971155, 8.911248058437172, 9.329591120483846, 9.764466126593039, 10.13720622827715, 10.517965238211076, 10.905943116142131, 11.25618525363568, 11.553148199262976, 11.89417851772754, 12.267772897310396, 12.690968727745748, 13.023823936816315, 13.3841846710998, 13.762482212019744, 13.996602421775613, 14.258940508471804
1AKD.pdb, 23, 23, 0.128719463217827, 2.050119946460317, 0.6342574138566808, -, -, -, 1.2141695756376367, 17.312771746213517, , length, 0.0, 0.5, 1.0, 1.5, 2.0, 2.5, 3.0, 3.5, 4.0, 4.5, 5.0, 5.5, 6.0, 6.5, 7.0, 7.5, 8.0, 8.5, 9.0, 9.5, 10.0, 10.5, 11.0, 11.5, 12.0, 12.5, 13.0, 13.5, 14.0, 14.5, 15.0, 15.5, 16.0, 16.5, 17.0, 17.5, 18.0
1AKD.pdb, 23, 23, 0.128719463217827, 2.050119946460317, 0.6342574138566808, -, -, -, 1.2141695756376367, 17.312771746213517, , R, 3.4839028770087492, 3.2605416608548876, 2.9682151405381743, 2.7100608284168834, 2.497804633933533, 2.2974338529560363, 2.046296873992631, 1.7059844921117833, 1.4118046478648347, 1.1761343263166757, 1.0079678137023098, 0.931958855422863, 0.8584799129396932, 0.771153687148503, 0.7069141280477025, 0.6352131696295267, 0.6760831370317728, 0.7147494487236115, 0.7068108201585379, 0.8086983107739569, 0.8204485196554288, 0.7961333872328478, 0.8214958228318503, 0.82456886474192, 0.6878830469738912, 0.6476137153246242, 0.7152393010502327, 0.7948882757253495, 0.8664361617804861, 0.9054741396335131, 0.878746845768867, 0.8233034917445679, 0.8204171783243068, 0.8481366367996763, 0.9632424029299731, 1.0638562934590388, 1.1855375149746283
1AKD.pdb, 23, 23, 0.128719463217827, 2.050119946460317, 0.6342574138566808, -, -, -, 1.2141695756376367, 17.312771746213517, , Upper limit of R overestimation, -, -, -, -, -, -, -, -, -, -, -, -, -, -, -, -, -, -, -, -, -, -, -, -, -, -, -, -, -, -, -, -, -, -, -, -, -
1AKD.pdb, 24, 24, 0.12712863427365825, 2.0625558368320123, 0.7686731776198354, -, -, -, 1.550948406993002, 34.244409297509684, , X, 16.975476231179453, 17.35159014779755, 17.703798232971035, 18.05598216478539, 18.432934267093017, 18.837141097244434, 19.241347927395847, 19.645554757547263, 19.965905357445596, 20.238814619582453, 20.69263768552376, 21.1229849478728, 21.588745961933633, 22.07083773817392, 22.455612428625514, 22.75760683610089, 23.05960124357627, 23.361595651051648, 23.663590058527024, 23.9655844660024, 24.29389823598637, 24.628224921310768, 24.861968539964643, 25.00767019417738, 25.153221511636588, 25.295758936257943, 25.421187029623894, 25.48748680424051, 25.558778468535113, 25.648609130992508, 25.37318778942592, 25.049525957530772, 25.078211098990593, 25.26543572188172, 25.462059112855375, 25.81641309841113, 26.215335850539095, 26.545281519077534, 26.700374356578596, 26.678169819034483, 26.636863579872337, 26.586336900323648, 26.593511639927158, 26.637152171432604, 26.68479703897289, 26.744481092612332, 26.656789804825287, 26.382577623080884, 26.10099048062599, 25.881680148017583, 25.70860470031241, 25.53570487303213, 25.64034777081869, 25.65228945032, 25.724070337924182, 25.360347734865996, 25.495087987671294, 25.64895189079118, 25.80281579391107, 25.727753310220738, 25.507550033713812, 25.282980406477783, 25.052486602255208, 24.83443919473181, 24.612389872024032, 24.965822758556534, 25.30897339968614, 25.667246765679007, 26.15481035920925, 26.6458471765263, 27.136419440368385, 27.523188430436424
1AKD.pdb, 24, 24, 0.12712863427365825, 2.0625558368320123, 0.7686731776198354, -, -, -, 1.550948406993002, 34.244409297509684, , Y, 24.106161642832348, 24.054490828377045, 24.01599709508166, 23.977523033665605, 23.956343203063707, 23.939606154541472, 23.92286910601924, 23.906132057497008, 23.777321428745267, 23.590147784617386, 23.778825823128326, 24.01805851588942, 24.16631765293003, 24.26452889192156, 24.18056296127706, 23.880022761257198, 23.579482561237338, 23.278942361217474, 22.978402161197614, 22.677861961177754, 22.393215269822857, 22.062767775629947, 21.661053707316203, 21.189516655056007, 20.71804385496251, 20.24785915734887, 19.795757343371807, 19.38952537171608, 18.97825484073122, 18.599629926610472, 18.19679273798298, 17.81922792624434, 17.426624525766226, 17.017862763301096, 16.613999011846783, 16.35188307799188, 16.13498519216737, 15.871249879777308, 15.483415881249316, 15.180979178747785, 14.905695901145013, 14.614412463339475, 14.345600130568403, 14.09098895007457, 13.838237296038434, 13.548507896364653, 13.19308949821194, 12.92174051115179, 12.695981711303267, 12.267427992910722, 11.798457703530943, 11.32946461651011, 10.973959032639284, 10.520300017638004, 10.090208226961163, 9.878299573081712, 9.619502363355922, 9.357699137640424, 9.095895911924925, 8.691523568604092, 8.24933893394172, 7.80823380657321, 7.368038931980623, 6.9228321343161925, 6.480696942255642, 6.149031103302013, 5.8791266637942625, 5.751718379407613, 5.670340338041407, 5.585772236021992, 5.5020986402462935, 5.345962954201071
1AKD.pdb, 24, 24, 0.12712863427365825, 2.0625558368320123, 0.7686731776198354, -, -, -, 1.550948406993002, 34.244409297509684, , Z, 7.833481663061395, 7.619851270186162, 7.267051472516991, 6.9142259213275254, 6.62027677215461, 6.326445681788546, 6.032614591422482, 5.738783501056418, 5.431762105916754, 5.197495489216566, 5.233616624171766, 5.31922656872643, 5.408969947577865, 5.487003135930444, 5.684381152004018, 5.946058369250032, 6.207735586496046, 6.46941280374206, 6.7310900209880735, 6.992767238234088, 7.236540075250102, 7.3293937945816126, 7.193507776245693, 7.11335893779224, 7.032609642118076, 6.939822613324814, 6.7961236758648065, 6.512548245395667, 6.237399958302642, 6.242134291935163, 6.289654426986089, 6.33902240437471, 6.507852169238829, 6.726623195953233, 6.945953604558942, 7.150252617507525, 7.359287175748818, 7.445099268943061, 7.170270228735047, 6.782057682311822, 6.39141506247036, 5.988176902676459, 5.569705215180894, 5.141606335507682, 4.712910546674204, 4.444869489126001, 4.633598606246195, 4.340722617074919, 3.994685559095516, 4.04050820844833, 4.051079730604601, 4.062491336417176, 3.8340739108575224, 3.6484831127660975, 3.4038025950145916, 3.2594996644068117, 2.8708810842054566, 2.4736595209417365, 2.0764379576780163, 1.96883077227347, 2.046182345522624, 2.1157691038329745, 2.171030618687061, 2.2356224542231016, 2.3078067338593033, 2.410739268700508, 2.585986675559437, 2.5357083124042403, 2.569436654368054, 2.6110179212257894, 2.658144376071235, 2.9027638174835757
1AKD.pdb, 24, 24, 0.12712863427365825, 2.0625558368320123, 0.7686731776198354, -, -, -, 1.550948406993002, 34.244409297509684, , distance, 0.0, 0.4356254080058971, 0.9270521801522035, 1.4244550126405116, 1.9022343700669164, 2.400977770216037, 2.9001539454793175, 3.399572261606885, 3.8495531009187, 4.226590925059543, 4.547937580592434, 4.850883362379862, 5.211922237789096, 5.611929307362278, 5.88693989313395, 6.086586877401073, 6.3195742203830445, 6.5823625574491835, 6.871533696962268, 7.183902411591274, 7.539882305215852, 7.936883871518811, 8.281598899286175, 8.575636103717919, 8.887983798952876, 9.214783169401889, 9.538643913542927, 9.820684640279357, 10.125017643297976, 10.3960334885555, 10.383910766370963, 10.341625743384801, 10.584319628166881, 10.963236065562832, 11.355276128360792, 11.779550190062823, 12.21226924878855, 12.631143490501778, 13.014040011653226, 13.225227304825463, 13.419036159351586, 13.633308290609648, 13.888839043080285, 14.173844179308594, 14.472012473480106, 14.777692684527775, 14.9352679159847, 15.026117209765696, 15.106408306230318, 15.29257108106707, 15.558074221912195, 15.834830891009563, 16.23360731821489, 16.654637090154626, 17.105756506110207, 17.136494406184703, 17.523540911193027, 17.929696586392232, 18.340489450772978, 18.671035083748798, 18.913697237289895, 19.165837166387178, 19.42848939696372, 19.707007372574495, 19.987809767260796, 20.38897520516661, 20.71734014849505, 20.988064822884585, 21.25676014988515, 21.535900852652745, 21.820633426614005, 22.079657287828915
1AKD.pdb, 24, 24, 0.12712863427365825, 2.0625558368320123, 0.7686731776198354, -, -, -, 1.550948406993002, 34.244409297509684, , length, 0.0, 0.5, 1.0, 1.5, 2.0, 2.5, 3.0, 3.5, 4.0, 4.5, 5.0, 5.5, 6.0, 6.5, 7.0, 7.5, 8.0, 8.5, 9.0, 9.5, 10.0, 10.5, 11.0, 11.5, 12.0, 12.5, 13.0, 13.5, 14.0, 14.5, 15.0, 15.5, 16.0, 16.5, 17.0, 17.5, 18.0, 18.5, 19.0, 19.5, 20.0, 20.5, 21.0, 21.5, 22.0, 22.5, 23.0, 23.5, 24.0, 24.5, 25.0, 25.5, 26.0, 26.5, 27.0, 27.5, 28.0, 28.5, 29.0, 29.5, 30.0, 30.5, 31.0, 31.5, 32.0, 32.5, 33.0, 33.5, 34.0, 34.5, 35.0, 35.5
1AKD.pdb, 24, 24, 0.12712863427365825, 2.0625558368320123, 0.7686731776198354, -, -, -, 1.550948406993002, 34.244409297509684, , R, 3.4839028770087492, 3.2544291990549072, 2.9498452529802806, 2.6828288520828747, 2.4288976595525433, 2.2030457096895417, 2.033638415378784, 1.9290031339611713, 1.862142259395899, 1.7868868485456324, 1.7531113631152948, 1.7997794604487543, 1.8465560955318963, 1.9242270087694768, 1.8243127489224675, 1.547028095080003, 1.3311216931963408, 1.1912964579365886, 1.1395793006083137, 1.181036028939436, 1.2815102866223693, 1.297083417465429, 1.1545811821463672, 1.0109849264381299, 0.9612173265926787, 1.0034880696830548, 1.1041320233866259, 1.1849290160289283, 1.34198382711948, 1.2930738223157108, 1.315810694704465, 1.428332097037384, 1.3931740119981142, 1.3446799506383624, 1.377361024737895, 1.3805885026257405, 1.4270516175837629, 1.4590947198300115, 1.3141156065224724, 1.1540144996634005, 1.057890005670179, 1.028180610385688, 1.0532416245047251, 1.146700396771497, 1.323496292046256, 1.4545419430994735, 1.4111717568211306, 1.3705791491617627, 1.415821553207949, 1.350889922622995, 1.3097789948545766, 1.3561429347440779, 1.2220288198678637, 1.2175412739317344, 1.2487303589219123, 1.2339419284089077, 1.1701373565562574, 1.1947365952362583, 1.3089133189071762, 1.1906758197713345, 0.9731814352409938, 0.8391152026607873, 0.7982051335184797, 0.8510847615315047, 0.9985851839096216, 0.9006684590599248, 0.7885293754073639, 0.826438814935313, 0.8365307594378306, 0.9457308140020393, 1.141539986015066, 1.289643042255019
1AKD.pdb, 24, 24, 0.12712863427365825, 2.0625558368320123, 0.7686731776198354, -, -, -, 1.550948406993002, 34.244409297509684, , Upper limit of R overestimation, -, -, -, -, -, -, -, -, -, -, -, -, -, -, -, -, -, -, -, -, -, -, -, -, -, -, -, -, -, -, -, -, -, -, -, -, -, -, -, -, -, -, -, -, -, -, -, -, -, -, -, -, -, -, -, -, -, -, -, -, -, -, -, -, -, -, -, -, -, -, -, -
1AKD.pdb, 25, 25, 0.12259506436730569, 2.098868514305853, 0.6081751368314383, -, -, -, 1.5087881383180002, 23.062675848551233, , X, 16.975476231179453, 17.35159014779755, 17.703798232971035, 18.05598216478539, 18.377733551020853, 18.710319329726254, 18.97336479532756, 19.037294984909842, 19.291997531720146, 19.606300103783806, 19.91968496453548, 20.107122619632936, 20.14895751585299, 20.261459687378853, 20.63858516260793, 20.95860821361199, 21.31904314681976, 21.760519612448448, 22.16836218178876, 22.645327416441067, 23.115941054939587, 23.56128126351609, 23.535498972291112, 23.509716681066134, 23.656929569132174, 23.8856962294787, 24.133785078383497, 24.128187287354265, 23.78992868697906, 23.407596762276288, 23.018776840059658, 22.62995691784303, 22.249548783102824, 21.934312446836067, 21.801286923141895, 21.771109895054703, 21.528291879976265, 21.28634684073427, 21.097482174122273, 21.027286769051447, 21.203962278676556, 21.44756721272553, 21.685265664614246, 21.99408169716398, 22.447990542892263, 22.86161180541324, 23.28103555214386, 23.690176507172193, 23.922585119751112
1AKD.pdb, 25, 25, 0.12259506436730569, 2.098868514305853, 0.6081751368314383, -, -, -, 1.5087881383180002, 23.062675848551233, , Y, 24.106161642832348, 24.054490828377045, 24.01599709508166, 23.977523033665605, 23.844742534056422, 23.683207413604624, 23.434821963203408, 22.941066339873153, 22.64306668223163, 22.411309408019303, 22.179142153736773, 21.80487088835029, 21.357792291520003, 20.951603459575722, 20.65555966393739, 20.34498186906159, 20.121077547562148, 20.058486091605808, 20.004966890506182, 19.946455097672, 19.778230470612947, 19.596528637128955, 19.380771333986825, 19.1650140308447, 19.07854942347807, 19.061485676176687, 18.923255795823334, 18.826284436645032, 18.75768280294073, 18.767223276874986, 18.748822262859267, 18.730421248843548, 18.69396650087434, 18.88430604799521, 19.134579969984937, 19.457810421827983, 19.782494247972547, 20.108228380423764, 20.482119172312373, 20.809744394236127, 21.026189721537374, 21.151928693378512, 21.409915737254963, 21.4044924703519, 21.28757872858253, 21.189765864527825, 21.031251409663817, 20.815820311116273, 20.66351437783044
1AKD.pdb, 25, 25, 0.12259506436730569, 2.098868514305853, 0.6081751368314383, -, -, -, 1.5087881383180002, 23.062675848551233, , Z, 7.833481663061395, 7.619851270186162, 7.267051472516991, 6.9142259213275254, 6.58732074790221, 6.250730337070964, 5.991087940929967, 5.94543044758103, 5.709036866142876, 5.396812643035107, 5.0839415911773695, 4.882943093690754, 4.663409553770695, 4.462266858279639, 4.330641475959374, 4.111957378520387, 3.8926395341545197, 3.689110078197699, 3.5468957367615013, 3.517106031814043, 3.5083382742869005, 3.472759929929557, 3.0224444187598594, 2.572128907590162, 2.119268873075348, 1.6761311515461823, 1.2646163605281786, 0.8325521917378883, 0.5234882770014653, 0.2161020187696976, -0.0977139635681199, -0.4115299459059374, -0.7290982993032752, -0.9503305241549918, -1.2476212148151313, -1.5901483535879177, -1.8827570079259164, -2.174881293122823, -2.4335339248156833, -2.733139653876416, -3.077691122565101, -3.4813990837464837, -3.820326005991066, -4.096828793786256, -4.270891819024539, -4.527651129745159, -4.738069190895612, -4.924192256456174, -5.339759706547479
1AKD.pdb, 25, 25, 0.12259506436730569, 2.098868514305853, 0.6081751368314383, -, -, -, 1.5087881383180002, 23.062675848551233, , distance, 0.0, 0.4356254080058971, 0.9270521801522035, 1.4244550126405116, 1.8940914888020495, 2.3861417846644297, 2.7994053489174022, 3.028742483356549, 3.4670136277130674, 3.9662468732633887, 4.46561751427729, 4.879428869070856, 5.260596423744084, 5.666922786305385, 6.13146886452519, 6.6228058012090045, 7.090677364116056, 7.513729657237404, 7.884204575992147, 8.251149592322776, 8.668515548625594, 9.095356606746561, 9.407937675223504, 9.736173313879087, 10.127730799378513, 10.54100855492987, 11.011534404148438, 11.315979508110988, 11.334857364667698, 11.30932845253503, 11.319294657767742, 11.351297417098202, 11.42039724131671, 11.358397290433658, 11.42241229526533, 11.550327874246697, 11.568384674832185, 11.607515015959143, 11.642002658627913, 11.78715493099237, 12.10041374696086, 12.520128449075436, 12.855469329351722, 13.221865403093066, 13.579715752924567, 13.998198464637174, 14.396494092864165, 14.787555231083832, 15.285562805564966
1AKD.pdb, 25, 25, 0.12259506436730569, 2.098868514305853, 0.6081751368314383, -, -, -, 1.5087881383180002, 23.062675848551233, , length, 0.0, 0.5, 1.0, 1.5, 2.0, 2.5, 3.0, 3.5, 4.0, 4.5, 5.0, 5.5, 6.0, 6.5, 7.0, 7.5, 8.0, 8.5, 9.0, 9.5, 10.0, 10.5, 11.0, 11.5, 12.0, 12.5, 13.0, 13.5, 14.0, 14.5, 15.0, 15.5, 16.0, 16.5, 17.0, 17.5, 18.0, 18.5, 19.0, 19.5, 20.0, 20.5, 21.0, 21.5, 22.0, 22.5, 23.0, 23.5, 24.0
1AKD.pdb, 25, 25, 0.12259506436730569, 2.098868514305853, 0.6081751368314383, -, -, -, 1.5087881383180002, 23.062675848551233, , R, 3.4839028770087492, 3.2544291990549072, 2.9498452529802806, 2.6828288520828747, 2.4115855407538014, 2.1607106631171336, 1.9293279889015604, 1.6496112971204568, 1.4655595853184282, 1.3588002787701257, 1.3356201240284094, 1.2979012315667715, 1.1886203060659657, 1.1310923302992912, 1.0047460065681233, 0.8920239467586155, 0.798248887044565, 0.6579070219991108, 0.6221323661797244, 0.6788038551522417, 0.7367046875124434, 0.8740620321678589, 0.7971400337111709, 0.8266450216822951, 0.8577229319334396, 0.9121761202876693, 0.9874447771664498, 0.9952159271125818, 0.8428771027056481, 0.7810878478178358, 0.8047294765676392, 0.9322905608981129, 1.1404390108054105, 0.9778772247966199, 0.8617746478270258, 0.7746526114398429, 0.7355482755983731, 0.8048188085037378, 0.9178287614429328, 0.9016775330401807, 0.9159297651500067, 0.8536617169092997, 0.8213456383722675, 0.708150425170555, 0.6784559438089759, 0.7211702910661262, 0.8055380109459662, 0.9507522541964111, 1.0429511126599778
1AKD.pdb, 25, 25, 0.12259506436730569, 2.098868514305853, 0.6081751368314383, -, -, -, 1.5087881383180002, 23.062675848551233, , Upper limit of R overestimation, -, -, -, -, -, -, -, -, -, -, -, -, -, -, -, -, -, -, -, -, -, -, -, -, -, -, -, -, -, -, -, -, -, -, -, -, -, -, -, -, -, -, -, -, -, -, -, -, -
1AKD.pdb, 26, 26, 0.12153321874134325, 2.107567648291401, 0.6549425271396307, -, -, -, 1.48715060532498, 31.911841433306925, , X, 16.975476231179453, 16.92097252699672, 16.7031161629929, 16.585331941295674, 16.474334720627677, 16.161256978224458, 15.76099412371004, 15.365825517751084, 15.00371104496851, 14.591092418591757, 14.173012056764676, 13.823573248693966, 13.599936951596728, 13.357366609330336, 13.019106070578458, 12.714633248759707, 12.40262593497904, 12.214021155148243, 12.010834265842444, 11.81706466544687, 11.799840552520514, 11.83332969694674, 11.866818841372963, 11.900307985799186, 11.967034056874285, 12.052644202997364, 12.158332533902119, 12.405516769982055, 12.689495951204837, 13.013537685128425, 13.280693009096716, 13.652767664957095, 14.097594853535844, 14.406882726106074, 14.653805185295129, 14.914075045952373, 15.192680421665143, 15.31429505420436, 15.455287672634492, 15.47960457525033, 15.485770945439118, 15.442240117355741, 15.171201337477916, 15.014921284779522, 14.59120147461172, 14.217382693488082, 13.898250089566384, 13.745139492657794, 13.551025335456991, 13.57093353153057, 13.607828856844613, 13.73150538784618, 13.637209065914416, 13.564028655688421, 13.443360095019834, 13.324970725204986, 13.26507797942976, 13.081900296590021, 12.792163669581123, 12.504989122506831, 12.106202341333333, 11.626002755323038, 11.145803169312742, 10.847980484901898, 10.553961239750022, 10.244049613527158, 9.937691642150034, 9.651893444434817
1AKD.pdb, 26, 26, 0.12153321874134325, 2.107567648291401, 0.6549425271396307, -, -, -, 1.48715060532498, 31.911841433306925, , Y, 24.106161642832348, 23.785268776737226, 23.89076221597157, 23.94894477500368, 23.998498620567677, 23.96353139955587, 24.189458910714627, 24.353491602741286, 24.638126702060084, 24.902668980969867, 25.158279745690596, 25.378720009152154, 25.575094122145696, 25.900009492309984, 25.88074580865674, 25.80119797023536, 25.954304664132227, 26.417303015703435, 26.87414470651174, 27.30514280563872, 27.51146375938509, 27.650129053935075, 27.78879434848506, 27.927459643035046, 28.25621662894132, 28.725034986967067, 29.04240884974489, 29.257795920802952, 29.560322022144735, 29.79291727433233, 29.779556875718583, 29.87393002688685, 30.01298786989812, 30.271577459432248, 30.5296282508834, 30.76679169534937, 31.11223149623734, 31.549540822960527, 31.97808187455351, 32.469192755240584, 32.9630888375199, 33.448519015469245, 33.834953718073834, 34.09336565237209, 34.347225254061264, 34.651154735160766, 34.94293911344575, 35.12140369885575, 35.13162939844185, 35.32595572899263, 35.519831777441645, 35.71544765159077, 35.668574493472015, 35.75423033358881, 35.56405522984626, 35.497302101935055, 35.76773537766685, 36.08552381202216, 36.39176475239506, 36.690203901175714, 36.818450203241184, 36.93892917403808, 37.05940814483498, 37.178659616244296, 37.31539357889818, 37.44893721777577, 37.59658399298888, 37.78409108387269
1AKD.pdb, 26, 26, 0.12153321874134325, 2.107567648291401, 0.6549425271396307, -, -, -, 1.48715060532498, 31.911841433306925, , Z, 7.833481663061395, 8.091228761438945, 8.52330912351079, 9.004730786571944, 9.489673178518816, 9.64022729031495, 9.83682887459978, 10.094339468227085, 10.144250393832715, 10.243059562618713, 10.342082618046994, 10.589994990357257, 10.952155432369567, 11.243608507597422, 11.61107757524417, 11.926947196797013, 12.228424627434961, 12.236219719950059, 12.238672656466425, 12.241085355963229, 12.62298998853317, 13.102208532929112, 13.581427077325054, 14.060645621720997, 14.34497513321886, 14.489568316784881, 14.742044053843099, 15.115670087083432, 15.24898861609051, 15.465451597439356, 15.885758733740134, 16.091240186758743, 16.272324942048023, 15.999570374208309, 15.659251949503767, 15.390080808112156, 15.278167737489404, 15.0693160963363, 14.857174538338178, 14.947439503239742, 15.025083793357215, 15.063447258358861, 14.991836036946445, 15.354891380448485, 15.337796735137887, 15.397037146347676, 15.647751852175368, 16.006314675960198, 16.39548280008972, 16.815787125020254, 17.219489584797383, 17.522580175739517, 18.01136551790734, 18.443787401250468, 18.87938583043107, 19.36055937191991, 19.740568257488388, 20.05067114805174, 20.319247741947766, 20.59861745849888, 20.676799888492603, 20.746751122872425, 20.816702357252243, 21.19415393165202, 21.5747125161553, 21.943658149612634, 22.310043790556378, 22.657159141131782
1AKD.pdb, 26, 26, 0.12153321874134325, 2.107567648291401, 0.6549425271396307, -, -, -, 1.48715060532498, 31.911841433306925, , distance, 0.0, 0.4151824321938812, 0.7722945325616373, 1.244489541853608, 1.733696765825681, 1.9868633923296137, 2.344206747319575, 2.786328326577404, 3.0839093535483726, 3.482208460082798, 3.9056160464893366, 4.3763298470580505, 4.824743945139303, 5.285600480420171, 5.750847301487723, 6.146900938516327, 6.606217989041563, 6.884542924845163, 7.191321698629402, 7.501310597166043, 7.830879719608099, 8.170731841135513, 8.526373229956691, 8.895910413965426, 9.203640400025956, 9.480071502300474, 9.762153665830816, 10.022680951417632, 10.154173318100076, 10.309370093964558, 10.520361331708095, 10.606513102044532, 10.69517990441665, 10.54964594781296, 10.387192127144314, 10.28180714572737, 10.37722151811333, 10.512883356513985, 10.658816209801435, 11.080898769953423, 11.505803855916977, 11.912298550992636, 12.212568954869505, 12.655418750986668, 12.918161428974233, 13.266926201221553, 13.710138046813988, 14.091338916290319, 14.373436145809867, 14.770121927103572, 15.156188817985454, 15.465364478534992, 15.76143198945, 16.121230307974404, 16.30248964806813, 16.61197736316238, 17.074485887626373, 17.547785343204673, 18.009178280265676, 18.47409176183065, 18.715312759799982, 18.974965536742026, 19.24410825535866, 19.67089146058703, 20.113206817510587, 20.553317124828492, 21.002208410983954, 21.458379076767
1AKD.pdb, 26, 26, 0.12153321874134325, 2.107567648291401, 0.6549425271396307, -, -, -, 1.48715060532498, 31.911841433306925, , length, 0.0, 0.5, 1.0, 1.5, 2.0, 2.5, 3.0, 3.5, 4.0, 4.5, 5.0, 5.5, 6.0, 6.5, 7.0, 7.5, 8.0, 8.5, 9.0, 9.5, 10.0, 10.5, 11.0, 11.5, 12.0, 12.5, 13.0, 13.5, 14.0, 14.5, 15.0, 15.5, 16.0, 16.5, 17.0, 17.5, 18.0, 18.5, 19.0, 19.5, 20.0, 20.5, 21.0, 21.5, 22.0, 22.5, 23.0, 23.5, 24.0, 24.5, 25.0, 25.5, 26.0, 26.5, 27.0, 27.5, 28.0, 28.5, 29.0, 29.5, 30.0, 30.5, 31.0, 31.5, 32.0, 32.5, 33.0, 33.5
1AKD.pdb, 26, 26, 0.12153321874134325, 2.107567648291401, 0.6549425271396307, -, -, -, 1.48715060532498, 31.911841433306925, , R, 3.4839028770087492, 3.3872237510929115, 3.119849226674783, 2.810184379568937, 2.528604608872947, 2.402796175858014, 2.0295790652509336, 1.667372445560186, 1.4276020076163598, 1.1778523527205715, 0.9939704484053071, 0.8653309602603398, 0.762084174812335, 0.6582193878082618, 0.689576171520212, 0.8078789113899094, 0.9501807676285421, 0.9054884450181033, 0.9517147702835898, 1.0828115331671433, 1.0757023227028624, 1.1030542545987623, 1.2228373442572775, 1.423790035232806, 1.4446630187224794, 1.3467391217195548, 1.2266658191191215, 1.142523065834438, 1.0271465985512784, 0.9324850600275685, 0.884553942673576, 0.8161463523810952, 0.8166540728720326, 0.7688523384821107, 0.8007477218385044, 0.9261865863108061, 1.0213124332158467, 1.0671130492729093, 1.2036327003517244, 1.1601178330415673, 1.2003108955349169, 1.3028431743450626, 1.3135691813801968, 1.109850931282927, 1.1224471662932514, 1.1477865538890506, 1.2146111102553179, 1.282332777177726, 1.1228217924140855, 1.0395628653206543, 1.023487497845394, 1.0381572929410097, 0.9563866596681043, 0.8940913087210709, 1.051678475395478, 1.2307853214713935, 1.2579591271075836, 1.2279155260983412, 1.1958957738511722, 1.2446021027068848, 1.1961649104476364, 1.1941830436723486, 1.2828605688421177, 1.1694144294749358, 1.129066928721599, 1.1685730287341682, 1.2892601843516056, 1.4576509922731065
1AKD.pdb, 26, 26, 0.12153321874134325, 2.107567648291401, 0.6549425271396307, -, -, -, 1.48715060532498, 31.911841433306925, , Upper limit of R overestimation, -, -, -, -, -, -, -, -, -, -, -, -, -, -, -, -, -, -, -, -, -, -, -, -, -, -, -, -, -, -, -, -, -, -, -, -, -, -, -, -, -, -, -, -, -, -, -, -, -, -, -, -, -, -, -, -, -, -, -, -, -, -, -, -, -, -, -, -
1AKD.pdb, 27, 27, 0.11705005372308612, 2.14515362606979, 0.7551649641595084, -, -, -, 1.7463383525768907, 35.53807553578183, , X, 16.975476231179453, 16.88573264901453, 16.805163660071553, 16.70583502176284, 16.678575064959446, 16.694442396090597, 16.71030972722175, 16.726177058352903, 16.742044389484054, 16.757911720615205, 16.864415721538066, 16.914597283480816, 16.738662139849627, 16.277400620676243, 15.819049874119793, 15.355707383143375, 14.992854649037263, 14.649720215173655, 14.306585781310048, 14.025922550842438, 13.92002148641599, 13.962984045113433, 13.846716805717012, 13.820848815028244, 13.834949524734707, 13.849532319784624, 13.459108802440827, 13.070348392884831, 12.622681596713724, 12.184011184843184, 11.781320684338876, 11.408019007417385, 10.991265658922133, 10.513866768413411, 10.054446225327695, 9.673220567808531, 9.235359472804442, 8.797498377800352, 8.38459414611336, 8.04178392186932, 7.707053900773183, 7.4278712571193575, 7.406929084262185, 7.507487424557495, 7.804580398620057, 8.10129121468876, 8.312533938601806, 8.457327403819393, 8.611037826179828, 8.842357744951507, 9.043838844931766, 8.810960313359288, 8.638659434353118, 8.466358555346947, 8.65619716545153, 8.816810155375391, 8.952634412978632, 9.065903555149651, 9.207016703465, 9.276841960223958, 9.243714149270202, 8.882917907234306, 8.531895362204683, 8.181300821160356, 7.7589125344448036, 7.288193059117702, 6.8169971757291385, 6.403821976504124, 5.993834883868215, 5.558113345565583, 5.11081570838502, 4.664982415112172, 4.251062567878413, 3.836426678699547
1AKD.pdb, 27, 27, 0.11705005372308612, 2.14515362606979, 0.7551649641595084, -, -, -, 1.7463383525768907, 35.53807553578183, , Y, 24.106161642832348, 24.323012722330738, 24.677079367853352, 25.03480733753844, 25.32568291509132, 25.610396525519445, 25.89511013594757, 26.17982374637569, 26.464537356803813, 26.749250967231937, 26.988812840240396, 27.291727638477063, 27.617109106638758, 27.776098711800536, 27.9464242102364, 28.108063470999817, 28.199105032927992, 28.278085341480857, 28.35706565003372, 28.448741980897204, 28.74994057942275, 29.035865155521808, 29.468785323299787, 29.951332207542574, 30.449688160625925, 30.94806958508857, 31.25510854202252, 31.564075612487482, 31.39964654622629, 31.339398194604144, 31.345283509926517, 31.42582663985827, 31.480092843205014, 31.49438804864752, 31.576275987166888, 31.319789125891596, 31.07936016338319, 30.838931200874782, 30.723810150538966, 30.95979803450746, 31.204564297380102, 31.480119460642452, 31.902358578897726, 32.30987009238386, 32.69355878953392, 33.07766607104043, 33.50766270653821, 33.8591334851676, 34.18017854430267, 34.52376424771153, 34.86646613904393, 34.93406002565115, 35.39477621380086, 35.85549240195058, 36.31213860225615, 36.77149077973488, 37.21514370409426, 37.63564809698317, 38.05159945602323, 38.47901299138022, 38.943347002194585, 39.211802288465435, 39.558519502087755, 39.90181110898362, 39.917009720067206, 39.82846770800481, 39.75055792080544, 39.59177926993896, 39.386951033768156, 39.154818052501234, 39.01931286289735, 38.94596619974652, 38.79440784377143, 38.6426620979424
1AKD.pdb, 27, 27, 0.11705005372308612, 2.14515362606979, 0.7551649641595084, -, -, -, 1.7463383525768907, 35.53807553578183, , Z, 7.833481663061395, 7.448347833003085, 7.119562606035131, 6.789815006572688, 6.390514738058761, 5.979800253483701, 5.569085768908641, 5.1583712843335805, 4.747656799758521, 4.33694231518346, 3.913292115740447, 3.533156308538924, 3.4238612476365735, 3.314942892938519, 3.2105215459173357, 3.1154395364655065, 2.8029003237815204, 2.4479061390995795, 2.092911954417638, 1.71356489991426, 1.328773568411595, 0.9989621976786782, 1.039494761519289, 0.958356675232609, 0.9963237680005735, 1.0337843851753434, 0.9768405363498153, 0.9185598495740129, 0.8104829934550625, 0.579083291805252, 0.31700226222778743, -0.005733949295495089, -0.2503811736239965, -0.39402199849557934, -0.5735411621407855, -0.6417133346669852, -0.6199975461952256, -0.598281757723466, -0.5093763474151376, -0.2322716538753125, 0.047094216510352754, 0.32388172938495535, 0.5908565454463781, 0.8018704951693607, 0.9223642644769674, 1.0424601617060765, 1.0862816406646814, 1.3634140033589328, 1.7145595231405961, 1.9891377494765266, 2.2905128152538423, 2.4320686820676025, 2.5218071970458404, 2.6115457120240784, 2.608746215050821, 2.722881873215914, 2.8956357203096657, 3.1412902683908555, 3.380083529465071, 3.58804625037825, 3.7476599058089013, 3.8936537111153697, 3.9747075276369452, 4.070803003205626, 3.9237600641796417, 3.7802905982723622, 3.632515025533399, 3.4126955826269696, 3.2346027435509264, 3.156321466742351, 3.016064227604652, 2.810384831139648, 2.5744651439308237, 2.339837123379905
1AKD.pdb, 27, 27, 0.11705005372308612, 2.14515362606979, 0.7551649641595084, -, -, -, 1.7463383525768907, 35.53807553578183, , distance, 0.0, 0.45100595148489203, 0.9298568925408971, 1.4227892668902618, 1.9124685572961717, 2.403713245578882, 2.8979542355420698, 3.393882752191223, 3.8908535721543065, 4.388512607281742, 4.867226977411704, 5.352040275785452, 5.641594208696015, 5.862844042379927, 6.120187803540971, 6.395216249017049, 6.781572276663763, 7.198507631282251, 7.625437803276812, 8.062955543321966, 8.556384394463636, 8.949175504862271, 9.203538792174232, 9.55955211626337, 9.84123796876366, 10.139975971292348, 10.511223011707406, 10.894340177305116, 11.021082228128112, 11.309471430311566, 11.656826319138998, 12.084178789811366, 12.471346193706955, 12.80742373679522, 13.205351091235837, 13.311209166980309, 13.416266834765327, 13.538986006202517, 13.682098031882157, 13.850616110353936, 14.032775997951077, 14.210070577003235, 14.310604451350114, 14.366182512553065, 14.339186302710832, 14.330283473962943, 14.455431489845719, 14.475534350191273, 14.453056926358359, 14.450965923579808, 14.471334704369124, 14.597190337603916, 15.004973137884983, 15.418186403888848, 15.668252557612854, 15.9088850801845, 16.142915600247317, 16.359248262517077, 16.572777503231947, 16.848487984642688, 17.22254782868553, 17.583859753546474, 18.026634714489273, 18.466126120468353, 18.714002412047797, 18.906684560502804, 19.120406698391758, 19.26415262975023, 19.371335999549178, 19.460063270711448, 19.65654495024814, 19.92484778023922, 20.13237527672013, 20.350051571244467
1AKD.pdb, 27, 27, 0.11705005372308612, 2.14515362606979, 0.7551649641595084, -, -, -, 1.7463383525768907, 35.53807553578183, , length, 0.0, 0.5, 1.0, 1.5, 2.0, 2.5, 3.0, 3.5, 4.0, 4.5, 5.0, 5.5, 6.0, 6.5, 7.0, 7.5, 8.0, 8.5, 9.0, 9.5, 10.0, 10.5, 11.0, 11.5, 12.0, 12.5, 13.0, 13.5, 14.0, 14.5, 15.0, 15.5, 16.0, 16.5, 17.0, 17.5, 18.0, 18.5, 19.0, 19.5, 20.0, 20.5, 21.0, 21.5, 22.0, 22.5, 23.0, 23.5, 24.0, 24.5, 25.0, 25.5, 26.0, 26.5, 27.0, 27.5, 28.0, 28.5, 29.0, 29.5, 30.0, 30.5, 31.0, 31.5, 32.0, 32.5, 33.0, 33.5, 34.0, 34.5, 35.0, 35.5, 36.0, 36.5
1AKD.pdb, 27, 27, 0.11705005372308612, 2.14515362606979, 0.7551649641595084, -, -, -, 1.7463383525768907, 35.53807553578183, , R, 3.4839028770087492, 3.313141875135542, 3.0472970293382367, 2.785327518416039, 2.4649658336242717, 2.1548740957265027, 1.8901974347140929, 1.6822169614221139, 1.542505574249355, 1.4806144898332527, 1.4208759862130553, 1.4432292953214634, 1.4978961487800078, 1.3086175035041974, 1.1916273670816908, 1.1577506872666472, 1.107063593445853, 1.1308238566438722, 1.246273868201763, 1.3853827978420532, 1.3380308936211378, 1.2389727880200225, 1.1727511334696707, 1.1068822718560445, 1.0628721214109098, 1.114419190733388, 1.0290178842543005, 1.0396585660437152, 0.9258757568020473, 0.823084204129358, 0.7681779012463861, 0.7693152387483657, 0.8634228241401538, 1.0123356161925479, 1.2087540633971647, 1.3567198048339755, 1.5015024592528858, 1.7178136739192462, 1.8930393108730694, 1.8541118568593888, 1.8802097567405025, 1.9313593838773624, 1.8319967371458792, 1.7167215876301323, 1.5251564339729797, 1.4070060733009484, 1.3071411211388217, 1.1844775027153958, 1.1449839236609205, 1.1084924026260796, 1.173690115031036, 1.2337157021189178, 1.1217195766876462, 1.101910462928366, 1.0532043403367184, 0.9937313449975504, 0.9812996245953949, 1.0113093959150388, 1.1278953148420352, 1.2765375353569737, 1.2914723145496967, 1.2936514449091678, 1.2984890696232188, 1.3867819053952504, 1.239553263653384, 1.0497276445951202, 0.9419319831217581, 0.8689056151382584, 0.8378098804184035, 0.8385454344806731, 0.8854555967150044, 0.9688808371962581, 1.0773933817187298, 1.2722438975868622
1AKD.pdb, 27, 27, 0.11705005372308612, 2.14515362606979, 0.7551649641595084, -, -, -, 1.7463383525768907, 35.53807553578183, , Upper limit of R overestimation, -, -, -, -, -, -, -, -, -, -, -, -, -, -, -, -, -, -, -, -, -, -, -, -, -, -, -, -, -, -, -, -, -, -, -, -, -, -, -, -, -, -, -, -, -, -, -, -, -, -, -, -, -, -, -, -, -, -, -, -, -, -, -, -, -, -, -, -, -, -, -, -, -, -
1AKD.pdb, 28, 28, 0.113005233031098, 2.1803211513323553, 0.6549425271396307, -, -, -, 1.234776952012898, 27.697230491495397, , X, 16.975476231179453, 16.92097252699672, 16.7031161629929, 16.585331941295674, 16.474334720627677, 16.161256978224458, 15.76099412371004, 15.365825517751084, 15.00371104496851, 14.591092418591757, 14.173012056764676, 13.823573248693966, 13.599936951596728, 13.357366609330336, 13.019106070578458, 12.714633248759707, 12.40262593497904, 12.214021155148243, 12.010834265842444, 11.81706466544687, 11.799840552520514, 11.83332969694674, 11.866818841372963, 11.900307985799186, 11.631138871607046, 11.134548776737292, 10.74718138606483, 10.355811903292803, 9.933986679795742, 9.498866587871845, 9.104591117382753, 8.799439657797432, 8.666067511670915, 8.536829306479502, 8.289388869521957, 7.948129877353591, 7.637227075764095, 7.422430529321673, 7.0713279757565, 6.583767680500517, 6.203691073893537, 5.84043085107153, 5.4771706282495245, 5.038928226369691, 4.595934888760109, 4.174005436466934, 3.756910383951032, 3.342734854016483, 3.0906059824830763, 2.9192124794918564, 2.662713709991734, 2.3665385232272316, 2.0682533465845925, 1.8014593852222764, 1.4180099030445217, 1.0345604208667671, 0.6498982701113396, 0.25652200798706654, -0.14363247771914756
1AKD.pdb, 28, 28, 0.113005233031098, 2.1803211513323553, 0.6549425271396307, -, -, -, 1.234776952012898, 27.697230491495397, , Y, 24.106161642832348, 23.785268776737226, 23.89076221597157, 23.94894477500368, 23.998498620567677, 23.96353139955587, 24.189458910714627, 24.353491602741286, 24.638126702060084, 24.902668980969867, 25.158279745690596, 25.378720009152154, 25.575094122145696, 25.900009492309984, 25.88074580865674, 25.80119797023536, 25.954304664132227, 26.417303015703435, 26.87414470651174, 27.30514280563872, 27.51146375938509, 27.650129053935075, 27.78879434848506, 27.927459643035046, 28.02024038125822, 28.078518240456503, 28.38499878550174, 28.683878824787335, 28.892042149153816, 28.98930280154578, 29.048836914620313, 29.099677343210047, 29.129794286482138, 29.043412323153838, 29.140254091706883, 29.43554750370406, 29.651566356525958, 30.042775843802083, 30.322787192448065, 30.43351469139235, 30.672716430955514, 30.931911018583293, 31.19110560621107, 31.413702855063306, 31.63308299784612, 31.73634427153434, 31.886350447206198, 32.05066167386274, 32.176632194732115, 32.44929348358151, 32.68351092253088, 32.83660776842084, 32.75997735523594, 32.69863081606046, 32.79407344690849, 32.889516077756525, 32.97733966836194, 33.055682195976225, 33.14991406417916
1AKD.pdb, 28, 28, 0.113005233031098, 2.1803211513323553, 0.6549425271396307, -, -, -, 1.234776952012898, 27.697230491495397, , Z, 7.833481663061395, 8.091228761438945, 8.52330912351079, 9.004730786571944, 9.489673178518816, 9.64022729031495, 9.83682887459978, 10.094339468227085, 10.144250393832715, 10.243059562618713, 10.342082618046994, 10.589994990357257, 10.952155432369567, 11.243608507597422, 11.61107757524417, 11.926947196797013, 12.228424627434961, 12.236219719950059, 12.238672656466425, 12.241085355963229, 12.62298998853317, 13.102208532929112, 13.581427077325054, 14.060645621720997, 14.267094254909534, 14.268497395855345, 14.344373453835912, 14.430979747321992, 14.377988179458068, 14.194611997239964, 14.469996804062692, 14.862759895759432, 15.332170057267255, 15.781511366156261, 16.063030594314082, 16.239802302706057, 16.51299863849776, 16.683891822620307, 16.73800547949894, 16.733481911072627, 16.537741476426838, 16.312219468055655, 16.08669745968447, 16.15458958266808, 16.229617949211097, 16.092160405375058, 16.0227315580212, 16.118647274332996, 16.509396670100394, 16.882977091101047, 17.242630497225505, 17.523288184660704, 17.912063789198104, 18.321296671232002, 18.627657894030214, 18.93401911682843, 19.240875339244145, 19.43851697716463, 19.160200324120517
1AKD.pdb, 28, 28, 0.113005233031098, 2.1803211513323553, 0.6549425271396307, -, -, -, 1.234776952012898, 27.697230491495397, , distance, 0.0, 0.4151824321938812, 0.7722945325616373, 1.244489541853608, 1.733696765825681, 1.9868633923296137, 2.344206747319575, 2.786328326577404, 3.0839093535483726, 3.482208460082798, 3.9056160464893366, 4.3763298470580505, 4.824743945139303, 5.285600480420171, 5.750847301487723, 6.146900938516327, 6.606217989041563, 6.884542924845163, 7.191321698629402, 7.501310597166043, 7.830879719608099, 8.170731841135513, 8.526373229956691, 8.895910413965426, 9.234355698450528, 9.555389994555428, 9.974558430444105, 10.406845409809986, 10.738612241169355, 10.963974574155497, 11.42034169951452, 11.88248818942739, 12.26839377586104, 12.599935807827007, 12.981358790590603, 13.43731976781487, 13.902820780480448, 14.312016990814486, 14.697929455778318, 15.074249819409761, 15.326941513515248, 15.571418847473922, 15.827919436496229, 16.282572703640014, 16.745228976303423, 17.038283834470146, 17.387513759342276, 17.82163537405731, 18.25359191944368, 18.683676487009716, 19.156152365162285, 19.584026678205376, 19.96726416383863, 20.348847077411442, 20.833358120372, 21.31858446903696, 21.802544021443143, 22.23272797229189, 22.430958438561852
1AKD.pdb, 28, 28, 0.113005233031098, 2.1803211513323553, 0.6549425271396307, -, -, -, 1.234776952012898, 27.697230491495397, , length, 0.0, 0.5, 1.0, 1.5, 2.0, 2.5, 3.0, 3.5, 4.0, 4.5, 5.0, 5.5, 6.0, 6.5, 7.0, 7.5, 8.0, 8.5, 9.0, 9.5, 10.0, 10.5, 11.0, 11.5, 12.0, 12.5, 13.0, 13.5, 14.0, 14.5, 15.0, 15.5, 16.0, 16.5, 17.0, 17.5, 18.0, 18.5, 19.0, 19.5, 20.0, 20.5, 21.0, 21.5, 22.0, 22.5, 23.0, 23.5, 24.0, 24.5, 25.0, 25.5, 26.0, 26.5, 27.0, 27.5, 28.0, 28.5, 29.0
1AKD.pdb, 28, 28, 0.113005233031098, 2.1803211513323553, 0.6549425271396307, -, -, -, 1.234776952012898, 27.697230491495397, , R, 3.4839028770087492, 3.3872237510929115, 3.119849226674783, 2.810184379568937, 2.528604608872947, 2.402796175858014, 2.0295790652509336, 1.667372445560186, 1.4276020076163598, 1.1778523527205715, 0.9939704484053071, 0.8653309602603398, 0.762084174812335, 0.6582193878082618, 0.689576171520212, 0.8078789113899094, 0.9501807676285421, 0.9054884450181033, 0.9517147702835898, 1.0828115331671433, 1.0757023227028624, 1.1030542545987623, 1.2228373442572775, 1.423790035232806, 1.41556387328633, 1.272523978523863, 1.1154882626115628, 1.0370574228393767, 0.9762132695393966, 0.8956846283457933, 0.7853847169270689, 0.7749925281960781, 0.8679435214712234, 0.9312125197811878, 1.0520048804382083, 1.2778448181780533, 1.4598212177981513, 1.4960401949821276, 1.397040567194169, 1.177007145616665, 0.9962221631773871, 0.9000769759740583, 0.9053187759167676, 0.8707138947290662, 0.9325778725027085, 1.016060140674588, 1.1813395966289022, 1.3763147916423137, 1.4110736136214341, 1.2926901463708917, 1.238846604195028, 1.247944459055366, 1.0814676811876964, 0.9973862376773841, 0.8214579670770519, 0.7444242874359266, 0.7694208294318772, 0.8388204569722464, 0.7981909685665696
1AKD.pdb, 28, 28, 0.113005233031098, 2.1803211513323553, 0.6549425271396307, -, -, -, 1.234776952012898, 27.697230491495397, , Upper limit of R overestimation, -, -, -, -, -, -, -, -, -, -, -, -, -, -, -, -, -, -, -, -, -, -, -, -, -, -, -, -, -, -, -, -, -, -, -, -, -, -, -, -, -, -, -, -, -, -, -, -, -, -, -, -, -, -, -, -, -, -, -
1AKD.pdb, 29, 29, 0.10832839940791246, 2.2225879302846274, 0.6464128939566272, -, -, -, 1.5006392376879787, 30.35405902546388, , X, 16.975476231179453, 16.92097252699672, 16.7031161629929, 16.585331941295674, 16.474334720627677, 16.476914263018656, 16.557735320251496, 16.638556377484335, 16.720176486278913, 16.79389162910774, 16.860070906260415, 16.926250183413092, 16.859826743453908, 16.65623465763987, 16.454599349151415, 16.13610214457499, 15.828701230883176, 15.882497977884793, 15.712350723874483, 15.661554504487075, 15.57395700215275, 15.512815859116373, 15.417603362410725, 14.977718168382417, 14.533599576257108, 14.089056178162098, 13.644512780067089, 13.183950358551268, 12.712626179399484, 12.241302000247698, 12.00946675670229, 11.863421022747, 11.848179355249101, 11.832937687751205, 12.216057970421486, 12.690827573538805, 13.168628458722376, 13.646429343905945, 14.12043502921747, 14.589712004516723, 15.062616584728877, 15.351422489299477, 15.601647525108678, 15.708257339973272, 15.780078181326713, 15.851899022680156, 15.875836784923166, 15.835999047276609, 15.70364720518054, 15.546619435195932, 15.389591665211325, 15.436979724480315, 15.446773504844865, 15.673853400633247, 15.862974188873489, 16.03949775739274, 16.215780002360457, 16.403966144025834, 16.595155000036968, 16.786343856048106, 16.753538376183613, 16.692763343960717, 16.6322270778666, 16.557151840506183
1AKD.pdb, 29, 29, 0.10832839940791246, 2.2225879302846274, 0.6464128939566272, -, -, -, 1.5006392376879787, 30.35405902546388, , Y, 24.106161642832348, 23.785268776737226, 23.89076221597157, 23.94894477500368, 23.998498620567677, 23.993034132207413, 23.953677504089338, 23.914320875971264, 23.882822965061695, 23.856022507483118, 23.82592067834964, 23.795818849216165, 23.70923456954449, 23.557917823218308, 23.41950104325012, 23.333009440439444, 23.150387096835857, 22.902239817080723, 22.61979714315075, 22.54523308907915, 22.47385196064818, 22.361449198493194, 22.2782601792763, 22.385599185246573, 22.47457578966502, 22.5744646964572, 22.674353603249376, 22.808756080006162, 22.955340981568366, 23.10192588313057, 23.51253403793027, 23.919463646092204, 24.363043067362604, 24.806622488633003, 24.885449191121346, 24.84849912658193, 24.8268043585905, 24.805109590599066, 24.783078607572232, 24.760670832936167, 24.759637461139405, 24.992279070312378, 25.255664146399095, 25.6919294715135, 26.172881294065956, 26.653833116618415, 27.038090677414203, 27.294087833128494, 27.326665569823707, 27.274823631775934, 27.222981693728162, 27.38269605155175, 27.57498054599405, 27.827565209400174, 28.197774148734464, 28.394235326668113, 28.517157857716324, 28.645510094640944, 28.77524253292699, 28.904974971213033, 29.29712399473171, 29.71060549265947, 30.12357047896354, 30.538537054248035
1AKD.pdb, 29, 29, 0.10832839940791246, 2.2225879302846274, 0.6464128939566272, -, -, -, 1.5006392376879787, 30.35405902546388, , Z, 7.833481663061395, 8.091228761438945, 8.52330912351079, 9.004730786571944, 9.489673178518816, 9.97826031841839, 10.470112951359337, 10.961965584300284, 11.454183096980078, 11.947911708941911, 12.442597652908756, 12.937283596875602, 13.400528038828405, 13.831403316461213, 14.264626457911541, 14.520547312913134, 14.722455730626399, 15.133024884303524, 15.406273391626799, 15.894216399520184, 16.38080432729681, 16.842569129610865, 17.29977442900492, 17.492655280548878, 17.703997642751922, 17.909918437015165, 18.115839231278407, 18.132108652892036, 18.052319024613073, 17.972529396334107, 18.107124959413788, 18.268449396124527, 18.498677519075006, 18.728905642025484, 18.91554970529251, 19.067499158731444, 19.213223731675043, 19.358948304618643, 19.516450464283274, 19.687555730391136, 19.849846014139263, 19.839208298166426, 19.95136558258464, 20.094163903213673, 20.21047001281568, 20.326776122417684, 20.47765816982482, 20.86184946520725, 21.30860881376251, 21.780471816034478, 22.25233481830644, 22.660769804243113, 23.110323047144288, 23.444300085884493, 23.71909058983982, 24.120813013612356, 24.572271108437665, 25.017308097816173, 25.460722481653132, 25.90413686549009, 26.187921888035273, 26.462402208513296, 26.737707799721964, 27.006328122895273
1AKD.pdb, 29, 29, 0.10832839940791246, 2.2225879302846274, 0.6464128939566272, -, -, -, 1.5006392376879787, 30.35405902546388, , distance, 0.0, 0.4151824321938812, 0.7722945325616373, 1.244489541853608, 1.733696765825681, 2.20486674205756, 2.6738704964270013, 3.1524164561640715, 3.6365556503806498, 4.126024376707819, 4.619069559452475, 5.113465559963598, 5.582376846421303, 6.031380491093513, 6.488639216166823, 6.7837423440719755, 7.048869525509919, 7.4784597654515785, 7.819970590567894, 8.314946346510581, 8.8139330479892, 9.292311545432296, 9.766211669131012, 10.012542505312544, 10.298151275808515, 10.593021019401572, 10.902855999027526, 11.050821123922393, 11.131977173000177, 11.234820160886626, 11.426346328314454, 11.621381853554116, 11.83645064904694, 12.068413804163768, 12.086007750965363, 12.04626199915236, 12.021228948598058, 12.016965620197206, 12.045797476812275, 12.109472540903399, 12.18519900904315, 12.147437041971799, 12.249566196660613, 12.427583526924911, 12.60516351438331, 12.799822738225124, 13.026151170233481, 13.46104190749743, 13.912880591117805, 14.373607232380198, 14.836877144425038, 15.262736414361472, 15.740124500233868, 16.10095395709881, 16.441761604740893, 16.868337029595928, 17.326889451498285, 17.78246886926651, 18.239094809604214, 18.697939989769736, 19.07566047408204, 19.455754884640807, 19.84179414539926, 20.22741926449298
1AKD.pdb, 29, 29, 0.10832839940791246, 2.2225879302846274, 0.6464128939566272, -, -, -, 1.5006392376879787, 30.35405902546388, , length, 0.0, 0.5, 1.0, 1.5, 2.0, 2.5, 3.0, 3.5, 4.0, 4.5, 5.0, 5.5, 6.0, 6.5, 7.0, 7.5, 8.0, 8.5, 9.0, 9.5, 10.0, 10.5, 11.0, 11.5, 12.0, 12.5, 13.0, 13.5, 14.0, 14.5, 15.0, 15.5, 16.0, 16.5, 17.0, 17.5, 18.0, 18.5, 19.0, 19.5, 20.0, 20.5, 21.0, 21.5, 22.0, 22.5, 23.0, 23.5, 24.0, 24.5, 25.0, 25.5, 26.0, 26.5, 27.0, 27.5, 28.0, 28.5, 29.0, 29.5, 30.0, 30.5, 31.0, 31.5
1AKD.pdb, 29, 29, 0.10832839940791246, 2.2225879302846274, 0.6464128939566272, -, -, -, 1.5006392376879787, 30.35405902546388, , R, 3.4839028770087492, 3.3872237510929115, 3.119849226674783, 2.810184379568937, 2.528604608872947, 2.2239321654875934, 1.9163807162580628, 1.6581121431390575, 1.4569225754650983, 1.3214531140841883, 1.2676179990073284, 1.3027242899795457, 1.3668507648882047, 1.4504663892692307, 1.6040309690863364, 1.6577701206276347, 1.618499946383268, 1.497390197272905, 1.4590814816578042, 1.2550085709569845, 1.10193745272074, 1.0306528021201422, 1.0366642102403798, 0.8775238932274765, 0.7864079861180047, 0.7900811203066107, 0.8993866508611594, 0.9993081276303903, 1.1362006401596463, 1.3546982867119306, 1.3549705315826088, 1.3704797508428537, 1.3600798349489378, 1.435477376216308, 1.2079517154879102, 0.9415649701302877, 0.7482029023940804, 0.6548992415018509, 0.6667458892434968, 0.7809082731291457, 0.9824000980078225, 1.041644518033734, 1.0642833760429697, 0.9468838046845645, 0.8836094683387987, 0.9231866991208153, 0.9861592804977639, 1.0052828039348354, 0.9491094900443144, 0.9398263797727857, 1.0304881813929825, 0.9805714716947453, 1.0006869319592706, 0.9999215995232871, 0.9627139883591638, 0.9091409965648958, 0.9143419979272802, 1.0132896026352816, 1.2004052551540925, 1.4605458046673236, 1.455921367576512, 1.5078709334681286, 1.639031204030211, 1.8295400083346292
1AKD.pdb, 29, 29, 0.10832839940791246, 2.2225879302846274, 0.6464128939566272, -, -, -, 1.5006392376879787, 30.35405902546388, , Upper limit of R overestimation, -, -, -, -, -, -, -, -, -, -, -, -, -, -, -, -, -, -, -, -, -, -, -, -, -, -, -, -, -, -, -, -, -, -, -, -, -, -, -, -, -, -, -, -, -, -, -, -, -, -, -, -, -, -, -, -, -, -, -, -, -, -, -, -
1AKD.pdb, 30, 30, 0.10404842444271366, 2.262898868566475, 0.8785508693751143, -, -, -, 1.4962254119601128, 37.326375742334726, , X, 16.975476231179453, 16.949592445914732, 16.785918171590282, 16.655331039004516, 16.530481243656258, 16.46296153352485, 16.394919327665868, 16.36034842733377, 16.416895031098353, 16.467630384568402, 16.424945381057814, 16.258133424689778, 16.01367278685742, 15.816060725294275, 15.8194960641873, 16.03140198590319, 15.889064782497998, 15.623276713580106, 15.35425296077624, 15.085229207972374, 14.816205455168506, 14.402298173040052, 13.960631865613813, 13.494747827642039, 13.126998216112815, 12.759665346000565, 12.391879713844048, 12.238767567650186, 12.238640361588608, 12.238513155527032, 12.257625992596733, 12.285654929274726, 12.196590882256187, 12.107564556207004, 11.805639710923886, 11.726968905573724, 11.826137902905778, 11.847706908617987, 11.899966861732988, 11.787653060051506, 11.649963919492267, 11.511274189913026, 11.372584460333785, 11.388599442625063, 11.378523527170605, 11.249303741904738, 11.37740806893138, 11.35869481005825, 11.333385291456587, 11.300070730671553, 11.26647480060116, 11.113204568747465, 10.87557350493402, 10.584062080268335, 10.263408411520965, 9.986793985508847, 9.739860783767124, 9.492927582025402, 9.295409555927382, 9.12460796019291, 9.04850970936521, 9.151795155035543, 9.29930974036642, 9.562095881573132, 9.824882022779846, 9.790412788824575, 9.796260950257691, 9.960566607228674, 10.124872264199658, 10.292908298626378, 10.445213194514979, 10.596558418810147, 10.538180844553658, 10.32790699087632, 10.036121372859087, 9.616932994836024, 9.155512999847325, 8.694093004858624
1AKD.pdb, 30, 30, 0.10404842444271366, 2.262898868566475, 0.8785508693751143, -, -, -, 1.4962254119601128, 37.326375742334726, , Y, 24.106161642832348, 23.653979868024248, 23.182435238713914, 22.70040718332708, 22.270015569871905, 21.827672392416137, 21.384855178045214, 20.938007850356648, 20.49393346445486, 20.052298455891044, 19.610314085411947, 19.31904696303364, 19.02089274918667, 18.675084564146413, 18.239366372473796, 17.808360335416115, 17.35004735057082, 16.96931314855342, 16.621824126694634, 16.274335104835846, 15.926846082977058, 15.664608629558078, 15.442243325723098, 15.265800953558186, 15.309831457272194, 15.412066665362865, 15.514696642815856, 15.324367316563357, 14.9235796132479, 14.522791909932444, 14.205334381200322, 13.926493197134981, 13.622437943630706, 13.33478257162474, 13.096074539874733, 12.687840043598621, 12.206206122221376, 11.72878526938356, 11.238998449291554, 10.76584733259138, 10.306820875384515, 9.848406525570518, 9.389992175756518, 8.916477398237735, 8.5183236840749, 8.291278454010056, 7.955374211641797, 7.788084695478473, 7.626752749572995, 7.4807410988634695, 7.339690700941764, 7.337731778168422, 7.1371935699929425, 6.947749574411013, 7.214002032436855, 7.246338400852331, 7.155839387656435, 7.06534037446054, 7.142614393039072, 7.160228526540132, 7.496991723074525, 7.502183980404179, 7.486811869041384, 7.6226911269411515, 7.75857038484092, 7.939537786349141, 7.96767479863206, 7.586505886783911, 7.205336974935763, 6.812910014030521, 6.417166552934264, 6.021421049856825, 5.7015021474064564, 5.4365023028550095, 5.262372485971428, 5.255652244731682, 5.3672867401109405, 5.4789212354901995
1AKD.pdb, 30, 30, 0.10404842444271366, 2.262898868566475, 0.8785508693751143, -, -, -, 1.4962254119601128, 37.326375742334726, , Z, 7.833481663061395, 7.996496743666693, 7.972059608679927, 7.947905053411691, 7.750123557649863, 7.527023575350206, 7.305070441526917, 7.091723835429746, 6.869012314873133, 6.640264881628246, 6.607957737523736, 6.252146979014842, 5.934651079714146, 5.632382701804837, 5.445346374270013, 5.38790389867925, 5.464083794686313, 5.596763081749746, 5.835253333363826, 6.0737435849779065, 6.312233836591986, 6.390326995031721, 6.4084849969929305, 6.365821752063218, 6.650684273853205, 6.974081111637779, 7.296882624191902, 7.605022520193003, 7.903969339359455, 8.202916158525907, 8.580537142285753, 8.994616811887798, 9.35806075765383, 9.69764302005778, 9.858382683582294, 9.850200032279607, 9.760485114331665, 9.685937123179583, 9.600043187627772, 9.71144550633856, 9.853823137002296, 9.997424818029524, 10.141026499056753, 10.145929129978509, 10.341573310603788, 10.767897964594905, 11.074167903792501, 11.54093425242821, 12.013513802872898, 12.490442664673992, 12.967894564052777, 13.443819346606789, 13.782644141991362, 14.043625978171166, 14.319664068037506, 14.69021469190378, 15.11546041203292, 15.540706132162061, 15.963248173046884, 16.329835013050623, 16.691497294303314, 17.15131415568016, 17.618457102401127, 18.02154551858583, 18.424633934770537, 18.88264055714947, 19.293895869522984, 19.572668019724244, 19.8514401699255, 20.111481988971942, 20.376374660334278, 20.641855582204435, 20.966900087710638, 21.335084808805078, 21.666874139504337, 21.900106373815397, 22.05704371056496, 22.213981047314526
1AKD.pdb, 30, 30, 0.10404842444271366, 2.262898868566475, 0.8785508693751143, -, -, -, 1.4962254119601128, 37.326375742334726, , distance, 0.0, 0.48136498035584724, 0.9531036536666069, 1.4462818732013931, 1.8911376242639306, 2.355440752618884, 2.8322735765729075, 3.311462719508555, 3.780265399855291, 4.256228427828055, 4.692295639509927, 5.092314507425419, 5.5127654739200445, 5.973749173438689, 6.438848270331532, 6.821614771439965, 7.241506502419716, 7.600392093679909, 7.914328108283689, 8.246648945691, 8.595222409069104, 8.942245690578279, 9.283500560264446, 9.61360873709801, 9.673945287718226, 9.70045969037757, 9.752464632530245, 9.980406511360327, 10.332588992987167, 10.69655442018576, 10.992842363438589, 11.268021491902033, 11.621985596059906, 11.966380770136848, 12.330833378315853, 12.727609762685475, 13.108698215793792, 13.524978940727873, 13.944368885992226, 14.436212915705017, 14.928652540313383, 15.421534778014784, 15.91486107855277, 16.3489177925704, 16.75103267001361, 17.073675078427787, 17.397940944477945, 17.65143261876545, 17.913033699884434, 18.174215846345568, 18.440971802415213, 18.62853612320935, 18.988081128102642, 19.334610727208965, 19.299416387792494, 19.49641267286316, 19.81652769678928, 20.143967652988675, 20.3184266846419, 20.518011649234086, 20.424636216703544, 20.584558828309337, 20.757458015054937, 20.74752162501408, 20.749632380215452, 20.858302324361926, 21.0554739546255, 21.44566342286945, 21.840329114738367, 22.236514071978622, 22.646612271143383, 23.060851615340717, 23.508656757759688, 23.97998424062416, 24.384539836651253, 24.644670699407047, 24.791268117593592, 24.94702699470646
1AKD.pdb, 30, 30, 0.10404842444271366, 2.262898868566475, 0.8785508693751143, -, -, -, 1.4962254119601128, 37.326375742334726, , length, 0.0, 0.5, 1.0, 1.5, 2.0, 2.5, 3.0, 3.5, 4.0, 4.5, 5.0, 5.5, 6.0, 6.5, 7.0, 7.5, 8.0, 8.5, 9.0, 9.5, 10.0, 10.5, 11.0, 11.5, 12.0, 12.5, 13.0, 13.5, 14.0, 14.5, 15.0, 15.5, 16.0, 16.5, 17.0, 17.5, 18.0, 18.5, 19.0, 19.5, 20.0, 20.5, 21.0, 21.5, 22.0, 22.5, 23.0, 23.5, 24.0, 24.5, 25.0, 25.5, 26.0, 26.5, 27.0, 27.5, 28.0, 28.5, 29.0, 29.5, 30.0, 30.5, 31.0, 31.5, 32.0, 32.5, 33.0, 33.5, 34.0, 34.5, 35.0, 35.5, 36.0, 36.5, 37.0, 37.5, 38.0, 38.5
1AKD.pdb, 30, 30, 0.10404842444271366, 2.262898868566475, 0.8785508693751143, -, -, -, 1.4962254119601128, 37.326375742334726, , R, 3.4839028770087492, 3.392064938753332, 3.1860648088749364, 3.016821944554199, 2.742318781609861, 2.4681329959984497, 2.2400571994832132, 2.043866617404972, 1.8709467881414192, 1.76121942981765, 1.6155805064930404, 1.4576065334450194, 1.2856470295206908, 1.2077092752712026, 1.2651572022279676, 1.411589764382005, 1.3431304620978097, 1.1669799825616072, 0.9824654956394827, 0.8893164356401071, 0.898114516979073, 0.9299147652923265, 1.0388638558523984, 1.2184690713297779, 1.1319827916161271, 1.065629481834553, 1.0948791957820858, 1.0238067719762802, 0.903535244017807, 0.8833504248944894, 0.8957473385525936, 0.9773397517434468, 1.0820915926463464, 1.2448623978998463, 1.2999780685370048, 1.1703041019975227, 1.0297726755048853, 0.9844044312547977, 1.024259267892993, 1.090538593449382, 1.2352343514460764, 1.4574319664725048, 1.7417305067335325, 1.9652944798570458, 1.94026446194054, 1.7225595190066159, 1.6337050784644847, 1.4355149729927419, 1.306114135539826, 1.2500656016273943, 1.2716898696915662, 1.28053859533392, 1.2190977253882491, 1.1417546886824423, 1.1148009833681614, 1.0465540169912408, 1.0067687486466839, 1.0649412171539185, 1.1585205096974178, 1.301497219602323, 1.4144257064909636, 1.3989787033346546, 1.3946218318961194, 1.3613718287260363, 1.4142097416146928, 1.393157481501245, 1.3544686186009165, 1.1493643701758547, 1.0272421247708707, 0.9937145730769181, 1.0449966525627303, 1.188543907989235, 1.2586934330341952, 1.3039059739134475, 1.34086777366569, 1.2784808518209778, 1.1981855610361154, 1.2086572541163485
1AKD.pdb, 30, 30, 0.10404842444271366, 2.262898868566475, 0.8785508693751143, -, -, -, 1.4962254119601128, 37.326375742334726, , Upper limit of R overestimation, -, -, -, -, -, -, -, -, -, -, -, -, -, -, -, -, -, -, -, -, -, -, -, -, -, -, -, -, -, -, -, -, -, -, -, -, -, -, -, -, -, -, -, -, -, -, -, -, -, -, -, -, -, -, -, -, -, -, -, -, -, -, -, -, -, -, -, -, -, -, -, -, -, -, -, -, -, -
1AKD.pdb, 31, 31, 0.09878562893370146, 2.3148031409447096, 0.6038704398959469, -, -, -, 1.6564849947865714, 29.342670214863034, , X, 16.975476231179453, 16.92097252699672, 16.7031161629929, 16.585331941295674, 16.474334720627677, 16.476914263018656, 16.557735320251496, 16.638556377484335, 16.720176486278913, 16.79389162910774, 16.860070906260415, 16.926250183413092, 16.859826743453908, 16.65623465763987, 16.454599349151415, 16.52071356678279, 16.91657715496806, 17.31349492741971, 17.716393615448663, 18.123916633940446, 18.58138610889937, 18.920774761925998, 19.187541988574758, 19.450849697543035, 19.692159719628627, 19.942834149904222, 20.360624307023013, 20.774319161947272, 21.210244545713874, 21.68192586387594, 22.016955995543885, 21.95851416467551, 21.90849903538024, 21.774991297726505, 21.90487656441114, 21.966835512498335, 22.13253139965019, 22.325461460899852, 22.503019979574805, 22.817800539796714, 23.153142750393968, 23.488484960991226, 23.411255958532156, 23.321766225781396, 23.225152129295594, 23.142876492453677, 23.187388960210072, 23.47680368283839, 23.76621840546671, 24.055633128095028, 24.124651991899835, 24.263652201151288, 24.686450562386543, 25.0936063066967, 25.454066147594716, 25.766388178130743, 26.004510274720865, 26.248254886045345, 26.378445977840656, 26.50011024929864, 26.66426142746251, 26.83660621512801
1AKD.pdb, 31, 31, 0.09878562893370146, 2.3148031409447096, 0.6038704398959469, -, -, -, 1.6564849947865714, 29.342670214863034, , Y, 24.106161642832348, 23.785268776737226, 23.89076221597157, 23.94894477500368, 23.998498620567677, 23.993034132207413, 23.953677504089338, 23.914320875971264, 23.882822965061695, 23.856022507483118, 23.82592067834964, 23.795818849216165, 23.70923456954449, 23.557917823218308, 23.41950104325012, 23.391164590266087, 23.268789842626873, 23.156802779613088, 23.04190884435066, 22.9086764448501, 22.78484520823805, 22.68205762878358, 22.267354595367596, 21.849497049574087, 21.41515088067348, 21.031526641869053, 20.757621054526027, 20.47778947981698, 20.314490145968048, 20.259032525984093, 20.275623768692846, 20.285664130657057, 20.291557246604057, 20.321443103055422, 20.41896750374956, 20.421863725744856, 20.423745104673444, 20.433954285908627, 20.457367289419533, 20.47886257949345, 20.500070515197997, 20.521278450902546, 20.823625794308242, 21.286267118188263, 21.5898905819806, 21.868536063988802, 22.124494682340462, 22.29786800980164, 22.471241337262814, 22.644614664723992, 22.724034323252237, 22.83716948670928, 22.99043061623995, 23.053017928310773, 22.96883610814182, 22.708482274829944, 22.47668051787937, 22.220906492803312, 21.935936433935343, 21.665027402399517, 21.48648567012345, 21.325872514561997
1AKD.pdb, 31, 31, 0.09878562893370146, 2.3148031409447096, 0.6038704398959469, -, -, -, 1.6564849947865714, 29.342670214863034, , Z, 7.833481663061395, 8.091228761438945, 8.52330912351079, 9.004730786571944, 9.489673178518816, 9.97826031841839, 10.470112951359337, 10.961965584300284, 11.454183096980078, 11.947911708941911, 12.442597652908756, 12.937283596875602, 13.400528038828405, 13.831403316461213, 14.264626457911541, 14.680217140163503, 14.959954235136765, 15.242646965198162, 15.515200938612445, 15.761927952156288, 15.881600049076148, 16.148556128550826, 16.23075605904914, 16.30862853057345, 16.360348890200918, 16.52798694343129, 16.548107288745037, 16.5681843857188, 16.48698913500546, 16.35950191277151, 16.51542807649343, 17.009744071263185, 17.414418580207435, 17.795958837931146, 18.268407514552237, 18.764545298489402, 19.231842193280333, 19.692689121123358, 20.159513288998753, 20.542361033782747, 20.91262556794028, 21.282890102097817, 21.52058691484343, 21.687607662266466, 22.05978787777035, 22.465051927715788, 22.878525952906365, 23.24755279156585, 23.616579630225335, 23.985606468884818, 24.385695794050953, 24.79749861177166, 24.69513464532804, 24.978519592428253, 24.84483296655201, 24.566102710557544, 24.293177562311634, 23.947821948376305, 23.561624751837172, 23.159467630851065, 22.724672877788194, 22.283650555875656
1AKD.pdb, 31, 31, 0.09878562893370146, 2.3148031409447096, 0.6038704398959469, -, -, -, 1.6564849947865714, 29.342670214863034, , distance, 0.0, 0.4151824321938812, 0.7722945325616373, 1.244489541853608, 1.733696765825681, 2.20486674205756, 2.6738704964270013, 3.1524164561640715, 3.6365556503806498, 4.126024376707819, 4.619069559452475, 5.113465559963598, 5.582376846421303, 6.031380491093513, 6.488639216166823, 6.89897213789969, 7.175741909621642, 7.47738385831357, 7.790404586268994, 8.100194239470001, 8.31246252388521, 8.657524009968949, 8.876297851827541, 9.11307430620105, 9.345018609276991, 9.687776601333617, 9.930591692479567, 10.19270934635086, 10.353416198767903, 10.471107481316265, 10.745498226951534, 11.118932505927695, 11.431547266088744, 11.688044779138385, 12.115364864116268, 12.568845246037519, 13.041396871041457, 13.51844112180926, 13.992801569647508, 14.450109573339097, 14.907429762637076, 15.36740894147121, 15.47679399840966, 15.497225849407767, 15.740961133229458, 16.035168930303755, 16.39720163255897, 16.82649022379736, 17.25958647025767, 17.696210809013753, 18.083052359138154, 18.506910090496085, 18.574695748641947, 18.99909137842866, 19.04116775603244, 18.952948255981223, 18.844103947702127, 18.687176720782904, 18.452647575211618, 18.208888912940644, 17.957807120449274, 17.71381588557261
1AKD.pdb, 31, 31, 0.09878562893370146, 2.3148031409447096, 0.6038704398959469, -, -, -, 1.6564849947865714, 29.342670214863034, , length, 0.0, 0.5, 1.0, 1.5, 2.0, 2.5, 3.0, 3.5, 4.0, 4.5, 5.0, 5.5, 6.0, 6.5, 7.0, 7.5, 8.0, 8.5, 9.0, 9.5, 10.0, 10.5, 11.0, 11.5, 12.0, 12.5, 13.0, 13.5, 14.0, 14.5, 15.0, 15.5, 16.0, 16.5, 17.0, 17.5, 18.0, 18.5, 19.0, 19.5, 20.0, 20.5, 21.0, 21.5, 22.0, 22.5, 23.0, 23.5, 24.0, 24.5, 25.0, 25.5, 26.0, 26.5, 27.0, 27.5, 28.0, 28.5, 29.0, 29.5, 30.0, 30.5
1AKD.pdb, 31, 31, 0.09878562893370146, 2.3148031409447096, 0.6038704398959469, -, -, -, 1.6564849947865714, 29.342670214863034, , R, 3.4839028770087492, 3.3872237510929115, 3.119849226674783, 2.810184379568937, 2.528604608872947, 2.2239321654875934, 1.9163807162580628, 1.6581121431390575, 1.4569225754650983, 1.3214531140841883, 1.2676179990073284, 1.3027242899795457, 1.3668507648882047, 1.4504663892692307, 1.6040309690863364, 1.5395461865251132, 1.3057024174913119, 1.1387540547286061, 1.0526667043979545, 1.0346107557766748, 1.0347714218176205, 1.0238243163607352, 0.8776690200308317, 0.8276542202236228, 0.8643701824077574, 0.9373135108395694, 0.9145931382721932, 0.9913623571669699, 1.0583020090777122, 1.0969727728141732, 1.1059046557280032, 0.9190330968464484, 0.8047681769278081, 0.7058507924400983, 0.6364614075331123, 0.6075530838182672, 0.6641487866118228, 0.8134446146699323, 1.0463256527855758, 1.2995150549624492, 1.6059771027381409, 1.9576142035203379, 1.9768704481900863, 1.9153213536874452, 1.7024085273049452, 1.5107780697323303, 1.3088955825274797, 1.0342289072409954, 0.8348928647239067, 0.7309898929292462, 0.6783363946793224, 0.6958937370918377, 0.7932358926289886, 0.8683468900783122, 0.8569368271051103, 0.7456122213777099, 0.7186048578463686, 0.7887390824284051, 0.8873978114658061, 1.0599789962065267, 1.248070759577149, 1.4964974103934638
1AKD.pdb, 31, 31, 0.09878562893370146, 2.3148031409447096, 0.6038704398959469, -, -, -, 1.6564849947865714, 29.342670214863034, , Upper limit of R overestimation, -, -, -, -, -, -, -, -, -, -, -, -, -, -, -, -, -, -, -, -, -, -, -, -, -, -, -, -, -, -, -, -, -, -, -, -, -, -, -, -, -, -, -, -, -, -, -, -, -, -, -, -, -, -, -, -, -, -, -, -, -, -
1AKD.pdb, 32, 32, 0.0947486345349201, 2.356527846364393, 0.7551649641595084, -, -, -, 1.6427879404358194, 42.262061153123845, , X, 16.975476231179453, 16.88573264901453, 16.805163660071553, 16.70583502176284, 16.678575064959446, 16.694442396090597, 16.71030972722175, 16.726177058352903, 16.742044389484054, 16.757911720615205, 16.864415721538066, 16.914597283480816, 16.738662139849627, 16.277400620676243, 15.819049874119793, 15.355707383143375, 14.992854649037263, 14.649720215173655, 14.306585781310048, 14.025922550842438, 13.92002148641599, 13.962984045113433, 13.846716805717012, 13.820848815028244, 13.834949524734707, 13.849532319784624, 13.459108802440827, 13.070348392884831, 12.622681596713724, 12.184011184843184, 11.781320684338876, 11.408019007417385, 10.991265658922133, 10.513866768413411, 10.054446225327695, 9.673220567808531, 9.235359472804442, 8.797498377800352, 8.38459414611336, 8.04178392186932, 7.707053900773183, 7.4278712571193575, 7.406929084262185, 7.507487424557495, 7.804580398620057, 8.10129121468876, 8.312533938601806, 8.457327403819393, 8.611037826179828, 8.842357744951507, 9.043838844931766, 8.810960313359288, 8.638659434353118, 8.466358555346947, 8.65619716545153, 8.816810155375391, 8.952634412978632, 9.065903555149651, 9.207016703465, 9.276841960223958, 9.243714149270202, 8.882917907234306, 8.531895362204683, 8.181300821160356, 8.152952862538728, 8.089100662340497, 8.248289076964435, 8.432105658684879, 8.612743753950692, 8.720738751011444, 8.827326023520497, 8.950683925286148, 8.775147145711863, 8.571229878950959, 8.367312612190053, 8.126672195565833, 7.996603182799048, 7.949045119331422, 8.060912812048851, 7.864593446228592, 7.659898232437016, 7.419486244927113, 7.107668768480982, 6.795851292034852, 6.481945537027771, 6.168020819758075, 6.0591833082134645, 5.940630842783214
1AKD.pdb, 32, 32, 0.0947486345349201, 2.356527846364393, 0.7551649641595084, -, -, -, 1.6427879404358194, 42.262061153123845, , Y, 24.106161642832348, 24.323012722330738, 24.677079367853352, 25.03480733753844, 25.32568291509132, 25.610396525519445, 25.89511013594757, 26.17982374637569, 26.464537356803813, 26.749250967231937, 26.988812840240396, 27.291727638477063, 27.617109106638758, 27.776098711800536, 27.9464242102364, 28.108063470999817, 28.199105032927992, 28.278085341480857, 28.35706565003372, 28.448741980897204, 28.74994057942275, 29.035865155521808, 29.468785323299787, 29.951332207542574, 30.449688160625925, 30.94806958508857, 31.25510854202252, 31.564075612487482, 31.39964654622629, 31.339398194604144, 31.345283509926517, 31.42582663985827, 31.480092843205014, 31.49438804864752, 31.576275987166888, 31.319789125891596, 31.07936016338319, 30.838931200874782, 30.723810150538966, 30.95979803450746, 31.204564297380102, 31.480119460642452, 31.902358578897726, 32.30987009238386, 32.69355878953392, 33.07766607104043, 33.50766270653821, 33.8591334851676, 34.18017854430267, 34.52376424771153, 34.86646613904393, 34.93406002565115, 35.39477621380086, 35.85549240195058, 36.31213860225615, 36.77149077973488, 37.21514370409426, 37.63564809698317, 38.05159945602323, 38.47901299138022, 38.943347002194585, 39.211802288465435, 39.558519502087755, 39.90181110898362, 40.34030711735836, 40.74330295196713, 41.092683112842394, 41.49199576629005, 41.895112409896846, 42.318195807459674, 42.739269959214774, 43.160183029830264, 43.60990855536013, 44.05756323979059, 44.50521792422105, 44.863255888644154, 45.319388865491895, 45.78059103222326, 46.17377981975131, 46.36394967954968, 46.56602284727917, 46.712166475041634, 46.74649496018178, 46.78082344532192, 46.810652659396354, 46.8393172716952, 47.0741335993581, 47.3448452087292
1AKD.pdb, 32, 32, 0.0947486345349201, 2.356527846364393, 0.7551649641595084, -, -, -, 1.6427879404358194, 42.262061153123845, , Z, 7.833481663061395, 7.448347833003085, 7.119562606035131, 6.789815006572688, 6.390514738058761, 5.979800253483701, 5.569085768908641, 5.1583712843335805, 4.747656799758521, 4.33694231518346, 3.913292115740447, 3.533156308538924, 3.4238612476365735, 3.314942892938519, 3.2105215459173357, 3.1154395364655065, 2.8029003237815204, 2.4479061390995795, 2.092911954417638, 1.71356489991426, 1.328773568411595, 0.9989621976786782, 1.039494761519289, 0.958356675232609, 0.9963237680005735, 1.0337843851753434, 0.9768405363498153, 0.9185598495740129, 0.8104829934550625, 0.579083291805252, 0.31700226222778743, -0.005733949295495089, -0.2503811736239965, -0.39402199849557934, -0.5735411621407855, -0.6417133346669852, -0.6199975461952256, -0.598281757723466, -0.5093763474151376, -0.2322716538753125, 0.047094216510352754, 0.32388172938495535, 0.5908565454463781, 0.8018704951693607, 0.9223642644769674, 1.0424601617060765, 1.0862816406646814, 1.3634140033589328, 1.7145595231405961, 1.9891377494765266, 2.2905128152538423, 2.4320686820676025, 2.5218071970458404, 2.6115457120240784, 2.608746215050821, 2.722881873215914, 2.8956357203096657, 3.1412902683908555, 3.380083529465071, 3.58804625037825, 3.7476599058089013, 3.8936537111153697, 3.9747075276369452, 4.070803003205626, 3.9507743616631967, 3.731858269089355, 3.6820624117472045, 3.4535696598103933, 3.2218375268743373, 3.465316482768789, 3.7129769601623495, 3.952961501252311, 3.892995303706488, 3.803423925330204, 3.7138525469539196, 3.6388169191720956, 3.7631495909268216, 3.8845806721084597, 4.120135918938505, 4.538758859940597, 4.947740894184874, 5.350176344015712, 5.739523767906959, 6.128871191798204, 6.516785663293774, 6.897835795019552, 7.316168911043374, 7.717682239520719
1AKD.pdb, 32, 32, 0.0947486345349201, 2.356527846364393, 0.7551649641595084, -, -, -, 1.6427879404358194, 42.262061153123845, , distance, 0.0, 0.45100595148489203, 0.9298568925408971, 1.4227892668902618, 1.9124685572961717, 2.403713245578882, 2.8979542355420698, 3.393882752191223, 3.8908535721543065, 4.388512607281742, 4.867226977411704, 5.352040275785452, 5.641594208696015, 5.862844042379927, 6.120187803540971, 6.395216249017049, 6.781572276663763, 7.198507631282251, 7.625437803276812, 8.062955543321966, 8.556384394463636, 8.949175504862271, 9.203538792174232, 9.55955211626337, 9.84123796876366, 10.139975971292348, 10.511223011707406, 10.894340177305116, 11.021082228128112, 11.309471430311566, 11.656826319138998, 12.084178789811366, 12.471346193706955, 12.80742373679522, 13.205351091235837, 13.311209166980309, 13.416266834765327, 13.538986006202517, 13.682098031882157, 13.850616110353936, 14.032775997951077, 14.210070577003235, 14.310604451350114, 14.366182512553065, 14.339186302710832, 14.330283473962943, 14.455431489845719, 14.475534350191273, 14.453056926358359, 14.450965923579808, 14.471334704369124, 14.597190337603916, 15.004973137884983, 15.418186403888848, 15.668252557612854, 15.9088850801845, 16.142915600247317, 16.359248262517077, 16.572777503231947, 16.848487984642688, 17.22254782868553, 17.583859753546474, 18.026634714489273, 18.466126120468353, 18.880143375160472, 19.302472799010896, 19.543285012402343, 19.860514546797994, 20.190327523781523, 20.46704048763192, 20.75002738174641, 21.035956343725026, 21.52136086510713, 22.021152281420264, 22.520952957564585, 22.951111230261453, 23.392066467000376, 23.8086363954129, 24.08813296150993, 24.27493587546536, 24.48576849026442, 24.668100948367005, 24.785943123235192, 24.913264511454027, 25.0467919523867, 25.188745314253822, 25.435424106138885, 25.725816529863273
1AKD.pdb, 32, 32, 0.0947486345349201, 2.356527846364393, 0.7551649641595084, -, -, -, 1.6427879404358194, 42.262061153123845, , length, 0.0, 0.5, 1.0, 1.5, 2.0, 2.5, 3.0, 3.5, 4.0, 4.5, 5.0, 5.5, 6.0, 6.5, 7.0, 7.5, 8.0, 8.5, 9.0, 9.5, 10.0, 10.5, 11.0, 11.5, 12.0, 12.5, 13.0, 13.5, 14.0, 14.5, 15.0, 15.5, 16.0, 16.5, 17.0, 17.5, 18.0, 18.5, 19.0, 19.5, 20.0, 20.5, 21.0, 21.5, 22.0, 22.5, 23.0, 23.5, 24.0, 24.5, 25.0, 25.5, 26.0, 26.5, 27.0, 27.5, 28.0, 28.5, 29.0, 29.5, 30.0, 30.5, 31.0, 31.5, 32.0, 32.5, 33.0, 33.5, 34.0, 34.5, 35.0, 35.5, 36.0, 36.5, 37.0, 37.5, 38.0, 38.5, 39.0, 39.5, 40.0, 40.5, 41.0, 41.5, 42.0, 42.5, 43.0, 43.5
1AKD.pdb, 32, 32, 0.0947486345349201, 2.356527846364393, 0.7551649641595084, -, -, -, 1.6427879404358194, 42.262061153123845, , R, 3.4839028770087492, 3.313141875135542, 3.0472970293382367, 2.785327518416039, 2.4649658336242717, 2.1548740957265027, 1.8901974347140929, 1.6822169614221139, 1.542505574249355, 1.4806144898332527, 1.4208759862130553, 1.4432292953214634, 1.4978961487800078, 1.3086175035041974, 1.1916273670816908, 1.1577506872666472, 1.107063593445853, 1.1308238566438722, 1.246273868201763, 1.3853827978420532, 1.3380308936211378, 1.2389727880200225, 1.1727511334696707, 1.1068822718560445, 1.0628721214109098, 1.114419190733388, 1.0290178842543005, 1.0396585660437152, 0.9258757568020473, 0.823084204129358, 0.7681779012463861, 0.7693152387483657, 0.8634228241401538, 1.0123356161925479, 1.2087540633971647, 1.3567198048339755, 1.5015024592528858, 1.7178136739192462, 1.8930393108730694, 1.8541118568593888, 1.8802097567405025, 1.9313593838773624, 1.8319967371458792, 1.7167215876301323, 1.5251564339729797, 1.4070060733009484, 1.3071411211388217, 1.1844775027153958, 1.1449839236609205, 1.1084924026260796, 1.173690115031036, 1.2337157021189178, 1.1217195766876462, 1.101910462928366, 1.0532043403367184, 0.9937313449975504, 0.9812996245953949, 1.0113093959150388, 1.1278953148420352, 1.2765375353569737, 1.2914723145496967, 1.2936514449091678, 1.2984890696232188, 1.3867819053952504, 1.3042391040158474, 1.170544777915, 1.2132513632574535, 1.1794383693724222, 1.2326895121530046, 1.1512120330516527, 1.1600962137195951, 1.2520532246410032, 1.144241991649607, 1.099295704481365, 1.1489388499851394, 1.198282792237812, 1.2594921112132496, 1.3340497943641618, 1.332963393776875, 1.170132727194634, 1.0815515219160292, 1.0559266503994347, 1.0636017081445037, 1.1660002726016883, 1.3508451875413425, 1.5821991928765908, 1.6371471432225881, 1.7380851767068384
1AKD.pdb, 32, 32, 0.0947486345349201, 2.356527846364393, 0.7551649641595084, -, -, -, 1.6427879404358194, 42.262061153123845, , Upper limit of R overestimation, -, -, -, -, -, -, -, -, -, -, -, -, -, -, -, -, -, -, -, -, -, -, -, -, -, -, -, -, -, -, -, -, -, -, -, -, -, -, -, -, -, -, -, -, -, -, -, -, -, -, -, -, -, -, -, -, -, -, -, -, -, -, -, -, -, -, -, -, -, -, -, -, -, -, -, -, -, -, -, -, -, -, -, -, -, -, -, -
1AKD.pdb, 33, 33, 0.09004947352941892, 2.4073960538023718, 0.6136071136260797, -, -, -, 1.5358507184463288, 33.27632433118388, , X, 16.975476231179453, 16.949592445914732, 16.785918171590282, 16.655331039004516, 16.530481243656258, 16.46296153352485, 16.394919327665868, 16.36034842733377, 16.416895031098353, 16.467630384568402, 16.424945381057814, 16.258133424689778, 16.01367278685742, 15.816060725294275, 15.8194960641873, 16.03140198590319, 15.889064782497998, 15.818206568905778, 15.855842932002611, 15.98837418798324, 16.150000780926195, 16.294528878313713, 16.439056975701227, 16.528249675804613, 16.466612062038347, 16.405351397826525, 16.296331807487995, 16.278899886544945, 16.336059285274462, 16.414913616866073, 16.80945037646135, 17.203987136056625, 17.449268732523848, 17.560005252837165, 17.959786852752394, 18.364355401331128, 18.7629616938986, 19.093390721649453, 19.478007323806672, 19.95667922153031, 20.43302601401124, 20.79785091500429, 21.04891384337832, 21.357100514745515, 21.75403309473078, 22.122243449083903, 22.45271469372969, 22.50178606208205, 22.567349538205963, 22.634937964438805, 22.70504822934268, 22.806925243206862, 23.04800402406403, 23.380949585456168, 23.586727652067015, 23.899775924998973, 24.204761984801543, 24.50937747291171, 24.949468005350486, 25.393825584262594, 25.705353414400953, 25.981304569438468, 26.256716626019262, 26.446288809073597, 26.3823147200908, 26.33033301296175, 26.147221260427067, 25.787606814973557, 25.423988759989875, 25.05594808372543
1AKD.pdb, 33, 33, 0.09004947352941892, 2.4073960538023718, 0.6136071136260797, -, -, -, 1.5358507184463288, 33.27632433118388, , Y, 24.106161642832348, 23.653979868024248, 23.182435238713914, 22.70040718332708, 22.270015569871905, 21.827672392416137, 21.384855178045214, 20.938007850356648, 20.49393346445486, 20.052298455891044, 19.610314085411947, 19.31904696303364, 19.02089274918667, 18.675084564146413, 18.239366372473796, 17.808360335416115, 17.35004735057082, 16.96766396937798, 16.637545221205443, 16.20942355768964, 15.73713934262896, 15.259215699707317, 14.781292056785675, 14.299983739690951, 13.80793867033748, 13.314179028657035, 12.846192659619241, 12.48938003320274, 12.104810220645087, 11.711898381934764, 11.484109586077864, 11.256320790220963, 10.928914628023449, 10.58867997309769, 10.557618890853103, 10.524056482802425, 10.487783096221513, 10.351692704826142, 10.321827558655002, 10.443248724429237, 10.579203194396486, 10.64048670960745, 10.616715267677495, 10.553588008080414, 10.427993774252888, 10.372248791900594, 10.228743229714917, 10.0197384010926, 9.826657777494638, 9.626098839479507, 9.41622653497295, 9.08363726448175, 8.667001544686785, 8.294381472625037, 7.903899315198434, 7.774939096377924, 7.506330350169208, 7.238309406047108, 7.150887324650565, 7.063557780667429, 6.877859298969773, 6.753742804823853, 6.62907620807302, 6.451098117365028, 6.117516891362957, 5.808255513541803, 5.450097267438928, 5.111400818465982, 4.775636412721755, 4.443110913439741
1AKD.pdb, 33, 33, 0.09004947352941892, 2.4073960538023718, 0.6136071136260797, -, -, -, 1.5358507184463288, 33.27632433118388, , Z, 7.833481663061395, 7.996496743666693, 7.972059608679927, 7.947905053411691, 7.750123557649863, 7.527023575350206, 7.305070441526917, 7.091723835429746, 6.869012314873133, 6.640264881628246, 6.607957737523736, 6.252146979014842, 5.934651079714146, 5.632382701804837, 5.445346374270013, 5.38790389867925, 5.464083794686313, 5.696308091292883, 6.069945771777385, 6.202456834486912, 6.226653008800738, 6.253122247589392, 6.279591486378046, 6.318661183913832, 6.381571668001687, 6.431054465698713, 6.482688831740998, 6.2183121131005095, 5.9051155882552475, 5.6148217161757845, 5.408780434365264, 5.202739152554743, 5.033546852033988, 4.870102884228196, 4.571582182827839, 4.279813655348927, 3.9801517375956577, 3.891365453642338, 4.050635359393063, 4.128930409247281, 4.195409279712664, 4.438468446468893, 4.870211801420452, 5.243648848183243, 5.520393596643899, 5.81043261984626, 6.051053996044698, 6.417434364535695, 6.873966185321029, 7.3268643178946, 7.775237116530083, 8.103398457960479, 8.149566443709062, 8.156585312840967, 8.096763947983604, 8.35633256237535, 8.647593347216505, 8.939737259407257, 9.154868138951839, 9.365886544188909, 9.67220403929483, 10.070231698609522, 10.468485937437562, 10.85938585322283, 11.226202013461934, 11.606093433518739, 11.806348220012305, 11.88356328379058, 11.954038778028243, 12.017069349515868
1AKD.pdb, 33, 33, 0.09004947352941892, 2.4073960538023718, 0.6136071136260797, -, -, -, 1.5358507184463288, 33.27632433118388, , distance, 0.0, 0.48136498035584724, 0.9531036536666069, 1.4462818732013931, 1.8911376242639306, 2.355440752618884, 2.8322735765729075, 3.311462719508555, 3.780265399855291, 4.256228427828055, 4.692295639509927, 5.092314507425419, 5.5127654739200445, 5.973749173438689, 6.438848270331532, 6.821614771439965, 7.241506502419716, 7.540884098101377, 7.755247824400429, 8.123612793606789, 8.561766307510707, 9.012750839783727, 9.468659519468375, 9.932563503141367, 10.412510829171367, 10.897648054244112, 11.361020197336988, 11.74919598291108, 12.172094548926651, 12.60374722790472, 12.853907528697082, 13.118362448403197, 13.479760872123187, 13.85083386138219, 13.970392489872951, 14.107839034963213, 14.2654649427459, 14.464136951926472, 14.511390497500798, 14.466736351979296, 14.428056904273532, 14.403508752094544, 14.399271709415178, 14.476813098770348, 14.67232968353138, 14.805482174638486, 15.025309693198238, 15.197783063467462, 15.36534892783283, 15.555011637208548, 15.767865460564309, 16.116913207999293, 16.59346762795778, 17.06302660760426, 17.501179030145565, 17.74621450266405, 18.124010298128823, 18.506969185867312, 18.783288696019348, 19.0700607485382, 19.40118700653477, 19.677764972409488, 19.963295972525767, 20.26212365824276, 20.581314382882674, 20.894001859255685, 21.164907595822164, 21.32739424625735, 21.4947798443974, 21.66637937627578
1AKD.pdb, 33, 33, 0.09004947352941892, 2.4073960538023718, 0.6136071136260797, -, -, -, 1.5358507184463288, 33.27632433118388, , length, 0.0, 0.5, 1.0, 1.5, 2.0, 2.5, 3.0, 3.5, 4.0, 4.5, 5.0, 5.5, 6.0, 6.5, 7.0, 7.5, 8.0, 8.5, 9.0, 9.5, 10.0, 10.5, 11.0, 11.5, 12.0, 12.5, 13.0, 13.5, 14.0, 14.5, 15.0, 15.5, 16.0, 16.5, 17.0, 17.5, 18.0, 18.5, 19.0, 19.5, 20.0, 20.5, 21.0, 21.5, 22.0, 22.5, 23.0, 23.5, 24.0, 24.5, 25.0, 25.5, 26.0, 26.5, 27.0, 27.5, 28.0, 28.5, 29.0, 29.5, 30.0, 30.5, 31.0, 31.5, 32.0, 32.5, 33.0, 33.5, 34.0, 34.5
1AKD.pdb, 33, 33, 0.09004947352941892, 2.4073960538023718, 0.6136071136260797, -, -, -, 1.5358507184463288, 33.27632433118388, , R, 3.4839028770087492, 3.392064938753332, 3.1860648088749364, 3.016821944554199, 2.742318781609861, 2.4681329959984497, 2.2400571994832132, 2.043866617404972, 1.8709467881414192, 1.76121942981765, 1.6155805064930404, 1.4576065334450194, 1.2856470295206908, 1.2077092752712026, 1.2651572022279676, 1.411589764382005, 1.3431304620978097, 1.2322243435803313, 1.1697993733807253, 0.9775493124042827, 0.7619774813704825, 0.635717226181185, 0.6216844522540299, 0.6935423945923791, 0.7892418627905644, 0.972970001735395, 1.2077606213498249, 1.2372101635303459, 1.3114960559040383, 1.4368695436903325, 1.3747331818085637, 1.3981985692073091, 1.5340071573557434, 1.6849203678255749, 1.7041078508740273, 1.7829384982019016, 1.9283577617792576, 1.9922805812073658, 1.8205373066091095, 1.7087296246960002, 1.6767746194387683, 1.5542233235259286, 1.320675721384482, 1.1528792279900149, 1.0600498032226437, 1.0028097483319018, 1.0818462400191207, 1.0101918987773186, 0.9775660116701954, 1.0388336434960044, 1.1864423041161465, 1.3016938237966236, 1.1970487925205062, 1.0815024671026379, 1.0548578220317468, 0.921204126974001, 0.8046659446366111, 0.7918866003071012, 0.7355603844672016, 0.7827820559770409, 0.7594189313448312, 0.7272909485424517, 0.8043893884957267, 0.9164250040110771, 0.9350474323211904, 1.0360765510421546, 1.0994749352685131, 1.081650575268248, 1.1529708717921356, 1.3061269375286524
1AKD.pdb, 33, 33, 0.09004947352941892, 2.4073960538023718, 0.6136071136260797, -, -, -, 1.5358507184463288, 33.27632433118388, , Upper limit of R overestimation, -, -, -, -, -, -, -, -, -, -, -, -, -, -, -, -, -, -, -, -, -, -, -, -, -, -, -, -, -, -, -, -, -, -, -, -, -, -, -, -, -, -, -, -, -, -, -, -, -, -, -, -, -, -, -, -, -, -, -, -, -, -, -, -, -, -, -, -, -, -
1AKD.pdb, 34, 34, 0.08486369165837204, 2.4667089372273385, 0.6136071136260797, -, -, -, 1.4828120147676318, 32.47580869700105, , X, 16.975476231179453, 16.949592445914732, 16.785918171590282, 16.655331039004516, 16.530481243656258, 16.46296153352485, 16.394919327665868, 16.36034842733377, 16.416895031098353, 16.467630384568402, 16.424945381057814, 16.258133424689778, 16.01367278685742, 15.816060725294275, 15.8194960641873, 16.03140198590319, 15.889064782497998, 15.818206568905778, 15.855842932002611, 15.98837418798324, 16.150000780926195, 16.294528878313713, 16.439056975701227, 16.528249675804613, 16.466612062038347, 16.405351397826525, 16.296331807487995, 16.278899886544945, 16.336059285274462, 16.414913616866073, 16.80945037646135, 17.203987136056625, 17.449268732523848, 17.560005252837165, 17.959786852752394, 18.364355401331128, 18.7629616938986, 19.136511490701775, 19.42180336363187, 19.755497887165287, 20.196157670311248, 20.632011732757533, 21.080149760580653, 21.54140353647674, 22.00237761335949, 22.41599251247069, 22.507852287022725, 22.590892343590806, 22.700296521025212, 22.698302006894362, 22.8515515834542, 22.999296379190394, 23.314074647987223, 23.717804148212085, 24.11910548669416, 24.520406825176234, 24.937043519809, 25.358445698971796, 25.803586015542336, 26.248726332112877, 26.734432549077, 27.22294246506902, 27.711452381061044, 28.198710007994336, 28.51122638882613, 28.84454474560074, 29.29279849628744, 29.755056360494216
1AKD.pdb, 34, 34, 0.08486369165837204, 2.4667089372273385, 0.6136071136260797, -, -, -, 1.4828120147676318, 32.47580869700105, , Y, 24.106161642832348, 23.653979868024248, 23.182435238713914, 22.70040718332708, 22.270015569871905, 21.827672392416137, 21.384855178045214, 20.938007850356648, 20.49393346445486, 20.052298455891044, 19.610314085411947, 19.31904696303364, 19.02089274918667, 18.675084564146413, 18.239366372473796, 17.808360335416115, 17.35004735057082, 16.96766396937798, 16.637545221205443, 16.20942355768964, 15.73713934262896, 15.259215699707317, 14.781292056785675, 14.299983739690951, 13.80793867033748, 13.314179028657035, 12.846192659619241, 12.48938003320274, 12.104810220645087, 11.711898381934764, 11.484109586077864, 11.256320790220963, 10.928914628023449, 10.58867997309769, 10.557618890853103, 10.524056482802425, 10.487783096221513, 10.58290505939623, 10.899555819612718, 11.133400674063566, 11.34210017097627, 11.347206739266666, 11.337397567930402, 11.42292921427529, 11.516817687288789, 11.596319966334702, 11.391442031921194, 11.174680956357886, 10.950740825404196, 10.743009080241096, 10.503187879520139, 10.37061998431505, 10.193583332707517, 9.9024422375134, 9.604243379557499, 9.306044521601596, 9.219570754441357, 9.376860280892647, 9.525548714993256, 9.674237149093864, 9.644040182117946, 9.601479608757412, 9.558919035396876, 9.522487759216377, 9.321600611399044, 9.078839721644854, 8.877664890200906, 8.69443157125919
1AKD.pdb, 34, 34, 0.08486369165837204, 2.4667089372273385, 0.6136071136260797, -, -, -, 1.4828120147676318, 32.47580869700105, , Z, 7.833481663061395, 7.996496743666693, 7.972059608679927, 7.947905053411691, 7.750123557649863, 7.527023575350206, 7.305070441526917, 7.091723835429746, 6.869012314873133, 6.640264881628246, 6.607957737523736, 6.252146979014842, 5.934651079714146, 5.632382701804837, 5.445346374270013, 5.38790389867925, 5.464083794686313, 5.696308091292883, 6.069945771777385, 6.202456834486912, 6.226653008800738, 6.253122247589392, 6.279591486378046, 6.318661183913832, 6.381571668001687, 6.431054465698713, 6.482688831740998, 6.2183121131005095, 5.9051155882552475, 5.6148217161757845, 5.408780434365264, 5.202739152554743, 5.033546852033988, 4.870102884228196, 4.571582182827839, 4.279813655348927, 3.9801517375956577, 3.7318503932030342, 3.5078677469075346, 3.3748419794450144, 3.422071591643565, 3.1772577889705733, 2.956130617864085, 2.786281729517932, 2.6169068344558464, 2.4558433394717474, 2.0198890241285072, 1.5770357920912914, 1.185082309408649, 0.7360698718103792, 0.330511462363283, -0.10256565039589773, -0.3281786345287263, -0.36356874806406614, -0.3694574530398069, -0.37534615801554777, -0.47110852150710086, -0.4557403552973257, -0.2832821049055618, -0.11082385451379784, -0.1910655861649997, -0.28877259498570473, -0.3864796038064098, -0.4905750164542734, -0.825205955779394, -0.9698007689395425, -0.993143118946042, -1.0455188557770683
1AKD.pdb, 34, 34, 0.08486369165837204, 2.4667089372273385, 0.6136071136260797, -, -, -, 1.4828120147676318, 32.47580869700105, , distance, 0.0, 0.48136498035584724, 0.9531036536666069, 1.4462818732013931, 1.8911376242639306, 2.355440752618884, 2.8322735765729075, 3.311462719508555, 3.780265399855291, 4.256228427828055, 4.692295639509927, 5.092314507425419, 5.5127654739200445, 5.973749173438689, 6.438848270331532, 6.821614771439965, 7.241506502419716, 7.540884098101377, 7.755247824400429, 8.123612793606789, 8.561766307510707, 9.012750839783727, 9.468659519468375, 9.932563503141367, 10.412510829171367, 10.897648054244112, 11.361020197336988, 11.74919598291108, 12.172094548926651, 12.60374722790472, 12.853907528697082, 13.118362448403197, 13.479760872123187, 13.85083386138219, 13.970392489872951, 14.107839034963213, 14.2654649427459, 14.295870770548639, 14.110630374313383, 13.996446527203958, 13.883608789068331, 14.065617756471877, 14.271588348938625, 14.393967631032863, 14.52494308696546, 14.663367625391261, 15.035595730758768, 15.423981515697232, 15.812649309976551, 16.177077467975018, 16.609145630752202, 16.968569792115048, 17.33061926008914, 17.731222916887706, 18.12802477925859, 18.529821873576203, 18.81391400276224, 18.86631117570206, 18.878867809834713, 18.90464498963168, 19.203737764147775, 19.528629735767108, 19.860795920587353, 20.197386958626364, 20.65501507800196, 21.075886057307418, 21.483315530191774, 21.9015009141872
1AKD.pdb, 34, 34, 0.08486369165837204, 2.4667089372273385, 0.6136071136260797, -, -, -, 1.4828120147676318, 32.47580869700105, , length, 0.0, 0.5, 1.0, 1.5, 2.0, 2.5, 3.0, 3.5, 4.0, 4.5, 5.0, 5.5, 6.0, 6.5, 7.0, 7.5, 8.0, 8.5, 9.0, 9.5, 10.0, 10.5, 11.0, 11.5, 12.0, 12.5, 13.0, 13.5, 14.0, 14.5, 15.0, 15.5, 16.0, 16.5, 17.0, 17.5, 18.0, 18.5, 19.0, 19.5, 20.0, 20.5, 21.0, 21.5, 22.0, 22.5, 23.0, 23.5, 24.0, 24.5, 25.0, 25.5, 26.0, 26.5, 27.0, 27.5, 28.0, 28.5, 29.0, 29.5, 30.0, 30.5, 31.0, 31.5, 32.0, 32.5, 33.0, 33.5
1AKD.pdb, 34, 34, 0.08486369165837204, 2.4667089372273385, 0.6136071136260797, -, -, -, 1.4828120147676318, 32.47580869700105, , R, 3.4839028770087492, 3.392064938753332, 3.1860648088749364, 3.016821944554199, 2.742318781609861, 2.4681329959984497, 2.2400571994832132, 2.043866617404972, 1.8709467881414192, 1.76121942981765, 1.6155805064930404, 1.4576065334450194, 1.2856470295206908, 1.2077092752712026, 1.2651572022279676, 1.411589764382005, 1.3431304620978097, 1.2322243435803313, 1.1697993733807253, 0.9775493124042827, 0.7619774813704825, 0.635717226181185, 0.6216844522540299, 0.6935423945923791, 0.7892418627905644, 0.972970001735395, 1.2077606213498249, 1.2372101635303459, 1.3114960559040383, 1.4368695436903325, 1.3747331818085637, 1.3981985692073091, 1.5340071573557434, 1.6849203678255749, 1.7041078508740273, 1.7829384982019016, 1.9283577617792576, 2.047291730470296, 2.028116472691627, 2.008435192857855, 2.0343583661201405, 1.8353934256659956, 1.6847576202304815, 1.522270833607473, 1.4325204399814515, 1.4177022044381755, 1.2176598261617766, 1.0866591781458084, 1.0173928997480952, 1.080045317034049, 1.1602179951943086, 1.2567635125551115, 1.2296568455172747, 1.1865598492483298, 1.2251949059078373, 1.3517109752343717, 1.4170968927043757, 1.2566816306121158, 1.084732219059267, 1.0017650541301566, 0.792264840678325, 0.6614406124867558, 0.641202812828086, 0.7268973410249888, 0.6897443121916695, 0.6930338328932635, 0.6476384096466399, 0.7076855771798605
1AKD.pdb, 34, 34, 0.08486369165837204, 2.4667089372273385, 0.6136071136260797, -, -, -, 1.4828120147676318, 32.47580869700105, , Upper limit of R overestimation, -, -, -, -, -, -, -, -, -, -, -, -, -, -, -, -, -, -, -, -, -, -, -, -, -, -, -, -, -, -, -, -, -, -, -, -, -, -, -, -, -, -, -, -, -, -, -, -, -, -, -, -, -, -, -, -, -, -, -, -, -, -, -, -, -, -, -, -
1AKD.pdb, 35, 35, 0.08312964783585694, 2.487353867754418, 0.6989823125086425, -, -, -, 1.395594695132146, 34.155561162552026, , X, 16.975476231179453, 16.92097252699672, 16.7031161629929, 16.585331941295674, 16.474334720627677, 16.476914263018656, 16.557735320251496, 16.638556377484335, 16.720176486278913, 16.79389162910774, 16.860070906260415, 16.926250183413092, 16.859826743453908, 16.65623465763987, 16.454599349151415, 16.13610214457499, 15.828701230883176, 15.882497977884793, 15.712350723874483, 15.661554504487075, 15.57395700215275, 15.512815859116373, 15.439407135487254, 15.407860054929149, 15.376572717228253, 15.355156080828522, 15.330141189506394, 15.012376168024955, 14.692348236475729, 14.36594190584425, 14.031059169341464, 13.722363401989776, 13.780131292068655, 13.95862250735094, 14.151905929484954, 14.334509589986922, 14.072940631788688, 13.811173291111745, 13.546650386617337, 13.282251070150584, 13.022377768106095, 12.979888909043263, 12.983499835412196, 12.969859437875291, 12.609599621678784, 12.249339805482276, 11.889079989285769, 11.516686708337806, 11.083338518216983, 10.604885074480222, 10.130810631762838, 9.653759555868314, 9.176607824667446, 8.89727124608282, 8.637638973416314, 8.445895081204068, 8.336577279470601, 8.213090855224754, 8.081614301968237, 7.803636218466782, 7.4048297209756, 7.065988993150687, 6.678702833183494, 6.25534569327556, 5.829142513365159, 5.422614215919324, 5.280881217195828, 4.866436324735506, 4.63234701854356, 4.53290486552655, 4.468122021723017
1AKD.pdb, 35, 35, 0.08312964783585694, 2.487353867754418, 0.6989823125086425, -, -, -, 1.395594695132146, 34.155561162552026, , Y, 24.106161642832348, 23.785268776737226, 23.89076221597157, 23.94894477500368, 23.998498620567677, 23.993034132207413, 23.953677504089338, 23.914320875971264, 23.882822965061695, 23.856022507483118, 23.82592067834964, 23.795818849216165, 23.70923456954449, 23.557917823218308, 23.41950104325012, 23.333009440439444, 23.150387096835857, 22.902239817080723, 22.61979714315075, 22.54523308907915, 22.47385196064818, 22.361449198493194, 22.225991363893115, 21.738100723484354, 21.249759461944215, 20.7627522430621, 20.28424873235164, 19.98168526550027, 19.67168764756912, 19.36173736167843, 19.062303160558862, 18.708106381486296, 18.438853176860313, 18.267318574279347, 18.105115234725332, 17.963583296669004, 18.012435185522357, 18.05967867205314, 18.084581197462718, 18.119644157423938, 18.168907535510197, 18.299856355430983, 18.409889117931144, 18.527827524104364, 18.56333417101982, 18.598840817935283, 18.63434746485074, 18.685125203189134, 18.72307972467749, 18.75522661376835, 18.803533477520833, 18.85722882287422, 18.909455989975566, 18.536615524468044, 18.12309299746977, 17.678108287714767, 17.195479581462937, 16.717791552045746, 16.24102858621988, 16.001484299220515, 15.953217048161529, 15.838700955185265, 15.559765211012698, 15.295137669243577, 15.03411226516149, 14.751508524442135, 14.329718630272941, 14.057123555766497, 13.64218861163161, 13.242366460173361, 12.834067975522862
1AKD.pdb, 35, 35, 0.08312964783585694, 2.487353867754418, 0.6989823125086425, -, -, -, 1.395594695132146, 34.155561162552026, , Z, 7.833481663061395, 8.091228761438945, 8.52330912351079, 9.004730786571944, 9.489673178518816, 9.97826031841839, 10.470112951359337, 10.961965584300284, 11.454183096980078, 11.947911708941911, 12.442597652908756, 12.937283596875602, 13.400528038828405, 13.831403316461213, 14.264626457911541, 14.520547312913134, 14.722455730626399, 15.133024884303524, 15.406273391626799, 15.894216399520184, 16.38080432729681, 16.842569129610865, 17.300986766506895, 17.40549253989619, 17.508176106142102, 17.618740629497253, 17.74108072298716, 17.980832135182755, 18.20733237387177, 18.424789273420316, 18.644317658811122, 18.69975153007178, 19.11074600054917, 19.544183272934003, 19.975581144557555, 20.40373344984797, 20.827047958295946, 21.25037930427461, 21.673944526201605, 22.096724429938984, 22.52102667497757, 22.986482973744042, 23.474142103799426, 23.94591500247559, 24.2908093962527, 24.635703790029808, 24.98059818380692, 25.308714643612394, 25.43813141516055, 25.296537348553883, 25.145727199703085, 25.005944937325996, 24.86602764480652, 24.75533996315822, 24.647682159655705, 24.55821734738601, 24.4871903390119, 24.40723235380073, 24.333672919594708, 24.457501093691892, 24.75493624642198, 25.05412192140157, 25.054032242338714, 25.027780987340556, 25.013064063135893, 25.00060476741768, 25.0070925381986, 24.973979184618837, 25.040306749177194, 25.313853673057736, 25.595092949441447
1AKD.pdb, 35, 35, 0.08312964783585694, 2.487353867754418, 0.6989823125086425, -, -, -, 1.395594695132146, 34.155561162552026, , distance, 0.0, 0.4151824321938812, 0.7722945325616373, 1.244489541853608, 1.733696765825681, 2.20486674205756, 2.6738704964270013, 3.1524164561640715, 3.6365556503806498, 4.126024376707819, 4.619069559452475, 5.113465559963598, 5.582376846421303, 6.031380491093513, 6.488639216166823, 6.7837423440719755, 7.048869525509919, 7.4784597654515785, 7.819970590567894, 8.314946346510581, 8.8139330479892, 9.292311545432296, 9.773852946935188, 9.984414115010882, 10.213483168482957, 10.46685802159935, 10.74591386653077, 11.128063122088637, 11.510604311896337, 11.895168264970122, 12.287565875723427, 12.561750057483318, 13.01942031988955, 13.428850545211986, 13.835305817343345, 14.237879179212669, 14.642096165197994, 15.05277089864975, 15.47820047674659, 15.903408374309048, 16.327950032711712, 16.712012082956097, 17.117641637935257, 17.514944634569392, 17.906073022003802, 18.30250301425009, 18.703897511051935, 19.093710662392542, 19.329214951988227, 19.3436100882356, 19.35668251918087, 19.39206862941469, 19.440568939328568, 19.560841701582856, 19.698578093145105, 19.844152998824992, 19.993351752885218, 20.150846682806094, 20.327749740595223, 20.643799700947316, 21.080877719008388, 21.51974196986598, 21.80852577853316, 22.09523187173564, 22.39823400852691, 22.708770803131802, 22.962475933782557, 23.26819007180552, 23.62038102786883, 24.05001109288712, 24.473839920492033
1AKD.pdb, 35, 35, 0.08312964783585694, 2.487353867754418, 0.6989823125086425, -, -, -, 1.395594695132146, 34.155561162552026, , length, 0.0, 0.5, 1.0, 1.5, 2.0, 2.5, 3.0, 3.5, 4.0, 4.5, 5.0, 5.5, 6.0, 6.5, 7.0, 7.5, 8.0, 8.5, 9.0, 9.5, 10.0, 10.5, 11.0, 11.5, 12.0, 12.5, 13.0, 13.5, 14.0, 14.5, 15.0, 15.5, 16.0, 16.5, 17.0, 17.5, 18.0, 18.5, 19.0, 19.5, 20.0, 20.5, 21.0, 21.5, 22.0, 22.5, 23.0, 23.5, 24.0, 24.5, 25.0, 25.5, 26.0, 26.5, 27.0, 27.5, 28.0, 28.5, 29.0, 29.5, 30.0, 30.5, 31.0, 31.5, 32.0, 32.5, 33.0, 33.5, 34.0, 34.5, 35.0
1AKD.pdb, 35, 35, 0.08312964783585694, 2.487353867754418, 0.6989823125086425, -, -, -, 1.395594695132146, 34.155561162552026, , R, 3.4839028770087492, 3.3872237510929115, 3.119849226674783, 2.810184379568937, 2.528604608872947, 2.2239321654875934, 1.9163807162580628, 1.6581121431390575, 1.4569225754650983, 1.3214531140841883, 1.2676179990073284, 1.3027242899795457, 1.3668507648882047, 1.4504663892692307, 1.6040309690863364, 1.6577701206276347, 1.618499946383268, 1.497390197272905, 1.4590814816578042, 1.2550085709569845, 1.10193745272074, 1.0306528021201422, 1.025471741276847, 0.8222864219181751, 0.7137332011576349, 0.7073218560677481, 0.7960099323339582, 0.7804911384027662, 0.8642768756112229, 1.0353283804651765, 1.2796396450720242, 1.4820626342597603, 1.3596842530187754, 1.2582071304206224, 1.2423282372710363, 1.294091455710098, 1.0807177988807561, 0.9506142333789751, 0.905434334353385, 0.9524154612518707, 1.0838679632927088, 1.18736054581049, 1.3279910083281945, 1.5018141815274828, 1.3819379770645557, 1.3455064295475663, 1.395649185486374, 1.5179759373585213, 1.5265691180800416, 1.3661085704181812, 1.2801904342745907, 1.2709117418511227, 1.3491239963979917, 1.1900552702284926, 1.0840155816574297, 1.027410659225802, 1.0116001222515179, 1.0761820042691812, 1.2281318369661176, 1.2745660298702135, 1.2453196632770496, 1.282129731254157, 1.04979702487298, 0.86795967575202, 0.7730267135391244, 0.7729243321633006, 0.744000554856973, 0.9109660759331968, 1.001229519500149, 0.9374084674602727, 0.9507213279648608
1AKD.pdb, 35, 35, 0.08312964783585694, 2.487353867754418, 0.6989823125086425, -, -, -, 1.395594695132146, 34.155561162552026, , Upper limit of R overestimation, -, -, -, -, -, -, -, -, -, -, -, -, -, -, -, -, -, -, -, -, -, -, -, -, -, -, -, -, -, -, -, -, -, -, -, -, -, -, -, -, -, -, -, -, -, -, -, -, -, -, -, -, -, -, -, -, -, -, -, -, -, -, -, -, -, -, -, -, -, -, -
1AKD.pdb, 36, 36, 0.08261668615662539, 2.4935436072753756, 0.6197177301146808, -, -, -, 1.645758285515687, 32.57673494484553, , X, 16.975476231179453, 16.949592445914732, 16.785918171590282, 16.655331039004516, 16.530481243656258, 16.46296153352485, 16.394919327665868, 16.36034842733377, 16.416895031098353, 16.467630384568402, 16.424945381057814, 16.258133424689778, 16.01367278685742, 15.816060725294275, 15.8194960641873, 16.03140198590319, 16.01871729112267, 16.006640952208993, 15.947439739072738, 15.817893538645306, 15.64631310551432, 15.452910868742283, 15.525613542825159, 15.361998006058105, 15.056730314497017, 14.602725963815406, 14.202475207887224, 13.832596943267658, 13.36382407610956, 12.89244777384186, 12.420060817874324, 11.947673861906786, 11.638294979851281, 11.264958555874479, 11.10166261094902, 10.75264984222422, 10.417588045675823, 10.123775427382254, 9.906821058630886, 9.820587462039121, 9.762740556598962, 9.863520339168236, 9.646435494599766, 9.554237457895791, 9.46229645318727, 9.333225001107362, 9.240295610532725, 8.938684045726013, 8.464817408134207, 7.990597195264363, 7.516165537242692, 7.2612389821663665, 7.0813196131787715, 6.936497830024285, 6.596864104962591, 6.170363263900941, 5.915918611761668, 5.679047836700542, 5.564170084006615, 5.433735492580306, 5.429824366445183, 5.534966256019897, 5.64010814559461, 5.420348819007667, 5.141642240109751, 4.867937124754642, 4.61356600407314, 4.123604132498132, 3.8989326338053356, 3.6860638320411083
1AKD.pdb, 36, 36, 0.08261668615662539, 2.4935436072753756, 0.6197177301146808, -, -, -, 1.645758285515687, 32.57673494484553, , Y, 24.106161642832348, 23.653979868024248, 23.182435238713914, 22.70040718332708, 22.270015569871905, 21.827672392416137, 21.384855178045214, 20.938007850356648, 20.49393346445486, 20.052298455891044, 19.610314085411947, 19.31904696303364, 19.02089274918667, 18.675084564146413, 18.239366372473796, 17.808360335416115, 17.538951999698476, 17.379719926502773, 17.32088652772691, 17.262293080298523, 17.171327767220358, 17.038024189953198, 16.888574471390662, 16.76348280713068, 16.682771845276534, 16.667209096189573, 16.647630965971608, 16.802875043102244, 16.96917906165041, 17.12551489533578, 17.277067011208846, 17.428619127081912, 17.594185357977768, 17.575701934841554, 17.303562725114013, 17.17726854514271, 17.25379789398382, 17.653043868973036, 17.955061955487135, 18.11771993815892, 18.244855848266706, 18.18035243044407, 18.51017406591452, 18.760913499283735, 19.101685573286073, 19.532306262146694, 19.921402479688524, 20.15952190739433, 20.266840163167817, 20.37187820532064, 20.475552633710944, 20.76702675545242, 21.188380706487642, 21.523603407003492, 21.83062528900378, 22.09144511465803, 22.503548798289515, 22.874574291936625, 23.204948536391882, 23.650314764360463, 23.88738042717012, 23.958192675015866, 24.029004922861617, 24.014167780081177, 24.000223040157337, 24.006779991388395, 24.022144197414512, 24.083327026547263, 23.76957658691962, 23.439353974563936
1AKD.pdb, 36, 36, 0.08261668615662539, 2.4935436072753756, 0.6197177301146808, -, -, -, 1.645758285515687, 32.57673494484553, , Z, 7.833481663061395, 7.996496743666693, 7.972059608679927, 7.947905053411691, 7.750123557649863, 7.527023575350206, 7.305070441526917, 7.091723835429746, 6.869012314873133, 6.640264881628246, 6.607957737523736, 6.252146979014842, 5.934651079714146, 5.632382701804837, 5.445346374270013, 5.38790389867925, 5.1251313735685144, 4.651317793239457, 4.224772715304003, 3.745414196162774, 3.2886649998638764, 2.8473628583801265, 2.438860840611367, 2.0212947148642586, 1.6985175312751248, 1.5504380728829696, 1.2869631725286839, 1.4385673276489621, 1.4859881852980374, 1.5430650213776675, 1.605374892233904, 1.6676847630901404, 1.536719091938518, 1.210703732471135, 0.8998323160035753, 0.5649229052025991, 0.3873089020053342, 0.45270612508389535, 0.3051866502323336, -0.15940234644891182, -0.6273509291962986, -1.0471428945002832, -1.2637427827917393, -1.6749171230786895, -2.0290657433404835, -2.0615588118676436, -1.9101192590837914, -2.0468948759906307, -2.1649338600390022, -2.2835879331348736, -2.4026098418943618, -2.58931406990515, -2.7847920369655004, -3.1258165724224822, -3.2641658531107245, -3.2637877989987616, -3.2671118811119864, -3.1525672672614613, -3.165571678485115, -3.333090371577216, -3.6798300886145476, -4.163494030429203, -4.64715797224386, -5.085756028199435, -5.49948057358453, -5.834571204824001, -6.13471283079241, -6.212524966601326, -6.512077762897792, -6.821334774983937
1AKD.pdb, 36, 36, 0.08261668615662539, 2.4935436072753756, 0.6197177301146808, -, -, -, 1.645758285515687, 32.57673494484553, , distance, 0.0, 0.48136498035584724, 0.9531036536666069, 1.4462818732013931, 1.8911376242639306, 2.355440752618884, 2.8322735765729075, 3.311462719508555, 3.780265399855291, 4.256228427828055, 4.692295639509927, 5.092314507425419, 5.5127654739200445, 5.973749173438689, 6.438848270331532, 6.821614771439965, 7.167900073023149, 7.5039873970680855, 7.753682846647551, 8.05548447985646, 8.397258719310805, 8.782832861331391, 9.126751898153744, 9.502618670029598, 9.819678552658702, 10.022205125548039, 10.30417968009774, 10.203460919386407, 10.211328273224975, 10.24548153688906, 10.304254316750637, 10.386790751999081, 10.513826977895889, 10.914124043439084, 11.351322907419316, 11.813766302188924, 12.058452437506016, 11.96095232203779, 12.019864354985163, 12.285766648383323, 12.56837896003239, 12.828118488847318, 12.953355074948384, 13.19303263554172, 13.370209140122544, 13.31300052232589, 13.125661408766165, 13.33371045084426, 13.679912865185447, 14.036667029461787, 14.402688980859349, 14.63389551750923, 14.803902091769794, 15.08498963190189, 15.36396549583643, 15.619184947945328, 15.751360566619615, 15.805675340646589, 15.87479976119101, 16.065861528670812, 16.306633303451942, 16.578135875223314, 16.860097523486765, 17.33309363344011, 17.827471271034483, 18.259738473635377, 18.652998172205397, 19.038420105173994, 19.41402475525403, 19.794361803645934
1AKD.pdb, 36, 36, 0.08261668615662539, 2.4935436072753756, 0.6197177301146808, -, -, -, 1.645758285515687, 32.57673494484553, , length, 0.0, 0.5, 1.0, 1.5, 2.0, 2.5, 3.0, 3.5, 4.0, 4.5, 5.0, 5.5, 6.0, 6.5, 7.0, 7.5, 8.0, 8.5, 9.0, 9.5, 10.0, 10.5, 11.0, 11.5, 12.0, 12.5, 13.0, 13.5, 14.0, 14.5, 15.0, 15.5, 16.0, 16.5, 17.0, 17.5, 18.0, 18.5, 19.0, 19.5, 20.0, 20.5, 21.0, 21.5, 22.0, 22.5, 23.0, 23.5, 24.0, 24.5, 25.0, 25.5, 26.0, 26.5, 27.0, 27.5, 28.0, 28.5, 29.0, 29.5, 30.0, 30.5, 31.0, 31.5, 32.0, 32.5, 33.0, 33.5, 34.0, 34.5
1AKD.pdb, 36, 36, 0.08261668615662539, 2.4935436072753756, 0.6197177301146808, -, -, -, 1.645758285515687, 32.57673494484553, , R, 3.4839028770087492, 3.392064938753332, 3.1860648088749364, 3.016821944554199, 2.742318781609861, 2.4681329959984497, 2.2400571994832132, 2.043866617404972, 1.8709467881414192, 1.76121942981765, 1.6155805064930404, 1.4576065334450194, 1.2856470295206908, 1.2077092752712026, 1.2651572022279676, 1.411589764382005, 1.3374204827238074, 1.2681290238906442, 1.2179111572570993, 1.181985028807238, 1.1960748006594208, 1.2542127886893248, 1.361435269344112, 1.5263477799441456, 1.7120273791953617, 1.735914961716416, 1.6972766743147396, 1.5356693934398709, 1.3530108510487318, 1.2412849390267282, 1.2139217926519916, 1.2771346449856718, 1.2201408706711456, 1.1085299840099943, 1.1309984353298992, 1.1471255303644927, 1.1447869358609943, 1.0722803433821482, 0.9669527189890008, 0.7697332105588397, 0.6641628516143969, 0.6203360711486874, 0.6868973954022017, 0.7817990169173479, 0.9362069442704368, 0.9355045299482856, 0.8802005922084009, 0.8754496440437336, 0.7841621889754031, 0.7986456468299048, 0.9173472803232681, 0.8861410621538717, 0.7940975733953572, 0.6513995387552587, 0.6439981287345691, 0.7652458179439585, 0.7560801089196785, 0.7892255645540383, 0.8463146472833714, 0.9195046487146001, 0.900927580357938, 0.8382620149530484, 0.8803976989247149, 0.7641049988567405, 0.7182977347521264, 0.7431554115122556, 0.825688170541564, 0.8618764957288856, 0.811427701481406, 0.858603440778333
1AKD.pdb, 36, 36, 0.08261668615662539, 2.4935436072753756, 0.6197177301146808, -, -, -, 1.645758285515687, 32.57673494484553, , Upper limit of R overestimation, -, -, -, -, -, -, -, -, -, -, -, -, -, -, -, -, -, -, -, -, -, -, -, -, -, -, -, -, -, -, -, -, -, -, -, -, -, -, -, -, -, -, -, -, -, -, -, -, -, -, -, -, -, -, -, -, -, -, -, -, -, -, -, -, -, -, -, -, -, -
1AKD.pdb, 37, 37, 0.0815045742443866, 2.507096134612313, 0.615600307740173, -, -, -, 1.3052532334052536, 33.62165171840888, , X, 16.975476231179453, 16.949592445914732, 16.785918171590282, 16.655331039004516, 16.530481243656258, 16.46296153352485, 16.394919327665868, 16.36034842733377, 16.416895031098353, 16.467630384568402, 16.424945381057814, 16.258133424689778, 16.01367278685742, 15.816060725294275, 15.8194960641873, 16.03140198590319, 16.01871729112267, 16.006640952208993, 15.947439739072738, 15.817893538645306, 15.64631310551432, 15.452910868742283, 15.525613542825159, 15.361998006058105, 15.056730314497017, 14.602725963815406, 14.202475207887224, 13.956946022762988, 13.743917879382408, 13.507702436087413, 13.145488227160161, 12.769131958411878, 12.50623574263218, 12.611357747757552, 12.712979202423988, 12.644384560184998, 12.496288035708448, 12.335334890162688, 12.174381744616928, 12.024824013269999, 12.076626149736867, 12.134608194942544, 12.001452587034539, 11.923965343734885, 12.252507781036627, 12.612565415892727, 12.972429989862382, 13.190868714883159, 13.283893134455703, 13.375683937055708, 13.439658064368855, 13.375738917420573, 13.252480164665437, 13.140558250956918, 12.984184890246873, 12.770794315709427, 12.568085816078964, 12.499675878123307, 12.522434993172947, 12.563558814982077, 12.53473827005734, 12.412211927200369, 12.447416991948476, 12.482622056696583, 12.461573468917635, 12.207984656677679, 12.135849715621667, 12.356602017762281, 12.584693640949448, 12.810503179759786, 13.056406103736391
1AKD.pdb, 37, 37, 0.0815045742443866, 2.507096134612313, 0.615600307740173, -, -, -, 1.3052532334052536, 33.62165171840888, , Y, 24.106161642832348, 23.653979868024248, 23.182435238713914, 22.70040718332708, 22.270015569871905, 21.827672392416137, 21.384855178045214, 20.938007850356648, 20.49393346445486, 20.052298455891044, 19.610314085411947, 19.31904696303364, 19.02089274918667, 18.675084564146413, 18.239366372473796, 17.808360335416115, 17.538951999698476, 17.379719926502773, 17.32088652772691, 17.262293080298523, 17.171327767220358, 17.038024189953198, 16.888574471390662, 16.76348280713068, 16.682771845276534, 16.667209096189573, 16.647630965971608, 16.626847362949807, 16.586186692302565, 16.555578919951593, 16.591517745907456, 16.58661690469701, 16.537148049492554, 16.67575732291924, 16.79865224832547, 16.466678604647804, 16.15817020060421, 15.856736501013469, 15.555302801422727, 15.255629946046977, 15.13119237398362, 15.003015569840212, 14.560146282277007, 14.152426896934058, 13.987922978402676, 13.898737909848613, 13.815890704932906, 13.951610025760449, 14.043453834823929, 14.14027092158079, 14.138299500318912, 14.005894784321036, 13.522916268000678, 13.040677766230251, 12.573156197286838, 12.166553256346571, 11.806156292692734, 11.328114584954353, 10.965065588106606, 10.891830508734792, 10.836457182908699, 10.623704786394985, 10.168884916711619, 9.714065047028255, 9.25632415929917, 9.039418261116865, 8.571418008525592, 8.185256653864673, 7.7482313523073305, 7.308990346818425, 6.880489944908679
1AKD.pdb, 37, 37, 0.0815045742443866, 2.507096134612313, 0.615600307740173, -, -, -, 1.3052532334052536, 33.62165171840888, , Z, 7.833481663061395, 7.996496743666693, 7.972059608679927, 7.947905053411691, 7.750123557649863, 7.527023575350206, 7.305070441526917, 7.091723835429746, 6.869012314873133, 6.640264881628246, 6.607957737523736, 6.252146979014842, 5.934651079714146, 5.632382701804837, 5.445346374270013, 5.38790389867925, 5.1251313735685144, 4.651317793239457, 4.224772715304003, 3.745414196162774, 3.2886649998638764, 2.8473628583801265, 2.438860840611367, 2.0212947148642586, 1.6985175312751248, 1.5504380728829696, 1.2869631725286839, 0.8915559128509226, 0.4421892952964233, 0.002569654446904379, -0.3357943209150647, -0.6602944832179369, -1.0103789935465035, -1.479115802104805, -1.9530038872693032, -2.3096376550629647, -2.6741645352542722, -3.03917386347749, -3.4041831917007075, -3.7692034607429914, -4.250692639558513, -4.708705674644339, -4.868701522158498, -4.778657002780489, -5.060032838812, -5.395300676710059, -5.732246179016053, -6.063276713993355, -6.545768946781983, -7.027582376216974, -7.515326732793111, -7.906866669621658, -7.944465419860901, -8.014579229101043, -8.056547953048442, -8.175869377420868, -8.281320279336668, -8.25107509088625, -8.534712103266394, -9.025924951875938, -9.508722559432014, -9.88426251367498, -10.088956161737855, -10.29364980980073, -10.445234201384524, -10.639006239803535, -10.709363118366568, -10.675452573440088, -10.758606453993021, -10.836564078888594, -10.912951234483193
1AKD.pdb, 37, 37, 0.0815045742443866, 2.507096134612313, 0.615600307740173, -, -, -, 1.3052532334052536, 33.62165171840888, , distance, 0.0, 0.48136498035584724, 0.9531036536666069, 1.4462818732013931, 1.8911376242639306, 2.355440752618884, 2.8322735765729075, 3.311462719508555, 3.780265399855291, 4.256228427828055, 4.692295639509927, 5.092314507425419, 5.5127654739200445, 5.973749173438689, 6.438848270331532, 6.821614771439965, 7.167900073023149, 7.5039873970680855, 7.753682846647551, 8.05548447985646, 8.397258719310805, 8.782832861331391, 9.126751898153744, 9.502618670029598, 9.819678552658702, 10.022205125548039, 10.30417968009774, 10.641522439849144, 11.028336026048779, 11.417527641116314, 11.742050549665366, 12.09880648795439, 12.469079702773975, 12.68782526845905, 12.936146021817587, 13.416516897279058, 13.915614376848627, 14.415219909313311, 14.914851879337236, 15.409840063434986, 15.829594880265521, 16.236001200560388, 16.649708049913492, 16.84222786225438, 17.056608715140992, 17.2692551153741, 17.4912271459385, 17.62265774468838, 17.93456780326895, 18.25181379502578, 18.639908931471584, 19.04552611442929, 19.359994745006283, 19.70564800710861, 20.03580950139109, 20.40913812904192, 20.74613370069949, 21.02437255626728, 21.457766634926543, 21.8706002207694, 22.283564736992524, 22.727042982005827, 23.150913169856743, 23.57776661370946, 23.979250302869122, 24.309844536008534, 24.669562971034864, 24.847331068713245, 25.15008142524908, 25.457073124638484, 25.758719348807055
1AKD.pdb, 37, 37, 0.0815045742443866, 2.507096134612313, 0.615600307740173, -, -, -, 1.3052532334052536, 33.62165171840888, , length, 0.0, 0.5, 1.0, 1.5, 2.0, 2.5, 3.0, 3.5, 4.0, 4.5, 5.0, 5.5, 6.0, 6.5, 7.0, 7.5, 8.0, 8.5, 9.0, 9.5, 10.0, 10.5, 11.0, 11.5, 12.0, 12.5, 13.0, 13.5, 14.0, 14.5, 15.0, 15.5, 16.0, 16.5, 17.0, 17.5, 18.0, 18.5, 19.0, 19.5, 20.0, 20.5, 21.0, 21.5, 22.0, 22.5, 23.0, 23.5, 24.0, 24.5, 25.0, 25.5, 26.0, 26.5, 27.0, 27.5, 28.0, 28.5, 29.0, 29.5, 30.0, 30.5, 31.0, 31.5, 32.0, 32.5, 33.0, 33.5, 34.0, 34.5, 35.0
1AKD.pdb, 37, 37, 0.0815045742443866, 2.507096134612313, 0.615600307740173, -, -, -, 1.3052532334052536, 33.62165171840888, , R, 3.4839028770087492, 3.392064938753332, 3.1860648088749364, 3.016821944554199, 2.742318781609861, 2.4681329959984497, 2.2400571994832132, 2.043866617404972, 1.8709467881414192, 1.76121942981765, 1.6155805064930404, 1.4576065334450194, 1.2856470295206908, 1.2077092752712026, 1.2651572022279676, 1.411589764382005, 1.3374204827238074, 1.2681290238906442, 1.2179111572570993, 1.181985028807238, 1.1960748006594208, 1.2542127886893248, 1.361435269344112, 1.5263477799441456, 1.7120273791953617, 1.735914961716416, 1.6972766743147396, 1.4965069501254495, 1.373104691971771, 1.3202735657080606, 1.2757798751234648, 1.2771620838916546, 1.258272652160617, 1.2207062907372905, 1.2620323620177056, 1.0238869280001017, 0.798757105448614, 0.6564972871652199, 0.6242122954611311, 0.6957650101927682, 0.7170682860681881, 0.829552572654944, 1.0430357400429306, 1.1389964496705738, 1.035634163431428, 1.0007621815319987, 1.0630786870938729, 1.0976507972878107, 1.0027029452790148, 0.9983670721411135, 1.051080545796137, 1.0351559675858564, 0.9353765828832055, 0.9207896197828616, 0.9544090509936751, 0.9689696916983919, 1.0501227945912488, 1.0767216263333412, 1.0316272485197016, 0.9948890417303708, 0.9830514817771201, 0.8610458847650406, 0.7183928623214979, 0.6825952208309007, 0.6814077259294091, 0.6217137524216247, 0.6542666789078759, 0.6842443843979029, 0.7204645365907871, 0.8601452677138406, 1.0803035085034205
1AKD.pdb, 37, 37, 0.0815045742443866, 2.507096134612313, 0.615600307740173, -, -, -, 1.3052532334052536, 33.62165171840888, , Upper limit of R overestimation, -, -, -, -, -, -, -, -, -, -, -, -, -, -, -, -, -, -, -, -, -, -, -, -, -, -, -, -, -, -, -, -, -, -, -, -, -, -, -, -, -, -, -, -, -, -, -, -, -, -, -, -, -, -, -, -, -, -, -, -, -, -, -, -, -, -, -, -, -, -, -
1AKD.pdb, 38, 38, 0.0738989115665201, 2.6050571796003146, 0.6445757110970125, -, -, -, 1.599224436627159, 27.883730468453216, , X, 16.975476231179453, 16.92097252699672, 16.7031161629929, 16.585331941295674, 16.474334720627677, 16.476914263018656, 16.557735320251496, 16.638556377484335, 16.720176486278913, 16.79389162910774, 16.860070906260415, 16.926250183413092, 16.859826743453908, 16.65623465763987, 16.454599349151415, 16.42090056800374, 16.515242942428387, 16.609585316853035, 16.70392769127768, 16.792179027510564, 16.8827203927041, 17.164637504617147, 17.449790010993972, 17.74930580063361, 18.075218320860795, 18.33210321727509, 18.35505852737593, 18.38217112920854, 18.404698700714686, 18.366750348379437, 18.32706945850976, 18.146397225960225, 17.860822490046484, 17.57978125864657, 17.298740027246655, 17.418131845565018, 17.73472371723541, 18.148764032147863, 18.60467979442018, 19.092220339776198, 19.5822714047514, 20.07018883041529, 20.557511096207897, 20.9937617746563, 21.173617524365376, 21.423707426101267, 21.671739838790703, 21.955439945189116, 22.21819373892094, 22.48435816841093, 22.77917014142673, 23.120539812568605, 23.588062657462924, 23.833094046410434, 24.057026658739588, 24.49059016264117, 24.929419963776436, 25.36693779214858, 25.801716749252535
1AKD.pdb, 38, 38, 0.0738989115665201, 2.6050571796003146, 0.6445757110970125, -, -, -, 1.599224436627159, 27.883730468453216, , Y, 24.106161642832348, 23.785268776737226, 23.89076221597157, 23.94894477500368, 23.998498620567677, 23.993034132207413, 23.953677504089338, 23.914320875971264, 23.882822965061695, 23.856022507483118, 23.82592067834964, 23.795818849216165, 23.70923456954449, 23.557917823218308, 23.41950104325012, 23.69685029052638, 24.18638665879966, 24.675923027072937, 25.165459395346215, 25.655892052349245, 26.13325561152694, 26.25456676993921, 26.345594848881966, 26.44873476663741, 26.576302073464387, 26.541197318635678, 26.898550051111073, 27.25415827882895, 27.583857730649598, 27.56460288369937, 27.53298076712902, 27.693827054095053, 28.03487501075557, 28.377338135133943, 28.71980125951232, 29.059337656078515, 29.3117560584182, 29.330123112795693, 29.362772687346407, 29.401378847421533, 29.420428310668203, 29.43712591253153, 29.453765639219075, 29.584564437927853, 29.907684425758646, 30.0713249791182, 30.4976281215315, 30.908620223305995, 31.32875485104054, 31.68389501375519, 31.987145673704653, 32.20137140558064, 32.35701056461571, 32.58060021566439, 32.8331494756776, 33.06152482768921, 33.15189216396915, 33.17060356615247, 33.19576440324436
1AKD.pdb, 38, 38, 0.0738989115665201, 2.6050571796003146, 0.6445757110970125, -, -, -, 1.599224436627159, 27.883730468453216, , Z, 7.833481663061395, 8.091228761438945, 8.52330912351079, 9.004730786571944, 9.489673178518816, 9.97826031841839, 10.470112951359337, 10.961965584300284, 11.454183096980078, 11.947911708941911, 12.442597652908756, 12.937283596875602, 13.400528038828405, 13.831403316461213, 14.264626457911541, 14.507389107517307, 14.54551600780738, 14.583642908097453, 14.621769808387526, 14.661535169723281, 14.73379459251562, 15.125918335835488, 15.526420441886136, 15.91303888374915, 16.26433061047611, 16.60386677783722, 16.952701975942915, 17.30312899882074, 17.665020520026804, 18.163206402428106, 18.6603992064162, 19.005666781129825, 19.233793676110643, 19.46560142985116, 19.697409183591674, 19.952502137077825, 20.157112460505925, 20.4086197086331, 20.332815369734934, 20.436627538678685, 20.53374754543357, 20.64155672572689, 20.752191841122162, 20.795040066995842, 20.869019781868094, 21.160058129280884, 21.129218308287545, 21.104728679696866, 21.117397902848335, 21.21879785253534, 21.38353544263753, 21.230207895095575, 21.20301556332448, 20.935475755141177, 20.57857650650392, 20.481970201122355, 20.298664854467997, 20.057556396810146, 19.81192620579847
1AKD.pdb, 38, 38, 0.0738989115665201, 2.6050571796003146, 0.6445757110970125, -, -, -, 1.599224436627159, 27.883730468453216, , distance, 0.0, 0.4151824321938812, 0.7722945325616373, 1.244489541853608, 1.733696765825681, 2.20486674205756, 2.6738704964270013, 3.1524164561640715, 3.6365556503806498, 4.126024376707819, 4.619069559452475, 5.113465559963598, 5.582376846421303, 6.031380491093513, 6.488639216166823, 6.709406123233066, 6.7282728674089345, 6.784038696097268, 6.875805864186321, 7.004111428075079, 7.192498323105985, 7.604673510675399, 8.026290656388237, 8.447822555268493, 8.853826313237885, 9.202689312549852, 9.63643395917489, 10.077841734222712, 10.525977543328908, 10.981788227643305, 11.43643463031266, 11.792375477043583, 12.090729536312665, 12.406221965753835, 12.733536280501282, 13.09963945537333, 13.39949797553566, 13.667497011843386, 13.657218129420382, 13.833264865068747, 14.011907963470781, 14.214190547743199, 14.433326537606689, 14.63425816885943, 14.873039735213114, 15.26327535956944, 15.481677834127613, 15.722578627835459, 16.0035736691187, 16.33819184399994, 16.715164663505742, 16.815662379409357, 17.045446426698422, 17.044215453149214, 16.99253117287273, 17.223812861065323, 17.334106655887126, 17.37839859154866, 17.43578313952064
1AKD.pdb, 38, 38, 0.0738989115665201, 2.6050571796003146, 0.6445757110970125, -, -, -, 1.599224436627159, 27.883730468453216, , length, 0.0, 0.5, 1.0, 1.5, 2.0, 2.5, 3.0, 3.5, 4.0, 4.5, 5.0, 5.5, 6.0, 6.5, 7.0, 7.5, 8.0, 8.5, 9.0, 9.5, 10.0, 10.5, 11.0, 11.5, 12.0, 12.5, 13.0, 13.5, 14.0, 14.5, 15.0, 15.5, 16.0, 16.5, 17.0, 17.5, 18.0, 18.5, 19.0, 19.5, 20.0, 20.5, 21.0, 21.5, 22.0, 22.5, 23.0, 23.5, 24.0, 24.5, 25.0, 25.5, 26.0, 26.5, 27.0, 27.5, 28.0, 28.5, 29.0
1AKD.pdb, 38, 38, 0.0738989115665201, 2.6050571796003146, 0.6445757110970125, -, -, -, 1.599224436627159, 27.883730468453216, , R, 3.4839028770087492, 3.3872237510929115, 3.119849226674783, 2.810184379568937, 2.528604608872947, 2.2239321654875934, 1.9163807162580628, 1.6581121431390575, 1.4569225754650983, 1.3214531140841883, 1.2676179990073284, 1.3027242899795457, 1.3668507648882047, 1.4504663892692307, 1.6040309690863364, 1.4794997567646515, 1.2050248972281037, 1.0008178415337516, 0.8848460428635998, 0.8665477864653726, 0.9194804997396848, 0.7482262461686124, 0.6629308796093389, 0.6808785358913059, 0.7877049892125241, 0.8301291079758748, 0.6861125755148634, 0.6456237232572026, 0.7056961602978542, 0.7004159700945429, 0.7997731301228819, 0.8606669965068132, 0.907552155323557, 1.0501240348538796, 1.2760804069717206, 1.2543782445162548, 1.1249239232707353, 0.8269228033177711, 0.7580750598344816, 0.6753083042087251, 0.693066644264984, 0.8122594390913362, 1.024316083531711, 1.2296366846002962, 1.1806783122997389, 1.2273406773228457, 1.1034523572409705, 1.0527410769329628, 1.0681464125191829, 1.059066660829401, 1.0331067789325896, 0.9873022669334586, 0.8656549243436364, 0.7983149229717559, 0.8174907307554062, 0.8590735739230313, 0.8602095788503239, 0.8802112738276349, 1.0000974978082589
1AKD.pdb, 38, 38, 0.0738989115665201, 2.6050571796003146, 0.6445757110970125, -, -, -, 1.599224436627159, 27.883730468453216, , Upper limit of R overestimation, -, -, -, -, -, -, -, -, -, -, -, -, -, -, -, -, -, -, -, -, -, -, -, -, -, -, -, -, -, -, -, -, -, -, -, -, -, -, -, -, -, -, -, -, -, -, -, -, -, -, -, -, -, -, -, -, -, -, -
1AKD.pdb, 39, 39, 0.07354826115919878, 2.6098134738294023, 0.6907192140822551, -, -, -, 1.4403884381398198, 32.42801935461242, , X, 16.975476231179453, 16.861445593770245, 16.768524230865616, 16.824456608350108, 16.94694072956016, 16.98374458551572, 17.06431526100267, 17.14338659931788, 17.22222293248437, 17.474113440692893, 17.760641495198975, 18.043782774702905, 18.322122094494834, 18.59466556933698, 18.859098967250844, 18.963158400701985, 18.986549329949227, 19.00994025919647, 18.956704580416, 18.89969183830977, 18.939570814766423, 19.01648890779464, 19.351153579060497, 19.650139856406142, 19.700751955755855, 19.64051677716039, 19.573486783508795, 19.515601317119277, 19.46629051484767, 19.409005223517994, 19.338853048852073, 19.180882956600186, 19.004257907578825, 19.134119208337523, 19.263980509096225, 19.393841809854923, 19.51443331245305, 19.354725597430896, 19.198094390251246, 19.042526817040045, 18.830970228780654, 18.638867124995222, 18.45441710073345, 18.40518528110527, 18.686916734473066, 18.96864818784086, 19.255407460296425, 19.500646712528575, 19.73006119509587, 19.971335026909678, 20.198109877720967, 20.45415900755075, 20.740479327797576, 20.920957726769704, 20.96944096420945, 21.031372425526296, 21.095103142646497, 21.151756857950915, 21.20852448076191, 21.422659761078464, 21.615353686858313, 21.839453695475616, 21.97120247740132, 22.102128501768615, 22.2282952301507, 22.218350607308373, 22.50472401916209
1AKD.pdb, 39, 39, 0.07354826115919878, 2.6098134738294023, 0.6907192140822551, -, -, -, 1.4403884381398198, 32.42801935461242, , Y, 24.106161642832348, 24.51353382993465, 24.99428727336601, 25.463931093405556, 25.8690885060771, 26.355908073427187, 26.8446697201522, 27.330938308244086, 27.816816135921385, 28.234492860606004, 28.63532707631461, 29.04005867701829, 29.450316208944628, 29.862012796852778, 30.276321824333678, 30.72667281846048, 31.177909583596847, 31.629146348733215, 32.09661027401898, 32.57330402710646, 33.01534593183979, 33.37162300337525, 33.654062616809206, 33.983403476572136, 34.45704541438754, 34.95153264689675, 35.443011241255604, 35.93506172375449, 36.427978572226856, 36.921262535953126, 37.41467180756261, 37.5551624279685, 37.65084203330041, 37.85875097621991, 38.06665991913941, 38.27456886205891, 38.46894078948944, 38.7927731401297, 39.122777858171986, 39.42220887122258, 39.234419643210934, 38.924245608132416, 38.6136130599191, 38.24227036465935, 38.03992432410767, 37.837578283556, 37.64960519347414, 37.447437255309076, 37.37035577818462, 37.3277794925907, 37.28496842820764, 37.304926115951304, 37.341414116796, 37.692235638150756, 38.17736720868761, 38.66675717097276, 39.15665680445059, 39.65052093863806, 40.14434770874374, 40.586554544357256, 41.03725655068524, 41.4564964616562, 41.88917216054769, 42.32150107903641, 42.75684733244899, 43.247185483153395, 43.57089431995608
1AKD.pdb, 39, 39, 0.07354826115919878, 2.6098134738294023, 0.6907192140822551, -, -, -, 1.4403884381398198, 32.42801935461242, , Z, 7.833481663061395, 7.660891272805339, 7.55976345376874, 7.597617479922523, 7.7412596988857, 7.67710197042939, 7.609128306836561, 7.5240210524142945, 7.436228289930985, 7.35026442431616, 7.265213818802579, 7.188484644262032, 7.123554061672044, 7.045900339307359, 6.984374207711011, 6.889947144538514, 6.67584846117447, 6.461749777810428, 6.480407563641051, 6.60365829179061, 6.795301963240301, 7.109455527803325, 7.350640546188862, 7.52472469038979, 7.593389234008702, 7.636448497181172, 7.698824974134851, 7.765502356878391, 7.8333361631360505, 7.888517170574961, 7.925968440062095, 8.341666857203984, 8.798318358553413, 9.234104904948955, 9.669891451344496, 10.105677997740038, 10.548173361301483, 10.894043357746979, 11.235308856636756, 11.58030420797054, 11.975844899788235, 12.317734451367564, 12.662953061303421, 12.931293371086298, 13.29140928028267, 13.651525189479043, 14.015090798655697, 14.395027288773134, 14.826298234829855, 15.26192895261159, 15.7054832106296, 16.13029632887022, 16.533821299545217, 16.707788968187057, 16.80274622353457, 16.883883168837876, 16.959929301891396, 17.013674752912525, 17.06744840306703, 17.160180254447365, 17.14646675589979, 17.16871025381888, 17.38186277679211, 17.596214877879493, 17.807164190659435, 17.817136206919482, 17.702833295897676
1AKD.pdb, 39, 39, 0.07354826115919878, 2.6098134738294023, 0.6907192140822551, -, -, -, 1.4403884381398198, 32.42801935461242, , distance, 0.0, 0.4568834948881417, 0.9521123484878713, 1.3863537500498049, 1.7655679796255583, 2.2551900088297065, 2.7491186389851126, 3.2439396269127005, 3.7400068107090676, 4.186317786572878, 4.631711601394454, 5.089267134779225, 5.5567472775804365, 6.030910458758899, 6.50691130629281, 6.976554021958046, 7.442724539872034, 7.913026673247586, 8.342861896134508, 8.769696196723055, 9.181995933232237, 9.515183698402996, 9.850857394879192, 10.23762973634344, 10.706333032448525, 11.169750910202971, 11.631506784211444, 12.098749264396288, 12.571051199418804, 13.044228730151294, 13.517046518783648, 13.638097122937257, 13.72972074804844, 13.991254351964116, 14.265523644904096, 14.551808526271946, 14.835945500462408, 15.189615620756546, 15.556709880138083, 15.902599787765086, 15.794499716234727, 15.570838279866113, 15.361549619136978, 15.095076083717794, 15.062129495169053, 15.045735870513418, 15.061050465494976, 15.080450985505708, 15.245526163112494, 15.458595590241323, 15.685494071625271, 15.973282413901966, 16.28014330886791, 16.700346133661988, 17.158038556927295, 17.617349502384883, 18.077078774068653, 18.529553987012168, 18.984421284927745, 19.451686254713206, 19.872647758209506, 20.293814031378336, 20.79337215781543, 21.293006225128956, 21.792533751038192, 22.215757547981706, 22.513384928645618
1AKD.pdb, 39, 39, 0.07354826115919878, 2.6098134738294023, 0.6907192140822551, -, -, -, 1.4403884381398198, 32.42801935461242, , length, 0.0, 0.5, 1.0, 1.5, 2.0, 2.5, 3.0, 3.5, 4.0, 4.5, 5.0, 5.5, 6.0, 6.5, 7.0, 7.5, 8.0, 8.5, 9.0, 9.5, 10.0, 10.5, 11.0, 11.5, 12.0, 12.5, 13.0, 13.5, 14.0, 14.5, 15.0, 15.5, 16.0, 16.5, 17.0, 17.5, 18.0, 18.5, 19.0, 19.5, 20.0, 20.5, 21.0, 21.5, 22.0, 22.5, 23.0, 23.5, 24.0, 24.5, 25.0, 25.5, 26.0, 26.5, 27.0, 27.5, 28.0, 28.5, 29.0, 29.5, 30.0, 30.5, 31.0, 31.5, 32.0, 32.5, 33.0
1AKD.pdb, 39, 39, 0.07354826115919878, 2.6098134738294023, 0.6907192140822551, -, -, -, 1.4403884381398198, 32.42801935461242, , R, 3.4839028770087492, 3.2908457321196, 3.0479396872816387, 2.7910404180593402, 2.5496294029017768, 2.2240638777902673, 1.9065532225788857, 1.6267968005783997, 1.4046616335827342, 1.1362352628933032, 0.9155653941431785, 0.7799252524178724, 0.7429179082852859, 0.8081586904940625, 0.9459630600413877, 0.9936900810668385, 1.0496330143682573, 1.1979753187637274, 1.3294892985701803, 1.4688421188572502, 1.5614338730217585, 1.6011054822722723, 1.5167236316240778, 1.4649605551393443, 1.2525541378432608, 1.0166756048050822, 0.8504055027039876, 0.7745956043368287, 0.8011682583343909, 0.9280212249166975, 1.1379815614602595, 1.0449187368232122, 0.9742987596381973, 0.863036388955853, 0.8540679349679197, 0.948508596014594, 1.1213988236481671, 1.1824919182232279, 1.3247077004264511, 1.505359580632427, 1.4102640380696707, 1.303903304111513, 1.2774573371863318, 1.1800104975889765, 0.9410190563400311, 0.7872002306360146, 0.7158258538746769, 0.7157282841523407, 0.6909145188446981, 0.7490916288699458, 0.9044304574617819, 1.108153371883931, 1.3515340028221932, 1.2277770861314234, 0.9870543273433801, 0.808695701749051, 0.7248822312802243, 0.7422216528050938, 0.8665128814769374, 0.9869231070743596, 1.146104493663548, 1.2508750343156545, 1.3679458945934018, 1.5621140766114867, 1.8157545416130754, 1.9582568701766614, 1.9612013607461383
1AKD.pdb, 39, 39, 0.07354826115919878, 2.6098134738294023, 0.6907192140822551, -, -, -, 1.4403884381398198, 32.42801935461242, , Upper limit of R overestimation, -, -, -, -, -, -, -, -, -, -, -, -, -, -, -, -, -, -, -, -, -, -, -, -, -, -, -, -, -, -, -, -, -, -, -, -, -, -, -, -, -, -, -, -, -, -, -, -, -, -, -, -, -, -, -, -, -, -, -, -, -, -, -, -, -, -, -
1AKD.pdb, 40, 40, 0.07161409990118534, 2.636463298408707, 0.741878362530664, -, -, -, 1.2600117539272069, 33.18994808021732, , X, 16.975476231179453, 16.861445593770245, 16.768524230865616, 16.824456608350108, 16.94694072956016, 16.98374458551572, 17.06431526100267, 17.14338659931788, 17.22222293248437, 17.474113440692893, 17.760641495198975, 18.043782774702905, 18.322122094494834, 18.59466556933698, 18.859098967250844, 18.963158400701985, 18.986549329949227, 19.00994025919647, 18.956704580416, 18.89969183830977, 18.939570814766423, 19.01648890779464, 19.351153579060497, 19.650139856406142, 19.700751955755855, 19.64051677716039, 19.573486783508795, 19.515601317119277, 19.46629051484767, 19.409005223517994, 19.338853048852073, 19.180882956600186, 19.004257907578825, 19.134119208337523, 19.263980509096225, 19.393841809854923, 19.51443331245305, 19.354725597430896, 19.198094390251246, 19.042526817040045, 19.23544676815352, 19.56475341610132, 19.785781894067675, 19.766534293231132, 19.728878036705908, 19.602463016366187, 19.476047996026466, 19.348645757658367, 19.155663898088793, 18.884978399643774, 18.5654983034739, 18.239588138509863, 17.891577134576863, 17.477505588004437, 17.06343404143201, 16.854866682593773, 16.525908355047886, 16.14851909839278, 15.771129841737675, 15.450247621929266, 15.051445744636748, 14.659342205612178, 14.613335886397163, 14.53685760010873, 14.416257329398613, 14.297237703031366, 14.188978303693458, 14.08434070478894, 13.965132664054048
1AKD.pdb, 40, 40, 0.07161409990118534, 2.636463298408707, 0.741878362530664, -, -, -, 1.2600117539272069, 33.18994808021732, , Y, 24.106161642832348, 24.51353382993465, 24.99428727336601, 25.463931093405556, 25.8690885060771, 26.355908073427187, 26.8446697201522, 27.330938308244086, 27.816816135921385, 28.234492860606004, 28.63532707631461, 29.04005867701829, 29.450316208944628, 29.862012796852778, 30.276321824333678, 30.72667281846048, 31.177909583596847, 31.629146348733215, 32.09661027401898, 32.57330402710646, 33.01534593183979, 33.37162300337525, 33.654062616809206, 33.983403476572136, 34.45704541438754, 34.95153264689675, 35.443011241255604, 35.93506172375449, 36.427978572226856, 36.921262535953126, 37.41467180756261, 37.5551624279685, 37.65084203330041, 37.85875097621991, 38.06665991913941, 38.27456886205891, 38.46894078948944, 38.7927731401297, 39.122777858171986, 39.42220887122258, 39.61296917386266, 39.96684735983207, 40.38137145176907, 40.81596142197152, 41.25802523192163, 41.681049552203895, 42.10407387248616, 42.52179042965246, 42.92842920915858, 43.34789097505633, 43.71931978140563, 44.08465879125785, 44.38470595280239, 44.461025830803024, 44.53734570880366, 44.719939749507994, 44.9599115073548, 45.18414260182414, 45.408373696293474, 45.66002339593372, 45.798228672017984, 46.00154142303649, 46.43010765311583, 46.92259809436348, 47.407805051356696, 47.893210275909915, 48.379965205706995, 48.8681826149051, 49.35370158720491
1AKD.pdb, 40, 40, 0.07161409990118534, 2.636463298408707, 0.741878362530664, -, -, -, 1.2600117539272069, 33.18994808021732, , Z, 7.833481663061395, 7.660891272805339, 7.55976345376874, 7.597617479922523, 7.7412596988857, 7.67710197042939, 7.609128306836561, 7.5240210524142945, 7.436228289930985, 7.35026442431616, 7.265213818802579, 7.188484644262032, 7.123554061672044, 7.045900339307359, 6.984374207711011, 6.889947144538514, 6.67584846117447, 6.461749777810428, 6.480407563641051, 6.60365829179061, 6.795301963240301, 7.109455527803325, 7.350640546188862, 7.52472469038979, 7.593389234008702, 7.636448497181172, 7.698824974134851, 7.765502356878391, 7.8333361631360505, 7.888517170574961, 7.925968440062095, 8.341666857203984, 8.798318358553413, 9.234104904948955, 9.669891451344496, 10.105677997740038, 10.548173361301483, 10.894043357746979, 11.235308856636756, 11.58030420797054, 11.705859998395507, 11.628952028243274, 11.558726476167779, 11.312228833863712, 11.141170772659422, 11.375840044363734, 11.610509316068047, 11.853576491020297, 12.019729332330511, 12.044055311276338, 12.137624882899923, 12.239162916430777, 12.37106444534845, 12.640730962626897, 12.910397479905344, 13.29451914782296, 13.545645557405495, 13.785015073498062, 14.024384589590632, 14.20254217110247, 14.459020875238838, 14.693275568734123, 14.617287782743883, 14.632913737674965, 14.638371172056955, 14.647834842186992, 14.684570938512428, 14.706597332928347, 14.714392880444874
1AKD.pdb, 40, 40, 0.07161409990118534, 2.636463298408707, 0.741878362530664, -, -, -, 1.2600117539272069, 33.18994808021732, , distance, 0.0, 0.4568834948881417, 0.9521123484878713, 1.3863537500498049, 1.7655679796255583, 2.2551900088297065, 2.7491186389851126, 3.2439396269127005, 3.7400068107090676, 4.186317786572878, 4.631711601394454, 5.089267134779225, 5.5567472775804365, 6.030910458758899, 6.50691130629281, 6.976554021958046, 7.442724539872034, 7.913026673247586, 8.342861896134508, 8.769696196723055, 9.181995933232237, 9.515183698402996, 9.850857394879192, 10.23762973634344, 10.706333032448525, 11.169750910202971, 11.631506784211444, 12.098749264396288, 12.571051199418804, 13.044228730151294, 13.517046518783648, 13.638097122937257, 13.72972074804844, 13.991254351964116, 14.265523644904096, 14.551808526271946, 14.835945500462408, 15.189615620756546, 15.556709880138083, 15.902599787765086, 16.141990602288622, 16.51276182371592, 16.930969291843503, 17.29477076006006, 17.683564497214817, 18.119769521108786, 18.559192915346543, 18.99811779206424, 19.40504171986706, 19.78937282161769, 20.1427354452157, 20.49752069227376, 20.800198501522335, 20.92085503544294, 21.052698001094893, 21.325227429137566, 21.626599618136183, 21.917707209985068, 22.21625458177175, 22.526877514146737, 22.762808156374934, 23.061415935975564, 23.451189691526135, 23.932590952754104, 24.40947988292451, 24.88839194355299, 25.375569636347276, 25.86031837129425, 26.34098291287429
1AKD.pdb, 40, 40, 0.07161409990118534, 2.636463298408707, 0.741878362530664, -, -, -, 1.2600117539272069, 33.18994808021732, , length, 0.0, 0.5, 1.0, 1.5, 2.0, 2.5, 3.0, 3.5, 4.0, 4.5, 5.0, 5.5, 6.0, 6.5, 7.0, 7.5, 8.0, 8.5, 9.0, 9.5, 10.0, 10.5, 11.0, 11.5, 12.0, 12.5, 13.0, 13.5, 14.0, 14.5, 15.0, 15.5, 16.0, 16.5, 17.0, 17.5, 18.0, 18.5, 19.0, 19.5, 20.0, 20.5, 21.0, 21.5, 22.0, 22.5, 23.0, 23.5, 24.0, 24.5, 25.0, 25.5, 26.0, 26.5, 27.0, 27.5, 28.0, 28.5, 29.0, 29.5, 30.0, 30.5, 31.0, 31.5, 32.0, 32.5, 33.0, 33.5, 34.0
1AKD.pdb, 40, 40, 0.07161409990118534, 2.636463298408707, 0.741878362530664, -, -, -, 1.2600117539272069, 33.18994808021732, , R, 3.4839028770087492, 3.2908457321196, 3.0479396872816387, 2.7910404180593402, 2.5496294029017768, 2.2240638777902673, 1.9065532225788857, 1.6267968005783997, 1.4046616335827342, 1.1362352628933032, 0.9155653941431785, 0.7799252524178724, 0.7429179082852859, 0.8081586904940625, 0.9459630600413877, 0.9936900810668385, 1.0496330143682573, 1.1979753187637274, 1.3294892985701803, 1.4688421188572502, 1.5614338730217585, 1.6011054822722723, 1.5167236316240778, 1.4649605551393443, 1.2525541378432608, 1.0166756048050822, 0.8504055027039876, 0.7745956043368287, 0.8011682583343909, 0.9280212249166975, 1.1379815614602595, 1.0449187368232122, 0.9742987596381973, 0.863036388955853, 0.8540679349679197, 0.948508596014594, 1.1213988236481671, 1.1824919182232279, 1.3247077004264511, 1.505359580632427, 1.5111515725964648, 1.5327276524146867, 1.4942447178569087, 1.3066149901533297, 1.1675026771428967, 0.9623363450503737, 0.8467101259482228, 0.8323833813314931, 0.844721380695709, 0.8392321406390613, 0.8780119907995032, 1.0102641119600637, 1.1717556940027993, 1.237217622709759, 1.3884272935327058, 1.4166152002820724, 1.214792455342034, 1.045524527975925, 0.9669142392725325, 0.9586838148264696, 1.0647196665790295, 1.242561220542549, 1.175544688970838, 0.9818130239375544, 0.8458679264819531, 0.8105477414972295, 0.8752839689433087, 1.028259731365801, 1.2469888439587695
1AKD.pdb, 40, 40, 0.07161409990118534, 2.636463298408707, 0.741878362530664, -, -, -, 1.2600117539272069, 33.18994808021732, , Upper limit of R overestimation, -, -, -, -, -, -, -, -, -, -, -, -, -, -, -, -, -, -, -, -, -, -, -, -, -, -, -, -, -, -, -, -, -, -, -, -, -, -, -, -, -, -, -, -, -, -, -, -, -, -, -, -, -, -, -, -, -, -, -, -, -, -, -, -, -, -, -, -, -
1AKD.pdb, 41, 41, 0.060637646193382105, 2.802839354473579, 0.6038704398959469, -, -, -, 1.3758728890177307, 36.39869173418886, , X, 16.975476231179453, 16.92097252699672, 16.7031161629929, 16.585331941295674, 16.474334720627677, 16.476914263018656, 16.557735320251496, 16.638556377484335, 16.720176486278913, 16.79389162910774, 16.860070906260415, 16.926250183413092, 16.859826743453908, 16.65623465763987, 16.454599349151415, 16.52071356678279, 16.91657715496806, 17.31349492741971, 17.716393615448663, 18.123916633940446, 18.58138610889937, 18.920774761925998, 19.187541988574758, 19.450849697543035, 19.692159719628627, 19.942834149904222, 20.360624307023013, 20.774319161947272, 21.210244545713874, 21.68192586387594, 22.016955995543885, 21.95851416467551, 21.90849903538024, 21.774991297726505, 21.90487656441114, 21.966835512498335, 22.13253139965019, 22.325461460899852, 22.503019979574805, 22.817800539796714, 23.153142750393968, 23.488484960991226, 23.411255958532156, 23.321766225781396, 23.225152129295594, 23.142876492453677, 23.139340412218225, 23.09443555621947, 23.05681943589094, 23.02271101530157, 22.978519763949286, 22.93278891920771, 22.86295254827812, 22.747712697992387, 22.371192020909337, 21.990063103279258, 21.634810663176662, 21.542580228834606, 21.412812461337747, 21.26089027476524, 21.407640507314795, 21.538729250249744, 21.729874436258147, 21.82902010358019, 21.928165770902236, 22.02731143822428, 22.073462465244976, 21.9389375105954, 21.74539331855664, 21.70546939255877, 21.539856593366405, 21.37509483463479, 21.197562117009756, 21.227303447256816, 21.463267489477523, 21.723197143278245
1AKD.pdb, 41, 41, 0.060637646193382105, 2.802839354473579, 0.6038704398959469, -, -, -, 1.3758728890177307, 36.39869173418886, , Y, 24.106161642832348, 23.785268776737226, 23.89076221597157, 23.94894477500368, 23.998498620567677, 23.993034132207413, 23.953677504089338, 23.914320875971264, 23.882822965061695, 23.856022507483118, 23.82592067834964, 23.795818849216165, 23.70923456954449, 23.557917823218308, 23.41950104325012, 23.391164590266087, 23.268789842626873, 23.156802779613088, 23.04190884435066, 22.9086764448501, 22.78484520823805, 22.68205762878358, 22.267354595367596, 21.849497049574087, 21.41515088067348, 21.031526641869053, 20.757621054526027, 20.47778947981698, 20.314490145968048, 20.259032525984093, 20.275623768692846, 20.285664130657057, 20.291557246604057, 20.321443103055422, 20.41896750374956, 20.421863725744856, 20.423745104673444, 20.433954285908627, 20.457367289419533, 20.47886257949345, 20.500070515197997, 20.521278450902546, 20.823625794308242, 21.286267118188263, 21.5898905819806, 21.868536063988802, 22.106833654318503, 22.157322364175332, 22.206375920761598, 22.239703484750468, 22.279772697971865, 22.331499552824464, 22.232953724183464, 22.15441042485825, 22.363289507501364, 22.612852300058293, 22.90784321372294, 23.25414357232793, 23.638504429274402, 24.075566461764627, 24.495601811609, 24.874034901638908, 25.06294950096617, 25.159476596966503, 25.256003692966832, 25.352530788967165, 25.39826435556838, 25.286322654875363, 25.1199507706968, 25.138097379865542, 25.509351696901728, 25.880423175401916, 26.244559866360934, 26.488844111007182, 26.67398120934624, 26.918436619860802
1AKD.pdb, 41, 41, 0.060637646193382105, 2.802839354473579, 0.6038704398959469, -, -, -, 1.3758728890177307, 36.39869173418886, , Z, 7.833481663061395, 8.091228761438945, 8.52330912351079, 9.004730786571944, 9.489673178518816, 9.97826031841839, 10.470112951359337, 10.961965584300284, 11.454183096980078, 11.947911708941911, 12.442597652908756, 12.937283596875602, 13.400528038828405, 13.831403316461213, 14.264626457911541, 14.680217140163503, 14.959954235136765, 15.242646965198162, 15.515200938612445, 15.761927952156288, 15.881600049076148, 16.148556128550826, 16.23075605904914, 16.30862853057345, 16.360348890200918, 16.52798694343129, 16.548107288745037, 16.5681843857188, 16.48698913500546, 16.35950191277151, 16.51542807649343, 17.009744071263185, 17.414418580207435, 17.795958837931146, 18.268407514552237, 18.764545298489402, 19.231842193280333, 19.692689121123358, 20.159513288998753, 20.542361033782747, 20.91262556794028, 21.282890102097817, 21.52058691484343, 21.687607662266466, 22.05978787777035, 22.465051927715788, 22.896690282771416, 23.392103690023102, 23.888138103159665, 24.385858797046776, 24.882123546969765, 25.377324099855507, 25.858792508476004, 26.3071012091157, 26.56103948428597, 26.742558753445753, 26.864436584957428, 27.212931319853993, 27.484958239964453, 27.637633249316604, 27.865664844270373, 28.127223360697876, 28.49303994908247, 28.973511234789544, 29.453982520496616, 29.934453806203692, 30.411668551875685, 30.880012399225464, 31.251214991475397, 31.72223607597315, 32.013314200539526, 32.30513524279547, 32.59800521511771, 32.961918403499276, 33.3563084119725, 33.706562234485645
1AKD.pdb, 41, 41, 0.060637646193382105, 2.802839354473579, 0.6038704398959469, -, -, -, 1.3758728890177307, 36.39869173418886, , distance, 0.0, 0.4151824321938812, 0.7722945325616373, 1.244489541853608, 1.733696765825681, 2.20486674205756, 2.6738704964270013, 3.1524164561640715, 3.6365556503806498, 4.126024376707819, 4.619069559452475, 5.113465559963598, 5.582376846421303, 6.031380491093513, 6.488639216166823, 6.89897213789969, 7.175741909621642, 7.47738385831357, 7.790404586268994, 8.100194239470001, 8.31246252388521, 8.657524009968949, 8.876297851827541, 9.11307430620105, 9.345018609276991, 9.687776601333617, 9.930591692479567, 10.19270934635086, 10.353416198767903, 10.471107481316265, 10.745498226951534, 11.118932505927695, 11.431547266088744, 11.688044779138385, 12.115364864116268, 12.568845246037519, 13.041396871041457, 13.51844112180926, 13.992801569647508, 14.450109573339097, 14.907429762637076, 15.36740894147121, 15.47679399840966, 15.497225849407767, 15.740961133229458, 16.035168930303755, 16.397889741331166, 16.831825721928936, 17.27263484164658, 17.72100175994148, 18.166684296260367, 18.61250674798297, 19.054739997300096, 19.45257478530871, 19.567135051176074, 19.619613928442895, 19.629636003909418, 19.92855847064766, 20.151654714723495, 20.262530188538683, 20.52033398415384, 20.814630901076146, 21.221147326933806, 21.715598329483395, 22.210297786015705, 22.705229456658795, 23.182612368954604, 23.604476415704774, 23.920077584676456, 24.374378229453818, 24.646841825253055, 24.927223607300075, 25.21270280929971, 25.596748688802496, 26.041287467388404, 26.454981433768037
1AKD.pdb, 41, 41, 0.060637646193382105, 2.802839354473579, 0.6038704398959469, -, -, -, 1.3758728890177307, 36.39869173418886, , length, 0.0, 0.5, 1.0, 1.5, 2.0, 2.5, 3.0, 3.5, 4.0, 4.5, 5.0, 5.5, 6.0, 6.5, 7.0, 7.5, 8.0, 8.5, 9.0, 9.5, 10.0, 10.5, 11.0, 11.5, 12.0, 12.5, 13.0, 13.5, 14.0, 14.5, 15.0, 15.5, 16.0, 16.5, 17.0, 17.5, 18.0, 18.5, 19.0, 19.5, 20.0, 20.5, 21.0, 21.5, 22.0, 22.5, 23.0, 23.5, 24.0, 24.5, 25.0, 25.5, 26.0, 26.5, 27.0, 27.5, 28.0, 28.5, 29.0, 29.5, 30.0, 30.5, 31.0, 31.5, 32.0, 32.5, 33.0, 33.5, 34.0, 34.5, 35.0, 35.5, 36.0, 36.5, 37.0, 37.5
1AKD.pdb, 41, 41, 0.060637646193382105, 2.802839354473579, 0.6038704398959469, -, -, -, 1.3758728890177307, 36.39869173418886, , R, 3.4839028770087492, 3.3872237510929115, 3.119849226674783, 2.810184379568937, 2.528604608872947, 2.2239321654875934, 1.9163807162580628, 1.6581121431390575, 1.4569225754650983, 1.3214531140841883, 1.2676179990073284, 1.3027242899795457, 1.3668507648882047, 1.4504663892692307, 1.6040309690863364, 1.5395461865251132, 1.3057024174913119, 1.1387540547286061, 1.0526667043979545, 1.0346107557766748, 1.0347714218176205, 1.0238243163607352, 0.8776690200308317, 0.8276542202236228, 0.8643701824077574, 0.9373135108395694, 0.9145931382721932, 0.9913623571669699, 1.0583020090777122, 1.0969727728141732, 1.1059046557280032, 0.9190330968464484, 0.8047681769278081, 0.7058507924400983, 0.6364614075331123, 0.6075530838182672, 0.6641487866118228, 0.8134446146699323, 1.0463256527855758, 1.2995150549624492, 1.6059771027381409, 1.9576142035203379, 1.9768704481900863, 1.9153213536874452, 1.7024085273049452, 1.5107780697323303, 1.3122450211846828, 1.063598496595056, 0.888255997109372, 0.7952583166602794, 0.8010948914571601, 0.9007785053839901, 1.0095254682072379, 1.1586852764081677, 1.1521035971999232, 1.1833859874124348, 1.2139112287514822, 1.2147225850025247, 1.2669068506870924, 1.3171060543341246, 1.2750010820427744, 1.2455680327232326, 1.078672465492875, 0.8608594562800054, 0.7347471960743261, 0.7159065467617696, 0.7593514785867201, 0.7466353641540886, 0.7537392585294489, 0.9502876742862574, 0.9459428628926401, 1.0406449900944188, 1.2176995527337153, 1.312184163612161, 1.3201978818524185, 1.3685017601937113
1AKD.pdb, 41, 41, 0.060637646193382105, 2.802839354473579, 0.6038704398959469, -, -, -, 1.3758728890177307, 36.39869173418886, , Upper limit of R overestimation, -, -, -, -, -, -, -, -, -, -, -, -, -, -, -, -, -, -, -, -, -, -, -, -, -, -, -, -, -, -, -, -, -, -, -, -, -, -, -, -, -, -, -, -, -, -, -, -, -, -, -, -, -, -, -, -, -, -, -, -, -, -, -, -, -, -, -, -, -, -, -, -, -, -, -, -
1AKD.pdb, 42, 42, 0.05781919440925009, 2.85043447522621, 0.6439527584484455, -, -, -, 1.3214114174668699, 33.10888766392814, , X, 16.975476231179453, 16.92097252699672, 16.7031161629929, 16.585331941295674, 16.474334720627677, 16.161256978224458, 15.76099412371004, 15.365825517751084, 15.00371104496851, 14.591092418591757, 14.173012056764676, 13.823573248693966, 13.599936951596728, 13.357366609330336, 13.019106070578458, 12.714633248759707, 12.40262593497904, 12.214021155148243, 12.010834265842444, 11.81706466544687, 11.799840552520514, 11.83332969694674, 11.866818841372963, 11.900307985799186, 11.631138871607046, 11.134548776737292, 10.74718138606483, 10.355811903292803, 9.933986679795742, 9.498866587871845, 9.104591117382753, 8.799439657797432, 8.666067511670915, 8.536829306479502, 8.289388869521957, 7.948129877353591, 7.637227075764095, 7.726581140555828, 7.79467575292619, 7.859643145994031, 8.004623865459857, 8.066512359951785, 8.128400854443715, 8.192092102107319, 8.369000470848306, 8.319514106699069, 8.174737043833163, 7.997937652652241, 7.70757424606254, 7.449040429712294, 7.399485820501931, 7.563884784251979, 7.682138006676781, 7.758540582627476, 7.82514588009415, 7.682449737636669, 7.618572698055143, 7.532202741307768, 7.445832784560393, 7.359462827813017, 7.273092871065642, 7.226395729271619, 7.4867497517884445, 7.799829714641838, 8.0491930266472, 8.16632064478957, 8.345035626816145, 8.536975037240143, 8.72625546052562, 8.90240736024677
1AKD.pdb, 42, 42, 0.05781919440925009, 2.85043447522621, 0.6439527584484455, -, -, -, 1.3214114174668699, 33.10888766392814, , Y, 24.106161642832348, 23.785268776737226, 23.89076221597157, 23.94894477500368, 23.998498620567677, 23.96353139955587, 24.189458910714627, 24.353491602741286, 24.638126702060084, 24.902668980969867, 25.158279745690596, 25.378720009152154, 25.575094122145696, 25.900009492309984, 25.88074580865674, 25.80119797023536, 25.954304664132227, 26.417303015703435, 26.87414470651174, 27.30514280563872, 27.51146375938509, 27.650129053935075, 27.78879434848506, 27.927459643035046, 28.02024038125822, 28.078518240456503, 28.38499878550174, 28.683878824787335, 28.892042149153816, 28.98930280154578, 29.048836914620313, 29.099677343210047, 29.129794286482138, 29.043412323153838, 29.140254091706883, 29.43554750370406, 29.651566356525958, 29.871645608962353, 30.136975640566703, 30.191893296902258, 30.405696730744427, 30.74706536366046, 31.088433996576498, 31.429158336608065, 31.713039290858596, 31.794365416602076, 31.823835347711775, 31.82850998110198, 31.744365640332212, 31.645885078885073, 31.475066150403098, 31.253692788805335, 31.22511788798875, 31.368489942293895, 31.497456832749478, 31.3211310235695, 31.234996493134798, 31.223968218685446, 31.21293994423609, 31.201911669786735, 31.190883395337384, 31.240263246925917, 31.243572570071564, 31.095385961881053, 30.81031931640912, 30.69209129938544, 30.673904762537234, 30.654634018189224, 30.638134650699353, 30.63531872148588
1AKD.pdb, 42, 42, 0.05781919440925009, 2.85043447522621, 0.6439527584484455, -, -, -, 1.3214114174668699, 33.10888766392814, , Z, 7.833481663061395, 8.091228761438945, 8.52330912351079, 9.004730786571944, 9.489673178518816, 9.64022729031495, 9.83682887459978, 10.094339468227085, 10.144250393832715, 10.243059562618713, 10.342082618046994, 10.589994990357257, 10.952155432369567, 11.243608507597422, 11.61107757524417, 11.926947196797013, 12.228424627434961, 12.236219719950059, 12.238672656466425, 12.241085355963229, 12.62298998853317, 13.102208532929112, 13.581427077325054, 14.060645621720997, 14.267094254909534, 14.268497395855345, 14.344373453835912, 14.430979747321992, 14.377988179458068, 14.194611997239964, 14.469996804062692, 14.862759895759432, 15.332170057267255, 15.781511366156261, 16.063030594314082, 16.239802302706057, 16.51299863849776, 16.936919756150527, 17.33818830510022, 17.787878867471985, 18.178805813549868, 18.53885757470451, 18.898909335859155, 19.259211245123797, 19.619384566119958, 20.061085678311304, 20.53875829133021, 20.999723726616295, 21.397980957599042, 21.808858017812906, 22.250549965762243, 22.6676432592744, 23.11378439471472, 23.586579651197297, 24.065047283870182, 24.43864140552494, 24.900443313638792, 25.39280355546801, 25.88516379729723, 26.37752403912645, 26.869884280955667, 27.33341559539885, 27.686553247276247, 28.047138418924654, 28.35375896043197, 28.780001760074207, 29.245001632936738, 29.706291022732735, 30.168699583815027, 30.636633958238722
1AKD.pdb, 42, 42, 0.05781919440925009, 2.85043447522621, 0.6439527584484455, -, -, -, 1.3214114174668699, 33.10888766392814, , distance, 0.0, 0.4151824321938812, 0.7722945325616373, 1.244489541853608, 1.733696765825681, 1.9868633923296137, 2.344206747319575, 2.786328326577404, 3.0839093535483726, 3.482208460082798, 3.9056160464893366, 4.3763298470580505, 4.824743945139303, 5.285600480420171, 5.750847301487723, 6.146900938516327, 6.606217989041563, 6.884542924845163, 7.191321698629402, 7.501310597166043, 7.830879719608099, 8.170731841135513, 8.526373229956691, 8.895910413965426, 9.234355698450528, 9.555389994555428, 9.974558430444105, 10.406845409809986, 10.738612241169355, 10.963974574155497, 11.42034169951452, 11.88248818942739, 12.26839377586104, 12.599935807827007, 12.981358790590603, 13.43731976781487, 13.902820780480448, 14.200544034499885, 14.52574484313906, 14.806234035212567, 15.072692734546552, 15.429721737534258, 15.794510423733373, 16.165438868719345, 16.457324199441818, 16.83889715869783, 17.275403088192004, 17.708212582376646, 18.11716889099037, 18.517871174316596, 18.810959689282893, 18.966222747534445, 19.24924219148447, 19.643151766010455, 20.04553597739673, 20.350613127063145, 20.728075405916503, 21.169987481737472, 21.6144310570619, 22.06125313448995, 22.510312077081544, 22.93877502605001, 23.132726088226807, 23.27302440643001, 23.36035193058262, 23.658664285222258, 24.001519579648377, 24.341540258074332, 24.689639006393836, 25.055699705847466
1AKD.pdb, 42, 42, 0.05781919440925009, 2.85043447522621, 0.6439527584484455, -, -, -, 1.3214114174668699, 33.10888766392814, , length, 0.0, 0.5, 1.0, 1.5, 2.0, 2.5, 3.0, 3.5, 4.0, 4.5, 5.0, 5.5, 6.0, 6.5, 7.0, 7.5, 8.0, 8.5, 9.0, 9.5, 10.0, 10.5, 11.0, 11.5, 12.0, 12.5, 13.0, 13.5, 14.0, 14.5, 15.0, 15.5, 16.0, 16.5, 17.0, 17.5, 18.0, 18.5, 19.0, 19.5, 20.0, 20.5, 21.0, 21.5, 22.0, 22.5, 23.0, 23.5, 24.0, 24.5, 25.0, 25.5, 26.0, 26.5, 27.0, 27.5, 28.0, 28.5, 29.0, 29.5, 30.0, 30.5, 31.0, 31.5, 32.0, 32.5, 33.0, 33.5, 34.0, 34.5
1AKD.pdb, 42, 42, 0.05781919440925009, 2.85043447522621, 0.6439527584484455, -, -, -, 1.3214114174668699, 33.10888766392814, , R, 3.4839028770087492, 3.3872237510929115, 3.119849226674783, 2.810184379568937, 2.528604608872947, 2.402796175858014, 2.0295790652509336, 1.667372445560186, 1.4276020076163598, 1.1778523527205715, 0.9939704484053071, 0.8653309602603398, 0.762084174812335, 0.6582193878082618, 0.689576171520212, 0.8078789113899094, 0.9501807676285421, 0.9054884450181033, 0.9517147702835898, 1.0828115331671433, 1.0757023227028624, 1.1030542545987623, 1.2228373442572775, 1.423790035232806, 1.41556387328633, 1.272523978523863, 1.1154882626115628, 1.0370574228393767, 0.9762132695393966, 0.8956846283457933, 0.7853847169270689, 0.7749925281960781, 0.8679435214712234, 0.9312125197811878, 1.0520048804382083, 1.2778448181780533, 1.4598212177981513, 1.5934984172034214, 1.7393170287494097, 1.7120518598030179, 1.5720071279271295, 1.3611848377760936, 1.2262600131286812, 1.177853599553973, 1.1695657930816852, 1.03016656063825, 0.914922435153938, 0.8810448036600427, 0.8844643152284748, 0.9680996190114333, 1.0093625912812731, 1.0074373382410964, 1.0007932515698976, 0.9957746339052465, 1.0806719334432895, 1.0645663460861363, 0.8883126679819764, 0.7144921636819026, 0.6447033404947651, 0.6888290733197429, 0.8404896097919852, 1.0242564703732713, 0.9366820458598499, 0.8720295357689776, 0.9076959474704398, 0.8171278444534402, 0.6983135043907134, 0.6863405770711215, 0.7834445695114498, 0.9697421421456403
1AKD.pdb, 42, 42, 0.05781919440925009, 2.85043447522621, 0.6439527584484455, -, -, -, 1.3214114174668699, 33.10888766392814, , Upper limit of R overestimation, -, -, -, -, -, -, -, -, -, -, -, -, -, -, -, -, -, -, -, -, -, -, -, -, -, -, -, -, -, -, -, -, -, -, -, -, -, -, -, -, -, -, -, -, -, -, -, -, -, -, -, -, -, -, -, -, -, -, -, -, -, -, -, -, -, -, -, -, -, -
1AKD.pdb, 43, 43, 0.05539026577730414, 2.8933514086582566, 0.7034088695261755, -, -, -, 1.3868012040233986, 40.72811660486211, , X, 16.975476231179453, 16.861445593770245, 16.768524230865616, 16.824456608350108, 16.94694072956016, 16.98374458551572, 17.06431526100267, 17.14338659931788, 17.22222293248437, 17.474113440692893, 17.760641495198975, 18.043782774702905, 18.322122094494834, 18.59466556933698, 18.859098967250844, 18.963158400701985, 18.986549329949227, 19.00994025919647, 18.956704580416, 18.89969183830977, 18.825163795598325, 18.596892489479934, 18.423835140442897, 17.990879919382394, 17.61226666446361, 17.386704802649675, 17.155400017992246, 16.92807037106472, 16.853875558000624, 16.76504622818021, 16.51619813694271, 16.296028329986605, 16.347910317114707, 16.41058603873186, 16.475425135308253, 16.663578820623172, 16.824280883670724, 16.972032178536118, 17.16335087984403, 17.42340131384496, 17.69342878551419, 18.17504167422257, 18.65556417931619, 19.09569278094591, 19.541607393290096, 19.98784846424345, 20.259259922590722, 20.34543177174428, 20.431603620897842, 20.073890620088854, 19.786613671966077, 19.430776413883937, 19.083786817720984, 18.828815020200928, 18.694493320190826, 18.56017162018072, 18.300803520994673, 17.843327951035945, 17.458594568526436, 17.391503077644636, 17.26746133293048, 16.843947001911587, 16.40244166631554, 16.192049966566934, 16.15686965811411, 16.085551484620225, 16.010844925445546, 15.93984678579514, 16.02729839542728, 16.006626036536193, 15.682895922388246, 15.387146294911124, 15.091703317167898, 14.822391268985195, 14.55307922080249, 14.278688111740122, 13.941096124193583, 13.602744674823308, 13.17328086878082, 12.743781179582049, 12.337254836498541, 11.877907119031997, 11.532344491182323, 11.353329703402027, 11.103566391744154
1AKD.pdb, 43, 43, 0.05539026577730414, 2.8933514086582566, 0.7034088695261755, -, -, -, 1.3868012040233986, 40.72811660486211, , Y, 24.106161642832348, 24.51353382993465, 24.99428727336601, 25.463931093405556, 25.8690885060771, 26.355908073427187, 26.8446697201522, 27.330938308244086, 27.816816135921385, 28.234492860606004, 28.63532707631461, 29.04005867701829, 29.450316208944628, 29.862012796852778, 30.276321824333678, 30.72667281846048, 31.177909583596847, 31.629146348733215, 32.09661027401898, 32.57330402710646, 32.989273452182694, 33.42954440890374, 33.83528462007581, 34.017401703054006, 34.192358220549174, 34.36057395080365, 34.51635186594561, 34.671305634490075, 34.79451067862252, 34.94372675173578, 35.377356222981746, 35.78931668550278, 36.10263487352997, 36.43965365368761, 36.934821639508904, 37.28360296658211, 37.677755655240865, 38.06543532691731, 38.43761787330325, 38.80005985780613, 39.164948486797854, 39.15847761714393, 39.15566303947025, 39.28210142746452, 39.40015432180907, 39.507754861582214, 39.750794230987566, 40.137336954868985, 40.52387967875041, 40.769116935119996, 41.12379173523016, 41.45169803291788, 41.7809142086083, 42.173598677481834, 42.629772478290164, 43.08594627909849, 43.402398581045446, 43.4501322572906, 43.608352589263184, 43.97512796551944, 44.401122132167515, 44.57025318812759, 44.75081124709259, 45.190669083845414, 45.67590565807277, 46.167780952198896, 46.66186943647329, 47.15660173407213, 47.627361736587176, 47.98364990686546, 48.28888275145988, 48.685755901028564, 49.082724168095886, 49.48779780223886, 49.89287143638183, 50.295162183468676, 50.634402381607885, 50.81296358522999, 50.8508758071842, 50.993944309069676, 51.19210005959219, 51.22180793969417, 51.532913177041486, 51.8677014109325, 52.29700101738931
1AKD.pdb, 43, 43, 0.05539026577730414, 2.8933514086582566, 0.7034088695261755, -, -, -, 1.3868012040233986, 40.72811660486211, , Z, 7.833481663061395, 7.660891272805339, 7.55976345376874, 7.597617479922523, 7.7412596988857, 7.67710197042939, 7.609128306836561, 7.5240210524142945, 7.436228289930985, 7.35026442431616, 7.265213818802579, 7.188484644262032, 7.123554061672044, 7.045900339307359, 6.984374207711011, 6.889947144538514, 6.67584846117447, 6.461749777810428, 6.480407563641051, 6.60365829179061, 6.561756642834418, 6.498088004785973, 6.298099843489925, 6.141512450944708, 5.912618599511861, 5.499399553700977, 5.084391917929531, 4.667768482437123, 4.188899349150475, 3.749624865419952, 3.7432916865659003, 3.914966167241647, 3.5646725305797324, 3.233319869977746, 3.208732121548256, 3.216430514175134, 3.4787633275159955, 3.7573372729510246, 4.022810332142811, 4.248352233645704, 4.457542355918398, 4.326070838270317, 4.191054514501785, 3.99070108364294, 3.798123209302565, 3.5999035573128264, 3.349730570272379, 3.0445107559945614, 2.7392909417167437, 2.659476915349817, 2.505846298230656, 2.3810914857771044, 2.2354380278077066, 2.1259966844419984, 1.9715196817442628, 1.8170426790465275, 1.7676547593056045, 1.820901021528543, 1.6131582885916904, 1.3431765668152966, 1.1333083602668468, 1.2670945471572166, 1.4170006043497567, 1.3908073701281607, 1.275931842842364, 1.265964586753901, 1.282997281863036, 1.2971117382373871, 1.2756868546788607, 1.518750505640812, 1.5075559756144954, 1.4366767755726124, 1.3679617035145115, 1.4836611919569536, 1.5993606803993958, 1.7122391628857847, 1.7589566312512197, 2.021155761836063, 2.0309046293656436, 2.137583864103622, 2.3449403101680124, 2.540176362981325, 2.371305084401986, 2.1205307041280292, 2.0629100824226625
1AKD.pdb, 43, 43, 0.05539026577730414, 2.8933514086582566, 0.7034088695261755, -, -, -, 1.3868012040233986, 40.72811660486211, , distance, 0.0, 0.4568834948881417, 0.9521123484878713, 1.3863537500498049, 1.7655679796255583, 2.2551900088297065, 2.7491186389851126, 3.2439396269127005, 3.7400068107090676, 4.186317786572878, 4.631711601394454, 5.089267134779225, 5.5567472775804365, 6.030910458758899, 6.50691130629281, 6.976554021958046, 7.442724539872034, 7.913026673247586, 8.342861896134508, 8.769696196723055, 9.162330709511457, 9.557077644757332, 9.955449501064233, 10.105764889215934, 10.287204594503686, 10.52473372647038, 10.768561996722365, 11.02933610069132, 11.293297661775616, 11.583392621314601, 11.999184042061325, 12.341496055685084, 12.748801526453358, 13.175568854281037, 13.645983904817465, 13.966366784064192, 14.253932645157487, 14.54222427064422, 14.830615312986815, 15.131570792794554, 15.449255104624868, 15.502035483655703, 15.574898501545508, 15.797829887242132, 16.024211651624917, 16.25443458640904, 16.602463311582216, 17.067203185623857, 17.53388323065672, 17.72073858301396, 18.05231082862443, 18.347334691783338, 18.659580497238707, 19.03792348049234, 19.504916723898383, 19.97350801344972, 20.27055767429984, 20.27544060462356, 20.475870626713387, 20.906289993956644, 21.374353764518844, 21.49217956532767, 21.626399493952217, 22.060785633948825, 22.55937572826696, 23.035609242074408, 23.50743102205003, 23.981648161503102, 24.436664416558834, 24.717381456966624, 25.029824207841234, 25.447953918784883, 25.868518015480934, 26.25230368935603, 26.639945076502894, 27.02972484552063, 27.383478115283125, 27.539275962228015, 27.629808641007664, 27.808332410497012, 28.022941383891222, 28.093817219265382, 28.49016945956382, 28.89549152609769, 29.368388552520273
1AKD.pdb, 43, 43, 0.05539026577730414, 2.8933514086582566, 0.7034088695261755, -, -, -, 1.3868012040233986, 40.72811660486211, , length, 0.0, 0.5, 1.0, 1.5, 2.0, 2.5, 3.0, 3.5, 4.0, 4.5, 5.0, 5.5, 6.0, 6.5, 7.0, 7.5, 8.0, 8.5, 9.0, 9.5, 10.0, 10.5, 11.0, 11.5, 12.0, 12.5, 13.0, 13.5, 14.0, 14.5, 15.0, 15.5, 16.0, 16.5, 17.0, 17.5, 18.0, 18.5, 19.0, 19.5, 20.0, 20.5, 21.0, 21.5, 22.0, 22.5, 23.0, 23.5, 24.0, 24.5, 25.0, 25.5, 26.0, 26.5, 27.0, 27.5, 28.0, 28.5, 29.0, 29.5, 30.0, 30.5, 31.0, 31.5, 32.0, 32.5, 33.0, 33.5, 34.0, 34.5, 35.0, 35.5, 36.0, 36.5, 37.0, 37.5, 38.0, 38.5, 39.0, 39.5, 40.0, 40.5, 41.0, 41.5, 42.0
1AKD.pdb, 43, 43, 0.05539026577730414, 2.8933514086582566, 0.7034088695261755, -, -, -, 1.3868012040233986, 40.72811660486211, , R, 3.4839028770087492, 3.2908457321196, 3.0479396872816387, 2.7910404180593402, 2.5496294029017768, 2.2240638777902673, 1.9065532225788857, 1.6267968005783997, 1.4046616335827342, 1.1362352628933032, 0.9155653941431785, 0.7799252524178724, 0.7429179082852859, 0.8081586904940625, 0.9459630600413877, 0.9936900810668385, 1.0496330143682573, 1.1979753187637274, 1.3294892985701803, 1.4688421188572502, 1.5168201716709322, 1.5129053103992454, 1.4809882430964425, 1.357754741254579, 1.262520537637763, 1.1206134183998633, 1.0578787682414053, 1.0890940444695505, 1.1364675538790734, 1.2531275085283107, 1.228621709933622, 1.2076478899097225, 1.238205668555679, 1.3091521357190414, 1.2658366768423215, 1.1619498211900527, 1.0097159337690944, 0.9499941577031894, 0.9552211784412368, 1.0034278313979441, 1.1286166948123886, 0.9788819294098614, 0.9200539964479488, 0.8709873186508741, 0.9129356673591, 1.0480670125293523, 1.1242609064979714, 1.1378666791344232, 1.2434027622611596, 1.0730938917142212, 1.0406341464715152, 1.0469206025062894, 1.1490216303822942, 1.2212320112401827, 1.274697960117777, 1.413653087385256, 1.5067082570326584, 1.4110739677094988, 1.3685377468049822, 1.1965705819053207, 1.0239187189149423, 0.914029898599551, 0.8865872105954558, 0.7963443921991673, 0.7352645725340463, 0.7033161864407309, 0.7656819360498024, 0.9299858428361616, 1.0827694981568636, 1.1474473742631774, 1.018510168607055, 0.891204683590586, 0.8628334872793335, 0.8337731319600796, 0.9095268027693253, 1.0787055680287505, 1.2662067022936823, 1.2901870071775154, 1.3353540716285255, 1.3944889809712864, 1.4961811536499066, 1.544216995492837, 1.6007323671074647, 1.6661925451797748, 1.678091673325226
1AKD.pdb, 43, 43, 0.05539026577730414, 2.8933514086582566, 0.7034088695261755, -, -, -, 1.3868012040233986, 40.72811660486211, , Upper limit of R overestimation, -, -, -, -, -, -, -, -, -, -, -, -, -, -, -, -, -, -, -, -, -, -, -, -, -, -, -, -, -, -, -, -, -, -, -, -, -, -, -, -, -, -, -, -, -, -, -, -, -, -, -, -, -, -, -, -, -, -, -, -, -, -, -, -, -, -, -, -, -, -, -, -, -, -, -, -, -, -, -, -, -, -, -, -, -
1AKD.pdb, 44, 44, 0.0527761434642812, 2.941696018703105, 0.6989823125086425, -, -, -, 1.4363032087493721, 44.61533788009184, , X, 16.975476231179453, 16.92097252699672, 16.7031161629929, 16.585331941295674, 16.474334720627677, 16.476914263018656, 16.557735320251496, 16.638556377484335, 16.720176486278913, 16.79389162910774, 16.860070906260415, 16.926250183413092, 16.859826743453908, 16.65623465763987, 16.454599349151415, 16.13610214457499, 15.828701230883176, 15.882497977884793, 15.712350723874483, 15.661554504487075, 15.57395700215275, 15.512815859116373, 15.439407135487254, 15.407860054929149, 15.376572717228253, 15.355156080828522, 15.330141189506394, 15.012376168024955, 14.692348236475729, 14.36594190584425, 14.031059169341464, 13.722363401989776, 13.780131292068655, 13.95862250735094, 14.151905929484954, 14.334509589986922, 14.072940631788688, 13.811173291111745, 13.546650386617337, 13.282251070150584, 13.022377768106095, 12.979888909043263, 12.983499835412196, 12.997331457627213, 12.953608584411095, 12.897735837858638, 12.987822733394381, 13.380997427338349, 13.772991077879258, 14.170421805207406, 14.563009186006136, 14.835670598200682, 15.1377279642059, 15.442608912339953, 15.752328405706088, 16.078229426158227, 16.38209645939627, 16.541509773841682, 16.655084162253726, 16.755704577299007, 16.58718577055062, 16.296400093490202, 16.356213702047935, 16.327983254974335, 16.29975280790073, 16.271522360827127, 16.113439749283113, 15.869934339429678, 15.696044544326046, 15.52874765167609, 15.295146060406205, 15.06154446913632, 14.826226803661962, 14.522116557184019, 14.604256208800855, 14.741482180332083, 14.878078149299775, 15.008211876474423, 15.129226932684961, 15.206383070388833, 15.267742042111465, 15.267034136857326, 15.261264496309508, 15.462045962252567, 15.89148245755822, 16.2744576281753, 16.514373918795172, 16.622402624752898, 16.507428297606065, 16.406256249455527, 16.243313132020496, 16.2726051191533, 16.35318992622004
1AKD.pdb, 44, 44, 0.0527761434642812, 2.941696018703105, 0.6989823125086425, -, -, -, 1.4363032087493721, 44.61533788009184, , Y, 24.106161642832348, 23.785268776737226, 23.89076221597157, 23.94894477500368, 23.998498620567677, 23.993034132207413, 23.953677504089338, 23.914320875971264, 23.882822965061695, 23.856022507483118, 23.82592067834964, 23.795818849216165, 23.70923456954449, 23.557917823218308, 23.41950104325012, 23.333009440439444, 23.150387096835857, 22.902239817080723, 22.61979714315075, 22.54523308907915, 22.47385196064818, 22.361449198493194, 22.225991363893115, 21.738100723484354, 21.249759461944215, 20.7627522430621, 20.28424873235164, 19.98168526550027, 19.67168764756912, 19.36173736167843, 19.062303160558862, 18.708106381486296, 18.438853176860313, 18.267318574279347, 18.105115234725332, 17.963583296669004, 18.012435185522357, 18.05967867205314, 18.084581197462718, 18.119644157423938, 18.168907535510197, 18.299856355430983, 18.409889117931144, 18.499279473350988, 18.20327693517617, 17.914787688640775, 17.696169212401525, 17.622638636071954, 17.54145925538163, 17.45975962154872, 17.364013235116204, 16.947162376501403, 16.646865441798244, 16.352104573412365, 16.061907107667214, 15.776383938372074, 15.47643051330221, 15.120512509025907, 14.7556031805531, 14.383341710882512, 14.104886827732624, 13.829927781612321, 13.36703084334034, 12.895536043519153, 12.424041243697967, 11.95254644387678, 11.570871624241052, 11.320258190999741, 11.04899488746817, 10.704140058782345, 10.288863158368871, 9.873586257955397, 9.465165990821951, 9.140514454093234, 8.69454632459212, 8.239219965544637, 7.784755900874733, 7.3293759295912375, 6.904078148503437, 6.574887181067048, 6.288713717713225, 6.17173540841962, 6.069608361954931, 5.984780380753824, 5.928634941413695, 5.644400602213455, 5.265067208767645, 4.854019496800984, 4.367965512103468, 3.878316823980673, 3.474661451506216, 2.9880385009246724, 2.5222957765804894
1AKD.pdb, 44, 44, 0.0527761434642812, 2.941696018703105, 0.6989823125086425, -, -, -, 1.4363032087493721, 44.61533788009184, , Z, 7.833481663061395, 8.091228761438945, 8.52330912351079, 9.004730786571944, 9.489673178518816, 9.97826031841839, 10.470112951359337, 10.961965584300284, 11.454183096980078, 11.947911708941911, 12.442597652908756, 12.937283596875602, 13.400528038828405, 13.831403316461213, 14.264626457911541, 14.520547312913134, 14.722455730626399, 15.133024884303524, 15.406273391626799, 15.894216399520184, 16.38080432729681, 16.842569129610865, 17.300986766506895, 17.40549253989619, 17.508176106142102, 17.618740629497253, 17.74108072298716, 17.980832135182755, 18.20733237387177, 18.424789273420316, 18.644317658811122, 18.69975153007178, 19.11074600054917, 19.544183272934003, 19.975581144557555, 20.40373344984797, 20.827047958295946, 21.25037930427461, 21.673944526201605, 22.096724429938984, 22.52102667497757, 22.986482973744042, 23.474142103799426, 23.95046982063336, 24.35091911752493, 24.755458597459988, 25.126022016747278, 25.4260335405038, 25.7255183419412, 26.017562139358432, 26.140533051651218, 26.163289149908863, 26.425172900168167, 26.689954487952413, 26.95426352356057, 27.203535383595163, 27.46371372416172, 27.761064011634833, 28.083328428148356, 28.400921209296197, 28.646095108888236, 28.730353538956795, 28.572277329730504, 28.40827825778312, 28.244279185835733, 28.08028011388835, 27.954478477411502, 27.649868928892975, 27.267535881255245, 27.020441168481277, 26.86886480970737, 26.717288450933466, 26.55068066934457, 26.54597685367761, 26.71254691993938, 26.86697146298184, 27.024277898244318, 27.18415809104825, 27.390634217943028, 27.75898220201911, 28.15136436207383, 28.6374427547085, 29.12686770056675, 29.508290008244504, 29.650622088500143, 29.78888270759294, 29.937800669689423, 30.04134706326693, 30.024233420047945, 30.02133878835268, 29.997081430039664, 30.062912099483395, 30.16363459435177
1AKD.pdb, 44, 44, 0.0527761434642812, 2.941696018703105, 0.6989823125086425, -, -, -, 1.4363032087493721, 44.61533788009184, , distance, 0.0, 0.4151824321938812, 0.7722945325616373, 1.244489541853608, 1.733696765825681, 2.20486674205756, 2.6738704964270013, 3.1524164561640715, 3.6365556503806498, 4.126024376707819, 4.619069559452475, 5.113465559963598, 5.582376846421303, 6.031380491093513, 6.488639216166823, 6.7837423440719755, 7.048869525509919, 7.4784597654515785, 7.819970590567894, 8.314946346510581, 8.8139330479892, 9.292311545432296, 9.773852946935188, 9.984414115010882, 10.213483168482957, 10.46685802159935, 10.74591386653077, 11.128063122088637, 11.510604311896337, 11.895168264970122, 12.287565875723427, 12.561750057483318, 13.01942031988955, 13.428850545211986, 13.835305817343345, 14.237879179212669, 14.642096165197994, 15.05277089864975, 15.47820047674659, 15.903408374309048, 16.327950032711712, 16.712012082956097, 17.117641637935257, 17.521988208337085, 17.99569968915124, 18.47469570857068, 18.868527638913235, 19.09068437775232, 19.32553246643646, 19.562816078715137, 19.65768788388363, 19.794238584677718, 20.116396336407742, 20.44606687480117, 20.780048618477277, 21.10424671887647, 21.4515819858162, 21.86409740879203, 22.306767776704795, 22.750848258845068, 23.094179913007856, 23.296810532106154, 23.362578241975726, 23.43970196901795, 23.52720116546654, 23.62496054947556, 23.72195429448008, 23.609124384936656, 23.448006577839624, 23.448808523776133, 23.581498222784347, 23.72398566172316, 23.860250741027, 24.08624183484499, 24.485907703930508, 24.880198985806903, 25.279913454119864, 25.686170328212615, 26.11134866438284, 26.59888807061875, 27.077558309339345, 27.52030551883481, 27.95825575868644, 28.292618239126156, 28.41804243478694, 28.69438416883848, 29.048242176810064, 29.393178185017664, 29.702607947846, 30.029830522589993, 30.28894216672579, 30.66947554759654, 31.062617982271043
1AKD.pdb, 44, 44, 0.0527761434642812, 2.941696018703105, 0.6989823125086425, -, -, -, 1.4363032087493721, 44.61533788009184, , length, 0.0, 0.5, 1.0, 1.5, 2.0, 2.5, 3.0, 3.5, 4.0, 4.5, 5.0, 5.5, 6.0, 6.5, 7.0, 7.5, 8.0, 8.5, 9.0, 9.5, 10.0, 10.5, 11.0, 11.5, 12.0, 12.5, 13.0, 13.5, 14.0, 14.5, 15.0, 15.5, 16.0, 16.5, 17.0, 17.5, 18.0, 18.5, 19.0, 19.5, 20.0, 20.5, 21.0, 21.5, 22.0, 22.5, 23.0, 23.5, 24.0, 24.5, 25.0, 25.5, 26.0, 26.5, 27.0, 27.5, 28.0, 28.5, 29.0, 29.5, 30.0, 30.5, 31.0, 31.5, 32.0, 32.5, 33.0, 33.5, 34.0, 34.5, 35.0, 35.5, 36.0, 36.5, 37.0, 37.5, 38.0, 38.5, 39.0, 39.5, 40.0, 40.5, 41.0, 41.5, 42.0, 42.5, 43.0, 43.5, 44.0, 44.5, 45.0, 45.5, 46.0
1AKD.pdb, 44, 44, 0.0527761434642812, 2.941696018703105, 0.6989823125086425, -, -, -, 1.4363032087493721, 44.61533788009184, , R, 3.4839028770087492, 3.3872237510929115, 3.119849226674783, 2.810184379568937, 2.528604608872947, 2.2239321654875934, 1.9163807162580628, 1.6581121431390575, 1.4569225754650983, 1.3214531140841883, 1.2676179990073284, 1.3027242899795457, 1.3668507648882047, 1.4504663892692307, 1.6040309690863364, 1.6577701206276347, 1.618499946383268, 1.497390197272905, 1.4590814816578042, 1.2550085709569845, 1.10193745272074, 1.0306528021201422, 1.025471741276847, 0.8222864219181751, 0.7137332011576349, 0.7073218560677481, 0.7960099323339582, 0.7804911384027662, 0.8642768756112229, 1.0353283804651765, 1.2796396450720242, 1.4820626342597603, 1.3596842530187754, 1.2582071304206224, 1.2423282372710363, 1.294091455710098, 1.0807177988807561, 0.9506142333789751, 0.905434334353385, 0.9524154612518707, 1.0838679632927088, 1.18736054581049, 1.3279910083281945, 1.5136117930945896, 1.5320805828667425, 1.6255927207490228, 1.6994669026290339, 1.6533053442161014, 1.6828948022996704, 1.780191147010941, 1.7835289175771383, 1.6774665968019433, 1.4120695394320317, 1.2067625631423464, 1.0776283358018648, 1.0378250459994023, 1.0772498201503113, 1.1232143775399983, 1.2210217088433142, 1.38298728687696, 1.4273614324074444, 1.3291692381093094, 1.2122089502741686, 1.1366166752408602, 1.1539967409062601, 1.2626075867047475, 1.3379383682625008, 1.2440742796362745, 1.2254279396750625, 1.1597252399864764, 1.0954923978508235, 1.1258786073080378, 1.2368302589668487, 1.3574439702656207, 1.1433835683400018, 0.977802004958058, 0.9039042017956911, 0.9046629833064679, 0.9621849387527841, 0.9955208757257603, 1.0902969398294822, 1.1425459248081338, 1.2741044349893298, 1.355442112336287, 1.3015971662219035, 1.1696920848098609, 1.0746204281366705, 0.9918681454299945, 0.8292751803348946, 0.7604234914674595, 0.7713959185967552, 0.8816394100425304, 0.9895456621244194
1AKD.pdb, 44, 44, 0.0527761434642812, 2.941696018703105, 0.6989823125086425, -, -, -, 1.4363032087493721, 44.61533788009184, , Upper limit of R overestimation, -, -, -, -, -, -, -, -, -, -, -, -, -, -, -, -, -, -, -, -, -, -, -, -, -, -, -, -, -, -, -, -, -, -, -, -, -, -, -, -, -, -, -, -, -, -, -, -, -, -, -, -, -, -, -, -, -, -, -, -, -, -, -, -, -, -, -, -, -, -, -, -, -, -, -, -, -, -, -, -, -, -, -, -, -, -, -, -, -, -, -, -, -
1AKD.pdb, 45, 45, 0.05019534271895193, 2.991833031111146, 0.6845506419467093, -, -, -, 1.7190538022696304, 42.85461110026457, , X, 16.975476231179453, 16.92097252699672, 16.7031161629929, 16.585331941295674, 16.474334720627677, 16.476914263018656, 16.557735320251496, 16.638556377484335, 16.720176486278913, 16.79389162910774, 16.860070906260415, 16.926250183413092, 16.859826743453908, 16.65623465763987, 16.454599349151415, 16.13610214457499, 15.828701230883176, 15.882497977884793, 15.712350723874483, 15.661554504487075, 15.57395700215275, 15.512815859116373, 15.439407135487254, 15.407860054929149, 15.376572717228253, 15.355156080828522, 15.330141189506394, 15.012376168024955, 14.692348236475729, 14.36594190584425, 14.031059169341464, 13.722363401989776, 13.780131292068655, 13.95862250735094, 14.151905929484954, 14.334509589986922, 14.072940631788688, 13.811173291111745, 13.546650386617337, 13.282251070150584, 13.022377768106095, 12.979888909043263, 12.983499835412196, 12.969859437875291, 12.609599621678784, 12.249339805482276, 11.889079989285769, 11.516686708337806, 11.336158873437068, 11.437009008982084, 11.553982233973468, 11.69035839044424, 11.779776586317547, 11.886078094480869, 11.952942272872571, 11.784886256117977, 11.603251913443579, 11.503783586936448, 11.409801779383832, 10.943480430815411, 10.472437758654499, 9.999640337560267, 9.527434108535557, 9.100066201281154, 8.740550487357353, 8.448666222970003, 8.203007422456455, 8.023440385171149, 7.834831474837973, 7.6879609430118565, 7.495499834337696, 7.173484391652596, 6.931744002862515, 6.655542427737348, 6.287655402919015, 5.872010519958123, 5.436641908326832, 5.003389486768341, 4.567601683291438, 4.072631660877794, 3.574798738950966, 3.076526695875474, 2.64425295075702, 2.2356867347123677, 1.8271205186677155, 1.4532092755010606, 1.1793909937408995, 0.8589555991305836, 0.40963222868831073
1AKD.pdb, 45, 45, 0.05019534271895193, 2.991833031111146, 0.6845506419467093, -, -, -, 1.7190538022696304, 42.85461110026457, , Y, 24.106161642832348, 23.785268776737226, 23.89076221597157, 23.94894477500368, 23.998498620567677, 23.993034132207413, 23.953677504089338, 23.914320875971264, 23.882822965061695, 23.856022507483118, 23.82592067834964, 23.795818849216165, 23.70923456954449, 23.557917823218308, 23.41950104325012, 23.333009440439444, 23.150387096835857, 22.902239817080723, 22.61979714315075, 22.54523308907915, 22.47385196064818, 22.361449198493194, 22.225991363893115, 21.738100723484354, 21.249759461944215, 20.7627522430621, 20.28424873235164, 19.98168526550027, 19.67168764756912, 19.36173736167843, 19.062303160558862, 18.708106381486296, 18.438853176860313, 18.267318574279347, 18.105115234725332, 17.963583296669004, 18.012435185522357, 18.05967867205314, 18.084581197462718, 18.119644157423938, 18.168907535510197, 18.299856355430983, 18.409889117931144, 18.527827524104364, 18.56333417101982, 18.598840817935283, 18.63434746485074, 18.685125203189134, 18.83517910809776, 18.98721502981192, 19.130602628663947, 19.253143041061644, 19.42710435991195, 19.585914718331395, 20.016241935864613, 20.360880329694208, 20.698109074955553, 21.15803247101737, 21.62799753144769, 21.687630307250338, 21.743940854661847, 21.801738218730467, 21.861358995967873, 21.962992744326982, 22.096859495821402, 22.443415848954924, 22.843474234454522, 23.240791154341427, 23.623287125967682, 24.05621355034273, 24.314204167134537, 24.388216459503784, 24.283428130675002, 23.927085834401936, 23.657562813242517, 23.41757828324949, 23.190249605181872, 22.95165995923003, 22.712706094521558, 22.715585558416937, 22.721383383100058, 22.713021323827768, 22.89568906374005, 23.115364919967863, 23.335040776195676, 23.5947489882913, 23.969812581059937, 24.2665923751178, 24.475021776549127
1AKD.pdb, 45, 45, 0.05019534271895193, 2.991833031111146, 0.6845506419467093, -, -, -, 1.7190538022696304, 42.85461110026457, , Z, 7.833481663061395, 8.091228761438945, 8.52330912351079, 9.004730786571944, 9.489673178518816, 9.97826031841839, 10.470112951359337, 10.961965584300284, 11.454183096980078, 11.947911708941911, 12.442597652908756, 12.937283596875602, 13.400528038828405, 13.831403316461213, 14.264626457911541, 14.520547312913134, 14.722455730626399, 15.133024884303524, 15.406273391626799, 15.894216399520184, 16.38080432729681, 16.842569129610865, 17.300986766506895, 17.40549253989619, 17.508176106142102, 17.618740629497253, 17.74108072298716, 17.980832135182755, 18.20733237387177, 18.424789273420316, 18.644317658811122, 18.69975153007178, 19.11074600054917, 19.544183272934003, 19.975581144557555, 20.40373344984797, 20.827047958295946, 21.25037930427461, 21.673944526201605, 22.096724429938984, 22.52102667497757, 22.986482973744042, 23.474142103799426, 23.94591500247559, 24.2908093962527, 24.635703790029808, 24.98059818380692, 25.308714643612394, 25.675383684929333, 26.140909547442984, 26.605377819601774, 27.03821366728331, 27.489404894589217, 27.95129859365737, 28.180440183612895, 28.48997186500824, 28.811270553884587, 28.91318693548829, 28.95137632262203, 29.121445560727178, 29.279130665283912, 29.431190072468613, 29.584172119335104, 29.56408660123289, 29.243495341654274, 29.07048922934841, 28.91007176013048, 28.66545846248816, 28.405011270946197, 28.241701883781808, 27.977023355672674, 27.605132964897347, 27.386744625117892, 27.249659700860303, 27.11045765544547, 27.175974639323808, 27.268693658331955, 27.269401793647432, 27.214720527370385, 27.268945970049447, 27.312661207593695, 27.352393546404947, 27.302316203981064, 27.115725300404463, 26.929134396827862, 26.76096113329234, 26.625073110689478, 26.390455478417298, 26.458761359521155
1AKD.pdb, 45, 45, 0.05019534271895193, 2.991833031111146, 0.6845506419467093, -, -, -, 1.7190538022696304, 42.85461110026457, , distance, 0.0, 0.4151824321938812, 0.7722945325616373, 1.244489541853608, 1.733696765825681, 2.20486674205756, 2.6738704964270013, 3.1524164561640715, 3.6365556503806498, 4.126024376707819, 4.619069559452475, 5.113465559963598, 5.582376846421303, 6.031380491093513, 6.488639216166823, 6.7837423440719755, 7.048869525509919, 7.4784597654515785, 7.819970590567894, 8.314946346510581, 8.8139330479892, 9.292311545432296, 9.773852946935188, 9.984414115010882, 10.213483168482957, 10.46685802159935, 10.74591386653077, 11.128063122088637, 11.510604311896337, 11.895168264970122, 12.287565875723427, 12.561750057483318, 13.01942031988955, 13.428850545211986, 13.835305817343345, 14.237879179212669, 14.642096165197994, 15.05277089864975, 15.47820047674659, 15.903408374309048, 16.327950032711712, 16.712012082956097, 17.117641637935257, 17.514944634569392, 17.906073022003802, 18.30250301425009, 18.703897511051935, 19.093710662392542, 19.440129240844744, 19.80000377121531, 20.162660290178685, 20.50136560070025, 20.862506799044635, 21.238200575973128, 21.353032843341765, 21.625446674389792, 21.9212965668874, 21.976916534836086, 21.979160682760952, 22.257845225113847, 22.53409544565151, 22.813015194621567, 23.099891898203413, 23.212807823385496, 23.026940370830445, 22.945189100586855, 22.86423492293509, 22.690506147779598, 22.51604727230673, 22.42221861496564, 22.26377115626559, 22.069816359524832, 21.98267665561168, 21.989112566179124, 22.04614611168716, 22.313519049673072, 22.62103131362634, 22.85648106064589, 23.054923315349512, 23.36994592805293, 23.684049565213122, 24.002282375705292, 24.205055731391386, 24.29090348743862, 24.386702555129347, 24.483704651105885, 24.549110147409404, 24.579040918777185, 24.929185487786672
1AKD.pdb, 45, 45, 0.05019534271895193, 2.991833031111146, 0.6845506419467093, -, -, -, 1.7190538022696304, 42.85461110026457, , length, 0.0, 0.5, 1.0, 1.5, 2.0, 2.5, 3.0, 3.5, 4.0, 4.5, 5.0, 5.5, 6.0, 6.5, 7.0, 7.5, 8.0, 8.5, 9.0, 9.5, 10.0, 10.5, 11.0, 11.5, 12.0, 12.5, 13.0, 13.5, 14.0, 14.5, 15.0, 15.5, 16.0, 16.5, 17.0, 17.5, 18.0, 18.5, 19.0, 19.5, 20.0, 20.5, 21.0, 21.5, 22.0, 22.5, 23.0, 23.5, 24.0, 24.5, 25.0, 25.5, 26.0, 26.5, 27.0, 27.5, 28.0, 28.5, 29.0, 29.5, 30.0, 30.5, 31.0, 31.5, 32.0, 32.5, 33.0, 33.5, 34.0, 34.5, 35.0, 35.5, 36.0, 36.5, 37.0, 37.5, 38.0, 38.5, 39.0, 39.5, 40.0, 40.5, 41.0, 41.5, 42.0, 42.5, 43.0, 43.5, 44.0
1AKD.pdb, 45, 45, 0.05019534271895193, 2.991833031111146, 0.6845506419467093, -, -, -, 1.7190538022696304, 42.85461110026457, , R, 3.4839028770087492, 3.3872237510929115, 3.119849226674783, 2.810184379568937, 2.528604608872947, 2.2239321654875934, 1.9163807162580628, 1.6581121431390575, 1.4569225754650983, 1.3214531140841883, 1.2676179990073284, 1.3027242899795457, 1.3668507648882047, 1.4504663892692307, 1.6040309690863364, 1.6577701206276347, 1.618499946383268, 1.497390197272905, 1.4590814816578042, 1.2550085709569845, 1.10193745272074, 1.0306528021201422, 1.025471741276847, 0.8222864219181751, 0.7137332011576349, 0.7073218560677481, 0.7960099323339582, 0.7804911384027662, 0.8642768756112229, 1.0353283804651765, 1.2796396450720242, 1.4820626342597603, 1.3596842530187754, 1.2582071304206224, 1.2423282372710363, 1.294091455710098, 1.0807177988807561, 0.9506142333789751, 0.905434334353385, 0.9524154612518707, 1.0838679632927088, 1.18736054581049, 1.3279910083281945, 1.5018141815274828, 1.3819379770645557, 1.3455064295475663, 1.395649185486374, 1.5179759373585213, 1.4837581028205853, 1.2966853054654233, 1.183286078350088, 1.1456964518321766, 1.2039299523099052, 1.3337511468914052, 1.283737745416274, 1.1897916631336845, 1.1653252027955965, 1.1328733555219865, 1.147662120354751, 1.0032877222146488, 0.9396830167633969, 0.9714116429170074, 1.0994520495186544, 1.1275265436049122, 0.9489404190516519, 0.8212312696490982, 0.7503510128799555, 0.6855705323000483, 0.7186808490576251, 0.8477216048596445, 1.010484809380034, 1.1542673454823236, 1.1876535878529886, 1.0629500515201808, 1.0285930504553553, 0.8856152805498936, 0.8137374517094775, 0.7816505658819568, 0.823183370341861, 0.8241073745481615, 0.9208923274877279, 1.0979196306690926, 1.133470609676778, 1.151840895726635, 1.2614674665967538, 1.410896021582035, 1.5106829068327867, 1.7020957627146855, 1.6296801924214384
1AKD.pdb, 45, 45, 0.05019534271895193, 2.991833031111146, 0.6845506419467093, -, -, -, 1.7190538022696304, 42.85461110026457, , Upper limit of R overestimation, -, -, -, -, -, -, -, -, -, -, -, -, -, -, -, -, -, -, -, -, -, -, -, -, -, -, -, -, -, -, -, -, -, -, -, -, -, -, -, -, -, -, -, -, -, -, -, -, -, -, -, -, -, -, -, -, -, -, -, -, -, -, -, -, -, -, -, -, -, -, -, -, -, -, -, -, -, -, -, -, -, -, -, -, -, -, -, -, -
1AKD.pdb, 46, 46, 0.04484583851240789, 3.104524481573644, 0.6234120040091344, -, -, -, 1.4404797966518232, 35.04050600419329, , X, 16.975476231179453, 16.92097252699672, 16.7031161629929, 16.585331941295674, 16.474334720627677, 16.476914263018656, 16.557735320251496, 16.638556377484335, 16.720176486278913, 16.79389162910774, 16.860070906260415, 16.926250183413092, 16.859826743453908, 16.65623465763987, 16.454599349151415, 16.13610214457499, 15.828701230883176, 15.882497977884793, 15.712350723874483, 15.661554504487075, 15.57395700215275, 15.512815859116373, 15.417603362410725, 14.977718168382417, 14.533599576257108, 14.089056178162098, 13.644512780067089, 13.183950358551268, 12.712626179399484, 12.241302000247698, 11.985382886292358, 11.780143464803182, 11.436063688122857, 11.092235788848331, 10.757117227037348, 10.314350114135108, 9.827742502755383, 9.344965157210774, 8.873460960898653, 8.468438604819362, 8.063253984453969, 7.644282379953264, 7.332307216790116, 7.235211900799374, 7.138116584808633, 7.041021268817891, 6.868947087284255, 6.594391906741729, 6.386917325906898, 6.22506379286155, 5.965301039971514, 5.660639021068817, 5.3625543154000495, 5.010221377830724, 4.546929851343941, 4.129215884806354, 3.941880494540434, 3.7452042760822497, 3.522382390098536, 3.340265235921472, 3.1005306538859148, 2.791908106116779, 2.487956147732345, 2.198895044345837, 1.9112350422115199, 1.728644899415521, 1.6608323480455225, 1.5696502578638558, 1.3399592904353608, 0.9790787856892852, 0.488976888857652, 0.09880149625290827, -0.1783668117353326, -0.45553511972357336
1AKD.pdb, 46, 46, 0.04484583851240789, 3.104524481573644, 0.6234120040091344, -, -, -, 1.4404797966518232, 35.04050600419329, , Y, 24.106161642832348, 23.785268776737226, 23.89076221597157, 23.94894477500368, 23.998498620567677, 23.993034132207413, 23.953677504089338, 23.914320875971264, 23.882822965061695, 23.856022507483118, 23.82592067834964, 23.795818849216165, 23.70923456954449, 23.557917823218308, 23.41950104325012, 23.333009440439444, 23.150387096835857, 22.902239817080723, 22.61979714315075, 22.54523308907915, 22.47385196064818, 22.361449198493194, 22.2782601792763, 22.385599185246573, 22.47457578966502, 22.5744646964572, 22.674353603249376, 22.808756080006162, 22.955340981568366, 23.10192588313057, 23.273063825298394, 23.12056449805843, 22.857459912104712, 22.639733568431314, 22.416745630132297, 22.352940322727548, 22.42490796166623, 22.518320067731786, 22.628735623418503, 22.810542305670403, 22.991677089430432, 23.23982833664896, 23.508232944042994, 23.92052289618325, 24.332812848323506, 24.745102800463766, 25.075234621694417, 25.2663924763877, 25.450616170548447, 25.812301769178944, 25.94661824837006, 26.109308104295526, 26.00407622968707, 25.881887162583684, 25.94333889585039, 26.06398668808129, 26.503232048178788, 26.936530395664004, 27.35033576292951, 27.741140283349, 28.087568912763494, 28.370783329722318, 28.48598648038552, 28.588556907192963, 28.696615791699774, 28.759580488414684, 28.735400070385065, 28.740808972323446, 29.111919050240214, 29.353178110706693, 29.43890114273615, 29.655166062722337, 30.019061066363093, 30.38295607000385
1AKD.pdb, 46, 46, 0.04484583851240789, 3.104524481573644, 0.6234120040091344, -, -, -, 1.4404797966518232, 35.04050600419329, , Z, 7.833481663061395, 8.091228761438945, 8.52330912351079, 9.004730786571944, 9.489673178518816, 9.97826031841839, 10.470112951359337, 10.961965584300284, 11.454183096980078, 11.947911708941911, 12.442597652908756, 12.937283596875602, 13.400528038828405, 13.831403316461213, 14.264626457911541, 14.520547312913134, 14.722455730626399, 15.133024884303524, 15.406273391626799, 15.894216399520184, 16.38080432729681, 16.842569129610865, 17.29977442900492, 17.492655280548878, 17.703997642751922, 17.909918437015165, 18.115839231278407, 18.132108652892036, 18.052319024613073, 17.972529396334107, 17.58922499006442, 17.27119569154277, 17.02305723742581, 16.732617116357837, 16.43607810884498, 16.353714865153428, 16.42947609729813, 16.520031125150254, 16.633799549870393, 16.86378867752061, 17.094039874111548, 17.06605415188563, 17.1599739422058, 17.425660778494017, 17.691347614782234, 17.957034451070452, 18.276700041356385, 18.526647443034726, 18.82052683215368, 19.121763606513586, 19.4062388466012, 19.74038149468128, 20.098797137706715, 20.335207438694304, 20.512928135193235, 20.645925759460013, 20.497706444973893, 20.344858145634916, 20.179335270256253, 20.033311655452273, 20.090314653911182, 20.34720166909894, 20.71711359147879, 21.111984438786507, 21.50627506306998, 21.940932724569834, 22.43560749504852, 22.90640712309574, 23.05823120462237, 23.022914368160883, 23.07242893674137, 23.19344933802345, 23.395335829330396, 23.597222320637343
1AKD.pdb, 46, 46, 0.04484583851240789, 3.104524481573644, 0.6234120040091344, -, -, -, 1.4404797966518232, 35.04050600419329, , distance, 0.0, 0.4151824321938812, 0.7722945325616373, 1.244489541853608, 1.733696765825681, 2.20486674205756, 2.6738704964270013, 3.1524164561640715, 3.6365556503806498, 4.126024376707819, 4.619069559452475, 5.113465559963598, 5.582376846421303, 6.031380491093513, 6.488639216166823, 6.7837423440719755, 7.048869525509919, 7.4784597654515785, 7.819970590567894, 8.314946346510581, 8.8139330479892, 9.292311545432296, 9.766211669131012, 10.012542505312544, 10.298151275808515, 10.593021019401572, 10.902855999027526, 11.050821123922393, 11.131977173000177, 11.234820160886626, 10.989522802498312, 10.818194413512984, 10.802437066303604, 10.768358334295423, 10.748338512410694, 10.956220149416119, 11.305212590053962, 11.670564753896562, 12.052843398617386, 12.47376300153749, 12.900686786952411, 13.155307174215212, 13.428763368302187, 13.671763278833994, 13.92847933922051, 14.198167566757041, 14.565089902624077, 14.948472889770777, 15.317973077897648, 15.681440972038857, 16.07917743813813, 16.547277734951038, 16.99705853651035, 17.395794669867936, 17.84971563399221, 18.248786466993955, 18.33038880332682, 18.427849162925423, 18.545363326414606, 18.65389772796711, 18.936622549639146, 19.38952787666813, 19.8760930628448, 20.365604701112783, 20.855428819651983, 21.28709346210832, 21.66079971975938, 22.045691454626592, 22.390176324213602, 22.67454032502037, 23.07527432444108, 23.48493574903593, 23.903723890347507, 24.325579633702347
1AKD.pdb, 46, 46, 0.04484583851240789, 3.104524481573644, 0.6234120040091344, -, -, -, 1.4404797966518232, 35.04050600419329, , length, 0.0, 0.5, 1.0, 1.5, 2.0, 2.5, 3.0, 3.5, 4.0, 4.5, 5.0, 5.5, 6.0, 6.5, 7.0, 7.5, 8.0, 8.5, 9.0, 9.5, 10.0, 10.5, 11.0, 11.5, 12.0, 12.5, 13.0, 13.5, 14.0, 14.5, 15.0, 15.5, 16.0, 16.5, 17.0, 17.5, 18.0, 18.5, 19.0, 19.5, 20.0, 20.5, 21.0, 21.5, 22.0, 22.5, 23.0, 23.5, 24.0, 24.5, 25.0, 25.5, 26.0, 26.5, 27.0, 27.5, 28.0, 28.5, 29.0, 29.5, 30.0, 30.5, 31.0, 31.5, 32.0, 32.5, 33.0, 33.5, 34.0, 34.5, 35.0, 35.5, 36.0, 36.5
1AKD.pdb, 46, 46, 0.04484583851240789, 3.104524481573644, 0.6234120040091344, -, -, -, 1.4404797966518232, 35.04050600419329, , R, 3.4839028770087492, 3.3872237510929115, 3.119849226674783, 2.810184379568937, 2.528604608872947, 2.2239321654875934, 1.9163807162580628, 1.6581121431390575, 1.4569225754650983, 1.3214531140841883, 1.2676179990073284, 1.3027242899795457, 1.3668507648882047, 1.4504663892692307, 1.6040309690863364, 1.6577701206276347, 1.618499946383268, 1.497390197272905, 1.4590814816578042, 1.2550085709569845, 1.10193745272074, 1.0306528021201422, 1.0366642102403798, 0.8775238932274765, 0.7864079861180047, 0.7900811203066107, 0.8993866508611594, 0.9993081276303903, 1.1362006401596463, 1.3546982867119306, 1.4030742817161581, 1.2589040890359926, 1.1741005230580335, 1.1333704702712826, 1.178139071129083, 1.1118183176062537, 0.9836768350291956, 0.9260222235282298, 0.9508125856394889, 0.9755235527055444, 1.0969346474760493, 1.194465142995436, 1.1587845405269475, 0.9856470973302125, 0.9050047707483926, 0.9260230783755121, 0.9832528675628223, 0.9821426534688573, 0.887849684588685, 0.7974787872060292, 0.6786615725538727, 0.6255490599576627, 0.6628509605118396, 0.6665582791112779, 0.6715306295368801, 0.7335145321259318, 0.6323336304630405, 0.6387891142768938, 0.7402216510211308, 0.9272258804657527, 0.9745537331773417, 0.9093936011567676, 0.7475211663294412, 0.668843720456842, 0.6993740311385443, 0.7529504820399993, 0.8175468324378499, 0.9666578513739554, 1.1001090626354992, 1.0484741993450886, 0.9625550825654172, 0.8884192927711285, 0.8152011125116481, 0.8476665689997605
1AKD.pdb, 46, 46, 0.04484583851240789, 3.104524481573644, 0.6234120040091344, -, -, -, 1.4404797966518232, 35.04050600419329, , Upper limit of R overestimation, -, -, -, -, -, -, -, -, -, -, -, -, -, -, -, -, -, -, -, -, -, -, -, -, -, -, -, -, -, -, -, -, -, -, -, -, -, -, -, -, -, -, -, -, -, -, -, -, -, -, -, -, -, -, -, -, -, -, -, -, -, -, -, -, -, -, -, -, -, -, -, -, -, -
1AKD.pdb, 47, 47, 0.02222553826542973, 3.806513278958469, 0.6989823125086425, -, -, -, 1.5445832567739242, 54.94627064149551, , X, 16.975476231179453, 16.92097252699672, 16.7031161629929, 16.585331941295674, 16.474334720627677, 16.476914263018656, 16.557735320251496, 16.638556377484335, 16.720176486278913, 16.79389162910774, 16.860070906260415, 16.926250183413092, 16.859826743453908, 16.65623465763987, 16.454599349151415, 16.13610214457499, 15.828701230883176, 15.882497977884793, 15.712350723874483, 15.661554504487075, 15.57395700215275, 15.512815859116373, 15.439407135487254, 15.407860054929149, 15.376572717228253, 15.355156080828522, 15.330141189506394, 15.012376168024955, 14.692348236475729, 14.36594190584425, 14.031059169341464, 13.722363401989776, 13.780131292068655, 13.95862250735094, 14.151905929484954, 14.334509589986922, 14.072940631788688, 13.811173291111745, 13.546650386617337, 13.282251070150584, 13.022377768106095, 12.979888909043263, 12.983499835412196, 12.997331457627213, 12.953608584411095, 12.897735837858638, 12.987822733394381, 13.380997427338349, 13.772991077879258, 14.170421805207406, 14.563009186006136, 14.835670598200682, 15.1377279642059, 15.442608912339953, 15.752328405706088, 16.078229426158227, 16.38209645939627, 16.541509773841682, 16.655084162253726, 16.755704577299007, 16.93905901756715, 17.180642496637443, 17.420679294881186, 17.618689099108725, 17.834330896611796, 18.02641785259451, 18.21285592956615, 18.364043231613472, 18.5614101534965, 18.996495629023403, 19.40626873272257, 19.803312587368946, 20.23614362570068, 20.6663497871052, 20.797575069281873, 20.867567945382287, 20.930829252552314, 20.989792081084076, 20.964274891010486, 20.777946311233585, 20.860045053849177, 21.10439390570042, 21.377923480555946, 21.641975914347697, 21.776514701873914, 21.85867140189477, 21.879717483720054, 21.857272807337974, 21.754760904503776, 21.649372463562287, 21.543984022620794, 21.253206046627927, 20.948492684269166, 20.635437855323215, 20.42449974110129, 20.246052318123883, 20.107981754016762, 19.77638472009518, 19.511776410186044, 19.363528447469534, 19.192768498886217, 19.019553955220474, 18.94344891228104, 19.10552649220901, 19.29796594658524, 19.41168119056211, 19.614551276021366, 19.50786528869189, 19.373979565087453, 19.211668740923148, 19.12271510428546, 19.043327547414783, 19.15191697871473, 19.36788379133975
1AKD.pdb, 47, 47, 0.02222553826542973, 3.806513278958469, 0.6989823125086425, -, -, -, 1.5445832567739242, 54.94627064149551, , Y, 24.106161642832348, 23.785268776737226, 23.89076221597157, 23.94894477500368, 23.998498620567677, 23.993034132207413, 23.953677504089338, 23.914320875971264, 23.882822965061695, 23.856022507483118, 23.82592067834964, 23.795818849216165, 23.70923456954449, 23.557917823218308, 23.41950104325012, 23.333009440439444, 23.150387096835857, 22.902239817080723, 22.61979714315075, 22.54523308907915, 22.47385196064818, 22.361449198493194, 22.225991363893115, 21.738100723484354, 21.249759461944215, 20.7627522430621, 20.28424873235164, 19.98168526550027, 19.67168764756912, 19.36173736167843, 19.062303160558862, 18.708106381486296, 18.438853176860313, 18.267318574279347, 18.105115234725332, 17.963583296669004, 18.012435185522357, 18.05967867205314, 18.084581197462718, 18.119644157423938, 18.168907535510197, 18.299856355430983, 18.409889117931144, 18.499279473350988, 18.20327693517617, 17.914787688640775, 17.696169212401525, 17.622638636071954, 17.54145925538163, 17.45975962154872, 17.364013235116204, 16.947162376501403, 16.646865441798244, 16.352104573412365, 16.061907107667214, 15.776383938372074, 15.47643051330221, 15.120512509025907, 14.7556031805531, 14.383341710882512, 14.027456868891976, 13.7029682107075, 13.387595437677321, 13.002915454547594, 12.55342238865295, 12.093030347098862, 11.66576964698948, 11.233151680168431, 10.853665025582126, 10.747682110146972, 10.565539120636826, 10.388391962297565, 10.171214972583904, 9.952555627935679, 9.8238047213828, 9.778754399958839, 9.742558406333796, 9.706213822038139, 9.662653646202084, 9.614229595183128, 9.873185200584464, 10.235656280143909, 10.515367140331456, 10.724214085950708, 10.392269663891776, 9.989553324024355, 9.682041505910043, 9.481881610982061, 9.510505448670967, 9.546418461615303, 9.582331474559641, 9.406727273508862, 9.21402051505361, 9.110574757714904, 9.189923551060684, 9.622505672815352, 9.97689041316604, 10.334243684118363, 10.674306112005349, 10.952989256922574, 11.222780538957979, 11.491602296446219, 11.678538324145618, 11.640151897203745, 11.616527558381968, 11.978051486102139, 12.222214419321288, 12.653987873092092, 13.074222774563289, 13.482072929446488, 13.844382244107349, 14.195754622010679, 14.603502208488662, 15.04345279134036
1AKD.pdb, 47, 47, 0.02222553826542973, 3.806513278958469, 0.6989823125086425, -, -, -, 1.5445832567739242, 54.94627064149551, , Z, 7.833481663061395, 8.091228761438945, 8.52330912351079, 9.004730786571944, 9.489673178518816, 9.97826031841839, 10.470112951359337, 10.961965584300284, 11.454183096980078, 11.947911708941911, 12.442597652908756, 12.937283596875602, 13.400528038828405, 13.831403316461213, 14.264626457911541, 14.520547312913134, 14.722455730626399, 15.133024884303524, 15.406273391626799, 15.894216399520184, 16.38080432729681, 16.842569129610865, 17.300986766506895, 17.40549253989619, 17.508176106142102, 17.618740629497253, 17.74108072298716, 17.980832135182755, 18.20733237387177, 18.424789273420316, 18.644317658811122, 18.69975153007178, 19.11074600054917, 19.544183272934003, 19.975581144557555, 20.40373344984797, 20.827047958295946, 21.25037930427461, 21.673944526201605, 22.096724429938984, 22.52102667497757, 22.986482973744042, 23.474142103799426, 23.95046982063336, 24.35091911752493, 24.755458597459988, 25.126022016747278, 25.4260335405038, 25.7255183419412, 26.017562139358432, 26.140533051651218, 26.163289149908863, 26.425172900168167, 26.689954487952413, 26.95426352356057, 27.203535383595163, 27.46371372416172, 27.761064011634833, 28.083328428148356, 28.400921209296197, 28.380776469843717, 28.087084544137486, 27.782252870061207, 27.614489011035783, 27.592558511428656, 27.577399150515742, 27.677427040175893, 27.877387272430393, 28.080999989560887, 28.303414581306562, 28.45216109409241, 28.57870353408123, 28.70276045346227, 28.8335685177687, 29.229287056491184, 29.722208776506246, 30.216779867299305, 30.711959083385672, 31.196238011469045, 31.654911470615662, 32.00253281078078, 32.23635828741179, 32.5475503030171, 32.87195544173362, 33.20919126648683, 33.49358163499761, 33.858736485440595, 34.31621569403662, 34.8027684866086, 35.290214413883795, 35.777660341159, 36.13796062353995, 36.48439080704839, 36.83656169419365, 37.24430144134561, 37.42045258431934, 37.64263699963056, 37.716887729979646, 37.93908201133133, 38.326842564107714, 38.71153568788901, 39.09589435445398, 39.50248914970195, 39.97384072537444, 40.43066402109324, 40.728137274684286, 41.041658998567634, 41.22910983232322, 41.44405820626748, 41.514594155064884, 41.839143981703835, 42.18589326845243, 42.24894474674263, 42.149940602925106
1AKD.pdb, 47, 47, 0.02222553826542973, 3.806513278958469, 0.6989823125086425, -, -, -, 1.5445832567739242, 54.94627064149551, , distance, 0.0, 0.4151824321938812, 0.7722945325616373, 1.244489541853608, 1.733696765825681, 2.20486674205756, 2.6738704964270013, 3.1524164561640715, 3.6365556503806498, 4.126024376707819, 4.619069559452475, 5.113465559963598, 5.582376846421303, 6.031380491093513, 6.488639216166823, 6.7837423440719755, 7.048869525509919, 7.4784597654515785, 7.819970590567894, 8.314946346510581, 8.8139330479892, 9.292311545432296, 9.773852946935188, 9.984414115010882, 10.213483168482957, 10.46685802159935, 10.74591386653077, 11.128063122088637, 11.510604311896337, 11.895168264970122, 12.287565875723427, 12.561750057483318, 13.01942031988955, 13.428850545211986, 13.835305817343345, 14.237879179212669, 14.642096165197994, 15.05277089864975, 15.47820047674659, 15.903408374309048, 16.327950032711712, 16.712012082956097, 17.117641637935257, 17.521988208337085, 17.99569968915124, 18.47469570857068, 18.868527638913235, 19.09068437775232, 19.32553246643646, 19.562816078715137, 19.65768788388363, 19.794238584677718, 20.116396336407742, 20.44606687480117, 20.780048618477277, 21.10424671887647, 21.4515819858162, 21.86409740879203, 22.306767776704795, 22.750848258845068, 22.88608616628277, 22.770089074200417, 22.65037173936546, 22.693260021683674, 22.904683658830034, 23.13529942688357, 23.453712492015303, 23.862117590248204, 24.250893826375087, 24.526549869663544, 24.786834246304394, 25.030742976256743, 25.30496962637651, 25.592005758361374, 26.00720375575623, 26.448806227536366, 26.888100601550033, 27.329433913944854, 27.755068405472436, 28.141346649718532, 28.316259052436934, 28.371451632276543, 28.546040456308347, 28.77112978096961, 29.241194255442384, 29.691159560914716, 30.1566031335968, 30.643705814022255, 31.03574026018376, 31.427752080671663, 31.822791018242466, 32.179432443351125, 32.53360296498373, 32.85485651180924, 33.1569938627302, 33.103803504939805, 33.13660571349746, 33.023155070119444, 33.06349548866223, 33.29495151284422, 33.53136015774297, 33.77341866812364, 34.07704172919979, 34.53898078616431, 34.98515707731513, 35.143769268323744, 35.36913853417883, 35.39538471623849, 35.4559917221717, 35.387697814770604, 35.58510672930197, 35.813131104255774, 35.769561500204034, 35.5735247035232
1AKD.pdb, 47, 47, 0.02222553826542973, 3.806513278958469, 0.6989823125086425, -, -, -, 1.5445832567739242, 54.94627064149551, , length, 0.0, 0.5, 1.0, 1.5, 2.0, 2.5, 3.0, 3.5, 4.0, 4.5, 5.0, 5.5, 6.0, 6.5, 7.0, 7.5, 8.0, 8.5, 9.0, 9.5, 10.0, 10.5, 11.0, 11.5, 12.0, 12.5, 13.0, 13.5, 14.0, 14.5, 15.0, 15.5, 16.0, 16.5, 17.0, 17.5, 18.0, 18.5, 19.0, 19.5, 20.0, 20.5, 21.0, 21.5, 22.0, 22.5, 23.0, 23.5, 24.0, 24.5, 25.0, 25.5, 26.0, 26.5, 27.0, 27.5, 28.0, 28.5, 29.0, 29.5, 30.0, 30.5, 31.0, 31.5, 32.0, 32.5, 33.0, 33.5, 34.0, 34.5, 35.0, 35.5, 36.0, 36.5, 37.0, 37.5, 38.0, 38.5, 39.0, 39.5, 40.0, 40.5, 41.0, 41.5, 42.0, 42.5, 43.0, 43.5, 44.0, 44.5, 45.0, 45.5, 46.0, 46.5, 47.0, 47.5, 48.0, 48.5, 49.0, 49.5, 50.0, 50.5, 51.0, 51.5, 52.0, 52.5, 53.0, 53.5, 54.0, 54.5, 55.0, 55.5, 56.0, 56.5
1AKD.pdb, 47, 47, 0.02222553826542973, 3.806513278958469, 0.6989823125086425, -, -, -, 1.5445832567739242, 54.94627064149551, , R, 3.4839028770087492, 3.3872237510929115, 3.119849226674783, 2.810184379568937, 2.528604608872947, 2.2239321654875934, 1.9163807162580628, 1.6581121431390575, 1.4569225754650983, 1.3214531140841883, 1.2676179990073284, 1.3027242899795457, 1.3668507648882047, 1.4504663892692307, 1.6040309690863364, 1.6577701206276347, 1.618499946383268, 1.497390197272905, 1.4590814816578042, 1.2550085709569845, 1.10193745272074, 1.0306528021201422, 1.025471741276847, 0.8222864219181751, 0.7137332011576349, 0.7073218560677481, 0.7960099323339582, 0.7804911384027662, 0.8642768756112229, 1.0353283804651765, 1.2796396450720242, 1.4820626342597603, 1.3596842530187754, 1.2582071304206224, 1.2423282372710363, 1.294091455710098, 1.0807177988807561, 0.9506142333789751, 0.905434334353385, 0.9524154612518707, 1.0838679632927088, 1.18736054581049, 1.3279910083281945, 1.5136117930945896, 1.5320805828667425, 1.6255927207490228, 1.6994669026290339, 1.6533053442161014, 1.6828948022996704, 1.780191147010941, 1.7835289175771383, 1.6774665968019433, 1.4120695394320317, 1.2067625631423464, 1.0776283358018648, 1.0378250459994023, 1.0772498201503113, 1.1232143775399983, 1.2210217088433142, 1.38298728687696, 1.4022054114684313, 1.3242224720170048, 1.3247469464283155, 1.2710169867563836, 1.137538780109514, 1.0888644203548692, 1.0133464781035242, 0.8998051091756136, 0.8663432203060601, 0.8309778658065374, 0.8360275259122516, 0.9120574328949758, 1.0552359379086012, 1.2781776666934404, 1.25332654919771, 1.1576604687536465, 1.1306532430290819, 1.194921817449675, 1.307189323424879, 1.4195283483440062, 1.4015482170196312, 1.3242052526040626, 1.2834671687600592, 1.3002246514022389, 1.1735857248979409, 1.108792422521966, 1.0398314513845408, 0.9549794992663854, 0.8154707152152163, 0.7735695567251151, 0.8393429512143027, 0.8336200140124519, 0.9175620231001749, 1.0396436142865673, 1.037904723842459, 0.9100706821739926, 0.8108642355754729, 0.8162871112225312, 0.8197535297735912, 0.7916346427015459, 0.8619222285930404, 1.029346227476676, 1.1810791712272608, 1.1809488159519588, 1.2393629220200322, 1.0590693246493674, 0.9739083678236291, 0.9131362932521871, 0.9089981989629798, 1.053397249769675, 1.1441296422866483, 1.3073272912284888, 1.3734806723128425, 1.4243709431020108
1AKD.pdb, 47, 47, 0.02222553826542973, 3.806513278958469, 0.6989823125086425, -, -, -, 1.5445832567739242, 54.94627064149551, , Upper limit of R overestimation, -, -, -, -, -, -, -, -, -, -, -, -, -, -, -, -, -, -, -, -, -, -, -, -, -, -, -, -, -, -, -, -, -, -, -, -, -, -, -, -, -, -, -, -, -, -, -, -, -, -, -, -, -, -, -, -, -, -, -, -, -, -, -, -, -, -, -, -, -, -, -, -, -, -, -, -, -, -, -, -, -, -, -, -, -, -, -, -, -, -, -, -, -, -, -, -, -, -, -, -, -, -, -, -, -, -, -, -, -, -, -, -, -, -
