Snapshot, Tunnel cluster, Tunnel, Throughput, Cost, Bottleneck radius, Average R error bound, Max. R error bound, Bottleneck R error bound, Curvature, Length, , Axis, Values...
2OAR.pdb, 1, 1, 0.922986453151117, 0.08014072156303066, 2.7436276955586485, -, -, -, 1.0001541371632237, 2.499942654623633, , X, 63.068282105920325, 63.45138130632645, 63.83448050673257, 64.20949756833417, 64.58693289039095, 64.96467287000758
2OAR.pdb, 1, 1, 0.922986453151117, 0.08014072156303066, 2.7436276955586485, -, -, -, 1.0001541371632237, 2.499942654623633, , Y, 158.9692796110366, 159.28984362388508, 159.61040763673358, 159.93980547254557, 160.26551778604622, 160.59082719500992
2OAR.pdb, 1, 1, 0.922986453151117, 0.08014072156303066, 2.7436276955586485, -, -, -, 1.0001541371632237, 2.499942654623633, , Z, -0.5904458934469397, -0.612210918479388, -0.6339759435118363, -0.6624333516258024, -0.7004618780571419, -0.7390143908016602
2OAR.pdb, 1, 1, 0.922986453151117, 0.08014072156303066, 2.7436276955586485, -, -, -, 1.0001541371632237, 2.499942654623633, , distance, 0.0, 0.49999999999999245, 1.000000000000003, 1.4998251143534171, 1.999659253071703, 2.4995573799397746
2OAR.pdb, 1, 1, 0.922986453151117, 0.08014072156303066, 2.7436276955586485, -, -, -, 1.0001541371632237, 2.499942654623633, , length, 0.0, 0.5, 1.0, 1.5, 2.0, 2.5
2OAR.pdb, 1, 1, 0.922986453151117, 0.08014072156303066, 2.7436276955586485, -, -, -, 1.0001541371632237, 2.499942654623633, , R, 3.1899092912147204, 3.004895659880821, 2.869318390609848, 2.7834229906090715, 2.744434570225557, 2.7632424409410334
2OAR.pdb, 1, 1, 0.922986453151117, 0.08014072156303066, 2.7436276955586485, -, -, -, 1.0001541371632237, 2.499942654623633, , Upper limit of R overestimation, -, -, -, -, -, -
2OAR.pdb, 2, 2, 0.7723579768006231, 0.25830713591428156, 1.4021052858018859, -, -, -, 1.1091602629213417, 6.876705202435088, , X, 63.068282105920325, 62.699372344146525, 62.458200985851654, 62.34042939687187, 62.20353157182284, 62.214919216501634, 62.36888656396144, 62.52162199691986, 62.65562529304416, 62.780667338225655, 62.90570938340715, 63.03226687150756, 63.16252957004363, 63.42794916609574, 63.725768382034246
2OAR.pdb, 2, 2, 0.7723579768006231, 0.25830713591428156, 1.4021052858018859, -, -, -, 1.1091602629213417, 6.876705202435088, , Y, 158.9692796110366, 159.21374820902489, 159.53802273041646, 159.96400158222858, 160.10803564097284, 160.27303949362118, 160.54227089433834, 160.81141695178965, 161.07892201827954, 161.3456420525048, 161.61236208673003, 161.8748505657642, 162.12699302499288, 162.4372638236072, 162.76146906534157
2OAR.pdb, 2, 2, 0.7723579768006231, 0.25830713591428156, 1.4021052858018859, -, -, -, 1.1091602629213417, 6.876705202435088, , Z, -0.5904458934469397, -0.8231274188537401, -1.050648639459489, -1.2844688067633503, -1.7002641746342309, -2.132072066234324, -2.5242538845013827, -2.916978071784793, -3.3173368119669013, -3.7213478393902983, -4.125358866813696, -4.531587353716142, -4.9432374595392945, -5.2140524225980664, -5.4511065848684765
2OAR.pdb, 2, 2, 0.7723579768006231, 0.25830713591428156, 1.4021052858018859, -, -, -, 1.1091602629213417, 6.876705202435088, , distance, 0.0, 0.49999999999999634, 0.9526039451648668, 1.414534966075222, 1.8100429274455216, 2.1919464658374004, 2.589028591522554, 3.01745906911935, 3.4722918675073324, 3.9411124955941843, 4.416777625452709, 4.896553449102682, 5.378366946110862, 5.790855915080522, 6.199920275112455
2OAR.pdb, 2, 2, 0.7723579768006231, 0.25830713591428156, 1.4021052858018859, -, -, -, 1.1091602629213417, 6.876705202435088, , length, 0.0, 0.5, 1.0, 1.5, 2.0, 2.5, 3.0, 3.5, 4.0, 4.5, 5.0, 5.5, 6.0, 6.5, 7.0
2OAR.pdb, 2, 2, 0.7723579768006231, 0.25830713591428156, 1.4021052858018859, -, -, -, 1.1091602629213417, 6.876705202435088, , R, 3.1899092912527345, 3.1190830079358034, 3.03525292068903, 2.928881698866053, 2.7035276805067245, 2.4071055505543177, 2.09766788018214, 1.8340746079038293, 1.6213342099324106, 1.4741664550937488, 1.4061040485816019, 1.418065654115777, 1.5026788237188762, 1.642160727011773, 1.845704873880818
2OAR.pdb, 2, 2, 0.7723579768006231, 0.25830713591428156, 1.4021052858018859, -, -, -, 1.1091602629213417, 6.876705202435088, , Upper limit of R overestimation, -, -, -, -, -, -, -, -, -, -, -, -, -, -, -
2OAR.pdb, 3, 3, 0.7403132944796484, 0.3006818114616576, 1.2325852268626099, -, -, -, 1.4067204191656602, 9.65480494959537, , X, 63.068282105920325, 62.699372344146525, 62.38799463095582, 62.07220163715687, 61.77382335584977, 61.450595272376695, 61.008568159214796, 60.7077886518192, 60.841165867274825, 60.543427856912224, 60.24568984654963, 60.0875906774779, 60.103321949226824, 60.11905322097576, 60.19635809681467, 60.49796040738571, 60.70020254325937, 61.018836827292006, 61.3812107132386, 61.542979509645754, 61.70474830605291
2OAR.pdb, 3, 3, 0.7403132944796484, 0.3006818114616576, 1.2325852268626099, -, -, -, 1.4067204191656602, 9.65480494959537, , Y, 158.9692796110366, 159.21374820902489, 159.52360562773427, 159.90892014181256, 160.3047926511934, 160.6658149556935, 160.80941132755262, 161.0474496589299, 161.29535813835915, 161.55207729421912, 161.80879645007906, 162.1679482519236, 162.65461408812504, 163.14127992432648, 163.5773812709403, 163.95716130313545, 164.35881301402748, 164.483703106843, 164.79536960663683, 165.24489901068057, 165.69442841472429
2OAR.pdb, 3, 3, 0.7403132944796484, 0.3006818114616576, 1.2325852268626099, -, -, -, 1.4067204191656602, 9.65480494959537, , Z, -0.5904458934469397, -0.8231274188537401, -0.9828233919930089, -1.0253382165619074, -1.0904303049501676, -1.0199187309841111, -1.1728148360769883, -1.1164556664448382, -0.7224109755257744, -0.4134654266018992, -0.10451987767802406, 0.11741424191748137, 0.23103154237609783, 0.3446488428347143, 0.474271887322531, 0.3526448949546666, 0.28714187335313857, -0.04817897352899816, -0.15897442693848096, -0.30646738069920176, -0.45396033445992257
2OAR.pdb, 3, 3, 0.7403132944796484, 0.3006818114616576, 1.2325852268626099, -, -, -, 1.4067204191656602, 9.65480494959537, , distance, 0.0, 0.49999999999999634, 0.9612640026271428, 1.4367435261845731, 1.9259291128723564, 2.383188994870682, 2.8227043525175506, 3.188637071870118, 3.223057994916877, 3.616221085142879, 4.0331138137506235, 4.4291159882105395, 4.800781615150091, 5.194029244787127, 5.5331882648949655, 5.689897858793314, 5.951893094258672, 5.907888442889799, 6.0807649310961756, 6.464564227779946, 6.863343147689383
2OAR.pdb, 3, 3, 0.7403132944796484, 0.3006818114616576, 1.2325852268626099, -, -, -, 1.4067204191656602, 9.65480494959537, , length, 0.0, 0.5, 1.0, 1.5, 2.0, 2.5, 3.0, 3.5, 4.0, 4.5, 5.0, 5.5, 6.0, 6.5, 7.0, 7.5, 8.0, 8.5, 9.0, 9.5, 10.0
2OAR.pdb, 3, 3, 0.7403132944796484, 0.3006818114616576, 1.2325852268626099, -, -, -, 1.4067204191656602, 9.65480494959537, , R, 3.1899092912527345, 3.1190830079358034, 3.0008285413707827, 2.7926392959038213, 2.6418737058593265, 2.4468839209852513, 2.243614368302171, 2.1064203944284547, 2.1229268982215617, 1.9423173810638774, 1.8272924743213061, 1.7023148121771947, 1.5447675136087895, 1.4636700682493426, 1.3790254422838548, 1.3270584996494517, 1.2573556316845682, 1.5116008643964571, 1.6030350852905522, 1.5949773882978646, 1.6663490259634361
2OAR.pdb, 3, 3, 0.7403132944796484, 0.3006818114616576, 1.2325852268626099, -, -, -, 1.4067204191656602, 9.65480494959537, , Upper limit of R overestimation, -, -, -, -, -, -, -, -, -, -, -, -, -, -, -, -, -, -, -, -, -
2OAR.pdb, 4, 4, 0.6901094636519819, 0.370905050999411, 1.353647113204071, -, -, -, 1.0762512001123177, 11.288262534294343, , X, 63.068282105920325, 63.18861174490216, 63.458703204995466, 63.741367270655516, 64.02403133631557, 64.29859551542971, 64.55784695857635, 64.76546859889825, 64.81474506336316, 64.86402152782806, 64.91329799229297, 64.96257445675786, 65.04075472701625, 65.14154154403221, 65.24232836104818, 65.353113737157, 65.71978572062224, 65.98537114405099, 66.27375445804938, 66.582473474825, 66.89119249160062, 67.19717935477226, 67.5855594634872, 67.96848340803783
2OAR.pdb, 4, 4, 0.6901094636519819, 0.370905050999411, 1.353647113204071, -, -, -, 1.0762512001123177, 11.288262534294343, , Y, 158.9692796110366, 158.79262353428777, 158.49390437980227, 158.13585826854705, 157.77781215729183, 157.3968202586127, 156.97244963081218, 156.55357555506427, 156.12507366634134, 155.69657177761837, 155.26806988889544, 154.83956800017248, 154.45335572075635, 154.1184480187613, 153.78354031676628, 153.4546378358747, 153.36773842583258, 153.28776456082838, 153.01212758501862, 152.8037450300478, 152.59536247507694, 152.223576364093, 151.9725019444956, 151.71961925279408
2OAR.pdb, 4, 4, 0.6901094636519819, 0.370905050999411, 1.353647113204071, -, -, -, 1.0762512001123177, 11.288262534294343, , Z, -0.5904458934469397, -0.1659630860315761, 0.09104575748972707, 0.29575044282826235, 0.5004551281667976, 0.6523106312096345, 0.7042554046384275, 0.8185262741184406, 1.0714253872262316, 1.3243245003340225, 1.5772236134418134, 1.8301227265496043, 2.128461918645103, 2.485783690526136, 2.8431054624071694, 3.1956944763466377, 3.4757053651834937, 3.797563238557506, 4.0874451433098535, 4.421015644800794, 4.754586146291734, 4.803720826918384, 4.993780099195256, 5.192210905072854
2OAR.pdb, 4, 4, 0.6901094636519819, 0.370905050999411, 1.353647113204071, -, -, -, 1.0762512001123177, 11.288262534294343, , distance, 0.0, 0.4752601869092499, 0.9180637861121151, 1.3903160502314802, 1.8769966232500357, 2.351753235401295, 2.8075585250275994, 3.2712796650487945, 3.728465699330776, 4.1954311214952185, 4.669242777938944, 5.1480106782581085, 5.6282036667512365, 6.106730736461788, 6.588447773251472, 7.06870485953693, 7.412241302492517, 7.7487835086985735, 8.22468101588891, 8.687813556700512, 9.154825556986621, 9.573366147520911, 10.027176690230101, 10.488501692835557
2OAR.pdb, 4, 4, 0.6901094636519819, 0.370905050999411, 1.353647113204071, -, -, -, 1.0762512001123177, 11.288262534294343, , length, 0.0, 0.5, 1.0, 1.5, 2.0, 2.5, 3.0, 3.5, 4.0, 4.5, 5.0, 5.5, 6.0, 6.5, 7.0, 7.5, 8.0, 8.5, 9.0, 9.5, 10.0, 10.5, 11.0, 11.5
2OAR.pdb, 4, 4, 0.6901094636519819, 0.370905050999411, 1.353647113204071, -, -, -, 1.0762512001123177, 11.288262534294343, , R, 3.1899092912527345, 3.1190929442843935, 2.861505267454812, 2.5917676081649437, 2.3678885424320804, 2.1701375265136966, 1.9765803995267537, 1.7967174664326442, 1.577447328131976, 1.4274981168720888, 1.3577265935764355, 1.3739377232051244, 1.4090979639188688, 1.448034695236815, 1.5685020676737977, 1.7565099387381515, 1.7841156634324227, 1.7118919529390544, 1.778493790930984, 1.877170504872658, 2.0439126798426743, 2.218878530146416, 2.2574425490844785, 2.3531191399937357
2OAR.pdb, 4, 4, 0.6901094636519819, 0.370905050999411, 1.353647113204071, -, -, -, 1.0762512001123177, 11.288262534294343, , Upper limit of R overestimation, -, -, -, -, -, -, -, -, -, -, -, -, -, -, -, -, -, -, -, -, -, -, -, -
2OAR.pdb, 5, 5, 0.6836361349534831, 0.38032946934621076, 1.0502838118156017, -, -, -, 1.115631546615442, 8.332718112693808, , X, 63.068282105920325, 63.18861174490216, 63.1554888713972, 63.068843727516736, 62.98219858363627, 62.97989068167898, 63.21032213158796, 63.424737532793344, 63.639860978931864, 63.847163806460934, 64.05446663399, 64.26176946151907, 64.45683766333565, 64.65133425757689, 64.84366521033445, 64.92078719418889, 65.08947565145122, 65.36712682563814
2OAR.pdb, 5, 5, 0.6836361349534831, 0.38032946934621076, 1.0502838118156017, -, -, -, 1.115631546615442, 8.332718112693808, , Y, 158.9692796110366, 158.79262353428777, 158.84753038480054, 158.97032468381695, 159.0931189828334, 159.26836960610478, 159.58838013176313, 159.9033926057886, 160.22660942788858, 160.53461809107327, 160.84262675425796, 161.15063541744266, 161.46754358183233, 161.78486753518237, 162.09836021250385, 162.44747310830948, 162.85343257218437, 163.26922870272546
2OAR.pdb, 5, 5, 0.6836361349534831, 0.38032946934621076, 1.0502838118156017, -, -, -, 1.115631546615442, 8.332718112693808, , Z, -0.5904458934469397, -0.1659630860315761, 0.2947971016457424, 0.7716767291944521, 1.2485563567431617, 1.68035708172742, 1.9877568383322557, 2.2844744787532285, 2.599100819302578, 2.933998118637216, 3.2688954179718537, 3.6037927173064914, 3.937719167633261, 4.2716002594292135, 4.610112389727486, 4.94198413846925, 5.062683952972115, 5.067521648671532
2OAR.pdb, 5, 5, 0.6836361349534831, 0.38032946934621076, 1.0502838118156017, -, -, -, 1.115631546615442, 8.332718112693808, , distance, 0.0, 0.4752601869092499, 0.8978212819902864, 1.3621231393333706, 1.8451763707082618, 2.29211998400826, 2.655294738783104, 3.043812527867535, 3.4757429291058664, 3.9342911502374114, 4.401875145939899, 4.87589609672421, 5.354781809204975, 5.837215283519856, 6.32368065564762, 6.792450748042304, 7.150506599854498, 7.4690592409055405
2OAR.pdb, 5, 5, 0.6836361349534831, 0.38032946934621076, 1.0502838118156017, -, -, -, 1.115631546615442, 8.332718112693808, , length, 0.0, 0.5, 1.0, 1.5, 2.0, 2.5, 3.0, 3.5, 4.0, 4.5, 5.0, 5.5, 6.0, 6.5, 7.0, 7.5, 8.0, 8.5
2OAR.pdb, 5, 5, 0.6836361349534831, 0.38032946934621076, 1.0502838118156017, -, -, -, 1.115631546615442, 8.332718112693808, , R, 3.1899092912527345, 3.1190929442843935, 2.8521681474267147, 2.545289395320943, 2.2796449078887453, 2.026273530323194, 1.7148535239846545, 1.4552200816933816, 1.2430437576753612, 1.1011212045022676, 1.0502416093733413, 1.0957231299234813, 1.2201638172856804, 1.4247829718067613, 1.692937078470726, 1.9107901297361942, 2.077610295275384, 2.285209310137491
2OAR.pdb, 5, 5, 0.6836361349534831, 0.38032946934621076, 1.0502838118156017, -, -, -, 1.115631546615442, 8.332718112693808, , Upper limit of R overestimation, -, -, -, -, -, -, -, -, -, -, -, -, -, -, -, -, -, -
2OAR.pdb, 6, 6, 0.6608932333297416, 0.41416297512715394, 1.3720313586523183, -, -, -, 1.1593098123045709, 14.014258842885763, , X, 63.068282105920325, 62.699372344146525, 62.38799463095582, 62.07220163715687, 61.77382335584977, 61.450595272376695, 61.008568159214796, 60.59485242148687, 60.09990309587579, 59.6051095972074, 59.11031609853901, 58.6155478379933, 58.13756909154909, 57.72960674143187, 57.34179910245962, 57.133357633020736, 57.0404956799638, 56.916541917676945, 56.675137844402045, 56.37773031099804, 56.07637227668322, 55.82844279325167, 55.53700381792444, 55.288423347233646, 55.045526493472266, 54.767137788386414, 54.68459071918062, 54.58010825547959, 54.36795935960819, 54.054594080175406
2OAR.pdb, 6, 6, 0.6608932333297416, 0.41416297512715394, 1.3720313586523183, -, -, -, 1.1593098123045709, 14.014258842885763, , Y, 158.9692796110366, 159.21374820902489, 159.52360562773427, 159.90892014181256, 160.3047926511934, 160.6658149556935, 160.80941132755262, 160.98947663127393, 161.05915315715515, 161.13073027954948, 161.20230740194384, 161.27394151894077, 161.35517286631912, 161.6133352012, 161.8964512511913, 162.21760833403027, 162.56376136821177, 162.9508671268782, 163.30355654583468, 163.55314897900465, 163.83174134537478, 164.00531753101797, 164.2563171131098, 164.67285592647926, 165.09017134387983, 165.47464583054443, 165.74918564640117, 165.9888939002512, 166.42315788861092, 166.70191109632006
2OAR.pdb, 6, 6, 0.6608932333297416, 0.41416297512715394, 1.3720313586523183, -, -, -, 1.1593098123045709, 14.014258842885763, , Z, -0.5904458934469397, -0.8231274188537401, -0.9828233919930089, -1.0253382165619074, -1.0904303049501676, -1.0199187309841111, -1.1728148360769883, -1.227189616785006, -1.2375041064470549, -1.2449947155834802, -1.2524853247199053, -1.2604145189401672, -1.3551366504894764, -1.298363911493095, -1.18619795558105, -0.8646232644741123, -0.5518239019971032, -0.29203855320714556, -0.15341011483976896, 0.16163333673294816, 0.4356020545463671, 0.757596990176342, 1.0540663967483193, 0.9454406212429325, 0.8156758330956219, 0.6736136309634184, 0.9566102333649003, 1.2875166416755799, 1.3935489201164004, 1.6657599611082665
2OAR.pdb, 6, 6, 0.6608932333297416, 0.41416297512715394, 1.3720313586523183, -, -, -, 1.1593098123045709, 14.014258842885763, , distance, 0.0, 0.49999999999999634, 0.9612640026271428, 1.4367435261845731, 1.9259291128723564, 2.383188994870682, 2.8227043525175506, 3.256454049057472, 3.68748284294992, 4.134472998833115, 4.592407237942897, 5.058375918183765, 5.530747635681709, 5.999469354163298, 6.458781767437837, 6.771273234956005, 7.018261890086067, 7.3338934700923595, 7.73622972564088, 8.144996308875873, 8.578059895434793, 8.921556524555578, 9.347584654453243, 9.76810792718828, 10.188577012130326, 10.621988190150267, 10.892510719571158, 11.173666514084612, 11.627216033390658, 12.088450122773542
2OAR.pdb, 6, 6, 0.6608932333297416, 0.41416297512715394, 1.3720313586523183, -, -, -, 1.1593098123045709, 14.014258842885763, , length, 0.0, 0.5, 1.0, 1.5, 2.0, 2.5, 3.0, 3.5, 4.0, 4.5, 5.0, 5.5, 6.0, 6.5, 7.0, 7.5, 8.0, 8.5, 9.0, 9.5, 10.0, 10.5, 11.0, 11.5, 12.0, 12.5, 13.0, 13.5, 14.0, 14.5
2OAR.pdb, 6, 6, 0.6608932333297416, 0.41416297512715394, 1.3720313586523183, -, -, -, 1.1593098123045709, 14.014258842885763, , R, 3.1899092912527345, 3.1190830079358034, 3.0008285413707827, 2.7926392959038213, 2.6418737058593265, 2.4468839209852513, 2.243614368302171, 2.0697235891688073, 1.815538056600397, 1.6201193811931747, 1.4957727582264146, 1.4512274370209126, 1.4485569893713701, 1.3928922592666826, 1.3947736587394486, 1.3752002297869823, 1.4694934300014921, 1.5668614413262434, 1.545867656327752, 1.435785280528897, 1.3967060391123587, 1.4382377189374038, 1.5276108882588386, 1.5561829217304162, 1.655271777836218, 1.7822166030513618, 1.919180790655754, 2.0432261446457867, 2.2749187279093706, 2.382099149111445
2OAR.pdb, 6, 6, 0.6608932333297416, 0.41416297512715394, 1.3720313586523183, -, -, -, 1.1593098123045709, 14.014258842885763, , Upper limit of R overestimation, -, -, -, -, -, -, -, -, -, -, -, -, -, -, -, -, -, -, -, -, -, -, -, -, -, -, -, -, -, -
2OAR.pdb, 7, 7, 0.6208995550103089, 0.4765859572965058, 1.2977805377499756, -, -, -, 1.0989783302105596, 12.691961184846186, , X, 63.068282105920325, 62.699372344146525, 62.458200985851654, 62.34042939687187, 62.20353157182284, 61.987274284674044, 61.7059710834825, 61.42466788229096, 61.14336468109942, 60.87669047629687, 60.64187245498132, 60.42496854927661, 60.20806464357191, 59.991160737867204, 59.841880920685426, 59.729401701312014, 59.505378882659706, 59.183677065575836, 58.948255848421326, 58.65730410450394, 58.36635236058657, 58.07540061666919, 57.78562815255518, 57.63934724931141, 57.46030701877376, 57.28126678823612, 57.133731136108935
2OAR.pdb, 7, 7, 0.6208995550103089, 0.4765859572965058, 1.2977805377499756, -, -, -, 1.0989783302105596, 12.691961184846186, , Y, 158.9692796110366, 159.21374820902489, 159.53802273041646, 159.96400158222858, 160.10803564097284, 160.20104667041494, 160.33230070319837, 160.4635547359818, 160.59480876876523, 160.73471462145662, 160.63499690941762, 160.3974675064151, 160.1599381034126, 159.92240870041007, 159.72114197252455, 159.53960916122975, 159.49562896349815, 159.7514110649071, 159.9683376224794, 160.17077283409088, 160.37320804570237, 160.57564325731386, 160.781296656718, 160.9230896386414, 161.03232597858667, 161.14156231853195, 161.3177449636196
2OAR.pdb, 7, 7, 0.6208995550103089, 0.4765859572965058, 1.2977805377499756, -, -, -, 1.0989783302105596, 12.691961184846186, , Z, -0.5904458934469397, -0.8231274188537401, -1.050648639459489, -1.2844688067633503, -1.7002641746342309, -2.1322619755956027, -2.524232494738914, -2.9162030138822255, -3.3081735330255366, -3.7072925024755805, -4.096159185897478, -4.478954795066801, -4.8617504042361235, -5.244546013405445, -5.672222153017891, -6.124321991142787, -6.512331023001813, -6.729165303851439, -7.107322688614132, -7.459979841967427, -7.812636995320723, -8.165294148674018, -8.516100120979129, -8.95612709772709, -9.410012565531893, -9.863898033336696, -10.215532036138717
2OAR.pdb, 7, 7, 0.6208995550103089, 0.4765859572965058, 1.2977805377499756, -, -, -, 1.0989783302105596, 12.691961184846186, , distance, 0.0, 0.49999999999999634, 0.9526039451648668, 1.414534966075222, 1.8100429274455216, 2.2501166257190874, 2.7300638158969512, 3.216126870694344, 3.7059001144033235, 4.199353215825701, 4.577346786202694, 4.913993152337414, 5.276604381728645, 5.660192479177435, 6.066251855227108, 6.488234183254354, 6.931092735406211, 7.306556092324233, 7.774472100155602, 8.251715552774472, 8.73150632432356, 9.213446468043568, 9.695660549918365, 10.162447014027599, 10.653182678245487, 11.144741945833509, 11.54887301773681
2OAR.pdb, 7, 7, 0.6208995550103089, 0.4765859572965058, 1.2977805377499756, -, -, -, 1.0989783302105596, 12.691961184846186, , length, 0.0, 0.5, 1.0, 1.5, 2.0, 2.5, 3.0, 3.5, 4.0, 4.5, 5.0, 5.5, 6.0, 6.5, 7.0, 7.5, 8.0, 8.5, 9.0, 9.5, 10.0, 10.5, 11.0, 11.5, 12.0, 12.5, 13.0
2OAR.pdb, 7, 7, 0.6208995550103089, 0.4765859572965058, 1.2977805377499756, -, -, -, 1.0989783302105596, 12.691961184846186, , R, 3.1899092912527345, 3.1190830079358034, 3.03525292068903, 2.928881698866053, 2.7035276805067245, 2.4243773477116375, 2.1525283285619006, 1.9320741572333926, 1.773352038575228, 1.6761320257498942, 1.5282196758677546, 1.3807615964210438, 1.3149942656370692, 1.3365656185564712, 1.37793276424759, 1.4677575605715365, 1.5438205404053247, 1.4456092261831124, 1.3445852400376141, 1.297823653761689, 1.33909280890922, 1.4647434121233855, 1.6619678847157893, 1.7475867547199697, 1.8633473873017463, 2.046084110996507, 2.185004928955308
2OAR.pdb, 7, 7, 0.6208995550103089, 0.4765859572965058, 1.2977805377499756, -, -, -, 1.0989783302105596, 12.691961184846186, , Upper limit of R overestimation, -, -, -, -, -, -, -, -, -, -, -, -, -, -, -, -, -, -, -, -, -, -, -, -, -, -, -
2OAR.pdb, 8, 8, 0.5856175189667008, 0.5350884005142448, 1.353647113204071, -, -, -, 1.423437757075128, 20.651546911133767, , X, 63.068282105920325, 63.18861174490216, 63.458703204995466, 63.741367270655516, 64.02403133631557, 64.29859551542971, 64.55784695857635, 64.76546859889825, 64.81474506336316, 64.86402152782806, 64.91329799229297, 64.96257445675786, 65.04075472701625, 65.14154154403221, 65.24232836104818, 65.353113737157, 65.75334229846322, 66.07013543778635, 66.38692857710949, 66.70372171643261, 66.95845300695377, 67.04725085928823, 67.19865092422712, 67.35005098916602, 67.5014510541049, 67.63124133218521, 67.57430167217738, 67.51736201216956, 67.46042235216173, 67.43978179063284, 67.4074553593358, 67.37512892803878, 67.34280249674174, 67.3086289314565, 67.25134756356427, 67.14717898336052, 66.82690112711126, 66.53578714279458, 66.25608095860123, 66.25796293346924, 66.2462436494331, 66.1344561694494, 66.02266868946568
2OAR.pdb, 8, 8, 0.5856175189667008, 0.5350884005142448, 1.353647113204071, -, -, -, 1.423437757075128, 20.651546911133767, , Y, 158.9692796110366, 158.79262353428777, 158.49390437980227, 158.13585826854705, 157.77781215729183, 157.3968202586127, 156.97244963081218, 156.55357555506427, 156.12507366634134, 155.69657177761837, 155.26806988889544, 154.83956800017248, 154.45335572075635, 154.1184480187613, 153.78354031676628, 153.4546378358747, 153.24237382021354, 152.86262766270693, 152.4828815052003, 152.1031353476937, 151.74445603929288, 151.3863684456239, 150.9107448113621, 150.43512117710029, 149.95949754283848, 149.47926745446372, 148.98653986141446, 148.49381226836522, 148.00108467531595, 147.5087468519638, 147.01777861405162, 146.52681037613948, 146.0358421382273, 145.54478462822692, 145.0526103168433, 144.64339690726655, 144.8004255259008, 145.03460552185467, 145.2520148280323, 145.05545933738517, 144.89848231696843, 144.93056299630354, 144.96264367563862
2OAR.pdb, 8, 8, 0.5856175189667008, 0.5350884005142448, 1.353647113204071, -, -, -, 1.423437757075128, 20.651546911133767, , Z, -0.5904458934469397, -0.1659630860315761, 0.09104575748972707, 0.29575044282826235, 0.5004551281667976, 0.6523106312096345, 0.7042554046384275, 0.8185262741184406, 1.0714253872262316, 1.3243245003340225, 1.5772236134418134, 1.8301227265496043, 2.128461918645103, 2.485783690526136, 2.8431054624071694, 3.1956944763466377, 3.3518518546804925, 3.4255740544357436, 3.4992962541909947, 3.5730184539462453, 3.750959802708636, 3.8698792625969047, 3.8992080687113133, 3.9285368748257214, 3.9578656809401296, 3.9777615160914275, 4.040828101269908, 4.103894686448388, 4.166961271626869, 4.250676545681401, 4.339587687846082, 4.4284988300107635, 4.517409972175444, 4.604696124382244, 4.671653514612535, 4.67692680510126, 4.340941767659212, 4.008658187519703, 3.6714120258330545, 3.211670362214155, 2.743095261978184, 2.2568089375434024, 1.7705226131086202
2OAR.pdb, 8, 8, 0.5856175189667008, 0.5350884005142448, 1.353647113204071, -, -, -, 1.423437757075128, 20.651546911133767, , distance, 0.0, 0.4752601869092499, 0.9180637861121151, 1.3903160502314802, 1.8769966232500357, 2.351753235401295, 2.8075585250275994, 3.2712796650487945, 3.728465699330776, 4.1954311214952185, 4.669242777938944, 5.1480106782581085, 5.6282036667512365, 6.106730736461788, 6.588447773251472, 7.06870485953693, 7.453100677532255, 7.901312401485296, 8.355403378790218, 8.81446501942872, 9.283281138729079, 9.65542513721981, 10.107270768745112, 10.563456356941256, 11.023443110810513, 11.478216175391454, 11.891509746635114, 12.311237205887036, 12.736762501708084, 13.186746645244021, 13.637156291425496, 14.09091112553326, 14.547698133333279, 15.006235614894601, 15.455141896701445, 15.799162323502475, 15.466163948970587, 15.078146155944717, 14.713559989898217, 14.772425204097969, 14.805379856583057, 14.64902207142983, 14.508219139534736
2OAR.pdb, 8, 8, 0.5856175189667008, 0.5350884005142448, 1.353647113204071, -, -, -, 1.423437757075128, 20.651546911133767, , length, 0.0, 0.5, 1.0, 1.5, 2.0, 2.5, 3.0, 3.5, 4.0, 4.5, 5.0, 5.5, 6.0, 6.5, 7.0, 7.5, 8.0, 8.5, 9.0, 9.5, 10.0, 10.5, 11.0, 11.5, 12.0, 12.5, 13.0, 13.5, 14.0, 14.5, 15.0, 15.5, 16.0, 16.5, 17.0, 17.5, 18.0, 18.5, 19.0, 19.5, 20.0, 20.5, 21.0
2OAR.pdb, 8, 8, 0.5856175189667008, 0.5350884005142448, 1.353647113204071, -, -, -, 1.423437757075128, 20.651546911133767, , R, 3.1899092912527345, 3.1190929442843935, 2.861505267454812, 2.5917676081649437, 2.3678885424320804, 2.1701375265136966, 1.9765803995267537, 1.7967174664326442, 1.577447328131976, 1.4274981168720888, 1.3577265935764355, 1.3739377232051244, 1.4090979639188688, 1.448034695236815, 1.5685020676737977, 1.7565099387381515, 1.7954070995281457, 1.800358024340119, 1.8796515386136372, 2.0283071679599893, 2.1450105639457684, 2.099237079642275, 1.979599025911551, 1.9289867563770997, 1.9504215808987961, 2.020384290822193, 1.9745296932884342, 1.9998230961013546, 2.0947712899189788, 2.2692213910174766, 2.4878784321577343, 2.7541057899595587, 3.05961473058341, 3.3957125744273573, 3.741777826680582, 4.008650570257659, 3.659558182632978, 3.2806832625728037, 2.9319443663973916, 2.774021777517015, 2.635251920606383, 2.4002141612138566, 2.2176516177755556
2OAR.pdb, 8, 8, 0.5856175189667008, 0.5350884005142448, 1.353647113204071, -, -, -, 1.423437757075128, 20.651546911133767, , Upper limit of R overestimation, -, -, -, -, -, -, -, -, -, -, -, -, -, -, -, -, -, -, -, -, -, -, -, -, -, -, -, -, -, -, -, -, -, -, -, -, -, -, -, -, -, -, -
2OAR.pdb, 9, 9, 0.5839041199793675, 0.5380184877501337, 0.8790888497881131, -, -, -, 1.195674221399476, 7.950011329859337, , X, 63.068282105920325, 63.2378646782028, 63.407727311860675, 63.57672059386447, 63.73685405772666, 64.09968834955181, 64.49817529140172, 64.89666223325165, 65.29514917510156, 65.69363611695147, 66.09212305880139, 66.49113083382512, 66.8835290558371, 67.27687923333892, 67.67565982163075, 68.07604115847543, 68.56368651160707
2OAR.pdb, 9, 9, 0.5839041199793675, 0.5380184877501337, 0.8790888497881131, -, -, -, 1.195674221399476, 7.950011329859337, , Y, 158.9692796110366, 158.659407562389, 158.3446259830539, 158.0221494198072, 157.70398028554527, 157.6397518594123, 157.6201885650647, 157.60062527071705, 157.58106197636943, 157.5614986820218, 157.5419353876742, 157.58235506742227, 157.88382156528723, 158.18412448709637, 158.47778981288724, 158.76815331417126, 158.8785194841872
2OAR.pdb, 9, 9, 0.5839041199793675, 0.5380184877501337, 0.8790888497881131, -, -, -, 1.195674221399476, 7.950011329859337, , Z, -0.5904458934469397, -0.9443110911099801, -1.2935710002561847, -1.636248173425736, -1.9871408575251932, -2.2959206038401017, -2.597293188342027, -2.898665772843952, -3.2000383573458775, -3.5014109418478023, -3.802783526349728, -4.048206190067094, -4.119911043646557, -4.191184012798691, -4.25999330599193, -4.32764628623483, -4.332263437426652
2OAR.pdb, 9, 9, 0.5839041199793675, 0.5380184877501337, 0.8790888497881131, -, -, -, 1.195674221399476, 7.950011329859337, , distance, 0.0, 0.4999995134718699, 0.9999000543121012, 1.4997558814587222, 1.9996818898296032, 2.3958478393946008, 2.8092841147230785, 3.247163008679916, 3.7008185544069647, 4.165098839204958, 4.636813421742373, 5.05920540922011, 5.30956238351193, 5.594110595413574, 5.910589636392084, 6.25178128948801, 6.648977779711812
2OAR.pdb, 9, 9, 0.5839041199793675, 0.5380184877501337, 0.8790888497881131, -, -, -, 1.195674221399476, 7.950011329859337, , length, 0.0, 0.5, 1.0, 1.5, 2.0, 2.5, 3.0, 3.5, 4.0, 4.5, 5.0, 5.5, 6.0, 6.5, 7.0, 7.5, 8.0
2OAR.pdb, 9, 9, 0.5839041199793675, 0.5380184877501337, 0.8790888497881131, -, -, -, 1.195674221399476, 7.950011329859337, , R, 3.1899092912527345, 2.851774649688839, 2.545514304636488, 2.277034889014348, 2.0528285658196572, 1.723930740523016, 1.4107701060465958, 1.1550215288260084, 0.9744071329413728, 0.8859080842906191, 0.8996529658695138, 0.9612752761529824, 0.997587718813524, 1.1285541303505124, 1.3371502724292208, 1.6099776088969775, 1.813405541961283
2OAR.pdb, 9, 9, 0.5839041199793675, 0.5380184877501337, 0.8790888497881131, -, -, -, 1.195674221399476, 7.950011329859337, , Upper limit of R overestimation, -, -, -, -, -, -, -, -, -, -, -, -, -, -, -, -, -
2OAR.pdb, 10, 10, 0.5216579632307324, 0.6507431487179204, 1.1148491653065173, -, -, -, 1.1017070721423985, 12.783666652221175, , X, 63.068282105920325, 63.18861174490216, 63.1554888713972, 63.068843727516736, 62.98219858363627, 62.914320533475404, 62.90260792339447, 62.878738436803, 62.85437679489087, 62.78126209629623, 62.636830743717674, 62.380550244161306, 61.95802728417981, 61.535504324198314, 61.18775148130693, 60.892253626549916, 60.61232410035885, 60.62615574451145, 60.60634624113563, 60.59666659599598, 60.58816931416242, 60.70582782449679, 60.711549102850825, 60.6979800114733, 60.68441092009577, 60.670841828718245, 60.749418315887965
2OAR.pdb, 10, 10, 0.5216579632307324, 0.6507431487179204, 1.1148491653065173, -, -, -, 1.1017070721423985, 12.783666652221175, , Y, 158.9692796110366, 158.79262353428777, 158.84753038480054, 158.97032468381695, 159.0931189828334, 159.16240934564735, 159.09063989892533, 159.0242523739227, 158.9579758751485, 158.9036080129493, 158.86691688249257, 158.88407770405945, 158.96087325821955, 159.03766881237965, 159.16797062318776, 159.3356666352499, 159.2970682959583, 159.16418914764353, 158.93457873019233, 158.70525816531048, 158.4759714321995, 158.26565132119532, 158.335426102343, 158.42763120094114, 158.51983629953926, 158.6120413981374, 158.699587591403
2OAR.pdb, 10, 10, 0.5216579632307324, 0.6507431487179204, 1.1148491653065173, -, -, -, 1.1017070721423985, 12.783666652221175, , Z, -0.5904458934469397, -0.1659630860315761, 0.2947971016457424, 0.7716767291944521, 1.2485563567431617, 1.7298725128189347, 2.2245337505242624, 2.7195245265123087, 3.2145133507432972, 3.7030292174116437, 4.180306228525875, 4.566121083462734, 4.822200741283727, 5.078280399104721, 5.399546287313104, 5.766369221945676, 6.144368318596971, 6.5846857418355755, 7.0284048419134075, 7.472596658509409, 7.916843650869201, 8.336692125626588, 8.820512424028601, 9.311749738930166, 9.802987053831728, 10.294224368733293, 10.775799361643882
2OAR.pdb, 10, 10, 0.5216579632307324, 0.6507431487179204, 1.1148491653065173, -, -, -, 1.1017070721423985, 12.783666652221175, , distance, 0.0, 0.4752601869092499, 0.8978212819902864, 1.3621231393333706, 1.8451763707082618, 2.3334268290727995, 2.8224610980851943, 3.3158487583372973, 3.8109838764393085, 4.303559198184926, 4.791315499468764, 5.202923934287954, 5.525348860336961, 5.872694661811346, 6.281391555538068, 6.728925456997351, 7.1761338907376055, 7.581852338062277, 8.006823270258026, 8.437490488727123, 8.875150016195754, 9.26121353893049, 9.722247537041126, 10.196332348495078, 10.672782652637128, 11.151295249427166, 11.603507842934908
2OAR.pdb, 10, 10, 0.5216579632307324, 0.6507431487179204, 1.1148491653065173, -, -, -, 1.1017070721423985, 12.783666652221175, , length, 0.0, 0.5, 1.0, 1.5, 2.0, 2.5, 3.0, 3.5, 4.0, 4.5, 5.0, 5.5, 6.0, 6.5, 7.0, 7.5, 8.0, 8.5, 9.0, 9.5, 10.0, 10.5, 11.0, 11.5, 12.0, 12.5, 13.0
2OAR.pdb, 10, 10, 0.5216579632307324, 0.6507431487179204, 1.1148491653065173, -, -, -, 1.1017070721423985, 12.783666652221175, , R, 3.1899092912527345, 3.1190929442843935, 2.8521681474267147, 2.545289395320943, 2.2796449078887453, 2.042386862238946, 1.7940049190305212, 1.5973197416357867, 1.4718259924605905, 1.3986468111035188, 1.3685691550867682, 1.3274549323766642, 1.2469153430168194, 1.2555434492955735, 1.3218782879934792, 1.4509370396611203, 1.4882987315648601, 1.3205405791363245, 1.177695629722058, 1.1159319254024385, 1.147253326522247, 1.1750681919412882, 1.1337348789675241, 1.1798184710599338, 1.3147364508017345, 1.5267099819857544, 1.74942356245452
2OAR.pdb, 10, 10, 0.5216579632307324, 0.6507431487179204, 1.1148491653065173, -, -, -, 1.1017070721423985, 12.783666652221175, , Upper limit of R overestimation, -, -, -, -, -, -, -, -, -, -, -, -, -, -, -, -, -, -, -, -, -, -, -, -, -, -, -
2OAR.pdb, 11, 11, 0.5031942825673412, 0.6867789358080292, 0.9832184335821208, -, -, -, 1.127243794294513, 12.383141354927115, , X, 63.068282105920325, 63.2378646782028, 63.407727311860675, 63.57672059386447, 63.73685405772666, 63.76282756629801, 63.7749548152421, 63.79247347148502, 63.80343918431075, 63.81331228798037, 63.79999166475552, 63.786671041530674, 63.881241846361895, 64.025376119035, 64.13628289415226, 64.0336637123989, 63.92372667139914, 63.98431256759276, 64.04959590776203, 64.11155073517449, 64.17232106284251, 64.43867136931878, 64.71129843056714, 64.98999278445763, 65.27494948038533, 65.60908217799152
2OAR.pdb, 11, 11, 0.5031942825673412, 0.6867789358080292, 0.9832184335821208, -, -, -, 1.127243794294513, 12.383141354927115, , Y, 158.9692796110366, 158.659407562389, 158.3446259830539, 158.0221494198072, 157.70398028554527, 157.4704782705432, 157.2544806815054, 157.0361820396663, 156.706956280924, 156.37006223926986, 155.87038715316515, 155.37071206706048, 154.89300616029598, 154.43020046313427, 153.9758204624497, 153.60494135764282, 153.40271229230652, 153.2474271943325, 153.10645064425, 152.96507603703006, 152.82355977538006, 152.5345714503124, 152.24108051763108, 151.94404560026007, 151.65249946549605, 151.5668698394167
2OAR.pdb, 11, 11, 0.5031942825673412, 0.6867789358080292, 0.9832184335821208, -, -, -, 1.127243794294513, 12.383141354927115, , Z, -0.5904458934469397, -0.9443110911099801, -1.2935710002561847, -1.636248173425736, -1.9871408575251932, -2.422036684064471, -2.872745743725108, -3.3215597575048266, -3.6977115259744013, -4.056394596073032, -4.04425501934338, -4.032115442613729, -4.111833660857466, -4.233757507991982, -4.174090112221064, -4.472293172806071, -4.85986194132998, -5.331205512259577, -5.806456706706455, -6.282030868814821, -6.757719963669565, -7.062176301822821, -7.361404572393835, -7.6512345169066895, -7.9373251992023, -8.299276372290205
2OAR.pdb, 11, 11, 0.5031942825673412, 0.6867789358080292, 0.9832184335821208, -, -, -, 1.127243794294513, 12.383141354927115, , distance, 0.0, 0.4999995134718699, 0.9999000543121012, 1.4997558814587222, 1.9996818898296032, 2.466480017975215, 2.940886650893097, 3.423492703781534, 3.9132674954525615, 4.395884589830574, 4.6975877662975964, 5.030989993731612, 5.447667445178728, 5.898558127334211, 6.238410521841563, 6.69154876267213, 7.067274616744581, 7.486889116890874, 7.908382203429294, 8.33864554485512, 8.77633430163325, 9.228582248949479, 9.685765179662631, 10.144043613044762, 10.601004109660604, 10.985326703596643
2OAR.pdb, 11, 11, 0.5031942825673412, 0.6867789358080292, 0.9832184335821208, -, -, -, 1.127243794294513, 12.383141354927115, , length, 0.0, 0.5, 1.0, 1.5, 2.0, 2.5, 3.0, 3.5, 4.0, 4.5, 5.0, 5.5, 6.0, 6.5, 7.0, 7.5, 8.0, 8.5, 9.0, 9.5, 10.0, 10.5, 11.0, 11.5, 12.0, 12.5
2OAR.pdb, 11, 11, 0.5031942825673412, 0.6867789358080292, 0.9832184335821208, -, -, -, 1.127243794294513, 12.383141354927115, , R, 3.1899092912527345, 2.851774649688839, 2.545514304636488, 2.277034889014348, 2.0528285658196572, 1.82013618373378, 1.6311564765989819, 1.507722971251722, 1.3941625483803652, 1.3552447644717, 1.2128921883732406, 1.1577540908233304, 1.1335222659901714, 1.1742613339719998, 1.2392657242564207, 1.200914457120653, 1.1787709934431865, 1.04035685251521, 0.9835023652716814, 1.024510641659719, 1.1595026756421332, 1.220250687261205, 1.3629617207473048, 1.5747377810204206, 1.839674747992916, 2.0480300560883933
2OAR.pdb, 11, 11, 0.5031942825673412, 0.6867789358080292, 0.9832184335821208, -, -, -, 1.127243794294513, 12.383141354927115, , Upper limit of R overestimation, -, -, -, -, -, -, -, -, -, -, -, -, -, -, -, -, -, -, -, -, -, -, -, -, -, -
2OAR.pdb, 12, 12, 0.40332420066088537, 0.9080145723053568, 1.2795908073446225, -, -, -, 1.6300857733445628, 41.08402494317359, , X, 63.068282105920325, 63.18861174490216, 63.458703204995466, 63.741367270655516, 64.02403133631557, 64.29859551542971, 64.55784695857635, 64.76546859889825, 64.81474506336316, 64.86402152782806, 64.91329799229297, 64.96257445675786, 65.04075472701625, 65.14154154403221, 65.24232836104818, 65.353113737157, 65.75334229846322, 66.07013543778635, 66.38692857710949, 66.70372171643261, 66.95845300695377, 67.04725085928823, 67.19865092422712, 67.35005098916602, 67.5014510541049, 67.63124133218521, 67.57430167217738, 67.51736201216956, 67.46042235216173, 67.43978179063284, 67.4074553593358, 67.37512892803878, 67.34280249674174, 67.3086289314565, 67.25134756356427, 67.13545154233859, 66.69356635305677, 66.25168116377495, 65.80979597449313, 65.36866444213076, 64.92984136341623, 64.4910182847017, 64.05219520598716, 63.773619778007514, 63.81528724040043, 63.86146837375733, 63.90764950711424, 63.953830640471146, 64.00001177382805, 64.05237926441141, 63.6832396286471, 63.56190788702647, 63.51875691536114, 63.475605943695804, 63.43245497203048, 58.59127978573558, 54.69629100455142, 54.3914948495638, 54.08669869457617, 53.7802947745875, 53.458520256684395, 53.09156690051019, 52.90165452123642, 52.7695213617606, 52.63738820228478, 52.750854438064984, 52.93582259657804, 53.1207907550911
2OAR.pdb, 12, 12, 0.40332420066088537, 0.9080145723053568, 1.2795908073446225, -, -, -, 1.6300857733445628, 41.08402494317359, , Y, 158.9692796110366, 158.79262353428777, 158.49390437980227, 158.13585826854705, 157.77781215729183, 157.3968202586127, 156.97244963081218, 156.55357555506427, 156.12507366634134, 155.69657177761837, 155.26806988889544, 154.83956800017248, 154.45335572075635, 154.1184480187613, 153.78354031676628, 153.4546378358747, 153.24237382021354, 152.86262766270693, 152.4828815052003, 152.1031353476937, 151.74445603929288, 151.3863684456239, 150.9107448113621, 150.43512117710029, 149.95949754283848, 149.47926745446372, 148.98653986141446, 148.49381226836522, 148.00108467531595, 147.5087468519638, 147.01777861405162, 146.52681037613948, 146.0358421382273, 145.54478462822692, 145.0526103168433, 144.6670334609746, 144.87430521657038, 145.08157697216618, 145.28884872776194, 145.49522203179131, 145.69884337568828, 145.90246471958525, 146.10608606348222, 146.21531635192406, 146.13605646319576, 146.05463662387606, 145.9732167845564, 145.8917969452367, 145.810377105917, 145.72306139955262, 145.44727797523913, 145.07316089421786, 144.67143935574055, 144.26971781726326, 143.86799627878594, 143.09811117327268, 141.74451323914866, 141.6274873536769, 141.51046146820516, 141.39668355838708, 141.06316843187813, 140.73261276728059, 140.4192755850283, 140.11303185479292, 139.80678812455758, 139.7068191665719, 139.6669034624298, 139.62698775828764
2OAR.pdb, 12, 12, 0.40332420066088537, 0.9080145723053568, 1.2795908073446225, -, -, -, 1.6300857733445628, 41.08402494317359, , Z, -0.5904458934469397, -0.1659630860315761, 0.09104575748972707, 0.29575044282826235, 0.5004551281667976, 0.6523106312096345, 0.7042554046384275, 0.8185262741184406, 1.0714253872262316, 1.3243245003340225, 1.5772236134418134, 1.8301227265496043, 2.128461918645103, 2.485783690526136, 2.8431054624071694, 3.1956944763466377, 3.3518518546804925, 3.4255740544357436, 3.4992962541909947, 3.5730184539462453, 3.750959802708636, 3.8698792625969047, 3.8992080687113133, 3.9285368748257214, 3.9578656809401296, 3.9777615160914275, 4.040828101269908, 4.103894686448388, 4.166961271626869, 4.250676545681401, 4.339587687846082, 4.4284988300107635, 4.517409972175444, 4.604696124382244, 4.671653514612535, 4.7449446723610915, 4.853461485922936, 4.961978299484781, 5.070495113046626, 5.183409203755479, 5.309792168972679, 5.436175134189879, 5.56255809940708, 5.811248792036324, 6.303157665379892, 6.794317631874545, 7.285477598369199, 7.776637564863853, 8.267797531358505, 8.757192050190504, 8.927374041634915, 9.188566817993127, 9.483113587060055, 9.777660356126983, 10.072207125193913, 9.854974956432681, 10.923565552498209, 10.544878021630987, 10.166190490763764, 9.78785384455391, 9.816228122518591, 9.738265394276373, 10.030084315386514, 10.402583450766018, 10.775082586145523, 11.217529098373543, 11.68033955298658, 12.143150007599617
2OAR.pdb, 12, 12, 0.40332420066088537, 0.9080145723053568, 1.2795908073446225, -, -, -, 1.6300857733445628, 41.08402494317359, , distance, 0.0, 0.4752601869092499, 0.9180637861121151, 1.3903160502314802, 1.8769966232500357, 2.351753235401295, 2.8075585250275994, 3.2712796650487945, 3.728465699330776, 4.1954311214952185, 4.669242777938944, 5.1480106782581085, 5.6282036667512365, 6.106730736461788, 6.588447773251472, 7.06870485953693, 7.453100677532255, 7.901312401485296, 8.355403378790218, 8.81446501942872, 9.283281138729079, 9.65542513721981, 10.107270768745112, 10.563456356941256, 11.023443110810513, 11.478216175391454, 11.891509746635114, 12.311237205887036, 12.736762501708084, 13.186746645244021, 13.637156291425496, 14.09091112553326, 14.547698133333279, 15.006235614894601, 15.455141896701445, 15.797547425192658, 15.538568679526174, 15.291557427727616, 15.057102660293987, 14.838442951504602, 14.641813068702914, 14.459806037863105, 14.292980492759552, 14.287854103839475, 14.586685814793146, 14.898049545702905, 15.219472969618522, 15.550332301262241, 15.890038133573212, 16.24220056670064, 16.547253467264866, 16.999260907880643, 17.495935645949814, 17.992794581171513, 18.489822864301686, 19.520357427206935, 22.34625854913698, 22.36112328312685, 22.387148050198757, 22.42257670626596, 22.831452087722905, 23.211918075100012, 23.669783009721996, 24.13439965014703, 24.60040376129443, 24.83787369046416, 25.016407339247788, 25.203597022307957
2OAR.pdb, 12, 12, 0.40332420066088537, 0.9080145723053568, 1.2795908073446225, -, -, -, 1.6300857733445628, 41.08402494317359, , length, 0.0, 0.5, 1.0, 1.5, 2.0, 2.5, 3.0, 3.5, 4.0, 4.5, 5.0, 5.5, 6.0, 6.5, 7.0, 7.5, 8.0, 8.5, 9.0, 9.5, 10.0, 10.5, 11.0, 11.5, 12.0, 12.5, 13.0, 13.5, 14.0, 14.5, 15.0, 15.5, 16.0, 16.5, 17.0, 17.5, 18.0, 18.5, 19.0, 19.5, 20.0, 20.5, 21.0, 21.5, 22.0, 22.5, 23.0, 23.5, 24.0, 24.5, 25.0, 25.5, 26.0, 26.5, 27.0, 27.5, 28.0, 28.5, 29.0, 29.5, 30.0, 30.5, 31.0, 31.5, 32.0, 32.5, 33.0, 33.5
2OAR.pdb, 12, 12, 0.40332420066088537, 0.9080145723053568, 1.2795908073446225, -, -, -, 1.6300857733445628, 41.08402494317359, , R, 3.1899092912527345, 3.1190929442843935, 2.861505267454812, 2.5917676081649437, 2.3678885424320804, 2.1701375265136966, 1.9765803995267537, 1.7967174664326442, 1.577447328131976, 1.4274981168720888, 1.3577265935764355, 1.3739377232051244, 1.4090979639188688, 1.448034695236815, 1.5685020676737977, 1.7565099387381515, 1.7954070995281457, 1.800358024340119, 1.8796515386136372, 2.0283071679599893, 2.1450105639457684, 2.099237079642275, 1.979599025911551, 1.9289867563770997, 1.9504215808987961, 2.020384290822193, 1.9745296932884342, 1.9998230961013546, 2.0947712899189788, 2.2692213910174766, 2.4878784321577343, 2.7541057899595587, 3.05961473058341, 3.3957125744273573, 3.741777826680582, 3.992064349573924, 3.5993153829067226, 3.2267806548741107, 2.8795980704274213, 2.5641051899124627, 2.2878924836228003, 2.0605272141672275, 1.8917891341572153, 1.8136852665205567, 1.855332275856215, 1.969723575773576, 2.1492605928419946, 2.3849681126811277, 2.667371326253457, 2.986682061789337, 2.814390019404859, 2.8287153696884793, 2.9460612668726713, 3.114660841135612, 3.329170958550695, 2.1584045243886454, 2.101281146784475, 1.7818664735739982, 1.5116608112662044, 1.3014153893719587, 1.3794651992141795, 1.481758532586034, 1.7695862412374979, 2.1138758303032055, 2.49107584839586, 2.776741406273598, 3.0670555293824955, 3.391228985385523
2OAR.pdb, 12, 12, 0.40332420066088537, 0.9080145723053568, 1.2795908073446225, -, -, -, 1.6300857733445628, 41.08402494317359, , Upper limit of R overestimation, -, -, -, -, -, -, -, -, -, -, -, -, -, -, -, -, -, -, -, -, -, -, -, -, -, -, -, -, -, -, -, -, -, -, -, -, -, -, -, -, -, -, -, -, -, -, -, -, -, -, -, -, -, -, -, -, -, -, -, -, -, -, -, -, -, -, -, -
2OAR.pdb, 13, 13, 0.4010879193164456, 0.9135746255416731, 1.0723674037754236, -, -, -, 1.475761571209178, 31.72100493968457, , X, 63.068282105920325, 62.79374789385973, 62.403422282203735, 62.01455499107009, 61.6318213213522, 61.25086628976528, 60.86615262523272, 60.47446739312172, 60.0885964226243, 59.70563499791301, 59.32267357320171, 58.93971214849042, 58.55675072377913, 58.17378929906784, 57.826140850037795, 57.443996606509145, 57.05421356598525, 56.6613398266591, 56.26432612755236, 55.86830890765192, 55.47229168775148, 55.076274467851036, 54.6802572479506, 54.428679366667886, 54.021937714905505, 53.62890682471425, 53.246536538581545, 52.87095819103486, 52.496298609227274, 52.12163902741969, 51.74444596902282, 51.366860471219574, 50.98811607188813, 50.61300530579921, 50.25588619420719, 49.940931426090955, 49.54746105815216, 49.24785371146132, 49.45779628068663, 49.56368985459679, 49.66958342850694, 49.77547700241709, 49.88137057632725, 49.9872641502374, 50.135593702527416, 49.97144980091777, 49.80730589930812, 49.9174403914419, 50.04497117062683, 49.93984996003906, 49.81590463577635, 49.737556319663, 50.067652220278866, 50.216939469677136, 50.30468911905832, 50.38384813898323, 50.567180996761294, 50.75030276646965, 50.942597172504755, 51.1371810521987, 51.32705032353638, 51.51691959487407, 51.69792426513809, 51.870365803961725, 52.0571006753124, 52.17415420519012
2OAR.pdb, 13, 13, 0.4010879193164456, 0.9135746255416731, 1.0723674037754236, -, -, -, 1.475761571209178, 31.72100493968457, , Y, 158.9692796110366, 158.80511158423258, 158.50055374051826, 158.18783964722232, 157.86760216059088, 157.54691322785456, 157.2301142553982, 156.9205304383884, 156.60345829277466, 156.28263887254843, 155.96181945232223, 155.641000032096, 155.3201806118698, 154.9993611916436, 154.69769250130008, 154.48221700426683, 154.17173504359323, 153.86441648535185, 153.56255339665796, 153.26005245365207, 152.9575515106462, 152.6550505676403, 152.35254962463443, 152.01469327282234, 151.79540418427982, 151.50050744395983, 151.1806385042043, 150.85163728605102, 150.5215533512378, 150.1914694164246, 149.8636728266321, 149.5362305500888, 149.21066933418555, 149.12580761916817, 148.85056699721102, 148.53833774370523, 148.23021221158146, 147.9479481621797, 147.65102075519567, 147.41476987647243, 147.1785189977492, 146.94226811902593, 146.70601724030269, 146.46976636157945, 146.36990372144183, 146.34817895510778, 146.3264541887737, 146.20922197791788, 146.10045161930168, 146.1390778678239, 146.04177200236003, 145.72704226816057, 145.65452361711613, 145.34113005834138, 144.949071889808, 144.58365381420066, 144.37396523070188, 144.15474459517222, 144.0401492200482, 143.98232272840406, 143.92108202308708, 143.8598413177701, 143.86142464447448, 143.92369546736097, 143.9813059771866, 144.0103312200799
2OAR.pdb, 13, 13, 0.4010879193164456, 0.9135746255416731, 1.0723674037754236, -, -, -, 1.475761571209178, 31.72100493968457, , Z, -0.5904458934469397, -0.3406510453511297, -0.3082696882501119, -0.2776110252759299, -0.24759703951137008, -0.20252074497597175, -0.1637017549450837, -0.13648890518999054, -0.11382835350169089, -0.09344584166397113, -0.07306332982625136, -0.05268081798853161, -0.03229830615081185, -0.011915794313092087, -0.08282927819459815, -0.14320226898905009, -0.10273542594718792, -0.06879356732210704, -0.0335109183509031, 0.007275611568648248, 0.04806214148819961, 0.08884867140775095, 0.12963520132730233, 0.06792440495630259, 0.019813296007875195, 0.05535362181216626, 0.0934766991233858, 0.11949995802966873, 0.1454767503258086, 0.17145354262194845, 0.18750771290887966, 0.20202485383960675, 0.22386115676223306, 0.4108033686540404, 0.4393533977788709, 0.3787762712770532, 0.3942593590683008, 0.23786127734565857, -0.04080354545166059, -0.46855589589175795, -0.8963082463318554, -1.3240605967719528, -1.7518129472120503, -2.1795652976521476, -2.603064726762511, -3.074853677557347, -3.546642628352183, -3.9984958599079725, -4.4599336243964744, -4.94715686689288, -5.379726400065034, -5.722081633365136, -6.090468084612645, -6.407398900490962, -6.705040281215722, -7.028537628275064, -7.441245994455462, -7.85140960989925, -8.282258669533368, -8.739136408469765, -9.197611310524366, -9.656086212578964, -10.11796828245589, -10.583141648315518, -11.043301118119494, -11.525188249858951
2OAR.pdb, 13, 13, 0.4010879193164456, 0.9135746255416731, 1.0723674037754236, -, -, -, 1.475761571209178, 31.72100493968457, , distance, 0.0, 0.405854211203562, 0.8610260958094789, 1.3486492888665422, 1.842459803379057, 2.3402162929167662, 2.8383412310206744, 3.336364021497731, 3.8344232370156286, 4.332717747807544, 4.831364673026394, 5.330265108357043, 5.829353964803426, 6.328586664380153, 6.7811633228210235, 7.208768624083908, 7.708652007955151, 8.208572229755443, 8.708425912833132, 9.208265840426117, 9.708122253897157, 10.20799273144668, 10.707875303435452, 11.110466150328445, 11.561714914223758, 12.05410388195878, 12.553778968629526, 13.053181798072117, 13.55258263772857, 14.052026090617755, 14.551513721298589, 15.051036268131043, 15.550690721548941, 15.906928085183234, 16.35867722463786, 16.794977693211006, 17.294791552665266, 17.696329582179388, 17.710178277968254, 17.773451106978342, 17.850510185058607, 17.94117787330623, 18.045249045007502, 18.162493295554864, 18.167260022215014, 18.357327698502136, 18.55892302224502, 18.63809306698709, 18.713265265531945, 18.86665677555754, 19.122844175348032, 19.47816175106501, 19.40487950759783, 19.61429096528619, 19.921440585650533, 20.2309198954037, 20.401818370581598, 20.589430706919565, 20.71412931112388, 20.817329465270685, 20.93771885689953, 21.06928892477164, 21.173237872162595, 21.25127996567412, 21.334189754821065, 21.49466794537392
2OAR.pdb, 13, 13, 0.4010879193164456, 0.9135746255416731, 1.0723674037754236, -, -, -, 1.475761571209178, 31.72100493968457, , length, 0.0, 0.5, 1.0, 1.5, 2.0, 2.5, 3.0, 3.5, 4.0, 4.5, 5.0, 5.5, 6.0, 6.5, 7.0, 7.5, 8.0, 8.5, 9.0, 9.5, 10.0, 10.5, 11.0, 11.5, 12.0, 12.5, 13.0, 13.5, 14.0, 14.5, 15.0, 15.5, 16.0, 16.5, 17.0, 17.5, 18.0, 18.5, 19.0, 19.5, 20.0, 20.5, 21.0, 21.5, 22.0, 22.5, 23.0, 23.5, 24.0, 24.5, 25.0, 25.5, 26.0, 26.5, 27.0, 27.5, 28.0, 28.5, 29.0, 29.5, 30.0, 30.5, 31.0, 31.5, 32.0, 32.5
2OAR.pdb, 13, 13, 0.4010879193164456, 0.9135746255416731, 1.0723674037754236, -, -, -, 1.475761571209178, 31.72100493968457, , R, 3.1899092912527345, 3.102958534162822, 2.7785521980303085, 2.4815840719347784, 2.219640550972948, 2.005951689077987, 1.850526456633565, 1.759137741058678, 1.734120159834271, 1.7812054664407841, 1.901493394510252, 2.0876691319598595, 2.3301864997315054, 2.6191539714938687, 2.825050506523764, 2.700413713081089, 2.536828676991133, 2.4231641228522287, 2.3668280448888983, 2.3698533332575016, 2.4365749908189662, 2.5638722264162177, 2.746326178975694, 2.865182541911182, 2.6659211337694253, 2.4021910437617664, 2.1684734096039096, 1.9765664750123615, 1.848074095469339, 1.7908713522217852, 1.8002240657252266, 1.8825348438436227, 2.036137778299302, 2.1422744789228627, 2.129387953912286, 2.188220396072182, 2.2818289808955465, 2.24865147425619, 2.048582951500206, 1.7524547873484542, 1.5103690185754126, 1.336100915976834, 1.2425148860676924, 1.2378369330414514, 1.171289036072395, 1.0818964552059915, 1.0870469216229393, 1.0974556866375558, 1.1802092478904882, 1.3285527017093495, 1.4198367011711759, 1.3457777564660676, 1.4000564422900625, 1.371490350205153, 1.3728006165926208, 1.4404258829691972, 1.3900012769794037, 1.415477345116929, 1.4376746055918748, 1.486099178869496, 1.6099945692981397, 1.8052217571873057, 2.016695298358317, 2.243073255658295, 2.5163445651898138, 2.7989800737383024
2OAR.pdb, 13, 13, 0.4010879193164456, 0.9135746255416731, 1.0723674037754236, -, -, -, 1.475761571209178, 31.72100493968457, , Upper limit of R overestimation, -, -, -, -, -, -, -, -, -, -, -, -, -, -, -, -, -, -, -, -, -, -, -, -, -, -, -, -, -, -, -, -, -, -, -, -, -, -, -, -, -, -, -, -, -, -, -, -, -, -, -, -, -, -, -, -, -, -, -, -, -, -, -, -, -, -
2OAR.pdb, 14, 14, 0.3748583249489187, 0.9812071245323946, 1.0723674037754236, -, -, -, 1.7777523005116687, 46.128900389895946, , X, 63.068282105920325, 62.79374789385973, 62.403422282203735, 62.01455499107009, 61.6318213213522, 61.25086628976528, 60.86615262523272, 60.47446739312172, 60.0885964226243, 59.70563499791301, 59.32267357320171, 58.93971214849042, 58.55675072377913, 58.17378929906784, 57.826140850037795, 57.443996606509145, 57.05421356598525, 56.6613398266591, 56.26432612755236, 55.86830890765192, 55.47229168775148, 55.076274467851036, 54.6802572479506, 54.428679366667886, 54.021937714905505, 53.62890682471425, 53.246536538581545, 52.87095819103486, 52.496298609227274, 52.12163902741969, 51.74444596902282, 51.366860471219574, 50.98811607188813, 50.61300530579921, 50.25588619420719, 49.940931426090955, 49.54746105815216, 49.24785371146132, 49.45779628068663, 49.56368985459679, 49.66958342850694, 49.77547700241709, 49.88137057632725, 49.9872641502374, 50.135593702527416, 49.97144980091777, 49.80730589930812, 49.9174403914419, 50.04497117062683, 49.93984996003906, 49.81590463577635, 49.737556319663, 50.067652220278866, 50.216939469677136, 50.30468911905832, 50.38384813898323, 50.567180996761294, 50.75030276646965, 50.942597172504755, 51.1371810521987, 51.32705032353638, 51.51691959487407, 51.69792426513809, 51.870365803961725, 52.0571006753124, 52.17415420519012, 52.25551405325763, 52.33687390132514, 52.361826657072356, 52.69207342171052, 53.00121969475536, 53.3103659678002, 53.61361838414042, 53.87699065910774, 54.14036293407505, 54.40373520904236, 54.65779458217994, 54.823692722696144, 54.98956523754961, 55.15543775240308, 55.32131026725656, 55.487182782110025, 55.653055296963494, 55.700685950915464, 55.887229197165205, 56.22178222390883, 56.55633525065246, 56.89088827739608, 57.22456168861347, 57.192699448895254, 57.16083720917703, 57.12897496945882, 57.097112729740594, 57.06525049002238, 57.03338825030416, 56.96846524689243
2OAR.pdb, 14, 14, 0.3748583249489187, 0.9812071245323946, 1.0723674037754236, -, -, -, 1.7777523005116687, 46.128900389895946, , Y, 158.9692796110366, 158.80511158423258, 158.50055374051826, 158.18783964722232, 157.86760216059088, 157.54691322785456, 157.2301142553982, 156.9205304383884, 156.60345829277466, 156.28263887254843, 155.96181945232223, 155.641000032096, 155.3201806118698, 154.9993611916436, 154.69769250130008, 154.48221700426683, 154.17173504359323, 153.86441648535185, 153.56255339665796, 153.26005245365207, 152.9575515106462, 152.6550505676403, 152.35254962463443, 152.01469327282234, 151.79540418427982, 151.50050744395983, 151.1806385042043, 150.85163728605102, 150.5215533512378, 150.1914694164246, 149.8636728266321, 149.5362305500888, 149.21066933418555, 149.12580761916817, 148.85056699721102, 148.53833774370523, 148.23021221158146, 147.9479481621797, 147.65102075519567, 147.41476987647243, 147.1785189977492, 146.94226811902593, 146.70601724030269, 146.46976636157945, 146.36990372144183, 146.34817895510778, 146.3264541887737, 146.20922197791788, 146.10045161930168, 146.1390778678239, 146.04177200236003, 145.72704226816057, 145.65452361711613, 145.34113005834138, 144.949071889808, 144.58365381420066, 144.37396523070188, 144.15474459517222, 144.0401492200482, 143.98232272840406, 143.92108202308708, 143.8598413177701, 143.86142464447448, 143.92369546736097, 143.9813059771866, 144.0103312200799, 144.02602669049438, 144.04172216090885, 144.0205674691125, 143.78635222875948, 143.41166819434218, 143.03698415992488, 142.691683795296, 142.54520484149276, 142.3987258876895, 142.25224693388625, 142.09182859199228, 141.7984894372408, 141.50468419663932, 141.21087895603785, 140.91707371543637, 140.6232684748349, 140.32946323423343, 140.06736992484784, 139.8080904706644, 139.5303040216984, 139.25251757273242, 138.97473112376642, 138.69689589486268, 138.39878952957505, 138.10068316428743, 137.8025767989998, 137.50447043371219, 137.20636406842456, 136.90825770313697, 136.67367148981415
2OAR.pdb, 14, 14, 0.3748583249489187, 0.9812071245323946, 1.0723674037754236, -, -, -, 1.7777523005116687, 46.128900389895946, , Z, -0.5904458934469397, -0.3406510453511297, -0.3082696882501119, -0.2776110252759299, -0.24759703951137008, -0.20252074497597175, -0.1637017549450837, -0.13648890518999054, -0.11382835350169089, -0.09344584166397113, -0.07306332982625136, -0.05268081798853161, -0.03229830615081185, -0.011915794313092087, -0.08282927819459815, -0.14320226898905009, -0.10273542594718792, -0.06879356732210704, -0.0335109183509031, 0.007275611568648248, 0.04806214148819961, 0.08884867140775095, 0.12963520132730233, 0.06792440495630259, 0.019813296007875195, 0.05535362181216626, 0.0934766991233858, 0.11949995802966873, 0.1454767503258086, 0.17145354262194845, 0.18750771290887966, 0.20202485383960675, 0.22386115676223306, 0.4108033686540404, 0.4393533977788709, 0.3787762712770532, 0.3942593590683008, 0.23786127734565857, -0.04080354545166059, -0.46855589589175795, -0.8963082463318554, -1.3240605967719528, -1.7518129472120503, -2.1795652976521476, -2.603064726762511, -3.074853677557347, -3.546642628352183, -3.9984958599079725, -4.4599336243964744, -4.94715686689288, -5.379726400065034, -5.722081633365136, -6.090468084612645, -6.407398900490962, -6.705040281215722, -7.028537628275064, -7.441245994455462, -7.85140960989925, -8.282258669533368, -8.739136408469765, -9.197611310524366, -9.656086212578964, -10.11796828245589, -10.583141648315518, -11.043301118119494, -11.525188249858951, -12.018274679738035, -12.511361109617118, -12.988461744055737, -13.212633909534928, -13.3311263405812, -13.44961877162747, -13.501482470631599, -13.102510089543323, -12.703537708455048, -12.304565327366772, -11.979121979969143, -12.3484851729808, -12.717490307648731, -13.08649544231666, -13.455500576984594, -13.824505711652524, -14.193510846320457, -14.194867900505425, -14.205141530214611, -14.451938939170905, -14.6987363481272, -14.945533757083496, -15.1907781136777, -14.790631399764987, -14.390484685852272, -13.990337971939557, -13.590191258026842, -13.190044544114128, -12.789897830201413, -12.379868376490561
2OAR.pdb, 14, 14, 0.3748583249489187, 0.9812071245323946, 1.0723674037754236, -, -, -, 1.7777523005116687, 46.128900389895946, , distance, 0.0, 0.405854211203562, 0.8610260958094789, 1.3486492888665422, 1.842459803379057, 2.3402162929167662, 2.8383412310206744, 3.336364021497731, 3.8344232370156286, 4.332717747807544, 4.831364673026394, 5.330265108357043, 5.829353964803426, 6.328586664380153, 6.7811633228210235, 7.208768624083908, 7.708652007955151, 8.208572229755443, 8.708425912833132, 9.208265840426117, 9.708122253897157, 10.20799273144668, 10.707875303435452, 11.110466150328445, 11.561714914223758, 12.05410388195878, 12.553778968629526, 13.053181798072117, 13.55258263772857, 14.052026090617755, 14.551513721298589, 15.051036268131043, 15.550690721548941, 15.906928085183234, 16.35867722463786, 16.794977693211006, 17.294791552665266, 17.696329582179388, 17.710178277968254, 17.773451106978342, 17.850510185058607, 17.94117787330623, 18.045249045007502, 18.162493295554864, 18.167260022215014, 18.357327698502136, 18.55892302224502, 18.63809306698709, 18.713265265531945, 18.86665677555754, 19.122844175348032, 19.47816175106501, 19.40487950759783, 19.61429096528619, 19.921440585650533, 20.2309198954037, 20.401818370581598, 20.589430706919565, 20.71412931112388, 20.817329465270685, 20.93771885689953, 21.06928892477164, 21.173237872162595, 21.25127996567412, 21.334189754821065, 21.49466794537392, 21.698203418180963, 21.911259960842848, 22.176631394605945, 22.304856441305475, 22.487995838650008, 22.680681048218855, 22.826424536706508, 22.600482759070736, 22.383431031817963, 22.17553040108056, 22.029221418174437, 22.384386902248554, 22.745174553120204, 23.111147827709836, 23.482064269919015, 23.857693326031274, 24.237815893790998, 24.426296506720295, 24.57801105527618, 24.837256733663704, 25.103784907351482, 25.377366122102057, 25.657129823745894, 25.67708710435992, 25.70675579565073, 25.746102324615233, 25.79508240502235, 25.85364128424136, 25.921714044919245, 25.947878327379595
2OAR.pdb, 14, 14, 0.3748583249489187, 0.9812071245323946, 1.0723674037754236, -, -, -, 1.7777523005116687, 46.128900389895946, , length, 0.0, 0.5, 1.0, 1.5, 2.0, 2.5, 3.0, 3.5, 4.0, 4.5, 5.0, 5.5, 6.0, 6.5, 7.0, 7.5, 8.0, 8.5, 9.0, 9.5, 10.0, 10.5, 11.0, 11.5, 12.0, 12.5, 13.0, 13.5, 14.0, 14.5, 15.0, 15.5, 16.0, 16.5, 17.0, 17.5, 18.0, 18.5, 19.0, 19.5, 20.0, 20.5, 21.0, 21.5, 22.0, 22.5, 23.0, 23.5, 24.0, 24.5, 25.0, 25.5, 26.0, 26.5, 27.0, 27.5, 28.0, 28.5, 29.0, 29.5, 30.0, 30.5, 31.0, 31.5, 32.0, 32.5, 33.0, 33.5, 34.0, 34.5, 35.0, 35.5, 36.0, 36.5, 37.0, 37.5, 38.0, 38.5, 39.0, 39.5, 40.0, 40.5, 41.0, 41.5, 42.0, 42.5, 43.0, 43.5, 44.0, 44.5, 45.0, 45.5, 46.0, 46.5, 47.0, 47.5
2OAR.pdb, 14, 14, 0.3748583249489187, 0.9812071245323946, 1.0723674037754236, -, -, -, 1.7777523005116687, 46.128900389895946, , R, 3.1899092912527345, 3.102958534162822, 2.7785521980303085, 2.4815840719347784, 2.219640550972948, 2.005951689077987, 1.850526456633565, 1.759137741058678, 1.734120159834271, 1.7812054664407841, 1.901493394510252, 2.0876691319598595, 2.3301864997315054, 2.6191539714938687, 2.825050506523764, 2.700413713081089, 2.536828676991133, 2.4231641228522287, 2.3668280448888983, 2.3698533332575016, 2.4365749908189662, 2.5638722264162177, 2.746326178975694, 2.865182541911182, 2.6659211337694253, 2.4021910437617664, 2.1684734096039096, 1.9765664750123615, 1.848074095469339, 1.7908713522217852, 1.8002240657252266, 1.8825348438436227, 2.036137778299302, 2.1422744789228627, 2.129387953912286, 2.188220396072182, 2.2818289808955465, 2.24865147425619, 2.048582951500206, 1.7524547873484542, 1.5103690185754126, 1.336100915976834, 1.2425148860676924, 1.2378369330414514, 1.171289036072395, 1.0818964552059915, 1.0870469216229393, 1.0974556866375558, 1.1802092478904882, 1.3285527017093495, 1.4198367011711759, 1.3457777564660676, 1.4000564422900625, 1.371490350205153, 1.3728006165926208, 1.4404258829691972, 1.3900012769794037, 1.415477345116929, 1.4376746055918748, 1.486099178869496, 1.6099945692981397, 1.8052217571873057, 2.016695298358317, 2.243073255658295, 2.5163445651898138, 2.7989800737383024, 3.1045450851217553, 3.4417784726143403, 3.7544234772154774, 3.855965121918372, 3.8300723141908466, 3.8508050180638675, 3.87472233951033, 3.6487096363776916, 3.4627792937231, 3.32155137065874, 3.256211776226165, 3.4925993281583447, 3.765490013605833, 4.069870959440879, 4.400887602587469, 4.754325673867072, 5.126609310093457, 5.16502191570526, 5.205466796195793, 5.483658026255332, 5.785514894292488, 6.108228496363225, 6.447730990741407, 6.168759484628485, 5.912987803306811, 5.682887820572471, 5.480991231775299, 5.30979966756259, 5.171670103246379, 5.0154608662024
2OAR.pdb, 14, 14, 0.3748583249489187, 0.9812071245323946, 1.0723674037754236, -, -, -, 1.7777523005116687, 46.128900389895946, , Upper limit of R overestimation, -, -, -, -, -, -, -, -, -, -, -, -, -, -, -, -, -, -, -, -, -, -, -, -, -, -, -, -, -, -, -, -, -, -, -, -, -, -, -, -, -, -, -, -, -, -, -, -, -, -, -, -, -, -, -, -, -, -, -, -, -, -, -, -, -, -, -, -, -, -, -, -, -, -, -, -, -, -, -, -, -, -, -, -, -, -, -, -, -, -, -, -, -, -, -, -
2OAR.pdb, 15, 15, 0.3726602442562942, 0.9870881477430214, 1.0133096142117526, -, -, -, 1.5271975562089461, 41.01462102965988, , X, 63.068282105920325, 62.79374789385973, 62.403422282203735, 62.01455499107009, 61.6318213213522, 61.25086628976528, 60.86615262523272, 60.47446739312172, 60.0885964226243, 59.70563499791301, 59.32267357320171, 58.93971214849042, 58.55675072377913, 58.17378929906784, 57.826140850037795, 57.443996606509145, 57.05421356598525, 56.6613398266591, 56.26432612755236, 55.86830890765192, 55.47229168775148, 55.076274467851036, 54.6802572479506, 54.428679366667886, 54.021937714905505, 53.62890682471425, 53.246536538581545, 52.87095819103486, 52.496298609227274, 52.12163902741969, 51.74444596902282, 51.366860471219574, 50.98811607188813, 50.61300530579921, 50.25588619420719, 49.940931426090955, 49.54746105815216, 49.5491438873527, 49.80957218566482, 50.06136357335571, 50.311079281586565, 50.55756363818705, 50.80404799478753, 51.055441576104826, 51.506448878132005, 51.73655164933853, 51.9535872963939, 52.11842818927766, 52.32619765444512, 52.49940523668705, 52.87817586577608, 53.17325318573918, 53.22989392218702, 53.36866865467197, 53.59783789871374, 53.720124894976024, 53.74663994066145, 54.02735442351649, 54.28821965129124, 54.610833419095016, 54.99598748838407, 55.42105855851774, 55.84761668350713, 56.27417480849652, 56.71343692387447, 57.164347842611726, 57.58412456281568, 57.97605989166805, 58.368671638495385, 58.76128338532271, 59.01314569517243, 59.2401685080747, 59.47548552389296, 59.61660855489407, 59.7593676274465, 59.902126699998924, 57.85826087231462, 57.37452994476401, 56.890799017213396, 56.68853589733247, 57.09208108164618
2OAR.pdb, 15, 15, 0.3726602442562942, 0.9870881477430214, 1.0133096142117526, -, -, -, 1.5271975562089461, 41.01462102965988, , Y, 158.9692796110366, 158.80511158423258, 158.50055374051826, 158.18783964722232, 157.86760216059088, 157.54691322785456, 157.2301142553982, 156.9205304383884, 156.60345829277466, 156.28263887254843, 155.96181945232223, 155.641000032096, 155.3201806118698, 154.9993611916436, 154.69769250130008, 154.48221700426683, 154.17173504359323, 153.86441648535185, 153.56255339665796, 153.26005245365207, 152.9575515106462, 152.6550505676403, 152.35254962463443, 152.01469327282234, 151.79540418427982, 151.50050744395983, 151.1806385042043, 150.85163728605102, 150.5215533512378, 150.1914694164246, 149.8636728266321, 149.5362305500888, 149.21066933418555, 149.12580761916817, 148.85056699721102, 148.53833774370523, 148.23021221158146, 147.859241850542, 147.45315876001578, 147.0460339775782, 146.63745987112927, 146.222616212296, 145.80777255346277, 145.39847695071495, 145.21477055640668, 144.84126430639984, 144.43109995314992, 144.0172066917974, 143.63505079717555, 143.3143572832119, 143.13709923561882, 142.86382054208497, 142.45428909031878, 142.05256110526506, 142.01857741057646, 141.62166265211908, 141.21645880325391, 140.80516310010447, 140.3907193243968, 140.14007519401966, 139.95363372799378, 139.69978249112293, 139.4514022468647, 139.20302200260645, 138.9750992249853, 138.7610872967513, 138.5020563317092, 138.20501303582654, 137.9093933598411, 137.61377368385567, 137.32199765110983, 136.91674799958474, 136.52010681344262, 136.08197942719158, 135.63954801697113, 135.19711660675068, 133.27607870048726, 133.2144784962279, 133.15287829196856, 133.03464907157186, 132.79453618526534
2OAR.pdb, 15, 15, 0.3726602442562942, 0.9870881477430214, 1.0133096142117526, -, -, -, 1.5271975562089461, 41.01462102965988, , Z, -0.5904458934469397, -0.3406510453511297, -0.3082696882501119, -0.2776110252759299, -0.24759703951137008, -0.20252074497597175, -0.1637017549450837, -0.13648890518999054, -0.11382835350169089, -0.09344584166397113, -0.07306332982625136, -0.05268081798853161, -0.03229830615081185, -0.011915794313092087, -0.08282927819459815, -0.14320226898905009, -0.10273542594718792, -0.06879356732210704, -0.0335109183509031, 0.007275611568648248, 0.04806214148819961, 0.08884867140775095, 0.12963520132730233, 0.06792440495630259, 0.019813296007875195, 0.05535362181216626, 0.0934766991233858, 0.11949995802966873, 0.1454767503258086, 0.17145354262194845, 0.18750771290887966, 0.20202485383960675, 0.22386115676223306, 0.4108033686540404, 0.4393533977788709, 0.3787762712770532, 0.3942593590683008, 0.3682182693518795, 0.4996474328846793, 0.6439079156137563, 0.7876637030756279, 0.9186224777991789, 1.0495812525227297, 1.18011695112866, 1.2934499745967794, 1.140089902776026, 0.9541056257212851, 0.7273718739437547, 0.48550678830570326, 0.20646876507395576, 0.3012288314709041, 0.4476941014316645, 0.5528041936287992, 0.7991056910638992, 1.1909096689609582, 1.4293475761829626, 1.2962467483356894, 1.340188181292633, 1.3860911506796776, 1.5113450450947212, 1.5875039519681906, 1.6559181967815269, 1.7356390865642508, 1.8153599763469748, 1.8590450027112322, 1.8299089237687174, 1.7741609669973717, 1.6840177711035715, 1.5920122091877082, 1.5000066472718452, 1.3141368625296743, 1.1291142629350968, 0.9363268493911936, 0.8796590208375108, 0.6956093143603845, 0.5115596078832582, -0.715632665727522, -0.826130650171732, -0.936628634615942, -1.066556501347991, -1.2383036586658758
2OAR.pdb, 15, 15, 0.3726602442562942, 0.9870881477430214, 1.0133096142117526, -, -, -, 1.5271975562089461, 41.01462102965988, , distance, 0.0, 0.405854211203562, 0.8610260958094789, 1.3486492888665422, 1.842459803379057, 2.3402162929167662, 2.8383412310206744, 3.336364021497731, 3.8344232370156286, 4.332717747807544, 4.831364673026394, 5.330265108357043, 5.829353964803426, 6.328586664380153, 6.7811633228210235, 7.208768624083908, 7.708652007955151, 8.208572229755443, 8.708425912833132, 9.208265840426117, 9.708122253897157, 10.20799273144668, 10.707875303435452, 11.110466150328445, 11.561714914223758, 12.05410388195878, 12.553778968629526, 13.053181798072117, 13.55258263772857, 14.052026090617755, 14.551513721298589, 15.051036268131043, 15.550690721548941, 15.906928085183234, 16.35867722463786, 16.794977693211006, 17.294791552665266, 17.52481309998445, 17.595531582333933, 17.688056577094624, 17.79660608258735, 17.924084125242523, 18.064506508586287, 18.210159670545522, 18.066863882885674, 18.193506691418317, 18.36520481424774, 18.579570206172995, 18.753363054445526, 18.905364961835666, 18.84917198288158, 18.930798815735805, 19.25735741774611, 19.54964755981979, 19.49843189105777, 19.809276187024402, 20.13989246284425, 20.381384886992315, 20.643621235585137, 20.748130094479098, 20.77258275397482, 20.852810334920747, 20.940301270027646, 21.039314050008027, 21.122294199449335, 21.191639715647952, 21.3207546378615, 21.500201823403206, 21.687975258852063, 21.8855628945222, 22.106025943997892, 22.448284819190764, 22.786061124826606, 23.19275249872877, 23.59828869377011, 24.007388239493007, 26.216417871487128, 26.37772055050579, 26.547461589928353, 26.712036691639295, 26.856133224487948
2OAR.pdb, 15, 15, 0.3726602442562942, 0.9870881477430214, 1.0133096142117526, -, -, -, 1.5271975562089461, 41.01462102965988, , length, 0.0, 0.5, 1.0, 1.5, 2.0, 2.5, 3.0, 3.5, 4.0, 4.5, 5.0, 5.5, 6.0, 6.5, 7.0, 7.5, 8.0, 8.5, 9.0, 9.5, 10.0, 10.5, 11.0, 11.5, 12.0, 12.5, 13.0, 13.5, 14.0, 14.5, 15.0, 15.5, 16.0, 16.5, 17.0, 17.5, 18.0, 18.5, 19.0, 19.5, 20.0, 20.5, 21.0, 21.5, 22.0, 22.5, 23.0, 23.5, 24.0, 24.5, 25.0, 25.5, 26.0, 26.5, 27.0, 27.5, 28.0, 28.5, 29.0, 29.5, 30.0, 30.5, 31.0, 31.5, 32.0, 32.5, 33.0, 33.5, 34.0, 34.5, 35.0, 35.5, 36.0, 36.5, 37.0, 37.5, 38.0, 38.5, 39.0, 39.5, 40.0
2OAR.pdb, 15, 15, 0.3726602442562942, 0.9870881477430214, 1.0133096142117526, -, -, -, 1.5271975562089461, 41.01462102965988, , R, 3.1899092912527345, 3.102958534162822, 2.7785521980303085, 2.4815840719347784, 2.219640550972948, 2.005951689077987, 1.850526456633565, 1.759137741058678, 1.734120159834271, 1.7812054664407841, 1.901493394510252, 2.0876691319598595, 2.3301864997315054, 2.6191539714938687, 2.825050506523764, 2.700413713081089, 2.536828676991133, 2.4231641228522287, 2.3668280448888983, 2.3698533332575016, 2.4365749908189662, 2.5638722264162177, 2.746326178975694, 2.865182541911182, 2.6659211337694253, 2.4021910437617664, 2.1684734096039096, 1.9765664750123615, 1.848074095469339, 1.7908713522217852, 1.8002240657252266, 1.8825348438436227, 2.036137778299302, 2.1422744789228627, 2.129387953912286, 2.188220396072182, 2.2818289808955465, 2.2081261532319316, 1.889061514699752, 1.6114551374781376, 1.3914252825374018, 1.2385208337481073, 1.1711850929742518, 1.1913208245728457, 1.1207854005293294, 1.048090048545848, 1.0349111975298788, 1.1033805168102195, 1.2086700938006087, 1.3506253123117986, 1.3900667694322726, 1.3433753140306997, 1.2720138480457943, 1.1844602633123098, 1.0146795803942337, 1.049365157432749, 1.1475308878575166, 1.1468171058045442, 1.2220582627252194, 1.2489966189941986, 1.303312595273852, 1.403524834408794, 1.579912190455285, 1.8224412814081905, 2.0899714438173755, 2.3484981070946254, 2.62309439135088, 2.90582624338272, 3.2234228809088488, 3.5704010959495105, 3.785821840763671, 4.059764206482258, 4.354810551906411, 4.670018021604314, 4.964899563983689, 5.283787298418831, 5.3431910798825015, 5.199072431651519, 5.089725931124537, 5.139350421885638, 5.478815033534499
2OAR.pdb, 15, 15, 0.3726602442562942, 0.9870881477430214, 1.0133096142117526, -, -, -, 1.5271975562089461, 41.01462102965988, , Upper limit of R overestimation, -, -, -, -, -, -, -, -, -, -, -, -, -, -, -, -, -, -, -, -, -, -, -, -, -, -, -, -, -, -, -, -, -, -, -, -, -, -, -, -, -, -, -, -, -, -, -, -, -, -, -, -, -, -, -, -, -, -, -, -, -, -, -, -, -, -, -, -, -, -, -, -, -, -, -, -, -, -, -, -, -
2OAR.pdb, 16, 16, 0.3706463035939339, 0.9925070306960762, 0.8738261387393784, -, -, -, 1.4131075292030493, 20.425765981967775, , X, 63.068282105920325, 62.79374789385973, 62.403422282203735, 62.01455499107009, 61.6318213213522, 61.25086628976528, 60.86615262523272, 60.47446739312172, 60.17448324683389, 59.79676959998832, 59.41905595314276, 59.04134230629719, 58.663628659451625, 58.28591501260606, 58.22012784702363, 58.46636816316309, 58.619763675384014, 58.78365486260531, 58.90541074408393, 59.0421567994729, 58.86407392687118, 58.61105693963251, 58.51807672668655, 58.3031206264874, 58.286514696170606, 58.27918170051877, 58.23541013529652, 58.06667401400235, 57.897937892708185, 57.72137385431543, 57.38786361002537, 57.033388058619394, 56.67891250721342, 56.32270272143326, 56.2069318894473, 56.15960926756775, 56.23748273151582, 56.31510904097282, 56.376851525178125, 56.43746197647688, 56.69398211056878, 57.02604124463385, 57.358100378698914
2OAR.pdb, 16, 16, 0.3706463035939339, 0.9925070306960762, 0.8738261387393784, -, -, -, 1.4131075292030493, 20.425765981967775, , Y, 158.9692796110366, 158.80511158423258, 158.50055374051826, 158.18783964722232, 157.86760216059088, 157.54691322785456, 157.2301142553982, 156.9205304383884, 156.66060599171257, 156.33926460356216, 156.0179232154117, 155.69658182726127, 155.37524043911085, 155.0538990509604, 154.76155215065012, 154.61007704512193, 154.4943900964578, 154.37300697414167, 154.23509741734014, 154.09271033196225, 153.97213780573176, 153.84682111597863, 153.61261380568496, 153.55893181842157, 153.60066536911498, 153.6422143924198, 153.7437701355568, 154.07262768271775, 154.4014852298787, 154.73026894549838, 154.74400529795258, 154.66704876220592, 154.59009222645926, 154.7047074044105, 154.8337937446169, 154.9481481105498, 155.03516762386155, 155.12275577440388, 155.21871833116785, 155.31299393865223, 155.33267165136857, 155.32328568925277, 155.313899727137
2OAR.pdb, 16, 16, 0.3706463035939339, 0.9925070306960762, 0.8738261387393784, -, -, -, 1.4131075292030493, 20.425765981967775, , Z, -0.5904458934469397, -0.3406510453511297, -0.3082696882501119, -0.2776110252759299, -0.24759703951137008, -0.20252074497597175, -0.1637017549450837, -0.13648890518999054, 0.013155983938474438, 0.07696909582135311, 0.14078220770423178, 0.20459531958711044, 0.26840843146998905, 0.33222154335286774, 0.5540941435936522, 0.9495216647767495, 1.4111344318654246, 1.8637413786762578, 2.2857588980076247, 2.745135033928008, 3.1671775392218, 3.573986325452217, 4.005844653848844, 4.383884914370459, 4.881863381600554, 5.380006043097806, 5.8393688271419215, 6.176089534918978, 6.512810242696034, 6.845389428502502, 7.171341062841187, 7.515470072169525, 7.859599081497863, 8.13069800527045, 8.599669039806052, 9.075354476852132, 9.561526594435726, 10.047622392372315, 10.534397815000833, 11.02167441307098, 11.427923452417547, 11.801619365158267, 12.175315277898987
2OAR.pdb, 16, 16, 0.3706463035939339, 0.9925070306960762, 0.8738261387393784, -, -, -, 1.4131075292030493, 20.425765981967775, , distance, 0.0, 0.405854211203562, 0.8610260958094789, 1.3486492888665422, 1.842459803379057, 2.3402162929167662, 2.8383412310206744, 3.336364021497731, 3.7507840438761417, 4.250319491980604, 4.749952697030236, 5.249655747202803, 5.7494104310141045, 6.249204360906144, 6.520701035574125, 6.523170933495606, 6.619688526901095, 6.745871917956769, 6.929251981324995, 7.149595306022264, 7.534356408934356, 7.9654838473495335, 8.397864272455948, 8.759143459706946, 9.035125192341221, 9.325202564180856, 9.591929842522397, 9.735465336365753, 9.90219432889937, 10.092090279460356, 10.505495422116827, 10.983397019156433, 11.46318394237444, 11.821496023772974, 12.191742395197295, 12.543004254566428, 12.852999751642647, 13.174581166954399, 13.513108475414995, 13.862811349800639, 14.081825862318945, 14.260618067847362, 14.454502265292792
2OAR.pdb, 16, 16, 0.3706463035939339, 0.9925070306960762, 0.8738261387393784, -, -, -, 1.4131075292030493, 20.425765981967775, , length, 0.0, 0.5, 1.0, 1.5, 2.0, 2.5, 3.0, 3.5, 4.0, 4.5, 5.0, 5.5, 6.0, 6.5, 7.0, 7.5, 8.0, 8.5, 9.0, 9.5, 10.0, 10.5, 11.0, 11.5, 12.0, 12.5, 13.0, 13.5, 14.0, 14.5, 15.0, 15.5, 16.0, 16.5, 17.0, 17.5, 18.0, 18.5, 19.0, 19.5, 20.0, 20.5, 21.0
2OAR.pdb, 16, 16, 0.3706463035939339, 0.9925070306960762, 0.8738261387393784, -, -, -, 1.4131075292030493, 20.425765981967775, , R, 3.1899092912527345, 3.102958534162822, 2.7785521980303085, 2.4815840719347784, 2.219640550972948, 2.005951689077987, 1.850526456633565, 1.759137741058678, 1.7027008838767612, 1.7259388087777308, 1.8246130588931924, 1.9923716029355942, 2.219929416512785, 2.4971370158219854, 2.5104271704167034, 2.1972057965683893, 1.9137736611968412, 1.6720564050620799, 1.4938324106261494, 1.366593503924888, 1.2251076257233962, 1.1344158810891276, 1.076995769356579, 1.0828199433433339, 0.9335845211453022, 0.8746027691594134, 0.8817073536348934, 0.9162564622169129, 1.049531647379217, 1.2603880536887395, 1.2536195264051355, 1.245940187885458, 1.3274348049891924, 1.3765558901819261, 1.2551889164720347, 1.1790730303333161, 1.1167756552237615, 1.148165582969983, 1.2557162237486534, 1.443666440870215, 1.5645479870204348, 1.7071207596323243, 1.9171762407924415
2OAR.pdb, 16, 16, 0.3706463035939339, 0.9925070306960762, 0.8738261387393784, -, -, -, 1.4131075292030493, 20.425765981967775, , Upper limit of R overestimation, -, -, -, -, -, -, -, -, -, -, -, -, -, -, -, -, -, -, -, -, -, -, -, -, -, -, -, -, -, -, -, -, -, -, -, -, -, -, -, -, -, -, -
2OAR.pdb, 17, 17, 0.37061125260256944, 0.992601602390078, 1.2795908073446225, -, -, -, 1.674384462098718, 47.76338721224604, , X, 63.068282105920325, 63.18861174490216, 63.458703204995466, 63.741367270655516, 64.02403133631557, 64.29859551542971, 64.55784695857635, 64.76546859889825, 64.81474506336316, 64.86402152782806, 64.91329799229297, 64.96257445675786, 65.04075472701625, 65.14154154403221, 65.24232836104818, 65.353113737157, 65.75334229846322, 66.07013543778635, 66.38692857710949, 66.70372171643261, 66.95845300695377, 67.04725085928823, 67.19865092422712, 67.35005098916602, 67.5014510541049, 67.63124133218521, 67.57430167217738, 67.51736201216956, 67.46042235216173, 67.43978179063284, 67.4074553593358, 67.37512892803878, 67.34280249674174, 67.3086289314565, 67.25134756356427, 67.13545154233859, 66.69356635305677, 66.25168116377495, 65.80979597449313, 65.36866444213076, 64.92984136341623, 64.4910182847017, 64.05219520598716, 63.773619778007514, 63.81528724040043, 63.86146837375733, 63.90764950711424, 63.953830640471146, 64.00001177382805, 64.05237926441141, 63.6832396286471, 63.56190788702647, 63.51875691536114, 63.475605943695804, 63.43245497203048, 58.59127978573558, 54.69629100455142, 54.3914948495638, 54.08669869457617, 53.7802947745875, 53.458520256684395, 53.09156690051019, 52.90165452123642, 52.7695213617606, 52.63738820228478, 52.71895303696277, 52.932665900459874, 53.146378763956974, 53.360091627454075, 53.59270606170147, 53.82610524267612, 53.51977245578383, 53.09303255301471, 52.66629265024559, 52.24814478244142, 52.098019142633895, 52.236256638293845, 52.51013191448637, 52.7840071906789
2OAR.pdb, 17, 17, 0.37061125260256944, 0.992601602390078, 1.2795908073446225, -, -, -, 1.674384462098718, 47.76338721224604, , Y, 158.9692796110366, 158.79262353428777, 158.49390437980227, 158.13585826854705, 157.77781215729183, 157.3968202586127, 156.97244963081218, 156.55357555506427, 156.12507366634134, 155.69657177761837, 155.26806988889544, 154.83956800017248, 154.45335572075635, 154.1184480187613, 153.78354031676628, 153.4546378358747, 153.24237382021354, 152.86262766270693, 152.4828815052003, 152.1031353476937, 151.74445603929288, 151.3863684456239, 150.9107448113621, 150.43512117710029, 149.95949754283848, 149.47926745446372, 148.98653986141446, 148.49381226836522, 148.00108467531595, 147.5087468519638, 147.01777861405162, 146.52681037613948, 146.0358421382273, 145.54478462822692, 145.0526103168433, 144.6670334609746, 144.87430521657038, 145.08157697216618, 145.28884872776194, 145.49522203179131, 145.69884337568828, 145.90246471958525, 146.10608606348222, 146.21531635192406, 146.13605646319576, 146.05463662387606, 145.9732167845564, 145.8917969452367, 145.810377105917, 145.72306139955262, 145.44727797523913, 145.07316089421786, 144.67143935574055, 144.26971781726326, 143.86799627878594, 143.09811117327268, 141.74451323914866, 141.6274873536769, 141.51046146820516, 141.39668355838708, 141.06316843187813, 140.73261276728059, 140.4192755850283, 140.11303185479292, 139.80678812455758, 139.41302998413354, 138.96100589658735, 138.50898180904113, 138.05695772149494, 137.8552396432722, 137.66391365490398, 136.0457203040322, 135.78606011613988, 135.52639992824754, 135.28086564545748, 135.47597861019605, 135.7605697818323, 136.08724894564537, 136.41392810945842
2OAR.pdb, 17, 17, 0.37061125260256944, 0.992601602390078, 1.2795908073446225, -, -, -, 1.674384462098718, 47.76338721224604, , Z, -0.5904458934469397, -0.1659630860315761, 0.09104575748972707, 0.29575044282826235, 0.5004551281667976, 0.6523106312096345, 0.7042554046384275, 0.8185262741184406, 1.0714253872262316, 1.3243245003340225, 1.5772236134418134, 1.8301227265496043, 2.128461918645103, 2.485783690526136, 2.8431054624071694, 3.1956944763466377, 3.3518518546804925, 3.4255740544357436, 3.4992962541909947, 3.5730184539462453, 3.750959802708636, 3.8698792625969047, 3.8992080687113133, 3.9285368748257214, 3.9578656809401296, 3.9777615160914275, 4.040828101269908, 4.103894686448388, 4.166961271626869, 4.250676545681401, 4.339587687846082, 4.4284988300107635, 4.517409972175444, 4.604696124382244, 4.671653514612535, 4.7449446723610915, 4.853461485922936, 4.961978299484781, 5.070495113046626, 5.183409203755479, 5.309792168972679, 5.436175134189879, 5.56255809940708, 5.811248792036324, 6.303157665379892, 6.794317631874545, 7.285477598369199, 7.776637564863853, 8.267797531358505, 8.757192050190504, 8.927374041634915, 9.188566817993127, 9.483113587060055, 9.777660356126983, 10.072207125193913, 9.854974956432681, 10.923565552498209, 10.544878021630987, 10.166190490763764, 9.78785384455391, 9.816228122518591, 9.738265394276373, 10.030084315386514, 10.402583450766018, 10.775082586145523, 10.742360291079503, 10.74337825664325, 10.744396222206996, 10.745414187770743, 11.128210390707274, 11.526857087037857, 12.300172988557119, 12.27850175858917, 12.256830528621224, 12.249350165460983, 12.684543482577991, 13.001465879225893, 13.262757013826494, 13.524048148427093
2OAR.pdb, 17, 17, 0.37061125260256944, 0.992601602390078, 1.2795908073446225, -, -, -, 1.674384462098718, 47.76338721224604, , distance, 0.0, 0.4752601869092499, 0.9180637861121151, 1.3903160502314802, 1.8769966232500357, 2.351753235401295, 2.8075585250275994, 3.2712796650487945, 3.728465699330776, 4.1954311214952185, 4.669242777938944, 5.1480106782581085, 5.6282036667512365, 6.106730736461788, 6.588447773251472, 7.06870485953693, 7.453100677532255, 7.901312401485296, 8.355403378790218, 8.81446501942872, 9.283281138729079, 9.65542513721981, 10.107270768745112, 10.563456356941256, 11.023443110810513, 11.478216175391454, 11.891509746635114, 12.311237205887036, 12.736762501708084, 13.186746645244021, 13.637156291425496, 14.09091112553326, 14.547698133333279, 15.006235614894601, 15.455141896701445, 15.797547425192658, 15.538568679526174, 15.291557427727616, 15.057102660293987, 14.838442951504602, 14.641813068702914, 14.459806037863105, 14.292980492759552, 14.287854103839475, 14.586685814793146, 14.898049545702905, 15.219472969618522, 15.550332301262241, 15.890038133573212, 16.24220056670064, 16.547253467264866, 16.999260907880643, 17.495935645949814, 17.992794581171513, 18.489822864301686, 19.520357427206935, 22.34625854913698, 22.36112328312685, 22.387148050198757, 22.42257670626596, 22.831452087722905, 23.211918075100012, 23.669783009721996, 24.13439965014703, 24.60040376129443, 24.85936458687865, 25.13000801356579, 25.40760905438381, 25.69194217958095, 25.940627020877383, 26.194760606218317, 27.979129060812056, 28.329791447558325, 28.684882846592224, 29.035782936541118, 29.129146989455837, 28.99512119829189, 28.75713987215819, 28.525937915344805
2OAR.pdb, 17, 17, 0.37061125260256944, 0.992601602390078, 1.2795908073446225, -, -, -, 1.674384462098718, 47.76338721224604, , length, 0.0, 0.5, 1.0, 1.5, 2.0, 2.5, 3.0, 3.5, 4.0, 4.5, 5.0, 5.5, 6.0, 6.5, 7.0, 7.5, 8.0, 8.5, 9.0, 9.5, 10.0, 10.5, 11.0, 11.5, 12.0, 12.5, 13.0, 13.5, 14.0, 14.5, 15.0, 15.5, 16.0, 16.5, 17.0, 17.5, 18.0, 18.5, 19.0, 19.5, 20.0, 20.5, 21.0, 21.5, 22.0, 22.5, 23.0, 23.5, 24.0, 24.5, 25.0, 25.5, 26.0, 26.5, 27.0, 27.5, 28.0, 28.5, 29.0, 29.5, 30.0, 30.5, 31.0, 31.5, 32.0, 32.5, 33.0, 33.5, 34.0, 34.5, 35.0, 35.5, 36.0, 36.5, 37.0, 37.5, 38.0, 38.5, 39.0
2OAR.pdb, 17, 17, 0.37061125260256944, 0.992601602390078, 1.2795908073446225, -, -, -, 1.674384462098718, 47.76338721224604, , R, 3.1899092912527345, 3.1190929442843935, 2.861505267454812, 2.5917676081649437, 2.3678885424320804, 2.1701375265136966, 1.9765803995267537, 1.7967174664326442, 1.577447328131976, 1.4274981168720888, 1.3577265935764355, 1.3739377232051244, 1.4090979639188688, 1.448034695236815, 1.5685020676737977, 1.7565099387381515, 1.7954070995281457, 1.800358024340119, 1.8796515386136372, 2.0283071679599893, 2.1450105639457684, 2.099237079642275, 1.979599025911551, 1.9289867563770997, 1.9504215808987961, 2.020384290822193, 1.9745296932884342, 1.9998230961013546, 2.0947712899189788, 2.2692213910174766, 2.4878784321577343, 2.7541057899595587, 3.05961473058341, 3.3957125744273573, 3.741777826680582, 3.992064349573924, 3.5993153829067226, 3.2267806548741107, 2.8795980704274213, 2.5641051899124627, 2.2878924836228003, 2.0605272141672275, 1.8917891341572153, 1.8136852665205567, 1.855332275856215, 1.969723575773576, 2.1492605928419946, 2.3849681126811277, 2.667371326253457, 2.986682061789337, 2.814390019404859, 2.8287153696884793, 2.9460612668726713, 3.114660841135612, 3.329170958550695, 2.1584045243886454, 2.101281146784475, 1.7818664735739982, 1.5116608112662044, 1.3014153893719587, 1.3794651992141795, 1.481758532586034, 1.7695862412374979, 2.1138758303032055, 2.49107584839586, 2.4630397976383804, 2.4385095211774073, 2.4768724309055807, 2.576361901567543, 2.870203316590772, 3.2040801875911975, 3.438809606733678, 3.1624432639130897, 2.9253073148766293, 2.7407666316730332, 2.82205434510522, 3.0108941010065373, 3.2683803844617194, 3.5621424673123365
2OAR.pdb, 17, 17, 0.37061125260256944, 0.992601602390078, 1.2795908073446225, -, -, -, 1.674384462098718, 47.76338721224604, , Upper limit of R overestimation, -, -, -, -, -, -, -, -, -, -, -, -, -, -, -, -, -, -, -, -, -, -, -, -, -, -, -, -, -, -, -, -, -, -, -, -, -, -, -, -, -, -, -, -, -, -, -, -, -, -, -, -, -, -, -, -, -, -, -, -, -, -, -, -, -, -, -, -, -, -, -, -, -, -, -, -, -, -, -
2OAR.pdb, 18, 18, 0.36040951690704154, 1.0205143470842761, 1.0133096142117526, -, -, -, 1.6077064373829952, 50.47014120038319, , X, 63.068282105920325, 62.79374789385973, 62.403422282203735, 62.01455499107009, 61.6318213213522, 61.25086628976528, 60.86615262523272, 60.47446739312172, 60.0885964226243, 59.70563499791301, 59.32267357320171, 58.93971214849042, 58.55675072377913, 58.17378929906784, 57.826140850037795, 57.443996606509145, 57.05421356598525, 56.6613398266591, 56.26432612755236, 55.86830890765192, 55.47229168775148, 55.076274467851036, 54.6802572479506, 54.428679366667886, 54.021937714905505, 53.62890682471425, 53.246536538581545, 52.87095819103486, 52.496298609227274, 52.12163902741969, 51.74444596902282, 51.366860471219574, 50.98811607188813, 50.61300530579921, 50.25588619420719, 49.940931426090955, 49.54746105815216, 49.5491438873527, 49.80957218566482, 50.06136357335571, 50.311079281586565, 50.55756363818705, 50.80404799478753, 51.055441576104826, 51.506448878132005, 51.73655164933853, 51.9535872963939, 52.11842818927766, 52.32619765444512, 52.49940523668705, 52.87817586577608, 53.17325318573918, 53.22989392218702, 53.36866865467197, 53.59783789871374, 53.720124894976024, 53.74663994066145, 54.02735442351649, 54.28821965129124, 54.610833419095016, 54.99598748838407, 55.42105855851774, 55.84761668350713, 56.27417480849652, 56.71343692387447, 57.164347842611726, 57.58412456281568, 57.97605989166805, 58.368671638495385, 58.76128338532271, 59.01314569517243, 59.2401685080747, 59.47548552389296, 59.61660855489407, 59.7593676274465, 59.902126699998924, 60.04488577255135, 60.187644845103776, 60.32940641499438, 60.28651477669153, 59.793894599381595, 59.30945365496644, 58.82572272741583, 58.34199179986523, 57.85826087231462, 57.37452994476401, 56.890799017213396, 56.68853589733247, 57.09208108164618, 57.49562626595988, 57.899171450273585, 58.302716634587284, 58.14897482550611, 57.72503534500183, 57.30109586449754, 56.87715638399326, 56.45321690348898, 56.02927742298469, 55.67794712987449, 55.77974798504765, 55.87162324589948, 55.82323206368929, 55.698256986560054, 55.6162958921912, 55.74435516946102, 55.7403094781834
2OAR.pdb, 18, 18, 0.36040951690704154, 1.0205143470842761, 1.0133096142117526, -, -, -, 1.6077064373829952, 50.47014120038319, , Y, 158.9692796110366, 158.80511158423258, 158.50055374051826, 158.18783964722232, 157.86760216059088, 157.54691322785456, 157.2301142553982, 156.9205304383884, 156.60345829277466, 156.28263887254843, 155.96181945232223, 155.641000032096, 155.3201806118698, 154.9993611916436, 154.69769250130008, 154.48221700426683, 154.17173504359323, 153.86441648535185, 153.56255339665796, 153.26005245365207, 152.9575515106462, 152.6550505676403, 152.35254962463443, 152.01469327282234, 151.79540418427982, 151.50050744395983, 151.1806385042043, 150.85163728605102, 150.5215533512378, 150.1914694164246, 149.8636728266321, 149.5362305500888, 149.21066933418555, 149.12580761916817, 148.85056699721102, 148.53833774370523, 148.23021221158146, 147.859241850542, 147.45315876001578, 147.0460339775782, 146.63745987112927, 146.222616212296, 145.80777255346277, 145.39847695071495, 145.21477055640668, 144.84126430639984, 144.43109995314992, 144.0172066917974, 143.63505079717555, 143.3143572832119, 143.13709923561882, 142.86382054208497, 142.45428909031878, 142.05256110526506, 142.01857741057646, 141.62166265211908, 141.21645880325391, 140.80516310010447, 140.3907193243968, 140.14007519401966, 139.95363372799378, 139.69978249112293, 139.4514022468647, 139.20302200260645, 138.9750992249853, 138.7610872967513, 138.5020563317092, 138.20501303582654, 137.9093933598411, 137.61377368385567, 137.32199765110983, 136.91674799958474, 136.52010681344262, 136.08197942719158, 135.63954801697113, 135.19711660675068, 134.75468519653023, 134.31225378630978, 133.86960158481799, 133.54762042582632, 133.51978277869932, 133.4608793132653, 133.39927910900596, 133.3376789047466, 133.27607870048726, 133.2144784962279, 133.15287829196856, 133.03464907157186, 132.79453618526534, 132.55442329895882, 132.31431041265233, 132.0741975263458, 131.84327569593032, 131.61681010068472, 131.3903445054391, 131.1638789101935, 130.93741331494786, 130.71094771970223, 130.4548006786539, 130.01342105062864, 129.587042699544, 129.36757149843032, 129.1471028301369, 128.93664088816004, 128.75358738294204, 128.5295480566055
2OAR.pdb, 18, 18, 0.36040951690704154, 1.0205143470842761, 1.0133096142117526, -, -, -, 1.6077064373829952, 50.47014120038319, , Z, -0.5904458934469397, -0.3406510453511297, -0.3082696882501119, -0.2776110252759299, -0.24759703951137008, -0.20252074497597175, -0.1637017549450837, -0.13648890518999054, -0.11382835350169089, -0.09344584166397113, -0.07306332982625136, -0.05268081798853161, -0.03229830615081185, -0.011915794313092087, -0.08282927819459815, -0.14320226898905009, -0.10273542594718792, -0.06879356732210704, -0.0335109183509031, 0.007275611568648248, 0.04806214148819961, 0.08884867140775095, 0.12963520132730233, 0.06792440495630259, 0.019813296007875195, 0.05535362181216626, 0.0934766991233858, 0.11949995802966873, 0.1454767503258086, 0.17145354262194845, 0.18750771290887966, 0.20202485383960675, 0.22386115676223306, 0.4108033686540404, 0.4393533977788709, 0.3787762712770532, 0.3942593590683008, 0.3682182693518795, 0.4996474328846793, 0.6439079156137563, 0.7876637030756279, 0.9186224777991789, 1.0495812525227297, 1.18011695112866, 1.2934499745967794, 1.140089902776026, 0.9541056257212851, 0.7273718739437547, 0.48550678830570326, 0.20646876507395576, 0.3012288314709041, 0.4476941014316645, 0.5528041936287992, 0.7991056910638992, 1.1909096689609582, 1.4293475761829626, 1.2962467483356894, 1.340188181292633, 1.3860911506796776, 1.5113450450947212, 1.5875039519681906, 1.6559181967815269, 1.7356390865642508, 1.8153599763469748, 1.8590450027112322, 1.8299089237687174, 1.7741609669973717, 1.6840177711035715, 1.5920122091877082, 1.5000066472718452, 1.3141368625296743, 1.1291142629350968, 0.9363268493911936, 0.8796590208375108, 0.6956093143603845, 0.5115596078832582, 0.3275099014061318, 0.1434601949290054, -0.04082913927911194, -0.19506735121383056, -0.2760020552014387, -0.38413871239489206, -0.49463669683910205, -0.605134681283312, -0.715632665727522, -0.826130650171732, -0.936628634615942, -1.066556501347991, -1.2383036586658758, -1.4100508159837606, -1.5817979733016454, -1.7535451306195304, -1.716821690408231, -1.5790223760419868, -1.4412230616757427, -1.3034237473094987, -1.1656244329432546, -1.0278251185770104, -0.8798182810776405, -0.6681094955955887, -0.4404969000295405, 0.005849149323593775, 0.4368651541279091, 0.8554017729102366, 1.247544809312771, 1.6945235701468366
2OAR.pdb, 18, 18, 0.36040951690704154, 1.0205143470842761, 1.0133096142117526, -, -, -, 1.6077064373829952, 50.47014120038319, , distance, 0.0, 0.405854211203562, 0.8610260958094789, 1.3486492888665422, 1.842459803379057, 2.3402162929167662, 2.8383412310206744, 3.336364021497731, 3.8344232370156286, 4.332717747807544, 4.831364673026394, 5.330265108357043, 5.829353964803426, 6.328586664380153, 6.7811633228210235, 7.208768624083908, 7.708652007955151, 8.208572229755443, 8.708425912833132, 9.208265840426117, 9.708122253897157, 10.20799273144668, 10.707875303435452, 11.110466150328445, 11.561714914223758, 12.05410388195878, 12.553778968629526, 13.053181798072117, 13.55258263772857, 14.052026090617755, 14.551513721298589, 15.051036268131043, 15.550690721548941, 15.906928085183234, 16.35867722463786, 16.794977693211006, 17.294791552665266, 17.52481309998445, 17.595531582333933, 17.688056577094624, 17.79660608258735, 17.924084125242523, 18.064506508586287, 18.210159670545522, 18.066863882885674, 18.193506691418317, 18.36520481424774, 18.579570206172995, 18.753363054445526, 18.905364961835666, 18.84917198288158, 18.930798815735805, 19.25735741774611, 19.54964755981979, 19.49843189105777, 19.809276187024402, 20.13989246284425, 20.381384886992315, 20.643621235585137, 20.748130094479098, 20.77258275397482, 20.852810334920747, 20.940301270027646, 21.039314050008027, 21.122294199449335, 21.191639715647952, 21.3207546378615, 21.500201823403206, 21.687975258852063, 21.8855628945222, 22.106025943997892, 22.448284819190764, 22.786061124826606, 23.19275249872877, 23.59828869377011, 24.007388239493007, 24.41987204898863, 24.83557149928717, 25.254650178663105, 25.5764600637893, 25.661203742021385, 25.784682269285234, 25.919749519548564, 26.063710222918836, 26.216417871487128, 26.37772055050579, 26.547461589928353, 26.712036691639295, 26.856133224487948, 27.008718579884658, 27.16964973795884, 27.338779315092477, 27.591455107650226, 27.88700696963974, 28.1883295087168, 28.495239659621248, 28.80755883490496, 29.125113026283177, 29.45804298018092, 29.859177922986678, 30.251119473024808, 30.48126377098569, 30.73653959377509, 30.977119986576284, 31.144922096819553, 31.392634890818666
2OAR.pdb, 18, 18, 0.36040951690704154, 1.0205143470842761, 1.0133096142117526, -, -, -, 1.6077064373829952, 50.47014120038319, , length, 0.0, 0.5, 1.0, 1.5, 2.0, 2.5, 3.0, 3.5, 4.0, 4.5, 5.0, 5.5, 6.0, 6.5, 7.0, 7.5, 8.0, 8.5, 9.0, 9.5, 10.0, 10.5, 11.0, 11.5, 12.0, 12.5, 13.0, 13.5, 14.0, 14.5, 15.0, 15.5, 16.0, 16.5, 17.0, 17.5, 18.0, 18.5, 19.0, 19.5, 20.0, 20.5, 21.0, 21.5, 22.0, 22.5, 23.0, 23.5, 24.0, 24.5, 25.0, 25.5, 26.0, 26.5, 27.0, 27.5, 28.0, 28.5, 29.0, 29.5, 30.0, 30.5, 31.0, 31.5, 32.0, 32.5, 33.0, 33.5, 34.0, 34.5, 35.0, 35.5, 36.0, 36.5, 37.0, 37.5, 38.0, 38.5, 39.0, 39.5, 40.0, 40.5, 41.0, 41.5, 42.0, 42.5, 43.0, 43.5, 44.0, 44.5, 45.0, 45.5, 46.0, 46.5, 47.0, 47.5, 48.0, 48.5, 49.0, 49.5, 50.0, 50.5, 51.0, 51.5, 52.0, 52.5
2OAR.pdb, 18, 18, 0.36040951690704154, 1.0205143470842761, 1.0133096142117526, -, -, -, 1.6077064373829952, 50.47014120038319, , R, 3.1899092912527345, 3.102958534162822, 2.7785521980303085, 2.4815840719347784, 2.219640550972948, 2.005951689077987, 1.850526456633565, 1.759137741058678, 1.734120159834271, 1.7812054664407841, 1.901493394510252, 2.0876691319598595, 2.3301864997315054, 2.6191539714938687, 2.825050506523764, 2.700413713081089, 2.536828676991133, 2.4231641228522287, 2.3668280448888983, 2.3698533332575016, 2.4365749908189662, 2.5638722264162177, 2.746326178975694, 2.865182541911182, 2.6659211337694253, 2.4021910437617664, 2.1684734096039096, 1.9765664750123615, 1.848074095469339, 1.7908713522217852, 1.8002240657252266, 1.8825348438436227, 2.036137778299302, 2.1422744789228627, 2.129387953912286, 2.188220396072182, 2.2818289808955465, 2.2081261532319316, 1.889061514699752, 1.6114551374781376, 1.3914252825374018, 1.2385208337481073, 1.1711850929742518, 1.1913208245728457, 1.1207854005293294, 1.048090048545848, 1.0349111975298788, 1.1033805168102195, 1.2086700938006087, 1.3506253123117986, 1.3900667694322726, 1.3433753140306997, 1.2720138480457943, 1.1844602633123098, 1.0146795803942337, 1.049365157432749, 1.1475308878575166, 1.1468171058045442, 1.2220582627252194, 1.2489966189941986, 1.303312595273852, 1.403524834408794, 1.579912190455285, 1.8224412814081905, 2.0899714438173755, 2.3484981070946254, 2.62309439135088, 2.90582624338272, 3.2234228809088488, 3.5704010959495105, 3.785821840763671, 4.059764206482258, 4.354810551906411, 4.670018021604314, 4.964899563983689, 5.283787298418831, 5.623467004844013, 5.98111459027688, 6.353715369570436, 6.532705715851181, 6.223830118596233, 5.961695273838448, 5.72695154622806, 5.519946679924361, 5.3431910798825015, 5.199072431651519, 5.089725931124537, 5.139350421885638, 5.478815033534499, 5.83662121532627, 6.210222476614021, 6.597438227058376, 6.536968122313212, 6.273895142632716, 6.034791040441586, 5.821997945731052, 5.637862809910628, 5.484646042155472, 5.38412855742793, 5.441716849063672, 5.5109446574982535, 5.28685635149745, 5.059299926385842, 4.88716333100302, 4.851443095692613, 4.770551966862497
2OAR.pdb, 18, 18, 0.36040951690704154, 1.0205143470842761, 1.0133096142117526, -, -, -, 1.6077064373829952, 50.47014120038319, , Upper limit of R overestimation, -, -, -, -, -, -, -, -, -, -, -, -, -, -, -, -, -, -, -, -, -, -, -, -, -, -, -, -, -, -, -, -, -, -, -, -, -, -, -, -, -, -, -, -, -, -, -, -, -, -, -, -, -, -, -, -, -, -, -, -, -, -, -, -, -, -, -, -, -, -, -, -, -, -, -, -, -, -, -, -, -, -, -, -, -, -, -, -, -, -, -, -, -, -, -, -, -, -, -, -, -, -, -, -, -, -
2OAR.pdb, 19, 19, 0.35235932094346584, 1.0431038259093142, 1.0723674037754236, -, -, -, 1.347365967385635, 42.72915836180263, , X, 63.068282105920325, 62.79374789385973, 62.403422282203735, 62.01455499107009, 61.6318213213522, 61.25086628976528, 60.86615262523272, 60.47446739312172, 60.0885964226243, 59.70563499791301, 59.32267357320171, 58.93971214849042, 58.55675072377913, 58.17378929906784, 57.826140850037795, 57.443996606509145, 57.05421356598525, 56.6613398266591, 56.26432612755236, 55.86830890765192, 55.47229168775148, 55.076274467851036, 54.6802572479506, 54.428679366667886, 54.021937714905505, 53.62890682471425, 53.246536538581545, 52.87095819103486, 52.496298609227274, 52.12163902741969, 51.74444596902282, 51.366860471219574, 50.98811607188813, 50.61300530579921, 50.25588619420719, 49.940931426090955, 49.54746105815216, 49.24785371146132, 49.45779628068663, 49.56368985459679, 49.66958342850694, 49.77547700241709, 49.88137057632725, 49.9872641502374, 50.135593702527416, 49.97144980091777, 49.80730589930812, 49.9174403914419, 50.04497117062683, 49.93984996003906, 49.81590463577635, 49.737556319663, 50.067652220278866, 50.216939469677136, 50.30468911905832, 50.38384813898323, 50.567180996761294, 50.75030276646965, 50.942597172504755, 51.1371810521987, 51.32705032353638, 51.51691959487407, 51.69792426513809, 51.870365803961725, 51.6317049371434, 51.287665783977666, 49.092364895859056, 48.707112409038075, 48.269744138766754, 48.01334092188323, 47.75693770499969, 44.11357819270547, 43.734893975333186, 43.475415982676594
2OAR.pdb, 19, 19, 0.35235932094346584, 1.0431038259093142, 1.0723674037754236, -, -, -, 1.347365967385635, 42.72915836180263, , Y, 158.9692796110366, 158.80511158423258, 158.50055374051826, 158.18783964722232, 157.86760216059088, 157.54691322785456, 157.2301142553982, 156.9205304383884, 156.60345829277466, 156.28263887254843, 155.96181945232223, 155.641000032096, 155.3201806118698, 154.9993611916436, 154.69769250130008, 154.48221700426683, 154.17173504359323, 153.86441648535185, 153.56255339665796, 153.26005245365207, 152.9575515106462, 152.6550505676403, 152.35254962463443, 152.01469327282234, 151.79540418427982, 151.50050744395983, 151.1806385042043, 150.85163728605102, 150.5215533512378, 150.1914694164246, 149.8636728266321, 149.5362305500888, 149.21066933418555, 149.12580761916817, 148.85056699721102, 148.53833774370523, 148.23021221158146, 147.9479481621797, 147.65102075519567, 147.41476987647243, 147.1785189977492, 146.94226811902593, 146.70601724030269, 146.46976636157945, 146.36990372144183, 146.34817895510778, 146.3264541887737, 146.20922197791788, 146.10045161930168, 146.1390778678239, 146.04177200236003, 145.72704226816057, 145.65452361711613, 145.34113005834138, 144.949071889808, 144.58365381420066, 144.37396523070188, 144.15474459517222, 144.0401492200482, 143.98232272840406, 143.92108202308708, 143.8598413177701, 143.86142464447448, 143.92369546736097, 143.82897496594467, 143.6940127230562, 142.91092976535052, 142.7697649814625, 142.60597276683262, 142.5069170069675, 142.40786124710237, 140.07072577243434, 140.05582914509955, 140.05807486272127
2OAR.pdb, 19, 19, 0.35235932094346584, 1.0431038259093142, 1.0723674037754236, -, -, -, 1.347365967385635, 42.72915836180263, , Z, -0.5904458934469397, -0.3406510453511297, -0.3082696882501119, -0.2776110252759299, -0.24759703951137008, -0.20252074497597175, -0.1637017549450837, -0.13648890518999054, -0.11382835350169089, -0.09344584166397113, -0.07306332982625136, -0.05268081798853161, -0.03229830615081185, -0.011915794313092087, -0.08282927819459815, -0.14320226898905009, -0.10273542594718792, -0.06879356732210704, -0.0335109183509031, 0.007275611568648248, 0.04806214148819961, 0.08884867140775095, 0.12963520132730233, 0.06792440495630259, 0.019813296007875195, 0.05535362181216626, 0.0934766991233858, 0.11949995802966873, 0.1454767503258086, 0.17145354262194845, 0.18750771290887966, 0.20202485383960675, 0.22386115676223306, 0.4108033686540404, 0.4393533977788709, 0.3787762712770532, 0.3942593590683008, 0.23786127734565857, -0.04080354545166059, -0.46855589589175795, -0.8963082463318554, -1.3240605967719528, -1.7518129472120503, -2.1795652976521476, -2.603064726762511, -3.074853677557347, -3.546642628352183, -3.9984958599079725, -4.4599336243964744, -4.94715686689288, -5.379726400065034, -5.722081633365136, -6.090468084612645, -6.407398900490962, -6.705040281215722, -7.028537628275064, -7.441245994455462, -7.85140960989925, -8.282258669533368, -8.739136408469765, -9.197611310524366, -9.656086212578964, -10.11796828245589, -10.583141648315518, -10.946119684090322, -11.282901889801254, -11.628870155127057, -11.359134973496095, -11.466054138902495, -11.88372068868751, -12.301387238472527, -16.229700092191564, -16.555853973062526, -16.844890181766708
2OAR.pdb, 19, 19, 0.35235932094346584, 1.0431038259093142, 1.0723674037754236, -, -, -, 1.347365967385635, 42.72915836180263, , distance, 0.0, 0.405854211203562, 0.8610260958094789, 1.3486492888665422, 1.842459803379057, 2.3402162929167662, 2.8383412310206744, 3.336364021497731, 3.8344232370156286, 4.332717747807544, 4.831364673026394, 5.330265108357043, 5.829353964803426, 6.328586664380153, 6.7811633228210235, 7.208768624083908, 7.708652007955151, 8.208572229755443, 8.708425912833132, 9.208265840426117, 9.708122253897157, 10.20799273144668, 10.707875303435452, 11.110466150328445, 11.561714914223758, 12.05410388195878, 12.553778968629526, 13.053181798072117, 13.55258263772857, 14.052026090617755, 14.551513721298589, 15.051036268131043, 15.550690721548941, 15.906928085183234, 16.35867722463786, 16.794977693211006, 17.294791552665266, 17.696329582179388, 17.710178277968254, 17.773451106978342, 17.850510185058607, 17.94117787330623, 18.045249045007502, 18.162493295554864, 18.167260022215014, 18.357327698502136, 18.55892302224502, 18.63809306698709, 18.713265265531945, 18.86665677555754, 19.122844175348032, 19.47816175106501, 19.40487950759783, 19.61429096528619, 19.921440585650533, 20.2309198954037, 20.401818370581598, 20.589430706919565, 20.71412931112388, 20.817329465270685, 20.93771885689953, 21.06928892477164, 21.173237872162595, 21.25127996567412, 21.616292506852332, 22.055505314044048, 23.980068219456363, 24.17916735123864, 24.597426522940957, 25.003973527491276, 25.41385434709759, 31.00036144178229, 31.40689033132756, 31.71310497378248
2OAR.pdb, 19, 19, 0.35235932094346584, 1.0431038259093142, 1.0723674037754236, -, -, -, 1.347365967385635, 42.72915836180263, , length, 0.0, 0.5, 1.0, 1.5, 2.0, 2.5, 3.0, 3.5, 4.0, 4.5, 5.0, 5.5, 6.0, 6.5, 7.0, 7.5, 8.0, 8.5, 9.0, 9.5, 10.0, 10.5, 11.0, 11.5, 12.0, 12.5, 13.0, 13.5, 14.0, 14.5, 15.0, 15.5, 16.0, 16.5, 17.0, 17.5, 18.0, 18.5, 19.0, 19.5, 20.0, 20.5, 21.0, 21.5, 22.0, 22.5, 23.0, 23.5, 24.0, 24.5, 25.0, 25.5, 26.0, 26.5, 27.0, 27.5, 28.0, 28.5, 29.0, 29.5, 30.0, 30.5, 31.0, 31.5, 32.0, 32.5, 33.0, 33.5, 34.0, 34.5, 35.0, 35.5, 36.0, 36.5
2OAR.pdb, 19, 19, 0.35235932094346584, 1.0431038259093142, 1.0723674037754236, -, -, -, 1.347365967385635, 42.72915836180263, , R, 3.1899092912527345, 3.102958534162822, 2.7785521980303085, 2.4815840719347784, 2.219640550972948, 2.005951689077987, 1.850526456633565, 1.759137741058678, 1.734120159834271, 1.7812054664407841, 1.901493394510252, 2.0876691319598595, 2.3301864997315054, 2.6191539714938687, 2.825050506523764, 2.700413713081089, 2.536828676991133, 2.4231641228522287, 2.3668280448888983, 2.3698533332575016, 2.4365749908189662, 2.5638722264162177, 2.746326178975694, 2.865182541911182, 2.6659211337694253, 2.4021910437617664, 2.1684734096039096, 1.9765664750123615, 1.848074095469339, 1.7908713522217852, 1.8002240657252266, 1.8825348438436227, 2.036137778299302, 2.1422744789228627, 2.129387953912286, 2.188220396072182, 2.2818289808955465, 2.24865147425619, 2.048582951500206, 1.7524547873484542, 1.5103690185754126, 1.336100915976834, 1.2425148860676924, 1.2378369330414514, 1.171289036072395, 1.0818964552059915, 1.0870469216229393, 1.0974556866375558, 1.1802092478904882, 1.3285527017093495, 1.4198367011711759, 1.3457777564660676, 1.4000564422900625, 1.371490350205153, 1.3728006165926208, 1.4404258829691972, 1.3900012769794037, 1.415477345116929, 1.4376746055918748, 1.486099178869496, 1.6099945692981397, 1.8052217571873057, 2.016695298358317, 2.243073255658295, 2.2530216432806953, 2.2586409974716495, 2.2731242823154933, 2.2395457014636513, 2.4712128948011456, 2.8160930552656516, 3.188887936256213, 3.935963786792365, 3.585605824062639, 3.337316192569386
2OAR.pdb, 19, 19, 0.35235932094346584, 1.0431038259093142, 1.0723674037754236, -, -, -, 1.347365967385635, 42.72915836180263, , Upper limit of R overestimation, -, -, -, -, -, -, -, -, -, -, -, -, -, -, -, -, -, -, -, -, -, -, -, -, -, -, -, -, -, -, -, -, -, -, -, -, -, -, -, -, -, -, -, -, -, -, -, -, -, -, -, -, -, -, -, -, -, -, -, -, -, -, -, -, -, -, -, -, -, -, -, -, -, -
2OAR.pdb, 20, 20, 0.34723785296360715, 1.0577452786258799, 0.9832184335821208, -, -, -, 1.4871128809996734, 30.30875440419012, , X, 63.068282105920325, 63.2378646782028, 63.407727311860675, 63.57672059386447, 63.73685405772666, 63.76282756629801, 63.7749548152421, 63.79247347148502, 63.80343918431075, 63.81331228798037, 63.79999166475552, 63.786671041530674, 63.881241846361895, 64.025376119035, 64.13628289415226, 64.0336637123989, 63.92372667139914, 63.98431256759276, 64.04959590776203, 64.11155073517449, 64.17232106284251, 64.43867136931878, 64.71129843056714, 64.98999278445763, 65.24411656730678, 65.09590161410725, 65.00562112278976, 64.83132968866593, 64.66670435907793, 64.51035829935857, 64.34663360120759, 64.17779066742231, 64.00894773363706, 63.8401047998518, 63.67126186606654, 63.47694872220772, 63.29636241884196, 63.11033210623118, 62.92430179362041, 62.73827148100963, 62.639432380294565, 62.547250640175925, 62.455068900057285, 62.39512687386279, 62.65245201418733, 62.90977715451187, 63.16710229483641, 63.42442743516095, 63.68175257548549, 63.74092723828437, 63.39561496931697, 63.365058862308295, 63.36467249266883, 63.36428612302937, 63.363899753389916, 63.372483500115045, 63.40627681850797, 61.01950308970086
2OAR.pdb, 20, 20, 0.34723785296360715, 1.0577452786258799, 0.9832184335821208, -, -, -, 1.4871128809996734, 30.30875440419012, , Y, 158.9692796110366, 158.659407562389, 158.3446259830539, 158.0221494198072, 157.70398028554527, 157.4704782705432, 157.2544806815054, 157.0361820396663, 156.706956280924, 156.37006223926986, 155.87038715316515, 155.37071206706048, 154.89300616029598, 154.43020046313427, 153.9758204624497, 153.60494135764282, 153.40271229230652, 153.2474271943325, 153.10645064425, 152.96507603703006, 152.82355977538006, 152.5345714503124, 152.24108051763108, 151.94404560026007, 151.65060652743003, 151.4432423903779, 151.22360842571808, 150.92801539221645, 150.61292202488596, 150.28159628667132, 149.94421535462664, 149.60263420202355, 149.2610530494205, 148.91947189681744, 148.5778907442144, 148.24428821223069, 147.92497087971253, 147.83003945752793, 147.7351080353433, 147.6401766131587, 147.44452580284454, 147.24118470733706, 147.03784361182957, 146.81576799360417, 146.4093281793198, 146.00288836503543, 145.59644855075103, 145.19000873646667, 144.7835689221823, 144.56622691894762, 144.7348925314923, 144.31325321207206, 143.8350324911812, 143.35681177029036, 142.8785910493995, 142.40276495094807, 141.9336686878244, 140.3536416411024
2OAR.pdb, 20, 20, 0.34723785296360715, 1.0577452786258799, 0.9832184335821208, -, -, -, 1.4871128809996734, 30.30875440419012, , Z, -0.5904458934469397, -0.9443110911099801, -1.2935710002561847, -1.636248173425736, -1.9871408575251932, -2.422036684064471, -2.872745743725108, -3.3215597575048266, -3.6977115259744013, -4.056394596073032, -4.04425501934338, -4.032115442613729, -4.111833660857466, -4.233757507991982, -4.174090112221064, -4.472293172806071, -4.85986194132998, -5.331205512259577, -5.806456706706455, -6.282030868814821, -6.757719963669565, -7.062176301822821, -7.361404572393835, -7.6512345169066895, -7.924453475779137, -8.28989981289353, -8.729911579162675, -9.079910503488984, -9.394642358867719, -9.734905734514804, -10.065419263070464, -10.389169753258741, -10.71292024344702, -11.036670733635297, -11.360421223823577, -11.677982197031735, -11.960044458397892, -11.505752979419974, -11.051461500442054, -10.597170021464134, -10.149293446490388, -9.701906672360314, -9.254519898230239, -8.835824518711485, -8.699477719990588, -8.56313092126969, -8.426784122548792, -8.290437323827895, -8.154090525106998, -7.9574031045024824, -7.637541653174708, -7.7427589812399304, -7.888720595471651, -8.034682209703371, -8.180643823935092, -8.332842002458191, -8.502567391117047, -8.630541244189255
2OAR.pdb, 20, 20, 0.34723785296360715, 1.0577452786258799, 0.9832184335821208, -, -, -, 1.4871128809996734, 30.30875440419012, , distance, 0.0, 0.4999995134718699, 0.9999000543121012, 1.4997558814587222, 1.9996818898296032, 2.466480017975215, 2.940886650893097, 3.423492703781534, 3.9132674954525615, 4.395884589830574, 4.6975877662975964, 5.030989993731612, 5.447667445178728, 5.898558127334211, 6.238410521841563, 6.69154876267213, 7.067274616744581, 7.486889116890874, 7.908382203429294, 8.33864554485512, 8.77633430163325, 9.228582248949479, 9.685765179662631, 10.144043613044762, 10.58701556274337, 10.956006013799094, 11.401736982859324, 11.82545036694411, 12.243265136749038, 12.695533508956558, 13.147664725452456, 13.60073691926568, 14.056991205846492, 14.516127540615464, 14.97788088447708, 15.431328853700167, 15.852335711499366, 15.595780460789996, 15.351227600822043, 15.119259556053708, 14.97916649780392, 14.860632603767433, 14.758095195497956, 14.701947193330579, 14.95599183592226, 15.222224946336384, 15.500018478619916, 15.788762249088789, 16.087866666495707, 16.191739772943112, 15.88667620934379, 16.310817537943727, 16.804704602355315, 17.298942880671962, 17.79350310661398, 18.28897602327672, 18.786376621017094, 20.38093731244923
2OAR.pdb, 20, 20, 0.34723785296360715, 1.0577452786258799, 0.9832184335821208, -, -, -, 1.4871128809996734, 30.30875440419012, , length, 0.0, 0.5, 1.0, 1.5, 2.0, 2.5, 3.0, 3.5, 4.0, 4.5, 5.0, 5.5, 6.0, 6.5, 7.0, 7.5, 8.0, 8.5, 9.0, 9.5, 10.0, 10.5, 11.0, 11.5, 12.0, 12.5, 13.0, 13.5, 14.0, 14.5, 15.0, 15.5, 16.0, 16.5, 17.0, 17.5, 18.0, 18.5, 19.0, 19.5, 20.0, 20.5, 21.0, 21.5, 22.0, 22.5, 23.0, 23.5, 24.0, 24.5, 25.0, 25.5, 26.0, 26.5, 27.0, 27.5, 28.0, 28.5
2OAR.pdb, 20, 20, 0.34723785296360715, 1.0577452786258799, 0.9832184335821208, -, -, -, 1.4871128809996734, 30.30875440419012, , R, 3.1899092912527345, 2.851774649688839, 2.545514304636488, 2.277034889014348, 2.0528285658196572, 1.82013618373378, 1.6311564765989819, 1.507722971251722, 1.3941625483803652, 1.3552447644717, 1.2128921883732406, 1.1577540908233304, 1.1335222659901714, 1.1742613339719998, 1.2392657242564207, 1.200914457120653, 1.1787709934431865, 1.04035685251521, 0.9835023652716814, 1.024510641659719, 1.1595026756421332, 1.220250687261205, 1.3629617207473048, 1.5747377810204206, 1.8227204424943748, 1.7513816833179927, 1.7794486660193312, 1.7473627017342999, 1.7507711528695005, 1.8380852193787365, 1.9832424589989004, 2.1828677848916556, 2.435976736312297, 2.7330311595495913, 3.065498462539854, 3.410825073907674, 3.7407781357642595, 3.340405320034177, 2.9600996815135274, 2.6054146988610545, 2.2832687570754895, 2.0028555773387606, 1.7748701945641314, 1.6223806888303107, 1.6594113885147759, 1.772834214062597, 1.955177340105823, 2.196309719206509, 2.4856283293576458, 2.618802212297864, 2.3975523386665314, 2.3835082641163012, 2.447358684325573, 2.571759168397238, 2.751422626506564, 2.984101151469051, 3.269499093559816, 2.9377438104937785
2OAR.pdb, 20, 20, 0.34723785296360715, 1.0577452786258799, 0.9832184335821208, -, -, -, 1.4871128809996734, 30.30875440419012, , Upper limit of R overestimation, -, -, -, -, -, -, -, -, -, -, -, -, -, -, -, -, -, -, -, -, -, -, -, -, -, -, -, -, -, -, -, -, -, -, -, -, -, -, -, -, -, -, -, -, -, -, -, -, -, -, -, -, -, -, -, -, -, -
2OAR.pdb, 21, 21, 0.3443142161207859, 1.066200619566202, 1.0248564199779944, -, -, -, 1.3271715095625296, 28.77209589982186, , X, 63.068282105920325, 62.79374789385973, 62.403422282203735, 62.01455499107009, 61.6318213213522, 61.25086628976528, 60.86615262523272, 60.47446739312172, 60.0885964226243, 59.70563499791301, 59.32267357320171, 58.93971214849042, 58.55675072377913, 58.17378929906784, 57.826140850037795, 57.443996606509145, 57.05421356598525, 56.6613398266591, 56.26432612755236, 55.86830890765192, 55.47229168775148, 55.076274467851036, 54.6802572479506, 54.2721036780114, 53.99835395224863, 53.697001900028916, 53.57086202031774, 53.37702887538658, 53.3065033383647, 53.1599015558527, 52.84430150635474, 52.67395228810974, 52.37040731332878, 52.065366781129065, 51.61045538343234, 51.13778093722755, 50.67831096901872, 50.36498827957517, 50.01943719989094, 49.69863755439281, 49.57399026228482, 49.30360318235347, 49.168238862175926, 49.091291979542675, 48.99328514379026, 48.81325284320764, 48.633220542625025, 48.389953643489356, 48.088325345597404, 47.63903981586586, 47.17123065350331, 46.70342149114076, 46.2356123287782, 45.797872379990366, 45.422094362191835, 44.98791384975756, 44.52530961257046, 44.06255623749218, 43.707705265798005, 43.29178801751577
2OAR.pdb, 21, 21, 0.3443142161207859, 1.066200619566202, 1.0248564199779944, -, -, -, 1.3271715095625296, 28.77209589982186, , Y, 158.9692796110366, 158.80511158423258, 158.50055374051826, 158.18783964722232, 157.86760216059088, 157.54691322785456, 157.2301142553982, 156.9205304383884, 156.60345829277466, 156.28263887254843, 155.96181945232223, 155.641000032096, 155.3201806118698, 154.9993611916436, 154.69769250130008, 154.48221700426683, 154.17173504359323, 153.86441648535185, 153.56255339665796, 153.26005245365207, 152.9575515106462, 152.6550505676403, 152.35254962463443, 152.24019705172728, 152.63717022908463, 152.94197255922663, 153.28529887266527, 153.66315591454386, 154.0435991288045, 154.2762371382664, 154.1253450313486, 154.2752732682596, 154.4518715949774, 154.628682574206, 154.7766086848214, 154.92082469837828, 155.08352636716177, 155.46129613915284, 155.81332658859247, 156.17585298941785, 156.61679898027936, 156.69690680690695, 156.7935045415897, 156.89723661551778, 157.06101231013412, 157.4306151954765, 157.80021808081887, 158.07613238516126, 158.27450846656723, 158.38707783974812, 158.39514873440396, 158.40321962905978, 158.4112905237156, 158.3500516022867, 158.1153196287299, 158.21914496713958, 158.15003485284308, 158.0810816053661, 158.12250620165236, 158.1697445841879
2OAR.pdb, 21, 21, 0.3443142161207859, 1.066200619566202, 1.0248564199779944, -, -, -, 1.3271715095625296, 28.77209589982186, , Z, -0.5904458934469397, -0.3406510453511297, -0.3082696882501119, -0.2776110252759299, -0.24759703951137008, -0.20252074497597175, -0.1637017549450837, -0.13648890518999054, -0.11382835350169089, -0.09344584166397113, -0.07306332982625136, -0.05268081798853161, -0.03229830615081185, -0.011915794313092087, -0.08282927819459815, -0.14320226898905009, -0.10273542594718792, -0.06879356732210704, -0.0335109183509031, 0.007275611568648248, 0.04806214148819961, 0.08884867140775095, 0.12963520132730233, 0.14130163769286033, 0.11000780016047268, 0.2569574917068272, 0.584207056487559, 0.8076503971902641, 1.1039151001513001, 1.4186246259171074, 1.752064933581672, 2.196719945483023, 2.552632124658876, 2.907129548345075, 2.8779541870823366, 2.8019238685327084, 2.7386706121881925, 2.8289996454774062, 2.9106636767052554, 3.003837124985977, 3.1998003258728263, 3.612684768688487, 4.07453197154693, 4.557562854712389, 4.996700624168512, 5.28127412591019, 5.565847627651867, 5.881581028892697, 6.21686206973966, 6.373531977481126, 6.549853979140314, 6.726175980799503, 6.902497982458692, 7.071983003343387, 7.238507709161026, 7.395310205882436, 7.57200517422749, 7.74826065186058, 7.981505145048476, 8.254966984793548
2OAR.pdb, 21, 21, 0.3443142161207859, 1.066200619566202, 1.0248564199779944, -, -, -, 1.3271715095625296, 28.77209589982186, , distance, 0.0, 0.405854211203562, 0.8610260958094789, 1.3486492888665422, 1.842459803379057, 2.3402162929167662, 2.8383412310206744, 3.336364021497731, 3.8344232370156286, 4.332717747807544, 4.831364673026394, 5.330265108357043, 5.829353964803426, 6.328586664380153, 6.7811633228210235, 7.208768624083908, 7.708652007955151, 8.208572229755443, 8.708425912833132, 9.208265840426117, 9.708122253897157, 10.20799273144668, 10.707875303435452, 11.099043268450684, 11.083764762690466, 11.17440895489781, 11.13051817613958, 11.136876182247246, 11.0646062784163, 11.146166028189299, 11.553390778785984, 11.740701909219696, 12.03039648928585, 12.334421845051978, 12.684245417710327, 13.047414223439098, 13.404979662559393, 13.61514707489927, 13.874082351049188, 14.12336709645235, 14.212531227137669, 14.570393659500645, 14.822524002735626, 15.03833798128177, 15.263133026510863, 15.493561354647454, 15.736507144709195, 16.06667890080551, 16.468796349156648, 16.938047831272424, 17.436448990971943, 17.934939155042052, 18.433511102753997, 18.904055438627022, 19.32381184057853, 19.77965416129435, 20.276552919447052, 20.77355382046775, 21.190264401264173, 21.679259758451185
2OAR.pdb, 21, 21, 0.3443142161207859, 1.066200619566202, 1.0248564199779944, -, -, -, 1.3271715095625296, 28.77209589982186, , length, 0.0, 0.5, 1.0, 1.5, 2.0, 2.5, 3.0, 3.5, 4.0, 4.5, 5.0, 5.5, 6.0, 6.5, 7.0, 7.5, 8.0, 8.5, 9.0, 9.5, 10.0, 10.5, 11.0, 11.5, 12.0, 12.5, 13.0, 13.5, 14.0, 14.5, 15.0, 15.5, 16.0, 16.5, 17.0, 17.5, 18.0, 18.5, 19.0, 19.5, 20.0, 20.5, 21.0, 21.5, 22.0, 22.5, 23.0, 23.5, 24.0, 24.5, 25.0, 25.5, 26.0, 26.5, 27.0, 27.5, 28.0, 28.5, 29.0, 29.5
2OAR.pdb, 21, 21, 0.3443142161207859, 1.066200619566202, 1.0248564199779944, -, -, -, 1.3271715095625296, 28.77209589982186, , R, 3.1899092912527345, 3.102958534162822, 2.7785521980303085, 2.4815840719347784, 2.219640550972948, 2.005951689077987, 1.850526456633565, 1.759137741058678, 1.734120159834271, 1.7812054664407841, 1.901493394510252, 2.0876691319598595, 2.3301864997315054, 2.6191539714938687, 2.825050506523764, 2.700413713081089, 2.536828676991133, 2.4231641228522287, 2.3668280448888983, 2.3698533332575016, 2.4365749908189662, 2.5638722264162177, 2.746326178975694, 2.8848896914573383, 2.7037199084288397, 2.422996005551318, 2.214706995606201, 1.9792168963460872, 1.6663702365839597, 1.46948789983584, 1.510815777345881, 1.3687760070472592, 1.242912201744975, 1.2036436173148801, 1.1150821914240625, 1.1024269998702563, 1.1675464959320583, 1.1307449196688912, 1.202341345356957, 1.3419790973117127, 1.4081934584095004, 1.3113281324624224, 1.191092909378022, 1.1106587257493241, 1.088033010190943, 1.0256739282947467, 1.0605184200376438, 1.1286628740003293, 1.1917947364283061, 1.105585149345865, 1.0619573236166193, 1.114256985468459, 1.257069698441371, 1.437501002080812, 1.5956449238983863, 1.9002821414915956, 2.224351035626338, 2.5836460162356523, 2.866669785259241, 3.225076562265713
2OAR.pdb, 21, 21, 0.3443142161207859, 1.066200619566202, 1.0248564199779944, -, -, -, 1.3271715095625296, 28.77209589982186, , Upper limit of R overestimation, -, -, -, -, -, -, -, -, -, -, -, -, -, -, -, -, -, -, -, -, -, -, -, -, -, -, -, -, -, -, -, -, -, -, -, -, -, -, -, -, -, -, -, -, -, -, -, -, -, -, -, -, -, -, -, -, -, -, -, -
2OAR.pdb, 22, 22, 0.3410926083653877, 1.0756012597853348, 1.0723674037754236, -, -, -, 1.6532370408832309, 48.935694302161636, , X, 63.068282105920325, 62.79374789385973, 62.403422282203735, 62.01455499107009, 61.6318213213522, 61.25086628976528, 60.86615262523272, 60.47446739312172, 60.0885964226243, 59.70563499791301, 59.32267357320171, 58.93971214849042, 58.55675072377913, 58.17378929906784, 57.826140850037795, 57.443996606509145, 57.05421356598525, 56.6613398266591, 56.26432612755236, 55.86830890765192, 55.47229168775148, 55.076274467851036, 54.6802572479506, 54.428679366667886, 54.021937714905505, 53.62890682471425, 53.246536538581545, 52.87095819103486, 52.496298609227274, 52.12163902741969, 51.74444596902282, 51.366860471219574, 50.98811607188813, 50.61300530579921, 50.25588619420719, 49.940931426090955, 49.54746105815216, 49.24785371146132, 49.45779628068663, 49.56368985459679, 49.66958342850694, 49.77547700241709, 49.88137057632725, 49.9872641502374, 50.135593702527416, 49.97144980091777, 49.80730589930812, 49.9174403914419, 50.04497117062683, 49.93984996003906, 49.81590463577635, 49.737556319663, 50.067652220278866, 50.216939469677136, 50.30468911905832, 50.38384813898323, 50.567180996761294, 50.75030276646965, 50.942597172504755, 51.1371810521987, 51.32705032353638, 51.51691959487407, 51.69792426513809, 51.870365803961725, 52.0571006753124, 52.17415420519012, 52.25551405325763, 52.33687390132514, 52.361826657072356, 52.69207342171052, 53.00121969475536, 53.3103659678002, 53.61361838414042, 53.87699065910774, 54.14036293407505, 54.40373520904236, 54.65779458217994, 54.823692722696144, 55.59060906152554, 55.19624650734072, 54.801883953155894, 54.40752139897108, 54.013158844786254, 53.61879629060144, 53.224433736416614, 52.8606364905416, 52.69611381398333, 52.790336131598856, 52.96523627451574
2OAR.pdb, 22, 22, 0.3410926083653877, 1.0756012597853348, 1.0723674037754236, -, -, -, 1.6532370408832309, 48.935694302161636, , Y, 158.9692796110366, 158.80511158423258, 158.50055374051826, 158.18783964722232, 157.86760216059088, 157.54691322785456, 157.2301142553982, 156.9205304383884, 156.60345829277466, 156.28263887254843, 155.96181945232223, 155.641000032096, 155.3201806118698, 154.9993611916436, 154.69769250130008, 154.48221700426683, 154.17173504359323, 153.86441648535185, 153.56255339665796, 153.26005245365207, 152.9575515106462, 152.6550505676403, 152.35254962463443, 152.01469327282234, 151.79540418427982, 151.50050744395983, 151.1806385042043, 150.85163728605102, 150.5215533512378, 150.1914694164246, 149.8636728266321, 149.5362305500888, 149.21066933418555, 149.12580761916817, 148.85056699721102, 148.53833774370523, 148.23021221158146, 147.9479481621797, 147.65102075519567, 147.41476987647243, 147.1785189977492, 146.94226811902593, 146.70601724030269, 146.46976636157945, 146.36990372144183, 146.34817895510778, 146.3264541887737, 146.20922197791788, 146.10045161930168, 146.1390778678239, 146.04177200236003, 145.72704226816057, 145.65452361711613, 145.34113005834138, 144.949071889808, 144.58365381420066, 144.37396523070188, 144.15474459517222, 144.0401492200482, 143.98232272840406, 143.92108202308708, 143.8598413177701, 143.86142464447448, 143.92369546736097, 143.9813059771866, 144.0103312200799, 144.02602669049438, 144.04172216090885, 144.0205674691125, 143.78635222875948, 143.41166819434218, 143.03698415992488, 142.691683795296, 142.54520484149276, 142.3987258876895, 142.25224693388625, 142.09182859199228, 141.7984894372408, 135.69916959381203, 135.46639288541283, 135.23361617701363, 135.00083946861446, 134.76806276021526, 134.53528605181606, 134.3025093434169, 134.09167914630558, 134.01969209025305, 134.11967501314317, 134.2503176352207
2OAR.pdb, 22, 22, 0.3410926083653877, 1.0756012597853348, 1.0723674037754236, -, -, -, 1.6532370408832309, 48.935694302161636, , Z, -0.5904458934469397, -0.3406510453511297, -0.3082696882501119, -0.2776110252759299, -0.24759703951137008, -0.20252074497597175, -0.1637017549450837, -0.13648890518999054, -0.11382835350169089, -0.09344584166397113, -0.07306332982625136, -0.05268081798853161, -0.03229830615081185, -0.011915794313092087, -0.08282927819459815, -0.14320226898905009, -0.10273542594718792, -0.06879356732210704, -0.0335109183509031, 0.007275611568648248, 0.04806214148819961, 0.08884867140775095, 0.12963520132730233, 0.06792440495630259, 0.019813296007875195, 0.05535362181216626, 0.0934766991233858, 0.11949995802966873, 0.1454767503258086, 0.17145354262194845, 0.18750771290887966, 0.20202485383960675, 0.22386115676223306, 0.4108033686540404, 0.4393533977788709, 0.3787762712770532, 0.3942593590683008, 0.23786127734565857, -0.04080354545166059, -0.46855589589175795, -0.8963082463318554, -1.3240605967719528, -1.7518129472120503, -2.1795652976521476, -2.603064726762511, -3.074853677557347, -3.546642628352183, -3.9984958599079725, -4.4599336243964744, -4.94715686689288, -5.379726400065034, -5.722081633365136, -6.090468084612645, -6.407398900490962, -6.705040281215722, -7.028537628275064, -7.441245994455462, -7.85140960989925, -8.282258669533368, -8.739136408469765, -9.197611310524366, -9.656086212578964, -10.11796828245589, -10.583141648315518, -11.043301118119494, -11.525188249858951, -12.018274679738035, -12.511361109617118, -12.988461744055737, -13.212633909534928, -13.3311263405812, -13.44961877162747, -13.501482470631599, -13.102510089543323, -12.703537708455048, -12.304565327366772, -11.979121979969143, -12.3484851729808, -10.54219873844021, -10.742930350010644, -10.943661961581077, -11.144393573151511, -11.345125184721946, -11.545856796292378, -11.746588407862813, -11.98807329163959, -12.434112226529685, -12.910069059328169, -13.359823766466135
2OAR.pdb, 22, 22, 0.3410926083653877, 1.0756012597853348, 1.0723674037754236, -, -, -, 1.6532370408832309, 48.935694302161636, , distance, 0.0, 0.405854211203562, 0.8610260958094789, 1.3486492888665422, 1.842459803379057, 2.3402162929167662, 2.8383412310206744, 3.336364021497731, 3.8344232370156286, 4.332717747807544, 4.831364673026394, 5.330265108357043, 5.829353964803426, 6.328586664380153, 6.7811633228210235, 7.208768624083908, 7.708652007955151, 8.208572229755443, 8.708425912833132, 9.208265840426117, 9.708122253897157, 10.20799273144668, 10.707875303435452, 11.110466150328445, 11.561714914223758, 12.05410388195878, 12.553778968629526, 13.053181798072117, 13.55258263772857, 14.052026090617755, 14.551513721298589, 15.051036268131043, 15.550690721548941, 15.906928085183234, 16.35867722463786, 16.794977693211006, 17.294791552665266, 17.696329582179388, 17.710178277968254, 17.773451106978342, 17.850510185058607, 17.94117787330623, 18.045249045007502, 18.162493295554864, 18.167260022215014, 18.357327698502136, 18.55892302224502, 18.63809306698709, 18.713265265531945, 18.86665677555754, 19.122844175348032, 19.47816175106501, 19.40487950759783, 19.61429096528619, 19.921440585650533, 20.2309198954037, 20.401818370581598, 20.589430706919565, 20.71412931112388, 20.817329465270685, 20.93771885689953, 21.06928892477164, 21.173237872162595, 21.25127996567412, 21.334189754821065, 21.49466794537392, 21.698203418180963, 21.911259960842848, 22.176631394605945, 22.304856441305475, 22.487995838650008, 22.680681048218855, 22.826424536706508, 22.600482759070736, 22.383431031817963, 22.17553040108056, 22.029221418174437, 22.384386902248554, 26.390358069954925, 26.784838426684118, 27.1827912478964, 27.584066243210962, 27.988520521688702, 28.39601823277567, 28.806430218950524, 29.20611141867361, 29.501461400122185, 29.578913723665288, 29.59992614006402
2OAR.pdb, 22, 22, 0.3410926083653877, 1.0756012597853348, 1.0723674037754236, -, -, -, 1.6532370408832309, 48.935694302161636, , length, 0.0, 0.5, 1.0, 1.5, 2.0, 2.5, 3.0, 3.5, 4.0, 4.5, 5.0, 5.5, 6.0, 6.5, 7.0, 7.5, 8.0, 8.5, 9.0, 9.5, 10.0, 10.5, 11.0, 11.5, 12.0, 12.5, 13.0, 13.5, 14.0, 14.5, 15.0, 15.5, 16.0, 16.5, 17.0, 17.5, 18.0, 18.5, 19.0, 19.5, 20.0, 20.5, 21.0, 21.5, 22.0, 22.5, 23.0, 23.5, 24.0, 24.5, 25.0, 25.5, 26.0, 26.5, 27.0, 27.5, 28.0, 28.5, 29.0, 29.5, 30.0, 30.5, 31.0, 31.5, 32.0, 32.5, 33.0, 33.5, 34.0, 34.5, 35.0, 35.5, 36.0, 36.5, 37.0, 37.5, 38.0, 38.5, 39.0, 39.5, 40.0, 40.5, 41.0, 41.5, 42.0, 42.5, 43.0, 43.5, 44.0
2OAR.pdb, 22, 22, 0.3410926083653877, 1.0756012597853348, 1.0723674037754236, -, -, -, 1.6532370408832309, 48.935694302161636, , R, 3.1899092912527345, 3.102958534162822, 2.7785521980303085, 2.4815840719347784, 2.219640550972948, 2.005951689077987, 1.850526456633565, 1.759137741058678, 1.734120159834271, 1.7812054664407841, 1.901493394510252, 2.0876691319598595, 2.3301864997315054, 2.6191539714938687, 2.825050506523764, 2.700413713081089, 2.536828676991133, 2.4231641228522287, 2.3668280448888983, 2.3698533332575016, 2.4365749908189662, 2.5638722264162177, 2.746326178975694, 2.865182541911182, 2.6659211337694253, 2.4021910437617664, 2.1684734096039096, 1.9765664750123615, 1.848074095469339, 1.7908713522217852, 1.8002240657252266, 1.8825348438436227, 2.036137778299302, 2.1422744789228627, 2.129387953912286, 2.188220396072182, 2.2818289808955465, 2.24865147425619, 2.048582951500206, 1.7524547873484542, 1.5103690185754126, 1.336100915976834, 1.2425148860676924, 1.2378369330414514, 1.171289036072395, 1.0818964552059915, 1.0870469216229393, 1.0974556866375558, 1.1802092478904882, 1.3285527017093495, 1.4198367011711759, 1.3457777564660676, 1.4000564422900625, 1.371490350205153, 1.3728006165926208, 1.4404258829691972, 1.3900012769794037, 1.415477345116929, 1.4376746055918748, 1.486099178869496, 1.6099945692981397, 1.8052217571873057, 2.016695298358317, 2.243073255658295, 2.5163445651898138, 2.7989800737383024, 3.1045450851217553, 3.4417784726143403, 3.7544234772154774, 3.855965121918372, 3.8300723141908466, 3.8508050180638675, 3.87472233951033, 3.6487096363776916, 3.4627792937231, 3.32155137065874, 3.256211776226165, 3.4925993281583447, 3.7456485110410473, 3.4199003804984254, 3.1252316730888894, 2.867908251557702, 2.654841356447918, 2.4930863283671854, 2.389018215146556, 2.3569825074213147, 2.4397922656726676, 2.595621478245923, 2.810682343929544
2OAR.pdb, 22, 22, 0.3410926083653877, 1.0756012597853348, 1.0723674037754236, -, -, -, 1.6532370408832309, 48.935694302161636, , Upper limit of R overestimation, -, -, -, -, -, -, -, -, -, -, -, -, -, -, -, -, -, -, -, -, -, -, -, -, -, -, -, -, -, -, -, -, -, -, -, -, -, -, -, -, -, -, -, -, -, -, -, -, -, -, -, -, -, -, -, -, -, -, -, -, -, -, -, -, -, -, -, -, -, -, -, -, -, -, -, -, -, -, -, -, -, -, -, -, -, -, -, -, -
2OAR.pdb, 23, 23, 0.3401856940392756, 1.0782636515233952, 1.0070965579790108, -, -, -, 1.0192342342187075, 73.36632365984514, , X, 63.068282105920325, 62.79374789385973, 62.403422282203735, 62.01455499107009, 61.6318213213522, 61.25086628976528, 60.86615262523272, 60.47446739312172, 60.0885964226243, 59.70563499791301, 59.32267357320171, 58.93971214849042, 58.55675072377913, 58.17378929906784, 57.826140850037795, 57.443996606509145, 57.05421356598525, 56.6613398266591, 56.26432612755236, 55.86830890765192, 55.47229168775148, 55.076274467851036, 54.6802572479506, 54.428679366667886, 54.021937714905505, 53.62890682471425, 53.246536538581545, 52.87095819103486, 52.496298609227274, 52.12163902741969, 51.74444596902282, 51.366860471219574, 50.98811607188813, 50.61300530579921, 50.25588619420719, 49.940931426090955, 49.54746105815216, 49.247575309091864, 48.85265758871987, 48.457739868347886, 48.06282214797589, 47.6679044276039, 47.27298670723191, 46.87806898685992, 46.48315126648793, 46.08823354611594, 45.69331582574395, 45.374619940590826, 45.08129618566133, 44.78761353452235, 44.4660145164771, 44.07198718846425, 43.67795986045139, 43.283932532438534, 42.88990520442567, 42.49587787641282, 42.1411379583235, 41.75413971458738, 41.367141470851266, 41.082065967085995, 40.89586161411496, 40.62273813983697, 40.3704248212961, 39.99525703076441, 39.62008924023271, 39.27489080372531, 38.91077465652104, 38.523805108881696, 38.13683556124235, 37.74992145011914, 37.36209033708711, 36.97742187252433, 36.59338752003669, 36.20935316754905, 35.90018892222992, 35.59130441546201, 35.204462390736516, 34.82099584307477, 34.54748763722924, 34.15884829168988, 33.77020894615052, 33.39622606987176, 32.99057301908144, 32.595264111108776, 32.219259258365746, 31.83973772692892, 31.43417422385689, 31.04128238384504, 30.66908323472897, 30.48217036024188, 30.134781716516446, 29.782297864838533, 29.468354202941402, 29.09291449156953, 28.71145817750356, 28.329828357534296, 27.94727796681399, 27.56273596179537, 27.178193956776745, 26.791087173113723, 26.456946192027644, 26.1296235567806, 25.735445357656836, 25.344235916041857, 25.131215043020127, 24.92442811913607, 24.582085622757816, 24.1951487423424, 23.806708412873288, 23.418268083404172, 23.030890766583607, 22.64572694793248, 22.26056312928135, 21.875399310630225, 21.491608706677134, 21.111482077706214, 20.731355448735293, 20.35122881976437, 19.97110219079345, 19.59097556182253, 19.206967637205853, 18.82208907951126, 18.437210521816667, 18.052331964122075, 17.69364240863559, 17.312117097443387, 16.937723251264668, 16.51721930361526, 16.09278865439961, 15.666944823381792, 15.429330805512292, 15.047451153221619, 14.665571500930946, 14.283691848640274, 13.9018121963496, 13.519932544058927, 13.138052891768254, 12.756236862392939, 12.374691981741597, 11.993147101090255, 11.611602220438915, 11.230057339787573, 10.848512459136233, 10.46696757848489, 10.085422697833549, 9.703877817182208, 9.322125004869775, 8.939917961504204, 8.55771091813863, 8.175599748310898, 7.7938558331720715
2OAR.pdb, 23, 23, 0.3401856940392756, 1.0782636515233952, 1.0070965579790108, -, -, -, 1.0192342342187075, 73.36632365984514, , Y, 158.9692796110366, 158.80511158423258, 158.50055374051826, 158.18783964722232, 157.86760216059088, 157.54691322785456, 157.2301142553982, 156.9205304383884, 156.60345829277466, 156.28263887254843, 155.96181945232223, 155.641000032096, 155.3201806118698, 154.9993611916436, 154.69769250130008, 154.48221700426683, 154.17173504359323, 153.86441648535185, 153.56255339665796, 153.26005245365207, 152.9575515106462, 152.6550505676403, 152.35254962463443, 152.01469327282234, 151.79540418427982, 151.50050744395983, 151.1806385042043, 150.85163728605102, 150.5215533512378, 150.1914694164246, 149.8636728266321, 149.5362305500888, 149.21066933418555, 149.12580761916817, 148.85056699721102, 148.53833774370523, 148.23021221158146, 147.94795958652614, 147.65177335324876, 147.3555871199714, 147.05940088669402, 146.76321465341667, 146.4670284201393, 146.17084218686193, 145.87465595358455, 145.5784697203072, 145.28228348702982, 144.93566037912518, 144.66647192030055, 144.39073824339104, 144.2157233991542, 143.91304429291574, 143.6103651866773, 143.30768608043886, 143.00500697420043, 142.70232786796197, 142.39263757176576, 142.0766868778498, 141.76073618393386, 141.45635188217298, 141.02045863992348, 140.62757476045954, 140.22122768376582, 139.89069913820086, 139.5601705926359, 139.2054180641382, 138.86837484232618, 138.55186812823274, 138.23536141413928, 137.91880551704534, 137.60338191293454, 137.2862451411739, 136.96876487254661, 136.65128460391932, 136.3344495838101, 135.99778167780946, 135.68114571745542, 135.361038321438, 135.07101405908054, 134.759124207312, 134.4472343555435, 134.1276301169384, 133.83629808393255, 133.53278531752477, 133.2044556151333, 132.87979994628373, 132.60024290798734, 132.2961037627456, 132.07961163620467, 131.78584408157246, 131.4993415664634, 131.24656766846886, 130.89700573612825, 130.56687633289243, 130.24391648884514, 129.92116339949087, 129.59944566457213, 129.27996787340052, 128.96049008222892, 128.64895681695398, 128.30176112134797, 128.50341566075414, 128.30370621918377, 127.99245202119228, 127.55521658549824, 127.1134769399096, 126.76170889854711, 126.44517467195939, 126.13038841925149, 125.81560216654357, 125.49950597840196, 125.18068212781104, 124.86185827722011, 124.54303442662918, 124.22265661243776, 123.89813255384362, 123.57360849524949, 123.24908443665537, 122.92456037806123, 122.6000363194671, 122.28002231640916, 121.96101998674366, 121.64201765707818, 121.3230153274127, 121.06129036242483, 120.7381228583891, 120.43476450758898, 120.23970432198057, 119.98143636588333, 119.72514319371567, 119.36231579116064, 119.0395957657772, 118.71687574039375, 118.39415571501029, 118.07143568962684, 117.74871566424338, 117.42599563885993, 117.10319851438393, 116.78007280828854, 116.45694710219315, 116.13382139609776, 115.81069569000236, 115.48756998390697, 115.16444427781157, 114.84131857171617, 114.51819286562078, 114.19531227869564, 113.87296715971348, 113.55062204073134, 113.2281654498912, 112.90528185319046
2OAR.pdb, 23, 23, 0.3401856940392756, 1.0782636515233952, 1.0070965579790108, -, -, -, 1.0192342342187075, 73.36632365984514, , Z, -0.5904458934469397, -0.3406510453511297, -0.3082696882501119, -0.2776110252759299, -0.24759703951137008, -0.20252074497597175, -0.1637017549450837, -0.13648890518999054, -0.11382835350169089, -0.09344584166397113, -0.07306332982625136, -0.05268081798853161, -0.03229830615081185, -0.011915794313092087, -0.08282927819459815, -0.14320226898905009, -0.10273542594718792, -0.06879356732210704, -0.0335109183509031, 0.007275611568648248, 0.04806214148819961, 0.08884867140775095, 0.12963520132730233, 0.06792440495630259, 0.019813296007875195, 0.05535362181216626, 0.0934766991233858, 0.11949995802966873, 0.1454767503258086, 0.17145354262194845, 0.18750771290887966, 0.20202485383960675, 0.22386115676223306, 0.4108033686540404, 0.4393533977788709, 0.3787762712770532, 0.3942593590683008, 0.2383041567589102, 0.317763009967068, 0.3972218631752258, 0.4766807163833836, 0.5561395695915414, 0.6355984227996991, 0.715057276007857, 0.7945161292160148, 0.8739749824241726, 0.9534338356323303, 0.828533005063545, 0.603481729477974, 0.546236817136218, 0.7449541950175178, 0.8008811422410497, 0.8568080894645816, 0.9127350366881135, 0.9686619839116455, 1.0245889311351775, 1.0008535420120923, 1.0210406259815197, 1.0412277099509468, 0.9085596730341857, 0.8992304672862779, 0.868464237037524, 0.8971881966762967, 0.8972857378368999, 0.8973832789975031, 0.9577720030004422, 0.9976255129651869, 1.0064611868822817, 1.0152968607993766, 1.0247099382630662, 1.0344555767130381, 1.070668716654703, 1.112188532908371, 1.1537083491620388, 1.0594370368828443, 0.995676431736212, 0.9876742391446302, 0.965659202480312, 0.8317652562495294, 0.8728040118659592, 0.9138427674823892, 0.9883756830089289, 1.0122764974128988, 1.045639291647937, 1.0742741871641037, 1.0955341948699688, 1.0714876972270275, 1.107134557130132, 1.0108981751700705, 1.2341479274479805, 1.3611036477568657, 1.4319449865897929, 1.3016359915870437, 1.2939158721466246, 1.3070662417819605, 1.320818471510659, 1.3277467605264144, 1.3199117541851089, 1.3120767478438031, 1.2862143404838515, 1.2998814622591734, 1.5387251434480902, 1.5830584926673366, 1.5792323153320968, 1.4726504723881968, 1.3626265948625136, 1.3292040371377427, 1.323189636279079, 1.3183187484711418, 1.3134478606632047, 1.3102968370248183, 1.3107270654027492, 1.3111572937806804, 1.3115875221586113, 1.3081637316145376, 1.294456750152661, 1.2807497686907843, 1.2670427872289078, 1.2533358057670312, 1.2396288243051548, 1.228707800738957, 1.2184117094940903, 1.2081156182492239, 1.1978195270043572, 1.322960419359602, 1.3218644015585816, 1.3809346988924578, 1.5182597075322437, 1.5621873698303066, 1.5793895922942949, 1.5436112790693233, 1.53917096569551, 1.5347306523216968, 1.5302903389478835, 1.5258500255740701, 1.5214097122002568, 1.5169693988264434, 1.5126803358206438, 1.509035873019923, 1.5053914102192019, 1.5017469474184808, 1.49810248461776, 1.494458021817039, 1.490813559016318, 1.487169096215597, 1.483524633414876, 1.4799643384388335, 1.4765879098323649, 1.473211481225896, 1.4696614572142164, 1.4654464559004394
2OAR.pdb, 23, 23, 0.3401856940392756, 1.0782636515233952, 1.0070965579790108, -, -, -, 1.0192342342187075, 73.36632365984514, , distance, 0.0, 0.405854211203562, 0.8610260958094789, 1.3486492888665422, 1.842459803379057, 2.3402162929167662, 2.8383412310206744, 3.336364021497731, 3.8344232370156286, 4.332717747807544, 4.831364673026394, 5.330265108357043, 5.829353964803426, 6.328586664380153, 6.7811633228210235, 7.208768624083908, 7.708652007955151, 8.208572229755443, 8.708425912833132, 9.208265840426117, 9.708122253897157, 10.20799273144668, 10.707875303435452, 11.110466150328445, 11.561714914223758, 12.05410388195878, 12.553778968629526, 13.053181798072117, 13.55258263772857, 14.052026090617755, 14.551513721298589, 15.051036268131043, 15.550690721548941, 15.906928085183234, 16.35867722463786, 16.794977693211006, 17.294791552665266, 17.696560628898823, 18.193261712000353, 18.69013871939915, 19.18717798373251, 19.684367213819073, 20.18169532614942, 20.679152300482887, 21.176729055631156, 21.67441734221842, 22.17220964977791, 22.627895409902894, 23.011463089133567, 23.409586912416653, 23.78014032260311, 24.2793169892778, 24.77852685631195, 25.277767956686997, 25.777038475652134, 26.27633673628023, 26.744394877538536, 27.24425157587617, 27.744113438593633, 28.14859419985802, 28.565635655070377, 29.023249293073533, 29.477028879568365, 29.97615826592803, 30.475316195259136, 30.969867154368266, 31.46670477632526, 31.966422304341393, 32.466148530409015, 32.965900173356786, 33.46565679154556, 33.96536873475321, 34.46507879117609, 34.964797137638314, 35.40004140227681, 35.84954399052583, 36.348591341598386, 36.846705430372225, 37.236883570882384, 37.736296697175575, 38.235725163295605, 38.730235431305054, 39.228867730491885, 39.72778426226229, 40.22759822728183, 40.727453419854164, 41.216561008902694, 41.714131902963615, 42.134625121363115, 42.47496896405722, 42.93042615305988, 43.36583412341782, 43.82451014504232, 44.32350319828344, 44.8234134047523, 45.32335110890387, 45.82304595768136, 46.32222473920039, 46.821421045694436, 47.31679089037877, 47.79602436633211, 47.92876725883325, 48.361577853085635, 48.86077170897605, 49.29828374012837, 49.734899747878146, 50.221509204688324, 50.7208034294731, 51.22018475189934, 51.71957802908056, 52.21907003391043, 52.71875135095166, 53.21843865429064, 53.71813177687328, 54.217638267103354, 54.71664538776707, 55.21567047241963, 55.714713038361914, 56.213772620018986, 56.71284876818813, 57.21211259792723, 57.71142732229933, 58.210753810925446, 58.71009176364234, 59.15686519964662, 59.65655800993599, 60.14003372081308, 60.59231048083916, 61.085045108346094, 61.57675864601396, 61.98980129059279, 62.48932009021045, 62.988846525606256, 63.48838041654537, 63.9879215884184, 64.48746987202385, 64.98702510336031, 65.48659239046171, 65.98618850949796, 66.48579070077699, 66.98539882843161, 67.4850127606165, 67.98463236936045, 68.48425753042532, 68.98388812317076, 69.48352403042512, 69.98317049360253, 70.48283358663848, 70.98250142441378, 71.48216661106873, 71.98180869197745
2OAR.pdb, 23, 23, 0.3401856940392756, 1.0782636515233952, 1.0070965579790108, -, -, -, 1.0192342342187075, 73.36632365984514, , length, 0.0, 0.5, 1.0, 1.5, 2.0, 2.5, 3.0, 3.5, 4.0, 4.5, 5.0, 5.5, 6.0, 6.5, 7.0, 7.5, 8.0, 8.5, 9.0, 9.5, 10.0, 10.5, 11.0, 11.5, 12.0, 12.5, 13.0, 13.5, 14.0, 14.5, 15.0, 15.5, 16.0, 16.5, 17.0, 17.5, 18.0, 18.5, 19.0, 19.5, 20.0, 20.5, 21.0, 21.5, 22.0, 22.5, 23.0, 23.5, 24.0, 24.5, 25.0, 25.5, 26.0, 26.5, 27.0, 27.5, 28.0, 28.5, 29.0, 29.5, 30.0, 30.5, 31.0, 31.5, 32.0, 32.5, 33.0, 33.5, 34.0, 34.5, 35.0, 35.5, 36.0, 36.5, 37.0, 37.5, 38.0, 38.5, 39.0, 39.5, 40.0, 40.5, 41.0, 41.5, 42.0, 42.5, 43.0, 43.5, 44.0, 44.5, 45.0, 45.5, 46.0, 46.5, 47.0, 47.5, 48.0, 48.5, 49.0, 49.5, 50.0, 50.5, 51.0, 51.5, 52.0, 52.5, 53.0, 53.5, 54.0, 54.5, 55.0, 55.5, 56.0, 56.5, 57.0, 57.5, 58.0, 58.5, 59.0, 59.5, 60.0, 60.5, 61.0, 61.5, 62.0, 62.5, 63.0, 63.5, 64.0, 64.5, 65.0, 65.5, 66.0, 66.5, 67.0, 67.5, 68.0, 68.5, 69.0, 69.5, 70.0, 70.5, 71.0, 71.5, 72.0, 72.5, 73.0, 73.5, 74.0, 74.5, 75.0
2OAR.pdb, 23, 23, 0.3401856940392756, 1.0782636515233952, 1.0070965579790108, -, -, -, 1.0192342342187075, 73.36632365984514, , R, 3.1899092912527345, 3.102958534162822, 2.7785521980303085, 2.4815840719347784, 2.219640550972948, 2.005951689077987, 1.850526456633565, 1.759137741058678, 1.734120159834271, 1.7812054664407841, 1.901493394510252, 2.0876691319598595, 2.3301864997315054, 2.6191539714938687, 2.825050506523764, 2.700413713081089, 2.536828676991133, 2.4231641228522287, 2.3668280448888983, 2.3698533332575016, 2.4365749908189662, 2.5638722264162177, 2.746326178975694, 2.865182541911182, 2.6659211337694253, 2.4021910437617664, 2.1684734096039096, 1.9765664750123615, 1.848074095469339, 1.7908713522217852, 1.8002240657252266, 1.8825348438436227, 2.036137778299302, 2.1422744789228627, 2.129387953912286, 2.188220396072182, 2.2818289808955465, 2.2485338435290654, 1.8940702308497674, 1.5799844761748827, 1.3197063164834346, 1.1291432908067738, 1.0240102960831785, 1.0149588947215409, 1.1029839513955397, 1.278941410717481, 1.5276386321182973, 1.747088733452181, 1.9017840909133485, 1.9523347540900824, 2.1022585604560575, 2.300126860630893, 2.5501328459682866, 2.8433236799882677, 3.1716101382001685, 3.528149942442188, 3.8661066453558157, 4.256018011134325, 4.661797742950659, 4.976322890147367, 5.228935919151494, 5.2307455198032535, 5.02558733953575, 4.725563350662753, 4.452387254255429, 4.228257382841319, 4.021784558945662, 3.833399956098664, 3.686381284745283, 3.584205355878193, 3.5282070412068713, 3.516832803499748, 3.55402343807886, 3.6396262471167486, 3.7127520066203537, 3.458119106261559, 3.1360522932647243, 2.8440627404626952, 2.6044090018653088, 2.3944796198750917, 2.2397276196777214, 2.126382807893719, 2.0343159506786344, 1.9928959737380212, 1.9954011563481817, 2.065503679193269, 2.164158780987805, 2.186809322493313, 2.198016977235675, 2.2643035606447786, 2.0894774040433934, 1.9287924858484207, 1.8712204390448832, 1.8368063295936836, 1.8690619441433807, 1.973119793109428, 2.14118877833227, 2.362914046675627, 2.6332805969685746, 2.9053168983088287, 3.061468435422792, 2.953496251741378, 2.7136836735651175, 2.489817800936534, 2.3736913200972123, 2.3217506542975483, 2.272118350391927, 2.266471208981557, 2.3255623010433557, 2.4472830256947318, 2.6243502049884007, 2.8482230024471655, 3.1154186193514124, 3.4189107457162033, 3.7513557260411505, 4.105937661156499, 4.481263029060742, 4.873679794979058, 5.280229753285965, 5.698525339307741, 6.125691208023532, 6.561016522499157, 7.003441911889835, 7.451917075732258, 7.7215408429959, 7.918096404448189, 8.104903041995424, 8.00904061689159, 7.865822510696825, 7.723529568088368, 7.674222011888501, 7.59789652298732, 7.54853657454793, 7.526583565298161, 7.532236895040473, 7.565445030593786, 7.625907828310456, 7.71294434674788, 7.825343219111723, 7.962806465169008, 8.12426238904277, 8.308528659039396, 8.514348717002642, 8.740425563653117, 8.985451504819782, 9.24813307370289, 9.527134754033108, 9.821164308433804, 10.129241583382983, 10.45022644797314, 10.782955694523414
2OAR.pdb, 23, 23, 0.3401856940392756, 1.0782636515233952, 1.0070965579790108, -, -, -, 1.0192342342187075, 73.36632365984514, , Upper limit of R overestimation, -, -, -, -, -, -, -, -, -, -, -, -, -, -, -, -, -, -, -, -, -, -, -, -, -, -, -, -, -, -, -, -, -, -, -, -, -, -, -, -, -, -, -, -, -, -, -, -, -, -, -, -, -, -, -, -, -, -, -, -, -, -, -, -, -, -, -, -, -, -, -, -, -, -, -, -, -, -, -, -, -, -, -, -, -, -, -, -, -, -, -, -, -, -, -, -, -, -, -, -, -, -, -, -, -, -, -, -, -, -, -, -, -, -, -, -, -, -, -, -, -, -, -, -, -, -, -, -, -, -, -, -, -, -, -, -, -, -, -, -, -, -, -, -, -, -, -, -, -, -, -
2OAR.pdb, 24, 24, 0.33042283448408305, 1.1073821280887792, 1.0070965579790108, -, -, -, 1.073627007485573, 87.51486683809388, , X, 63.068282105920325, 62.79374789385973, 62.403422282203735, 62.01455499107009, 61.6318213213522, 61.25086628976528, 60.86615262523272, 60.47446739312172, 60.0885964226243, 59.70563499791301, 59.32267357320171, 58.93971214849042, 58.55675072377913, 58.17378929906784, 57.826140850037795, 57.443996606509145, 57.05421356598525, 56.6613398266591, 56.26432612755236, 55.86830890765192, 55.47229168775148, 55.076274467851036, 54.6802572479506, 54.428679366667886, 54.021937714905505, 53.62890682471425, 53.246536538581545, 52.87095819103486, 52.496298609227274, 52.12163902741969, 51.74444596902282, 51.366860471219574, 50.98811607188813, 50.61300530579921, 50.25588619420719, 49.940931426090955, 49.54746105815216, 49.247575309091864, 48.85265758871987, 48.457739868347886, 48.06282214797589, 47.6679044276039, 47.27298670723191, 46.87806898685992, 46.48315126648793, 46.08823354611594, 45.69331582574395, 45.374619940590826, 45.08129618566133, 44.78761353452235, 44.4660145164771, 44.07198718846425, 43.67795986045139, 43.283932532438534, 42.88990520442567, 42.49587787641282, 42.1411379583235, 41.75413971458738, 41.367141470851266, 41.082065967085995, 40.89586161411496, 40.62273813983697, 40.3704248212961, 39.99525703076441, 39.62008924023271, 39.27489080372531, 38.91077465652104, 38.523805108881696, 38.13683556124235, 37.74992145011914, 37.36209033708711, 36.97742187252433, 36.59338752003669, 36.20935316754905, 35.90018892222992, 35.59130441546201, 35.204462390736516, 34.82099584307477, 34.54748763722924, 34.15884829168988, 33.77020894615052, 33.39622606987176, 32.99057301908144, 32.595264111108776, 32.219259258365746, 31.83973772692892, 31.43417422385689, 31.04128238384504, 30.66908323472897, 30.48217036024188, 30.134781716516446, 29.782297864838533, 29.468354202941402, 29.09291449156953, 28.71145817750356, 28.329828357534296, 27.94727796681399, 27.56273596179537, 27.178193956776745, 26.791087173113723, 26.456946192027644, 26.1296235567806, 25.735445357656836, 25.344235916041857, 25.131215043020127, 24.92442811913607, 24.582085622757816, 24.1951487423424, 23.806708412873288, 23.418268083404172, 23.030890766583607, 22.64572694793248, 22.26056312928135, 21.875399310630225, 21.491608706677134, 21.111482077706214, 20.731355448735293, 20.35122881976437, 19.97110219079345, 19.59097556182253, 19.206967637205853, 18.82208907951126, 18.437210521816667, 18.052331964122075, 17.69364240863559, 17.312117097443387, 16.937723251264668, 16.51721930361526, 16.09278865439961, 15.666944823381792, 15.429330805512292, 15.047451153221619, 14.665571500930946, 14.283691848640274, 13.9018121963496, 13.519932544058927, 13.138052891768254, 12.756236862392939, 12.374691981741597, 11.993147101090255, 11.611602220438915, 11.230057339787573, 10.848512459136233, 10.46696757848489, 10.085422697833549, 9.703877817182208, 9.322125004869775, 8.939917961504204, 8.55771091813863, 8.175599748310898, 7.7938558331720715, 7.412111918033244, 7.030368002894417, 6.64862408775559, 6.266880172616764, 5.885136257477937, 5.494228876580611, 5.195086311343969, 4.962488176807106, 4.62319276497523, 4.288383437559544, 3.997841827706371, 3.7136504417269696, 3.429459055747568, 3.054458433629667, 2.5802872608416383, 2.106116088053609, 1.6319449152655803, 1.1577737424775512, 0.6836025696895223, 0.2089847896593306, -0.26573732059520283, -0.7404594308497364, -1.2151815411042697, -1.6914569640758104, -2.1685131874777563, -2.6455694108797028, -3.1226256342816487, -3.5996818576835947, -4.076738081085541
2OAR.pdb, 24, 24, 0.33042283448408305, 1.1073821280887792, 1.0070965579790108, -, -, -, 1.073627007485573, 87.51486683809388, , Y, 158.9692796110366, 158.80511158423258, 158.50055374051826, 158.18783964722232, 157.86760216059088, 157.54691322785456, 157.2301142553982, 156.9205304383884, 156.60345829277466, 156.28263887254843, 155.96181945232223, 155.641000032096, 155.3201806118698, 154.9993611916436, 154.69769250130008, 154.48221700426683, 154.17173504359323, 153.86441648535185, 153.56255339665796, 153.26005245365207, 152.9575515106462, 152.6550505676403, 152.35254962463443, 152.01469327282234, 151.79540418427982, 151.50050744395983, 151.1806385042043, 150.85163728605102, 150.5215533512378, 150.1914694164246, 149.8636728266321, 149.5362305500888, 149.21066933418555, 149.12580761916817, 148.85056699721102, 148.53833774370523, 148.23021221158146, 147.94795958652614, 147.65177335324876, 147.3555871199714, 147.05940088669402, 146.76321465341667, 146.4670284201393, 146.17084218686193, 145.87465595358455, 145.5784697203072, 145.28228348702982, 144.93566037912518, 144.66647192030055, 144.39073824339104, 144.2157233991542, 143.91304429291574, 143.6103651866773, 143.30768608043886, 143.00500697420043, 142.70232786796197, 142.39263757176576, 142.0766868778498, 141.76073618393386, 141.45635188217298, 141.02045863992348, 140.62757476045954, 140.22122768376582, 139.89069913820086, 139.5601705926359, 139.2054180641382, 138.86837484232618, 138.55186812823274, 138.23536141413928, 137.91880551704534, 137.60338191293454, 137.2862451411739, 136.96876487254661, 136.65128460391932, 136.3344495838101, 135.99778167780946, 135.68114571745542, 135.361038321438, 135.07101405908054, 134.759124207312, 134.4472343555435, 134.1276301169384, 133.83629808393255, 133.53278531752477, 133.2044556151333, 132.87979994628373, 132.60024290798734, 132.2961037627456, 132.07961163620467, 131.78584408157246, 131.4993415664634, 131.24656766846886, 130.89700573612825, 130.56687633289243, 130.24391648884514, 129.92116339949087, 129.59944566457213, 129.27996787340052, 128.96049008222892, 128.64895681695398, 128.30176112134797, 128.50341566075414, 128.30370621918377, 127.99245202119228, 127.55521658549824, 127.1134769399096, 126.76170889854711, 126.44517467195939, 126.13038841925149, 125.81560216654357, 125.49950597840196, 125.18068212781104, 124.86185827722011, 124.54303442662918, 124.22265661243776, 123.89813255384362, 123.57360849524949, 123.24908443665537, 122.92456037806123, 122.6000363194671, 122.28002231640916, 121.96101998674366, 121.64201765707818, 121.3230153274127, 121.06129036242483, 120.7381228583891, 120.43476450758898, 120.23970432198057, 119.98143636588333, 119.72514319371567, 119.36231579116064, 119.0395957657772, 118.71687574039375, 118.39415571501029, 118.07143568962684, 117.74871566424338, 117.42599563885993, 117.10319851438393, 116.78007280828854, 116.45694710219315, 116.13382139609776, 115.81069569000236, 115.48756998390697, 115.16444427781157, 114.84131857171617, 114.51819286562078, 114.19531227869564, 113.87296715971348, 113.55062204073134, 113.2281654498912, 112.90528185319046, 112.58239825648972, 112.25951465978898, 111.93663106308824, 111.61374746638751, 111.29086386968676, 110.97932406314088, 110.61905080083011, 110.25216587986894, 110.07527379875138, 109.92871794806297, 110.26252193467634, 110.63886844230672, 111.01521494993708, 111.2494980042702, 111.3286370281866, 111.40777605210302, 111.48691507601943, 111.56605409993583, 111.64519312385224, 111.72686024614256, 111.80911794790767, 111.89137564967277, 111.97363335143787, 112.08966885711352, 112.22268338030621, 112.35569790349889, 112.48871242669158, 112.62172694988426, 112.75474147307695
2OAR.pdb, 24, 24, 0.33042283448408305, 1.1073821280887792, 1.0070965579790108, -, -, -, 1.073627007485573, 87.51486683809388, , Z, -0.5904458934469397, -0.3406510453511297, -0.3082696882501119, -0.2776110252759299, -0.24759703951137008, -0.20252074497597175, -0.1637017549450837, -0.13648890518999054, -0.11382835350169089, -0.09344584166397113, -0.07306332982625136, -0.05268081798853161, -0.03229830615081185, -0.011915794313092087, -0.08282927819459815, -0.14320226898905009, -0.10273542594718792, -0.06879356732210704, -0.0335109183509031, 0.007275611568648248, 0.04806214148819961, 0.08884867140775095, 0.12963520132730233, 0.06792440495630259, 0.019813296007875195, 0.05535362181216626, 0.0934766991233858, 0.11949995802966873, 0.1454767503258086, 0.17145354262194845, 0.18750771290887966, 0.20202485383960675, 0.22386115676223306, 0.4108033686540404, 0.4393533977788709, 0.3787762712770532, 0.3942593590683008, 0.2383041567589102, 0.317763009967068, 0.3972218631752258, 0.4766807163833836, 0.5561395695915414, 0.6355984227996991, 0.715057276007857, 0.7945161292160148, 0.8739749824241726, 0.9534338356323303, 0.828533005063545, 0.603481729477974, 0.546236817136218, 0.7449541950175178, 0.8008811422410497, 0.8568080894645816, 0.9127350366881135, 0.9686619839116455, 1.0245889311351775, 1.0008535420120923, 1.0210406259815197, 1.0412277099509468, 0.9085596730341857, 0.8992304672862779, 0.868464237037524, 0.8971881966762967, 0.8972857378368999, 0.8973832789975031, 0.9577720030004422, 0.9976255129651869, 1.0064611868822817, 1.0152968607993766, 1.0247099382630662, 1.0344555767130381, 1.070668716654703, 1.112188532908371, 1.1537083491620388, 1.0594370368828443, 0.995676431736212, 0.9876742391446302, 0.965659202480312, 0.8317652562495294, 0.8728040118659592, 0.9138427674823892, 0.9883756830089289, 1.0122764974128988, 1.045639291647937, 1.0742741871641037, 1.0955341948699688, 1.0714876972270275, 1.107134557130132, 1.0108981751700705, 1.2341479274479805, 1.3611036477568657, 1.4319449865897929, 1.3016359915870437, 1.2939158721466246, 1.3070662417819605, 1.320818471510659, 1.3277467605264144, 1.3199117541851089, 1.3120767478438031, 1.2862143404838515, 1.2998814622591734, 1.5387251434480902, 1.5830584926673366, 1.5792323153320968, 1.4726504723881968, 1.3626265948625136, 1.3292040371377427, 1.323189636279079, 1.3183187484711418, 1.3134478606632047, 1.3102968370248183, 1.3107270654027492, 1.3111572937806804, 1.3115875221586113, 1.3081637316145376, 1.294456750152661, 1.2807497686907843, 1.2670427872289078, 1.2533358057670312, 1.2396288243051548, 1.228707800738957, 1.2184117094940903, 1.2081156182492239, 1.1978195270043572, 1.322960419359602, 1.3218644015585816, 1.3809346988924578, 1.5182597075322437, 1.5621873698303066, 1.5793895922942949, 1.5436112790693233, 1.53917096569551, 1.5347306523216968, 1.5302903389478835, 1.5258500255740701, 1.5214097122002568, 1.5169693988264434, 1.5126803358206438, 1.509035873019923, 1.5053914102192019, 1.5017469474184808, 1.49810248461776, 1.494458021817039, 1.490813559016318, 1.487169096215597, 1.483524633414876, 1.4799643384388335, 1.4765879098323649, 1.473211481225896, 1.4696614572142164, 1.4654464559004394, 1.4612314545866625, 1.4570164532728855, 1.4528014519591086, 1.4485864506453314, 1.4443714493315545, 1.4439854842234003, 1.4552874292016773, 1.560314964958084, 1.435475136765237, 1.2849491103570123, 1.1284192487771267, 0.9622910984547568, 0.7961629481323866, 0.6437319880589966, 0.5062593951890607, 0.36878680231912486, 0.231314209449189, 0.09384161657925316, -0.04363097629068269, -0.17803598410560784, -0.311724385007878, -0.44541278591014816, -0.5791011868124183, -0.6695641820741376, -0.7382991537646438, -0.8070341254551501, -0.8757690971456563, -0.9445040688361626, -1.0132390405266687
2OAR.pdb, 24, 24, 0.33042283448408305, 1.1073821280887792, 1.0070965579790108, -, -, -, 1.073627007485573, 87.51486683809388, , distance, 0.0, 0.405854211203562, 0.8610260958094789, 1.3486492888665422, 1.842459803379057, 2.3402162929167662, 2.8383412310206744, 3.336364021497731, 3.8344232370156286, 4.332717747807544, 4.831364673026394, 5.330265108357043, 5.829353964803426, 6.328586664380153, 6.7811633228210235, 7.208768624083908, 7.708652007955151, 8.208572229755443, 8.708425912833132, 9.208265840426117, 9.708122253897157, 10.20799273144668, 10.707875303435452, 11.110466150328445, 11.561714914223758, 12.05410388195878, 12.553778968629526, 13.053181798072117, 13.55258263772857, 14.052026090617755, 14.551513721298589, 15.051036268131043, 15.550690721548941, 15.906928085183234, 16.35867722463786, 16.794977693211006, 17.294791552665266, 17.696560628898823, 18.193261712000353, 18.69013871939915, 19.18717798373251, 19.684367213819073, 20.18169532614942, 20.679152300482887, 21.176729055631156, 21.67441734221842, 22.17220964977791, 22.627895409902894, 23.011463089133567, 23.409586912416653, 23.78014032260311, 24.2793169892778, 24.77852685631195, 25.277767956686997, 25.777038475652134, 26.27633673628023, 26.744394877538536, 27.24425157587617, 27.744113438593633, 28.14859419985802, 28.565635655070377, 29.023249293073533, 29.477028879568365, 29.97615826592803, 30.475316195259136, 30.969867154368266, 31.46670477632526, 31.966422304341393, 32.466148530409015, 32.965900173356786, 33.46565679154556, 33.96536873475321, 34.46507879117609, 34.964797137638314, 35.40004140227681, 35.84954399052583, 36.348591341598386, 36.846705430372225, 37.236883570882384, 37.736296697175575, 38.235725163295605, 38.730235431305054, 39.228867730491885, 39.72778426226229, 40.22759822728183, 40.727453419854164, 41.216561008902694, 41.714131902963615, 42.134625121363115, 42.47496896405722, 42.93042615305988, 43.36583412341782, 43.82451014504232, 44.32350319828344, 44.8234134047523, 45.32335110890387, 45.82304595768136, 46.32222473920039, 46.821421045694436, 47.31679089037877, 47.79602436633211, 47.92876725883325, 48.361577853085635, 48.86077170897605, 49.29828374012837, 49.734899747878146, 50.221509204688324, 50.7208034294731, 51.22018475189934, 51.71957802908056, 52.21907003391043, 52.71875135095166, 53.21843865429064, 53.71813177687328, 54.217638267103354, 54.71664538776707, 55.21567047241963, 55.714713038361914, 56.213772620018986, 56.71284876818813, 57.21211259792723, 57.71142732229933, 58.210753810925446, 58.71009176364234, 59.15686519964662, 59.65655800993599, 60.14003372081308, 60.59231048083916, 61.085045108346094, 61.57675864601396, 61.98980129059279, 62.48932009021045, 62.988846525606256, 63.48838041654537, 63.9879215884184, 64.48746987202385, 64.98702510336031, 65.48659239046171, 65.98618850949796, 66.48579070077699, 66.98539882843161, 67.4850127606165, 67.98463236936045, 68.48425753042532, 68.98388812317076, 69.48352403042512, 69.98317049360253, 70.48283358663848, 70.98250142441378, 71.48216661106873, 71.98180869197745, 72.48145570919705, 72.98110756134183, 73.48076414978274, 73.98042537855434, 74.48009115426552, 74.97963956818077, 75.440283948989, 75.85687991670989, 76.22700721177168, 76.57395302648919, 76.58080474494162, 76.55855233673489, 76.53955981327746, 76.68350398494759, 77.00409799858218, 77.32659590167552, 77.65097397268624, 77.97720874763709, 78.30527702037931, 78.63400999870179, 78.96427388692919, 79.29631499952569, 79.63011110451897, 79.94703226860219, 80.25649867704327, 80.56787940140649, 80.88115233217756, 81.19629556773043, 81.5132874153875
2OAR.pdb, 24, 24, 0.33042283448408305, 1.1073821280887792, 1.0070965579790108, -, -, -, 1.073627007485573, 87.51486683809388, , length, 0.0, 0.5, 1.0, 1.5, 2.0, 2.5, 3.0, 3.5, 4.0, 4.5, 5.0, 5.5, 6.0, 6.5, 7.0, 7.5, 8.0, 8.5, 9.0, 9.5, 10.0, 10.5, 11.0, 11.5, 12.0, 12.5, 13.0, 13.5, 14.0, 14.5, 15.0, 15.5, 16.0, 16.5, 17.0, 17.5, 18.0, 18.5, 19.0, 19.5, 20.0, 20.5, 21.0, 21.5, 22.0, 22.5, 23.0, 23.5, 24.0, 24.5, 25.0, 25.5, 26.0, 26.5, 27.0, 27.5, 28.0, 28.5, 29.0, 29.5, 30.0, 30.5, 31.0, 31.5, 32.0, 32.5, 33.0, 33.5, 34.0, 34.5, 35.0, 35.5, 36.0, 36.5, 37.0, 37.5, 38.0, 38.5, 39.0, 39.5, 40.0, 40.5, 41.0, 41.5, 42.0, 42.5, 43.0, 43.5, 44.0, 44.5, 45.0, 45.5, 46.0, 46.5, 47.0, 47.5, 48.0, 48.5, 49.0, 49.5, 50.0, 50.5, 51.0, 51.5, 52.0, 52.5, 53.0, 53.5, 54.0, 54.5, 55.0, 55.5, 56.0, 56.5, 57.0, 57.5, 58.0, 58.5, 59.0, 59.5, 60.0, 60.5, 61.0, 61.5, 62.0, 62.5, 63.0, 63.5, 64.0, 64.5, 65.0, 65.5, 66.0, 66.5, 67.0, 67.5, 68.0, 68.5, 69.0, 69.5, 70.0, 70.5, 71.0, 71.5, 72.0, 72.5, 73.0, 73.5, 74.0, 74.5, 75.0, 75.5, 76.0, 76.5, 77.0, 77.5, 78.0, 78.5, 79.0, 79.5, 80.0, 80.5, 81.0, 81.5, 82.0, 82.5, 83.0, 83.5, 84.0, 84.5, 85.0, 85.5, 86.0, 86.5, 87.0, 87.5, 88.0, 88.5, 89.0, 89.5
2OAR.pdb, 24, 24, 0.33042283448408305, 1.1073821280887792, 1.0070965579790108, -, -, -, 1.073627007485573, 87.51486683809388, , R, 3.1899092912527345, 3.102958534162822, 2.7785521980303085, 2.4815840719347784, 2.219640550972948, 2.005951689077987, 1.850526456633565, 1.759137741058678, 1.734120159834271, 1.7812054664407841, 1.901493394510252, 2.0876691319598595, 2.3301864997315054, 2.6191539714938687, 2.825050506523764, 2.700413713081089, 2.536828676991133, 2.4231641228522287, 2.3668280448888983, 2.3698533332575016, 2.4365749908189662, 2.5638722264162177, 2.746326178975694, 2.865182541911182, 2.6659211337694253, 2.4021910437617664, 2.1684734096039096, 1.9765664750123615, 1.848074095469339, 1.7908713522217852, 1.8002240657252266, 1.8825348438436227, 2.036137778299302, 2.1422744789228627, 2.129387953912286, 2.188220396072182, 2.2818289808955465, 2.2485338435290654, 1.8940702308497674, 1.5799844761748827, 1.3197063164834346, 1.1291432908067738, 1.0240102960831785, 1.0149588947215409, 1.1029839513955397, 1.278941410717481, 1.5276386321182973, 1.747088733452181, 1.9017840909133485, 1.9523347540900824, 2.1022585604560575, 2.300126860630893, 2.5501328459682866, 2.8433236799882677, 3.1716101382001685, 3.528149942442188, 3.8661066453558157, 4.256018011134325, 4.661797742950659, 4.976322890147367, 5.228935919151494, 5.2307455198032535, 5.02558733953575, 4.725563350662753, 4.452387254255429, 4.228257382841319, 4.021784558945662, 3.833399956098664, 3.686381284745283, 3.584205355878193, 3.5282070412068713, 3.516832803499748, 3.55402343807886, 3.6396262471167486, 3.7127520066203537, 3.458119106261559, 3.1360522932647243, 2.8440627404626952, 2.6044090018653088, 2.3944796198750917, 2.2397276196777214, 2.126382807893719, 2.0343159506786344, 1.9928959737380212, 1.9954011563481817, 2.065503679193269, 2.164158780987805, 2.186809322493313, 2.198016977235675, 2.2643035606447786, 2.0894774040433934, 1.9287924858484207, 1.8712204390448832, 1.8368063295936836, 1.8690619441433807, 1.973119793109428, 2.14118877833227, 2.362914046675627, 2.6332805969685746, 2.9053168983088287, 3.061468435422792, 2.953496251741378, 2.7136836735651175, 2.489817800936534, 2.3736913200972123, 2.3217506542975483, 2.272118350391927, 2.266471208981557, 2.3255623010433557, 2.4472830256947318, 2.6243502049884007, 2.8482230024471655, 3.1154186193514124, 3.4189107457162033, 3.7513557260411505, 4.105937661156499, 4.481263029060742, 4.873679794979058, 5.280229753285965, 5.698525339307741, 6.125691208023532, 6.561016522499157, 7.003441911889835, 7.451917075732258, 7.7215408429959, 7.918096404448189, 8.104903041995424, 8.00904061689159, 7.865822510696825, 7.723529568088368, 7.674222011888501, 7.59789652298732, 7.54853657454793, 7.526583565298161, 7.532236895040473, 7.565445030593786, 7.625907828310456, 7.71294434674788, 7.825343219111723, 7.962806465169008, 8.12426238904277, 8.308528659039396, 8.514348717002642, 8.740425563653117, 8.985451504819782, 9.24813307370289, 9.527134754033108, 9.821164308433804, 10.129241583382983, 10.45022644797314, 10.782955694523414, 11.126703777153022, 11.480596679872322, 11.843828479831583, 12.21565831127173, 12.5954067192433, 12.97955862473022, 13.302643272761204, 13.296823680090691, 13.172445516517792, 13.050546179215344, 12.681439755439015, 12.301364882598879, 11.929139872442082, 11.571506178461615, 11.230265618978114, 10.899783117602821, 10.580940129679544, 10.274680638147245, 9.982009854355118, 9.700636841126535, 9.434066182589875, 9.1842253687351, 8.952311853491816, 8.69142106801283, 8.42393090117348, 8.174864790515096, 7.945677199515405, 7.737844586321501, 7.55283461347879
2OAR.pdb, 24, 24, 0.33042283448408305, 1.1073821280887792, 1.0070965579790108, -, -, -, 1.073627007485573, 87.51486683809388, , Upper limit of R overestimation, -, -, -, -, -, -, -, -, -, -, -, -, -, -, -, -, -, -, -, -, -, -, -, -, -, -, -, -, -, -, -, -, -, -, -, -, -, -, -, -, -, -, -, -, -, -, -, -, -, -, -, -, -, -, -, -, -, -, -, -, -, -, -, -, -, -, -, -, -, -, -, -, -, -, -, -, -, -, -, -, -, -, -, -, -, -, -, -, -, -, -, -, -, -, -, -, -, -, -, -, -, -, -, -, -, -, -, -, -, -, -, -, -, -, -, -, -, -, -, -, -, -, -, -, -, -, -, -, -, -, -, -, -, -, -, -, -, -, -, -, -, -, -, -, -, -, -, -, -, -, -, -, -, -, -, -, -, -, -, -, -, -, -, -, -, -, -, -, -, -, -, -, -, -, -, -, -, -, -, -
2OAR.pdb, 25, 25, 0.3283723704432783, 1.1136070387944772, 1.0070965579790108, -, -, -, 1.6180612259977831, 50.665190092591686, , X, 63.068282105920325, 62.79374789385973, 62.403422282203735, 62.01455499107009, 61.6318213213522, 61.25086628976528, 60.86615262523272, 60.47446739312172, 60.0885964226243, 59.70563499791301, 59.32267357320171, 58.93971214849042, 58.55675072377913, 58.17378929906784, 57.826140850037795, 57.443996606509145, 57.05421356598525, 56.6613398266591, 56.26432612755236, 55.86830890765192, 55.47229168775148, 55.076274467851036, 54.6802572479506, 54.428679366667886, 54.021937714905505, 53.62890682471425, 53.246536538581545, 52.87095819103486, 52.496298609227274, 52.12163902741969, 51.74444596902282, 51.366860471219574, 50.98811607188813, 50.61300530579921, 50.25588619420719, 49.940931426090955, 49.54746105815216, 49.247575309091864, 48.85265758871987, 48.457739868347886, 48.06282214797589, 47.6679044276039, 47.27298670723191, 46.87806898685992, 46.48315126648793, 46.08823354611594, 45.69331582574395, 45.374619940590826, 45.08129618566133, 44.78761353452235, 44.4660145164771, 44.07198718846425, 43.67795986045139, 43.283932532438534, 42.88990520442567, 42.49587787641282, 42.1411379583235, 41.75413971458738, 41.367141470851266, 41.082065967085995, 40.89586161411496, 40.831367907656954, 40.455024786696946, 40.074578405271424, 39.69413202384591, 39.31368564242039, 38.933239260994874, 38.55279287956935, 38.17234649814384, 37.79190011671832, 37.42729748397065, 37.082566959378234, 36.815896678654596, 36.59833273601397, 36.34848315406818, 36.000743568277564, 35.6617659587626, 35.319044273623696, 34.88128495893912, 34.575655785803185, 34.407710724534574, 34.23976566326597, 34.06996737008211, 33.88575541696817, 33.80853516340233, 33.80068418855958, 33.792833213716825, 33.813467530701644, 33.90126939145059, 33.99612661317746, 34.025231419087675, 33.982756940544014, 33.93432339207535, 33.885889843606684, 33.83745629513802, 33.77860393491584, 33.69690063032021, 33.88891464518042, 34.20189777953956, 34.50988563602782, 34.58567031490568, 34.82258924809919, 35.003559788080956, 35.047830833565136, 35.092101879049316
2OAR.pdb, 25, 25, 0.3283723704432783, 1.1136070387944772, 1.0070965579790108, -, -, -, 1.6180612259977831, 50.665190092591686, , Y, 158.9692796110366, 158.80511158423258, 158.50055374051826, 158.18783964722232, 157.86760216059088, 157.54691322785456, 157.2301142553982, 156.9205304383884, 156.60345829277466, 156.28263887254843, 155.96181945232223, 155.641000032096, 155.3201806118698, 154.9993611916436, 154.69769250130008, 154.48221700426683, 154.17173504359323, 153.86441648535185, 153.56255339665796, 153.26005245365207, 152.9575515106462, 152.6550505676403, 152.35254962463443, 152.01469327282234, 151.79540418427982, 151.50050744395983, 151.1806385042043, 150.85163728605102, 150.5215533512378, 150.1914694164246, 149.8636728266321, 149.5362305500888, 149.21066933418555, 149.12580761916817, 148.85056699721102, 148.53833774370523, 148.23021221158146, 147.94795958652614, 147.65177335324876, 147.3555871199714, 147.05940088669402, 146.76321465341667, 146.4670284201393, 146.17084218686193, 145.87465595358455, 145.5784697203072, 145.28228348702982, 144.93566037912518, 144.66647192030055, 144.39073824339104, 144.2157233991542, 143.91304429291574, 143.6103651866773, 143.30768608043886, 143.00500697420043, 142.70232786796197, 142.39263757176576, 142.0766868778498, 141.76073618393386, 141.45635188217298, 141.02045863992348, 140.99004384927048, 141.1818912603422, 141.45772460417516, 141.7335579480081, 142.00939129184104, 142.285224635674, 142.56105797950696, 142.8368913233399, 143.11272466717284, 143.41201634586739, 143.68793753231023, 143.85106447129397, 144.11284216823276, 144.37819712785173, 144.65324340219945, 144.91801918040267, 145.18202071921164, 145.42286517064997, 145.7748463017482, 146.23949416539483, 146.70414202904144, 147.14367740273548, 147.40866276301705, 147.72823282857996, 148.08264318826525, 148.43705354795054, 148.799086333224, 149.1778937385258, 149.55794330787657, 149.91821188757888, 150.14593717503215, 150.35820536532572, 150.57047355561932, 150.78274174591292, 150.99889487773777, 151.22150113348772, 151.424066016919, 151.68723276101292, 151.95250910604994, 152.37647507515848, 152.60336402080054, 152.90778267538698, 153.38651239702565, 153.86524211866436
2OAR.pdb, 25, 25, 0.3283723704432783, 1.1136070387944772, 1.0070965579790108, -, -, -, 1.6180612259977831, 50.665190092591686, , Z, -0.5904458934469397, -0.3406510453511297, -0.3082696882501119, -0.2776110252759299, -0.24759703951137008, -0.20252074497597175, -0.1637017549450837, -0.13648890518999054, -0.11382835350169089, -0.09344584166397113, -0.07306332982625136, -0.05268081798853161, -0.03229830615081185, -0.011915794313092087, -0.08282927819459815, -0.14320226898905009, -0.10273542594718792, -0.06879356732210704, -0.0335109183509031, 0.007275611568648248, 0.04806214148819961, 0.08884867140775095, 0.12963520132730233, 0.06792440495630259, 0.019813296007875195, 0.05535362181216626, 0.0934766991233858, 0.11949995802966873, 0.1454767503258086, 0.17145354262194845, 0.18750771290887966, 0.20202485383960675, 0.22386115676223306, 0.4108033686540404, 0.4393533977788709, 0.3787762712770532, 0.3942593590683008, 0.2383041567589102, 0.317763009967068, 0.3972218631752258, 0.4766807163833836, 0.5561395695915414, 0.6355984227996991, 0.715057276007857, 0.7945161292160148, 0.8739749824241726, 0.9534338356323303, 0.828533005063545, 0.603481729477974, 0.546236817136218, 0.7449541950175178, 0.8008811422410497, 0.8568080894645816, 0.9127350366881135, 0.9686619839116455, 1.0245889311351775, 1.0008535420120923, 1.0210406259815197, 1.0412277099509468, 0.9085596730341857, 0.8992304672862779, 1.3297347930538692, 1.4981835611712317, 1.6689949111751552, 1.8398062611790784, 2.010617611183002, 2.181428961186925, 2.3522403111908483, 2.5230516611947715, 2.693863011198695, 2.859315334548069, 3.0663001783234165, 3.456078930799665, 3.8223279830142545, 4.155322134985958, 4.386388498144732, 4.641315875106099, 4.888876489578962, 4.905725283195713, 4.952218761348, 5.029009510817696, 5.105800260287392, 5.221060193770543, 5.602957402752813, 5.966654676875602, 6.3192616239735955, 6.671868571071588, 7.013367927221128, 7.327500458335673, 7.6382486398630425, 7.981267099039602, 8.420548354197031, 8.870655460086528, 9.320762565976025, 9.77086967186552, 10.21783593255755, 10.652966439945818, 10.994281527471317, 11.28005049244036, 11.57120670655843, 11.739967382081312, 12.024281461862435, 12.23991137069395, 12.377235542460932, 12.514559714227916
2OAR.pdb, 25, 25, 0.3283723704432783, 1.1136070387944772, 1.0070965579790108, -, -, -, 1.6180612259977831, 50.665190092591686, , distance, 0.0, 0.405854211203562, 0.8610260958094789, 1.3486492888665422, 1.842459803379057, 2.3402162929167662, 2.8383412310206744, 3.336364021497731, 3.8344232370156286, 4.332717747807544, 4.831364673026394, 5.330265108357043, 5.829353964803426, 6.328586664380153, 6.7811633228210235, 7.208768624083908, 7.708652007955151, 8.208572229755443, 8.708425912833132, 9.208265840426117, 9.708122253897157, 10.20799273144668, 10.707875303435452, 11.110466150328445, 11.561714914223758, 12.05410388195878, 12.553778968629526, 13.053181798072117, 13.55258263772857, 14.052026090617755, 14.551513721298589, 15.051036268131043, 15.550690721548941, 15.906928085183234, 16.35867722463786, 16.794977693211006, 17.294791552665266, 17.696560628898823, 18.193261712000353, 18.69013871939915, 19.18717798373251, 19.684367213819073, 20.18169532614942, 20.679152300482887, 21.176729055631156, 21.67441734221842, 22.17220964977791, 22.627895409902894, 23.011463089133567, 23.409586912416653, 23.78014032260311, 24.2793169892778, 24.77852685631195, 25.277767956686997, 25.777038475652134, 26.27633673628023, 26.744394877538536, 27.24425157587617, 27.744113438593633, 28.14859419985802, 28.565635655070377, 28.660432053737562, 28.846368296936905, 28.990861342518965, 29.14321737282611, 29.303313742620087, 29.47102430790385, 29.64621984698375, 29.828768473980396, 30.018536042468167, 30.189226310308467, 30.366899730425033, 30.563418211752776, 30.673189048778866, 30.811842824443318, 31.0220794883393, 31.239820393478723, 31.466357936702774, 31.75248100475929, 31.884854656193813, 31.85991318946271, 31.842804217493093, 31.851542005207126, 31.994155251350143, 32.023264852211646, 31.982107473245232, 31.948723058449822, 31.89192674891052, 31.769163388735166, 31.64608806358098, 31.60529834945576, 31.702005665569622, 31.819028722244205, 31.94345025876501, 32.07518417782487, 32.22159580449358, 32.39012877438254, 32.288878007863936, 32.050039545242754, 31.82330704396444, 31.729534154022257, 31.582833827400115, 31.448186774499636, 31.376324531331846, 31.312282426982218
2OAR.pdb, 25, 25, 0.3283723704432783, 1.1136070387944772, 1.0070965579790108, -, -, -, 1.6180612259977831, 50.665190092591686, , length, 0.0, 0.5, 1.0, 1.5, 2.0, 2.5, 3.0, 3.5, 4.0, 4.5, 5.0, 5.5, 6.0, 6.5, 7.0, 7.5, 8.0, 8.5, 9.0, 9.5, 10.0, 10.5, 11.0, 11.5, 12.0, 12.5, 13.0, 13.5, 14.0, 14.5, 15.0, 15.5, 16.0, 16.5, 17.0, 17.5, 18.0, 18.5, 19.0, 19.5, 20.0, 20.5, 21.0, 21.5, 22.0, 22.5, 23.0, 23.5, 24.0, 24.5, 25.0, 25.5, 26.0, 26.5, 27.0, 27.5, 28.0, 28.5, 29.0, 29.5, 30.0, 30.5, 31.0, 31.5, 32.0, 32.5, 33.0, 33.5, 34.0, 34.5, 35.0, 35.5, 36.0, 36.5, 37.0, 37.5, 38.0, 38.5, 39.0, 39.5, 40.0, 40.5, 41.0, 41.5, 42.0, 42.5, 43.0, 43.5, 44.0, 44.5, 45.0, 45.5, 46.0, 46.5, 47.0, 47.5, 48.0, 48.5, 49.0, 49.5, 50.0, 50.5, 51.0, 51.5, 52.0
2OAR.pdb, 25, 25, 0.3283723704432783, 1.1136070387944772, 1.0070965579790108, -, -, -, 1.6180612259977831, 50.665190092591686, , R, 3.1899092912527345, 3.102958534162822, 2.7785521980303085, 2.4815840719347784, 2.219640550972948, 2.005951689077987, 1.850526456633565, 1.759137741058678, 1.734120159834271, 1.7812054664407841, 1.901493394510252, 2.0876691319598595, 2.3301864997315054, 2.6191539714938687, 2.825050506523764, 2.700413713081089, 2.536828676991133, 2.4231641228522287, 2.3668280448888983, 2.3698533332575016, 2.4365749908189662, 2.5638722264162177, 2.746326178975694, 2.865182541911182, 2.6659211337694253, 2.4021910437617664, 2.1684734096039096, 1.9765664750123615, 1.848074095469339, 1.7908713522217852, 1.8002240657252266, 1.8825348438436227, 2.036137778299302, 2.1422744789228627, 2.129387953912286, 2.188220396072182, 2.2818289808955465, 2.2485338435290654, 1.8940702308497674, 1.5799844761748827, 1.3197063164834346, 1.1291432908067738, 1.0240102960831785, 1.0149588947215409, 1.1029839513955397, 1.278941410717481, 1.5276386321182973, 1.747088733452181, 1.9017840909133485, 1.9523347540900824, 2.1022585604560575, 2.300126860630893, 2.5501328459682866, 2.8433236799882677, 3.1716101382001685, 3.528149942442188, 3.8661066453558157, 4.256018011134325, 4.661797742950659, 4.976322890147367, 5.228935919151494, 5.253317106205589, 4.917809599621446, 4.523455169212001, 4.145801648802447, 3.788414665874335, 3.45566319259725, 3.152813087152563, 2.886034508348921, 2.662236008412092, 2.4670167288345968, 2.314337704670394, 2.1762605100344743, 2.0094508225765306, 1.8863525043277973, 1.7657054891866313, 1.7176724986753897, 1.7427524053522885, 1.7251150736012928, 1.6820162714242448, 1.6094624040666394, 1.615946695093438, 1.6647202152198481, 1.5348752112047381, 1.44429430780335, 1.411625433782452, 1.4635908943293425, 1.587014909393993, 1.7619001719104972, 1.9974863218667593, 2.2213096877159484, 2.3545215455873256, 2.5309649438272275, 2.7588686290904083, 3.030507280942525, 3.334819884723832, 3.6580764203041336, 3.904524859510443, 4.104616337848125, 4.334472632482692, 4.431787404959662, 4.644177805317236, 4.803812426291907, 4.91735785654333, 5.066998462386071
2OAR.pdb, 25, 25, 0.3283723704432783, 1.1136070387944772, 1.0070965579790108, -, -, -, 1.6180612259977831, 50.665190092591686, , Upper limit of R overestimation, -, -, -, -, -, -, -, -, -, -, -, -, -, -, -, -, -, -, -, -, -, -, -, -, -, -, -, -, -, -, -, -, -, -, -, -, -, -, -, -, -, -, -, -, -, -, -, -, -, -, -, -, -, -, -, -, -, -, -, -, -, -, -, -, -, -, -, -, -, -, -, -, -, -, -, -, -, -, -, -, -, -, -, -, -, -, -, -, -, -, -, -, -, -, -, -, -, -, -, -, -, -, -, -, -
2OAR.pdb, 26, 26, 0.32010603981348895, 1.1391029636635879, 1.0133096142117526, -, -, -, 1.6221462571893346, 64.90071970287197, , X, 63.068282105920325, 62.79374789385973, 62.403422282203735, 62.01455499107009, 61.6318213213522, 61.25086628976528, 60.86615262523272, 60.47446739312172, 60.0885964226243, 59.70563499791301, 59.32267357320171, 58.93971214849042, 58.55675072377913, 58.17378929906784, 57.826140850037795, 57.443996606509145, 57.05421356598525, 56.6613398266591, 56.26432612755236, 55.86830890765192, 55.47229168775148, 55.076274467851036, 54.6802572479506, 54.428679366667886, 54.021937714905505, 53.62890682471425, 53.246536538581545, 52.87095819103486, 52.496298609227274, 52.12163902741969, 51.74444596902282, 51.366860471219574, 50.98811607188813, 50.61300530579921, 50.25588619420719, 49.940931426090955, 49.54746105815216, 49.5491438873527, 49.80957218566482, 50.06136357335571, 50.311079281586565, 50.55756363818705, 50.80404799478753, 51.055441576104826, 51.506448878132005, 51.73655164933853, 51.9535872963939, 52.11842818927766, 52.32619765444512, 52.49940523668705, 52.87817586577608, 53.17325318573918, 53.22989392218702, 53.36866865467197, 53.59783789871374, 53.720124894976024, 53.74663994066145, 54.02735442351649, 54.28821965129124, 54.610833419095016, 54.99598748838407, 55.42105855851774, 55.84761668350713, 56.27417480849652, 56.71343692387447, 57.164347842611726, 57.58412456281568, 57.97605989166805, 58.368671638495385, 58.76128338532271, 59.01314569517243, 59.2401685080747, 59.47548552389296, 59.61660855489407, 59.7593676274465, 59.902126699998924, 60.04488577255135, 60.187644845103776, 60.32940641499438, 60.28651477669153, 59.793894599381595, 59.30945365496644, 58.82572272741583, 58.34199179986523, 57.85826087231462, 57.37452994476401, 56.890799017213396, 56.68853589733247, 57.09208108164618, 57.49562626595988, 57.899171450273585, 58.302716634587284, 58.14897482550611, 57.72503534500183, 57.30109586449754, 56.87715638399326, 56.45321690348898, 56.02927742298469, 55.67794712987449, 55.77974798504765, 55.87162324589948, 55.82323206368929, 55.698256986560054, 55.6162958921912, 55.74435516946102, 55.7403094781834, 55.793452559577815, 55.953222187470935, 56.112991815364055, 56.27276144325718, 56.057635126436594, 56.07098708733014, 56.09734911170755, 56.12371113608496, 56.15007316046237, 55.97272178723985, 55.75944073700512, 55.55253379051643, 55.35141688596819, 55.15029998141995, 55.02567123427882, 55.5118903604483, 55.99810948661777, 56.20769131065086, 55.89682653289443, 55.615290618286885, 55.298368965371985, 54.977426540088274, 54.65648411480456, 54.33554168952085, 54.01459926423714, 53.69365683895343, 53.37271441366972, 53.055543936487965, 53.10185073408316, 53.31552726660987
2OAR.pdb, 26, 26, 0.32010603981348895, 1.1391029636635879, 1.0133096142117526, -, -, -, 1.6221462571893346, 64.90071970287197, , Y, 158.9692796110366, 158.80511158423258, 158.50055374051826, 158.18783964722232, 157.86760216059088, 157.54691322785456, 157.2301142553982, 156.9205304383884, 156.60345829277466, 156.28263887254843, 155.96181945232223, 155.641000032096, 155.3201806118698, 154.9993611916436, 154.69769250130008, 154.48221700426683, 154.17173504359323, 153.86441648535185, 153.56255339665796, 153.26005245365207, 152.9575515106462, 152.6550505676403, 152.35254962463443, 152.01469327282234, 151.79540418427982, 151.50050744395983, 151.1806385042043, 150.85163728605102, 150.5215533512378, 150.1914694164246, 149.8636728266321, 149.5362305500888, 149.21066933418555, 149.12580761916817, 148.85056699721102, 148.53833774370523, 148.23021221158146, 147.859241850542, 147.45315876001578, 147.0460339775782, 146.63745987112927, 146.222616212296, 145.80777255346277, 145.39847695071495, 145.21477055640668, 144.84126430639984, 144.43109995314992, 144.0172066917974, 143.63505079717555, 143.3143572832119, 143.13709923561882, 142.86382054208497, 142.45428909031878, 142.05256110526506, 142.01857741057646, 141.62166265211908, 141.21645880325391, 140.80516310010447, 140.3907193243968, 140.14007519401966, 139.95363372799378, 139.69978249112293, 139.4514022468647, 139.20302200260645, 138.9750992249853, 138.7610872967513, 138.5020563317092, 138.20501303582654, 137.9093933598411, 137.61377368385567, 137.32199765110983, 136.91674799958474, 136.52010681344262, 136.08197942719158, 135.63954801697113, 135.19711660675068, 134.75468519653023, 134.31225378630978, 133.86960158481799, 133.54762042582632, 133.51978277869932, 133.4608793132653, 133.39927910900596, 133.3376789047466, 133.27607870048726, 133.2144784962279, 133.15287829196856, 133.03464907157186, 132.79453618526534, 132.55442329895882, 132.31431041265233, 132.0741975263458, 131.84327569593032, 131.61681010068472, 131.3903445054391, 131.1638789101935, 130.93741331494786, 130.71094771970223, 130.4548006786539, 130.01342105062864, 129.587042699544, 129.36757149843032, 129.1471028301369, 128.93664088816004, 128.75358738294204, 128.5295480566055, 128.34202057285097, 128.16180192797438, 127.98158328309778, 127.80136463822116, 127.65870074290459, 127.2629508128187, 126.85986772723484, 126.45678464165097, 126.05370155606711, 125.69353136587443, 125.34092987999492, 124.9866455465094, 124.6308325654514, 124.2750195843934, 123.95475287981029, 123.91836498895282, 123.88197709809535, 123.85595578391629, 123.73611366997586, 123.58952800035729, 123.45917800536284, 123.33067282003014, 123.20216763469746, 123.07366244936478, 122.94515726403208, 122.81665207869939, 122.68814689336669, 122.5571194179705, 122.31123278838862, 122.02123586047536
2OAR.pdb, 26, 26, 0.32010603981348895, 1.1391029636635879, 1.0133096142117526, -, -, -, 1.6221462571893346, 64.90071970287197, , Z, -0.5904458934469397, -0.3406510453511297, -0.3082696882501119, -0.2776110252759299, -0.24759703951137008, -0.20252074497597175, -0.1637017549450837, -0.13648890518999054, -0.11382835350169089, -0.09344584166397113, -0.07306332982625136, -0.05268081798853161, -0.03229830615081185, -0.011915794313092087, -0.08282927819459815, -0.14320226898905009, -0.10273542594718792, -0.06879356732210704, -0.0335109183509031, 0.007275611568648248, 0.04806214148819961, 0.08884867140775095, 0.12963520132730233, 0.06792440495630259, 0.019813296007875195, 0.05535362181216626, 0.0934766991233858, 0.11949995802966873, 0.1454767503258086, 0.17145354262194845, 0.18750771290887966, 0.20202485383960675, 0.22386115676223306, 0.4108033686540404, 0.4393533977788709, 0.3787762712770532, 0.3942593590683008, 0.3682182693518795, 0.4996474328846793, 0.6439079156137563, 0.7876637030756279, 0.9186224777991789, 1.0495812525227297, 1.18011695112866, 1.2934499745967794, 1.140089902776026, 0.9541056257212851, 0.7273718739437547, 0.48550678830570326, 0.20646876507395576, 0.3012288314709041, 0.4476941014316645, 0.5528041936287992, 0.7991056910638992, 1.1909096689609582, 1.4293475761829626, 1.2962467483356894, 1.340188181292633, 1.3860911506796776, 1.5113450450947212, 1.5875039519681906, 1.6559181967815269, 1.7356390865642508, 1.8153599763469748, 1.8590450027112322, 1.8299089237687174, 1.7741609669973717, 1.6840177711035715, 1.5920122091877082, 1.5000066472718452, 1.3141368625296743, 1.1291142629350968, 0.9363268493911936, 0.8796590208375108, 0.6956093143603845, 0.5115596078832582, 0.3275099014061318, 0.1434601949290054, -0.04082913927911194, -0.19506735121383056, -0.2760020552014387, -0.38413871239489206, -0.49463669683910205, -0.605134681283312, -0.715632665727522, -0.826130650171732, -0.936628634615942, -1.066556501347991, -1.2383036586658758, -1.4100508159837606, -1.5817979733016454, -1.7535451306195304, -1.716821690408231, -1.5790223760419868, -1.4412230616757427, -1.3034237473094987, -1.1656244329432546, -1.0278251185770104, -0.8798182810776405, -0.6681094955955887, -0.4404969000295405, 0.005849149323593775, 0.4368651541279091, 0.8554017729102366, 1.247544809312771, 1.6945235701468366, 2.1455952621761902, 2.583767495483748, 3.021939728791306, 3.460111962098864, 3.6747216914897574, 3.9632634479945525, 4.257931175760788, 4.552598903527024, 4.847266631293259, 5.1321576886184035, 5.415324398819884, 5.70102844079592, 5.989037317769451, 6.277046194742984, 6.545330005105547, 6.656085965423434, 6.766841925741321, 6.915167648430595, 7.273868050479709, 7.660197146262783, 8.023982200863873, 8.385205645556518, 8.746429090249162, 9.107652534941808, 9.468875979634452, 9.830099424327098, 10.191322869019743, 10.554577310840225, 10.914341902374524, 11.261104243536634
2OAR.pdb, 26, 26, 0.32010603981348895, 1.1391029636635879, 1.0133096142117526, -, -, -, 1.6221462571893346, 64.90071970287197, , distance, 0.0, 0.405854211203562, 0.8610260958094789, 1.3486492888665422, 1.842459803379057, 2.3402162929167662, 2.8383412310206744, 3.336364021497731, 3.8344232370156286, 4.332717747807544, 4.831364673026394, 5.330265108357043, 5.829353964803426, 6.328586664380153, 6.7811633228210235, 7.208768624083908, 7.708652007955151, 8.208572229755443, 8.708425912833132, 9.208265840426117, 9.708122253897157, 10.20799273144668, 10.707875303435452, 11.110466150328445, 11.561714914223758, 12.05410388195878, 12.553778968629526, 13.053181798072117, 13.55258263772857, 14.052026090617755, 14.551513721298589, 15.051036268131043, 15.550690721548941, 15.906928085183234, 16.35867722463786, 16.794977693211006, 17.294791552665266, 17.52481309998445, 17.595531582333933, 17.688056577094624, 17.79660608258735, 17.924084125242523, 18.064506508586287, 18.210159670545522, 18.066863882885674, 18.193506691418317, 18.36520481424774, 18.579570206172995, 18.753363054445526, 18.905364961835666, 18.84917198288158, 18.930798815735805, 19.25735741774611, 19.54964755981979, 19.49843189105777, 19.809276187024402, 20.13989246284425, 20.381384886992315, 20.643621235585137, 20.748130094479098, 20.77258275397482, 20.852810334920747, 20.940301270027646, 21.039314050008027, 21.122294199449335, 21.191639715647952, 21.3207546378615, 21.500201823403206, 21.687975258852063, 21.8855628945222, 22.106025943997892, 22.448284819190764, 22.786061124826606, 23.19275249872877, 23.59828869377011, 24.007388239493007, 24.41987204898863, 24.83557149928717, 25.254650178663105, 25.5764600637893, 25.661203742021385, 25.784682269285234, 25.919749519548564, 26.063710222918836, 26.216417871487128, 26.37772055050579, 26.547461589928353, 26.712036691639295, 26.856133224487948, 27.008718579884658, 27.16964973795884, 27.338779315092477, 27.591455107650226, 27.88700696963974, 28.1883295087168, 28.495239659621248, 28.80755883490496, 29.125113026283177, 29.45804298018092, 29.859177922986678, 30.251119473024808, 30.48126377098569, 30.73653959377509, 30.977119986576284, 31.144922096819553, 31.392634890818666, 31.59807054751484, 31.777356552645603, 31.963459084119993, 32.156259791375895, 32.36808883230602, 32.78703542872121, 33.21317507463948, 33.641348142919114, 34.07147797216199, 34.50174762630022, 34.93357045297105, 35.36790268029047, 35.804588444109285, 36.242910579885695, 36.62813084937273, 36.58111392559373, 36.54087878740418, 36.556086372700875, 36.805613581012956, 37.08567131274304, 37.35702393993653, 37.63156332576075, 37.910709292131315, 38.19436083670261, 38.48241832858212, 38.77478357267443, 39.07135986626897, 39.374000022847746, 39.69259746310228, 40.00916650717078
2OAR.pdb, 26, 26, 0.32010603981348895, 1.1391029636635879, 1.0133096142117526, -, -, -, 1.6221462571893346, 64.90071970287197, , length, 0.0, 0.5, 1.0, 1.5, 2.0, 2.5, 3.0, 3.5, 4.0, 4.5, 5.0, 5.5, 6.0, 6.5, 7.0, 7.5, 8.0, 8.5, 9.0, 9.5, 10.0, 10.5, 11.0, 11.5, 12.0, 12.5, 13.0, 13.5, 14.0, 14.5, 15.0, 15.5, 16.0, 16.5, 17.0, 17.5, 18.0, 18.5, 19.0, 19.5, 20.0, 20.5, 21.0, 21.5, 22.0, 22.5, 23.0, 23.5, 24.0, 24.5, 25.0, 25.5, 26.0, 26.5, 27.0, 27.5, 28.0, 28.5, 29.0, 29.5, 30.0, 30.5, 31.0, 31.5, 32.0, 32.5, 33.0, 33.5, 34.0, 34.5, 35.0, 35.5, 36.0, 36.5, 37.0, 37.5, 38.0, 38.5, 39.0, 39.5, 40.0, 40.5, 41.0, 41.5, 42.0, 42.5, 43.0, 43.5, 44.0, 44.5, 45.0, 45.5, 46.0, 46.5, 47.0, 47.5, 48.0, 48.5, 49.0, 49.5, 50.0, 50.5, 51.0, 51.5, 52.0, 52.5, 53.0, 53.5, 54.0, 54.5, 55.0, 55.5, 56.0, 56.5, 57.0, 57.5, 58.0, 58.5, 59.0, 59.5, 60.0, 60.5, 61.0, 61.5, 62.0, 62.5, 63.0, 63.5, 64.0, 64.5, 65.0, 65.5, 66.0, 66.5, 67.0, 67.5
2OAR.pdb, 26, 26, 0.32010603981348895, 1.1391029636635879, 1.0133096142117526, -, -, -, 1.6221462571893346, 64.90071970287197, , R, 3.1899092912527345, 3.102958534162822, 2.7785521980303085, 2.4815840719347784, 2.219640550972948, 2.005951689077987, 1.850526456633565, 1.759137741058678, 1.734120159834271, 1.7812054664407841, 1.901493394510252, 2.0876691319598595, 2.3301864997315054, 2.6191539714938687, 2.825050506523764, 2.700413713081089, 2.536828676991133, 2.4231641228522287, 2.3668280448888983, 2.3698533332575016, 2.4365749908189662, 2.5638722264162177, 2.746326178975694, 2.865182541911182, 2.6659211337694253, 2.4021910437617664, 2.1684734096039096, 1.9765664750123615, 1.848074095469339, 1.7908713522217852, 1.8002240657252266, 1.8825348438436227, 2.036137778299302, 2.1422744789228627, 2.129387953912286, 2.188220396072182, 2.2818289808955465, 2.2081261532319316, 1.889061514699752, 1.6114551374781376, 1.3914252825374018, 1.2385208337481073, 1.1711850929742518, 1.1913208245728457, 1.1207854005293294, 1.048090048545848, 1.0349111975298788, 1.1033805168102195, 1.2086700938006087, 1.3506253123117986, 1.3900667694322726, 1.3433753140306997, 1.2720138480457943, 1.1844602633123098, 1.0146795803942337, 1.049365157432749, 1.1475308878575166, 1.1468171058045442, 1.2220582627252194, 1.2489966189941986, 1.303312595273852, 1.403524834408794, 1.579912190455285, 1.8224412814081905, 2.0899714438173755, 2.3484981070946254, 2.62309439135088, 2.90582624338272, 3.2234228809088488, 3.5704010959495105, 3.785821840763671, 4.059764206482258, 4.354810551906411, 4.670018021604314, 4.964899563983689, 5.283787298418831, 5.623467004844013, 5.98111459027688, 6.353715369570436, 6.532705715851181, 6.223830118596233, 5.961695273838448, 5.72695154622806, 5.519946679924361, 5.3431910798825015, 5.199072431651519, 5.089725931124537, 5.139350421885638, 5.478815033534499, 5.83662121532627, 6.210222476614021, 6.597438227058376, 6.536968122313212, 6.273895142632716, 6.034791040441586, 5.821997945731052, 5.637862809910628, 5.484646042155472, 5.38412855742793, 5.441716849063672, 5.5109446574982535, 5.28685635149745, 5.059299926385842, 4.88716333100302, 4.851443095692613, 4.770551966862497, 4.710192204577535, 4.716011240330108, 4.761749555105492, 4.846546847123058, 4.71170277004193, 4.549753715271137, 4.428968000935985, 4.348435088528511, 4.309823367854735, 4.174327717196238, 4.054941486756903, 3.981739591265898, 3.956285156072124, 3.976386057322491, 4.0544676602143745, 4.275522945909877, 4.5299159282059325, 4.625634521925468, 4.286250798884918, 3.967128186279701, 3.666182635382197, 3.3965150664270056, 3.1648426301496797, 2.9770413095869803, 2.838785451360929, 2.754884873521125, 2.728561021419328, 2.7611838810316427, 2.8415251716749537, 2.9686980602341237
2OAR.pdb, 26, 26, 0.32010603981348895, 1.1391029636635879, 1.0133096142117526, -, -, -, 1.6221462571893346, 64.90071970287197, , Upper limit of R overestimation, -, -, -, -, -, -, -, -, -, -, -, -, -, -, -, -, -, -, -, -, -, -, -, -, -, -, -, -, -, -, -, -, -, -, -, -, -, -, -, -, -, -, -, -, -, -, -, -, -, -, -, -, -, -, -, -, -, -, -, -, -, -, -, -, -, -, -, -, -, -, -, -, -, -, -, -, -, -, -, -, -, -, -, -, -, -, -, -, -, -, -, -, -, -, -, -, -, -, -, -, -, -, -, -, -, -, -, -, -, -, -, -, -, -, -, -, -, -, -, -, -, -, -, -, -, -, -, -, -, -, -, -, -, -, -, -
2OAR.pdb, 27, 27, 0.3156530665721771, 1.1531115591129626, 1.2795908073446225, -, -, -, 1.7685176130428875, 62.6895094785719, , X, 63.068282105920325, 63.18861174490216, 63.458703204995466, 63.741367270655516, 64.02403133631557, 64.29859551542971, 64.55784695857635, 64.76546859889825, 64.81474506336316, 64.86402152782806, 64.91329799229297, 64.96257445675786, 65.04075472701625, 65.14154154403221, 65.24232836104818, 65.353113737157, 65.75334229846322, 66.07013543778635, 66.38692857710949, 66.70372171643261, 66.95845300695377, 67.04725085928823, 67.19865092422712, 67.35005098916602, 67.5014510541049, 67.63124133218521, 67.57430167217738, 67.51736201216956, 67.46042235216173, 67.43978179063284, 67.4074553593358, 67.37512892803878, 67.34280249674174, 67.3086289314565, 67.25134756356427, 67.13545154233859, 66.69356635305677, 66.25168116377495, 65.80979597449313, 65.36866444213076, 64.92984136341623, 64.4910182847017, 64.05219520598716, 63.773619778007514, 63.81528724040043, 63.86146837375733, 63.90764950711424, 63.953830640471146, 64.00001177382805, 64.05237926441141, 63.6832396286471, 63.56190788702647, 63.51875691536114, 63.475605943695804, 63.43245497203048, 63.389304000365144, 63.34615302869981, 63.303002057034476, 63.249783803666425, 62.92207759798052, 62.54471008886846, 62.12600541626235, 61.70730074365623, 61.28859607105012, 60.87469081827449, 60.551388186772144, 60.2280855552698, 59.904782923767456, 59.581480292265105, 59.25817766076276, 58.93487502926042, 58.59127978573558, 58.186044488503946, 57.81682853478344, 57.59024302828594, 57.448112964690964, 57.30598290109598, 56.91472589666348, 56.443187240826845, 55.96784961650588, 55.49428989690201, 55.30588331452667, 55.00108715953905, 54.69629100455142, 54.3914948495638, 54.08669869457617, 53.7802947745875, 53.458520256684395, 53.09156690051019, 52.900706134124825, 52.40681387687528, 51.91292161962575, 51.6204317966341, 51.387706186952556, 51.15498057727101, 50.92225496758947, 50.68952935790792, 50.45680374822637, 50.224078138544826, 49.781222395182475, 49.54764042419322, 49.27772495474979, 49.10447553969902, 48.76140016448277, 48.54291345884147, 48.32442675320016, 48.10594004755885, 47.88745334191754, 47.66896663627623, 47.313754506060626, 46.9147528525664, 46.491503403261866, 46.04781740680485, 45.60413141034784, 45.16044541389082, 44.787575347923266, 44.772366751424386, 44.75715815492551, 44.74194955842663, 44.39167955616658, 44.40936766928022, 44.39321203248317, 44.263568389423384, 44.0329147697769, 43.794562639775286, 43.79336506616168, 43.44646588434797, 43.09956670253426, 42.75266752072056, 42.73364751080462, 42.873942580906444, 43.01423765100826
2OAR.pdb, 27, 27, 0.3156530665721771, 1.1531115591129626, 1.2795908073446225, -, -, -, 1.7685176130428875, 62.6895094785719, , Y, 158.9692796110366, 158.79262353428777, 158.49390437980227, 158.13585826854705, 157.77781215729183, 157.3968202586127, 156.97244963081218, 156.55357555506427, 156.12507366634134, 155.69657177761837, 155.26806988889544, 154.83956800017248, 154.45335572075635, 154.1184480187613, 153.78354031676628, 153.4546378358747, 153.24237382021354, 152.86262766270693, 152.4828815052003, 152.1031353476937, 151.74445603929288, 151.3863684456239, 150.9107448113621, 150.43512117710029, 149.95949754283848, 149.47926745446372, 148.98653986141446, 148.49381226836522, 148.00108467531595, 147.5087468519638, 147.01777861405162, 146.52681037613948, 146.0358421382273, 145.54478462822692, 145.0526103168433, 144.6670334609746, 144.87430521657038, 145.08157697216618, 145.28884872776194, 145.49522203179131, 145.69884337568828, 145.90246471958525, 146.10608606348222, 146.21531635192406, 146.13605646319576, 146.05463662387606, 145.9732167845564, 145.8917969452367, 145.810377105917, 145.72306139955262, 145.44727797523913, 145.07316089421786, 144.67143935574055, 144.26971781726326, 143.86799627878594, 143.46627474030865, 143.06455320183133, 142.66283166335404, 142.26520365530297, 142.26626744997776, 142.38133810074885, 142.20844924248468, 142.03556038422053, 141.8626715259564, 141.73060016936, 141.92957491042947, 142.1285496514989, 142.32752439256836, 142.52649913363783, 142.72547387470726, 142.92444861577673, 143.09811117327268, 142.93548817605017, 142.73107027416222, 142.48275575588198, 142.20844883379516, 141.9341419117083, 141.91818366277022, 141.98852323342038, 142.045824966873, 142.07618813024212, 141.97856501009215, 141.8615391246204, 141.74451323914866, 141.6274873536769, 141.51046146820516, 141.39668355838708, 141.06316843187813, 140.73261276728059, 140.41989905248252, 140.35147490138385, 140.28305075028518, 140.10295858005765, 140.23125601949062, 140.3595534589236, 140.4878508983566, 140.6161483377896, 140.7444457772226, 140.87274321665558, 141.0395051053668, 141.13735097766775, 141.0074183794501, 140.87189670128464, 140.60271523850722, 140.21274359182692, 139.82277194514663, 139.43280029846633, 139.04282865178604, 138.65285700510574, 138.47691467071584, 138.3695202423356, 138.4098016129145, 138.57454722149345, 138.7392928300724, 138.90403843865136, 139.00670734012274, 138.70577458035785, 138.40484182059296, 138.10390906082807, 138.10394635409773, 137.97687090785848, 137.87849331625642, 137.86646030871475, 138.02676414303832, 138.21767092027528, 138.38468220097624, 138.14747489738238, 137.91026759378852, 137.67306029019466, 137.7768322436218, 138.04628455210863, 138.31573686059548
2OAR.pdb, 27, 27, 0.3156530665721771, 1.1531115591129626, 1.2795908073446225, -, -, -, 1.7685176130428875, 62.6895094785719, , Z, -0.5904458934469397, -0.1659630860315761, 0.09104575748972707, 0.29575044282826235, 0.5004551281667976, 0.6523106312096345, 0.7042554046384275, 0.8185262741184406, 1.0714253872262316, 1.3243245003340225, 1.5772236134418134, 1.8301227265496043, 2.128461918645103, 2.485783690526136, 2.8431054624071694, 3.1956944763466377, 3.3518518546804925, 3.4255740544357436, 3.4992962541909947, 3.5730184539462453, 3.750959802708636, 3.8698792625969047, 3.8992080687113133, 3.9285368748257214, 3.9578656809401296, 3.9777615160914275, 4.040828101269908, 4.103894686448388, 4.166961271626869, 4.250676545681401, 4.339587687846082, 4.4284988300107635, 4.517409972175444, 4.604696124382244, 4.671653514612535, 4.7449446723610915, 4.853461485922936, 4.961978299484781, 5.070495113046626, 5.183409203755479, 5.309792168972679, 5.436175134189879, 5.56255809940708, 5.811248792036324, 6.303157665379892, 6.794317631874545, 7.285477598369199, 7.776637564863853, 8.267797531358505, 8.757192050190504, 8.927374041634915, 9.188566817993127, 9.483113587060055, 9.777660356126983, 10.072207125193913, 10.36675389426084, 10.661300663327768, 10.955847432394698, 11.249151888822531, 11.303256588098062, 11.291505029854015, 11.50315530702351, 11.714805584193003, 11.926455861362498, 12.097167376952692, 11.771768451201542, 11.44636952545039, 11.12097059969924, 10.795571673948087, 10.470172748196937, 10.144773822445785, 9.854974956432681, 10.057761827602896, 10.325890343255356, 10.672533924337761, 11.06566845286169, 11.45880298138562, 11.670975403537156, 11.821248847156614, 11.806276284002482, 11.648734955206104, 11.680940614232654, 11.30225308336543, 10.923565552498209, 10.544878021630987, 10.166190490763764, 9.78785384455391, 9.816228122518591, 9.738265394276373, 10.029205462332351, 10.066469034026177, 10.103732605720003, 10.349811832781201, 10.773342891421876, 11.19687395006255, 11.620405008703225, 12.0439360673439, 12.467467125984573, 12.890998184625248, 12.856834794214999, 12.985052870792524, 13.32205988739518, 13.58402212948856, 13.590789618932853, 13.814811212185532, 14.038832805438213, 14.262854398690893, 14.486875991943574, 14.710897585196253, 14.978483823881849, 15.260022661809675, 15.30128365260267, 15.140033471201548, 14.978783289800427, 14.817533108399305, 14.726430511045725, 15.125439499281352, 15.52444848751698, 15.923457475752606, 15.90547118577043, 16.143424620117145, 16.589465272305898, 16.984441348356523, 17.319569247390543, 17.697254153931684, 18.12980688762214, 18.400719517041132, 18.671632146460123, 18.942544775879114, 19.298401464585623, 19.695532106511227, 20.09266274843683
2OAR.pdb, 27, 27, 0.3156530665721771, 1.1531115591129626, 1.2795908073446225, -, -, -, 1.7685176130428875, 62.6895094785719, , distance, 0.0, 0.4752601869092499, 0.9180637861121151, 1.3903160502314802, 1.8769966232500357, 2.351753235401295, 2.8075585250275994, 3.2712796650487945, 3.728465699330776, 4.1954311214952185, 4.669242777938944, 5.1480106782581085, 5.6282036667512365, 6.106730736461788, 6.588447773251472, 7.06870485953693, 7.453100677532255, 7.901312401485296, 8.355403378790218, 8.81446501942872, 9.283281138729079, 9.65542513721981, 10.107270768745112, 10.563456356941256, 11.023443110810513, 11.478216175391454, 11.891509746635114, 12.311237205887036, 12.736762501708084, 13.186746645244021, 13.637156291425496, 14.09091112553326, 14.547698133333279, 15.006235614894601, 15.455141896701445, 15.797547425192658, 15.538568679526174, 15.291557427727616, 15.057102660293987, 14.838442951504602, 14.641813068702914, 14.459806037863105, 14.292980492759552, 14.287854103839475, 14.586685814793146, 14.898049545702905, 15.219472969618522, 15.550332301262241, 15.890038133573212, 16.24220056670064, 16.547253467264866, 16.999260907880643, 17.495935645949814, 17.992794581171513, 18.489822864301686, 18.987007196139967, 19.484335630944393, 19.981797408949646, 20.475233137796582, 20.505417570245456, 20.411141294633662, 20.68981657722623, 20.976709252145113, 21.271486833289188, 21.516492328661283, 21.20166584934237, 20.894062014002976, 20.594004469816767, 20.3018278182203, 20.017877145653962, 19.742507390813508, 19.520357427206935, 19.85706523140278, 20.258914183901865, 20.704325522423982, 21.174908528104023, 21.64681055048639, 21.884893860368727, 22.051941761699076, 22.147193487542864, 22.193229724553312, 22.35008153157919, 22.342576122877087, 22.34625854913698, 22.36112328312685, 22.387148050198757, 22.42257670626596, 22.831452087722905, 23.211918075100012, 23.669307450084002, 23.955362505650047, 24.248353972746397, 24.630886810346027, 24.833144735679646, 25.043753110553308, 25.2625030878075, 25.489185052892886, 25.723589311364638, 25.965506724477553, 26.054790873726954, 26.174025234363235, 26.577542071162952, 26.89644410947753, 27.260319117612678, 27.75437641260971, 28.248642829551535, 28.743107580258616, 29.237760602157405, 29.732592498600166, 30.17505150426676, 30.602678752170117, 30.822537138869087, 30.87214454579643, 30.929756255685763, 30.995327635237494, 31.101370291899393, 31.501415975549314, 31.904281576229614, 32.30986161106382, 32.50065991651558, 32.69340504566409, 32.99589150853534, 33.283973651413106, 33.4918319309991, 33.71269046423069, 33.848130548243965, 34.33988332850348, 34.831870929071506, 35.32408353834197, 35.47088156176332, 35.45566209369455, 35.44748947719507
2OAR.pdb, 27, 27, 0.3156530665721771, 1.1531115591129626, 1.2795908073446225, -, -, -, 1.7685176130428875, 62.6895094785719, , length, 0.0, 0.5, 1.0, 1.5, 2.0, 2.5, 3.0, 3.5, 4.0, 4.5, 5.0, 5.5, 6.0, 6.5, 7.0, 7.5, 8.0, 8.5, 9.0, 9.5, 10.0, 10.5, 11.0, 11.5, 12.0, 12.5, 13.0, 13.5, 14.0, 14.5, 15.0, 15.5, 16.0, 16.5, 17.0, 17.5, 18.0, 18.5, 19.0, 19.5, 20.0, 20.5, 21.0, 21.5, 22.0, 22.5, 23.0, 23.5, 24.0, 24.5, 25.0, 25.5, 26.0, 26.5, 27.0, 27.5, 28.0, 28.5, 29.0, 29.5, 30.0, 30.5, 31.0, 31.5, 32.0, 32.5, 33.0, 33.5, 34.0, 34.5, 35.0, 35.5, 36.0, 36.5, 37.0, 37.5, 38.0, 38.5, 39.0, 39.5, 40.0, 40.5, 41.0, 41.5, 42.0, 42.5, 43.0, 43.5, 44.0, 44.5, 45.0, 45.5, 46.0, 46.5, 47.0, 47.5, 48.0, 48.5, 49.0, 49.5, 50.0, 50.5, 51.0, 51.5, 52.0, 52.5, 53.0, 53.5, 54.0, 54.5, 55.0, 55.5, 56.0, 56.5, 57.0, 57.5, 58.0, 58.5, 59.0, 59.5, 60.0, 60.5, 61.0, 61.5, 62.0, 62.5, 63.0, 63.5, 64.0, 64.5, 65.0, 65.5
2OAR.pdb, 27, 27, 0.3156530665721771, 1.1531115591129626, 1.2795908073446225, -, -, -, 1.7685176130428875, 62.6895094785719, , R, 3.1899092912527345, 3.1190929442843935, 2.861505267454812, 2.5917676081649437, 2.3678885424320804, 2.1701375265136966, 1.9765803995267537, 1.7967174664326442, 1.577447328131976, 1.4274981168720888, 1.3577265935764355, 1.3739377232051244, 1.4090979639188688, 1.448034695236815, 1.5685020676737977, 1.7565099387381515, 1.7954070995281457, 1.800358024340119, 1.8796515386136372, 2.0283071679599893, 2.1450105639457684, 2.099237079642275, 1.979599025911551, 1.9289867563770997, 1.9504215808987961, 2.020384290822193, 1.9745296932884342, 1.9998230961013546, 2.0947712899189788, 2.2692213910174766, 2.4878784321577343, 2.7541057899595587, 3.05961473058341, 3.3957125744273573, 3.741777826680582, 3.992064349573924, 3.5993153829067226, 3.2267806548741107, 2.8795980704274213, 2.5641051899124627, 2.2878924836228003, 2.0605272141672275, 1.8917891341572153, 1.8136852665205567, 1.855332275856215, 1.969723575773576, 2.1492605928419946, 2.3849681126811277, 2.667371326253457, 2.986682061789337, 2.814390019404859, 2.8287153696884793, 2.9460612668726713, 3.114660841135612, 3.329170958550695, 3.583806114866334, 3.8728855662847654, 4.191181366752247, 4.526354250868312, 4.404762838050354, 4.174815362698363, 4.241539559006103, 4.350243109510801, 4.498651862296562, 4.630001314438543, 4.210994774028679, 3.80598216597579, 3.4184077357626497, 3.052707720485594, 2.714553203035321, 2.411059114498904, 2.1584045243886454, 2.1404633079277744, 2.2272481434784206, 2.4334506832835983, 2.720423159633913, 3.0442748427722637, 3.1107343741117464, 3.131551835303241, 3.0427086923797924, 2.863814981053857, 2.8430708238058773, 2.4580688881417587, 2.101281146784475, 1.7818664735739982, 1.5116608112662044, 1.3014153893719587, 1.3794651992141795, 1.481758532586034, 1.768545908601749, 1.7338900782882054, 1.7756133101721052, 2.027145236322761, 2.0797265845275774, 2.199384846872135, 2.379950742628622, 2.6134498848682104, 2.891485022813122, 3.2062027318230633, 3.2568984020182152, 3.4025042005890263, 3.53154432125624, 3.63082012852364, 3.4905538201509922, 3.4606778003828063, 3.480865236918753, 3.550518206694347, 3.6676446149495647, 3.829126883670978, 3.7750950425901313, 3.6832320878617613, 3.492660035318822, 3.216079830959598, 2.978237843952018, 2.7855586439278563, 2.675863024487049, 2.829016613748689, 3.03221094558091, 3.2790940269462463, 3.207796036966196, 3.3191037365577, 3.4137853659483395, 3.438773105888236, 3.306924726329856, 3.1940639083335713, 3.110310337060364, 2.7375848730770254, 2.393346916057986, 2.0857647204700975, 2.0644782906986916, 2.2219067867724, 2.4366713516915564
2OAR.pdb, 27, 27, 0.3156530665721771, 1.1531115591129626, 1.2795908073446225, -, -, -, 1.7685176130428875, 62.6895094785719, , Upper limit of R overestimation, -, -, -, -, -, -, -, -, -, -, -, -, -, -, -, -, -, -, -, -, -, -, -, -, -, -, -, -, -, -, -, -, -, -, -, -, -, -, -, -, -, -, -, -, -, -, -, -, -, -, -, -, -, -, -, -, -, -, -, -, -, -, -, -, -, -, -, -, -, -, -, -, -, -, -, -, -, -, -, -, -, -, -, -, -, -, -, -, -, -, -, -, -, -, -, -, -, -, -, -, -, -, -, -, -, -, -, -, -, -, -, -, -, -, -, -, -, -, -, -, -, -, -, -, -, -, -, -, -, -, -, -
2OAR.pdb, 28, 28, 0.3102157302752999, 1.170487319418063, 1.0723674037754236, -, -, -, 1.4560561823244655, 59.96586926520282, , X, 63.068282105920325, 62.79374789385973, 62.403422282203735, 62.01455499107009, 61.6318213213522, 61.25086628976528, 60.86615262523272, 60.47446739312172, 60.0885964226243, 59.70563499791301, 59.32267357320171, 58.93971214849042, 58.55675072377913, 58.17378929906784, 57.826140850037795, 57.443996606509145, 57.05421356598525, 56.6613398266591, 56.26432612755236, 55.86830890765192, 55.47229168775148, 55.076274467851036, 54.6802572479506, 54.428679366667886, 54.021937714905505, 53.62890682471425, 53.246536538581545, 52.87095819103486, 52.496298609227274, 52.12163902741969, 51.74444596902282, 51.366860471219574, 50.98811607188813, 50.61300530579921, 50.25588619420719, 49.940931426090955, 49.54746105815216, 49.24785371146132, 49.45779628068663, 49.56368985459679, 49.66958342850694, 49.77547700241709, 49.88137057632725, 49.9872641502374, 50.135593702527416, 49.97144980091777, 49.80730589930812, 49.9174403914419, 50.04497117062683, 49.93984996003906, 49.81590463577635, 49.737556319663, 50.067652220278866, 50.216939469677136, 50.30468911905832, 50.38384813898323, 50.567180996761294, 50.75030276646965, 50.942597172504755, 51.1371810521987, 51.32705032353638, 51.51691959487407, 51.69792426513809, 51.870365803961725, 51.6317049371434, 51.287665783977666, 50.935944612295785, 50.57855478082857, 50.22116494936135, 49.85059419849173, 49.47147954717539, 49.092364895859056, 48.707112409038075, 48.269744138766754, 48.01334092188323, 47.75693770499969, 47.500534488116166, 47.24413127123263, 47.0912428699034, 47.00289874933795, 47.01752437657526, 47.15041744449085, 47.10942474597329, 47.00879389693422, 46.93171972769474, 46.9272912845836, 47.016020073367535, 47.11810237051559, 47.22018466766363, 47.33004046405324, 47.44757980578476, 47.56511914751629, 47.687429576406814, 47.82508676804967, 48.08170682829023, 48.33832688853078, 48.367977362278694, 48.07595211413599, 47.78392686599329, 47.49312198492372, 47.37405561694189, 47.33526440983086, 47.29647320271984, 47.257681995608806, 47.21889078849778, 47.18987909912839, 47.176559104953036, 47.16323911077769, 47.14996912247064, 47.13675772513702, 47.123546327803396, 47.110334930469776, 47.31219901555448, 47.53842946478993, 47.70084263480026, 47.8632558048106, 47.9720520368734, 48.11093676493108, 48.256496984347756, 48.394075779801554, 48.531654575255345, 48.65655838328956, 48.773018992934745, 48.875133408583345
2OAR.pdb, 28, 28, 0.3102157302752999, 1.170487319418063, 1.0723674037754236, -, -, -, 1.4560561823244655, 59.96586926520282, , Y, 158.9692796110366, 158.80511158423258, 158.50055374051826, 158.18783964722232, 157.86760216059088, 157.54691322785456, 157.2301142553982, 156.9205304383884, 156.60345829277466, 156.28263887254843, 155.96181945232223, 155.641000032096, 155.3201806118698, 154.9993611916436, 154.69769250130008, 154.48221700426683, 154.17173504359323, 153.86441648535185, 153.56255339665796, 153.26005245365207, 152.9575515106462, 152.6550505676403, 152.35254962463443, 152.01469327282234, 151.79540418427982, 151.50050744395983, 151.1806385042043, 150.85163728605102, 150.5215533512378, 150.1914694164246, 149.8636728266321, 149.5362305500888, 149.21066933418555, 149.12580761916817, 148.85056699721102, 148.53833774370523, 148.23021221158146, 147.9479481621797, 147.65102075519567, 147.41476987647243, 147.1785189977492, 146.94226811902593, 146.70601724030269, 146.46976636157945, 146.36990372144183, 146.34817895510778, 146.3264541887737, 146.20922197791788, 146.10045161930168, 146.1390778678239, 146.04177200236003, 145.72704226816057, 145.65452361711613, 145.34113005834138, 144.949071889808, 144.58365381420066, 144.37396523070188, 144.15474459517222, 144.0401492200482, 143.98232272840406, 143.92108202308708, 143.8598413177701, 143.86142464447448, 143.92369546736097, 143.82897496594467, 143.6940127230562, 143.56609344252757, 143.4433712540673, 143.320649065607, 143.18825536307298, 143.04959256421174, 142.91092976535052, 142.7697649814625, 142.60597276683262, 142.5069170069675, 142.40786124710237, 142.30880548723724, 142.20974972737213, 141.9572331282026, 141.60902955470706, 141.44648499000937, 141.49718185085587, 141.41731557210917, 141.2926696410002, 141.10890165170275, 140.74280895094998, 140.27226092355707, 139.78673987636105, 139.30121882916504, 138.81548561314537, 138.32954268349147, 137.84359975383757, 137.359537002929, 136.88329678177192, 136.4796729237218, 136.07604906567173, 135.70951923766455, 135.39556142635917, 135.08160361505375, 134.76195122568484, 134.35911837577913, 133.91970543528075, 133.48029249478236, 133.04087955428395, 132.60146661378556, 132.1529401616226, 131.6960545868318, 131.23916901204097, 130.78265600886706, 130.32657954113293, 129.87050307339877, 129.41442660566463, 128.9691070976406, 128.5686626368605, 128.21492634766443, 127.86119005846834, 127.43547826610826, 127.07065057262524, 126.67766868993736, 126.2320160509795, 125.78636341202164, 125.40101123548452, 125.06942825347649, 124.65752972156909
2OAR.pdb, 28, 28, 0.3102157302752999, 1.170487319418063, 1.0723674037754236, -, -, -, 1.4560561823244655, 59.96586926520282, , Z, -0.5904458934469397, -0.3406510453511297, -0.3082696882501119, -0.2776110252759299, -0.24759703951137008, -0.20252074497597175, -0.1637017549450837, -0.13648890518999054, -0.11382835350169089, -0.09344584166397113, -0.07306332982625136, -0.05268081798853161, -0.03229830615081185, -0.011915794313092087, -0.08282927819459815, -0.14320226898905009, -0.10273542594718792, -0.06879356732210704, -0.0335109183509031, 0.007275611568648248, 0.04806214148819961, 0.08884867140775095, 0.12963520132730233, 0.06792440495630259, 0.019813296007875195, 0.05535362181216626, 0.0934766991233858, 0.11949995802966873, 0.1454767503258086, 0.17145354262194845, 0.18750771290887966, 0.20202485383960675, 0.22386115676223306, 0.4108033686540404, 0.4393533977788709, 0.3787762712770532, 0.3942593590683008, 0.23786127734565857, -0.04080354545166059, -0.46855589589175795, -0.8963082463318554, -1.3240605967719528, -1.7518129472120503, -2.1795652976521476, -2.603064726762511, -3.074853677557347, -3.546642628352183, -3.9984958599079725, -4.4599336243964744, -4.94715686689288, -5.379726400065034, -5.722081633365136, -6.090468084612645, -6.407398900490962, -6.705040281215722, -7.028537628275064, -7.441245994455462, -7.85140960989925, -8.282258669533368, -8.739136408469765, -9.197611310524366, -9.656086212578964, -10.11796828245589, -10.583141648315518, -10.946119684090322, -11.282901889801254, -11.61430401151498, -11.941736100387391, -12.269168189259801, -12.218936962765866, -11.923903558946462, -11.628870155127057, -11.359134973496095, -11.466054138902495, -11.88372068868751, -12.301387238472527, -12.719053788257543, -13.13672033804256, -13.511339573008598, -13.859117645587151, -14.268129360958216, -14.747471890680222, -15.222569774615192, -15.696211858978117, -16.13725785052662, -16.47778174593948, -16.574732811845724, -16.63676923129971, -16.698805650753698, -16.732978221415948, -16.73960938003982, -16.74624053866369, -16.733987664286776, -16.705476637461278, -16.85119529067661, -16.996913943891947, -16.97594888041007, -16.718749060877627, -16.461549241345185, -16.210173239122376, -16.291578340295647, -16.52697483554021, -16.762371330784767, -16.997767826029328, -17.233164321273886, -17.180632634689253, -16.977955183296054, -16.775277731902857, -16.57176164967109, -16.367262958820426, -16.16276426796976, -15.958265577119096, -15.92277696046559, -16.047167781402294, -16.361003088391463, -16.67483839538063, -16.712968890748485, -16.958398092764423, -17.214865869503605, -17.39504855577334, -17.575231242043074, -17.832761897571284, -18.1730958864437, -18.405060359038306
2OAR.pdb, 28, 28, 0.3102157302752999, 1.170487319418063, 1.0723674037754236, -, -, -, 1.4560561823244655, 59.96586926520282, , distance, 0.0, 0.405854211203562, 0.8610260958094789, 1.3486492888665422, 1.842459803379057, 2.3402162929167662, 2.8383412310206744, 3.336364021497731, 3.8344232370156286, 4.332717747807544, 4.831364673026394, 5.330265108357043, 5.829353964803426, 6.328586664380153, 6.7811633228210235, 7.208768624083908, 7.708652007955151, 8.208572229755443, 8.708425912833132, 9.208265840426117, 9.708122253897157, 10.20799273144668, 10.707875303435452, 11.110466150328445, 11.561714914223758, 12.05410388195878, 12.553778968629526, 13.053181798072117, 13.55258263772857, 14.052026090617755, 14.551513721298589, 15.051036268131043, 15.550690721548941, 15.906928085183234, 16.35867722463786, 16.794977693211006, 17.294791552665266, 17.696329582179388, 17.710178277968254, 17.773451106978342, 17.850510185058607, 17.94117787330623, 18.045249045007502, 18.162493295554864, 18.167260022215014, 18.357327698502136, 18.55892302224502, 18.63809306698709, 18.713265265531945, 18.86665677555754, 19.122844175348032, 19.47816175106501, 19.40487950759783, 19.61429096528619, 19.921440585650533, 20.2309198954037, 20.401818370581598, 20.589430706919565, 20.71412931112388, 20.817329465270685, 20.93771885689953, 21.06928892477164, 21.173237872162595, 21.25127996567412, 21.616292506852332, 22.055505314044048, 22.49393707220348, 22.932485873239624, 23.373502340137655, 23.642542259288227, 23.806653232783603, 23.980068219456363, 24.17916735123864, 24.597426522940957, 25.003973527491276, 25.41385434709759, 25.826910256310125, 26.2429913310107, 26.676300376211564, 27.120701954010833, 27.41813596972381, 27.55129762111463, 27.872129791833117, 28.258695422343084, 28.65458267477332, 29.071347713984117, 29.372624200969664, 29.66247725539862, 29.95787144312313, 30.239858009699056, 30.509024273228327, 30.783958675942085, 31.05101513687039, 31.302393798615196, 31.540320519324034, 31.78433229438368, 32.02499212050486, 32.258523070557686, 32.49806918986122, 32.74990446862679, 33.14354147079347, 33.600326887313685, 34.0583263335482, 34.51749148403737, 34.977776431024324, 35.3054392356417, 35.56579991909749, 35.83124625447685, 36.10098186517344, 36.374794749994294, 36.653383125965945, 36.93663893823416, 37.193344581157234, 37.473778659048875, 37.824580827629084, 38.17870797426631, 38.49951346910137, 38.84783872210827, 39.2238250800149, 39.61635302928343, 40.0112784196409, 40.39583992908937, 40.77626822442664, 41.18376062211596
2OAR.pdb, 28, 28, 0.3102157302752999, 1.170487319418063, 1.0723674037754236, -, -, -, 1.4560561823244655, 59.96586926520282, , length, 0.0, 0.5, 1.0, 1.5, 2.0, 2.5, 3.0, 3.5, 4.0, 4.5, 5.0, 5.5, 6.0, 6.5, 7.0, 7.5, 8.0, 8.5, 9.0, 9.5, 10.0, 10.5, 11.0, 11.5, 12.0, 12.5, 13.0, 13.5, 14.0, 14.5, 15.0, 15.5, 16.0, 16.5, 17.0, 17.5, 18.0, 18.5, 19.0, 19.5, 20.0, 20.5, 21.0, 21.5, 22.0, 22.5, 23.0, 23.5, 24.0, 24.5, 25.0, 25.5, 26.0, 26.5, 27.0, 27.5, 28.0, 28.5, 29.0, 29.5, 30.0, 30.5, 31.0, 31.5, 32.0, 32.5, 33.0, 33.5, 34.0, 34.5, 35.0, 35.5, 36.0, 36.5, 37.0, 37.5, 38.0, 38.5, 39.0, 39.5, 40.0, 40.5, 41.0, 41.5, 42.0, 42.5, 43.0, 43.5, 44.0, 44.5, 45.0, 45.5, 46.0, 46.5, 47.0, 47.5, 48.0, 48.5, 49.0, 49.5, 50.0, 50.5, 51.0, 51.5, 52.0, 52.5, 53.0, 53.5, 54.0, 54.5, 55.0, 55.5, 56.0, 56.5, 57.0, 57.5, 58.0, 58.5, 59.0, 59.5, 60.0, 60.5, 61.0, 61.5
2OAR.pdb, 28, 28, 0.3102157302752999, 1.170487319418063, 1.0723674037754236, -, -, -, 1.4560561823244655, 59.96586926520282, , R, 3.1899092912527345, 3.102958534162822, 2.7785521980303085, 2.4815840719347784, 2.219640550972948, 2.005951689077987, 1.850526456633565, 1.759137741058678, 1.734120159834271, 1.7812054664407841, 1.901493394510252, 2.0876691319598595, 2.3301864997315054, 2.6191539714938687, 2.825050506523764, 2.700413713081089, 2.536828676991133, 2.4231641228522287, 2.3668280448888983, 2.3698533332575016, 2.4365749908189662, 2.5638722264162177, 2.746326178975694, 2.865182541911182, 2.6659211337694253, 2.4021910437617664, 2.1684734096039096, 1.9765664750123615, 1.848074095469339, 1.7908713522217852, 1.8002240657252266, 1.8825348438436227, 2.036137778299302, 2.1422744789228627, 2.129387953912286, 2.188220396072182, 2.2818289808955465, 2.24865147425619, 2.048582951500206, 1.7524547873484542, 1.5103690185754126, 1.336100915976834, 1.2425148860676924, 1.2378369330414514, 1.171289036072395, 1.0818964552059915, 1.0870469216229393, 1.0974556866375558, 1.1802092478904882, 1.3285527017093495, 1.4198367011711759, 1.3457777564660676, 1.4000564422900625, 1.371490350205153, 1.3728006165926208, 1.4404258829691972, 1.3900012769794037, 1.415477345116929, 1.4376746055918748, 1.486099178869496, 1.6099945692981397, 1.8052217571873057, 2.016695298358317, 2.243073255658295, 2.2530216432806953, 2.2586409974716495, 2.318228418857958, 2.4322794842424145, 2.6042003888994354, 2.5567196949517697, 2.3856008047609807, 2.2731242823154933, 2.2395457014636513, 2.4712128948011456, 2.8160930552656516, 3.188887936256213, 3.5834839285056606, 3.995203606469271, 4.2797733062233565, 4.507204082890102, 4.776339730550777, 5.083509377084413, 5.3461438346145815, 5.611923198989604, 5.835865856833864, 5.885636557813026, 5.693435800001444, 5.4902858176452, 5.3177305042983605, 5.151005102912659, 4.990879838358586, 4.865984924504753, 4.759531119956083, 4.669918433804343, 4.721170476981019, 4.811613351139515, 4.750865943606657, 4.451009255077754, 4.17931077988932, 3.9388246164208174, 3.7816595867161484, 3.690924614748915, 3.6471923041215537, 3.6516551774987733, 3.704189721107642, 3.563619180071695, 3.3300179152448774, 3.1385581018593895, 2.9939091453969193, 2.9005466378266163, 2.8625893466650933, 2.88147091161632, 2.917022501808311, 2.8895062741642463, 2.7243224847361316, 2.6133764801889874, 2.583753148684163, 2.571062901008974, 2.6131398747262566, 2.721099012455347, 2.883520914319267, 3.0608191362318435, 3.2543139599773983, 3.4827805155633054
2OAR.pdb, 28, 28, 0.3102157302752999, 1.170487319418063, 1.0723674037754236, -, -, -, 1.4560561823244655, 59.96586926520282, , Upper limit of R overestimation, -, -, -, -, -, -, -, -, -, -, -, -, -, -, -, -, -, -, -, -, -, -, -, -, -, -, -, -, -, -, -, -, -, -, -, -, -, -, -, -, -, -, -, -, -, -, -, -, -, -, -, -, -, -, -, -, -, -, -, -, -, -, -, -, -, -, -, -, -, -, -, -, -, -, -, -, -, -, -, -, -, -, -, -, -, -, -, -, -, -, -, -, -, -, -, -, -, -, -, -, -, -, -, -, -, -, -, -, -, -, -, -, -, -, -, -, -, -, -, -, -, -, -, -
2OAR.pdb, 29, 29, 0.3056805448179275, 1.185214693530479, 1.0133096142117526, -, -, -, 1.6068507412951498, 69.82767564112649, , X, 63.068282105920325, 62.79374789385973, 62.403422282203735, 62.01455499107009, 61.6318213213522, 61.25086628976528, 60.86615262523272, 60.47446739312172, 60.0885964226243, 59.70563499791301, 59.32267357320171, 58.93971214849042, 58.55675072377913, 58.17378929906784, 57.826140850037795, 57.443996606509145, 57.05421356598525, 56.6613398266591, 56.26432612755236, 55.86830890765192, 55.47229168775148, 55.076274467851036, 54.6802572479506, 54.428679366667886, 54.021937714905505, 53.62890682471425, 53.246536538581545, 52.87095819103486, 52.496298609227274, 52.12163902741969, 51.74444596902282, 51.366860471219574, 50.98811607188813, 50.61300530579921, 50.25588619420719, 49.940931426090955, 49.54746105815216, 49.5491438873527, 49.80957218566482, 50.06136357335571, 50.311079281586565, 50.55756363818705, 50.80404799478753, 51.055441576104826, 51.506448878132005, 51.73655164933853, 51.9535872963939, 52.11842818927766, 52.32619765444512, 52.49940523668705, 52.87817586577608, 53.17325318573918, 53.22989392218702, 53.36866865467197, 53.59783789871374, 53.720124894976024, 53.74663994066145, 54.02735442351649, 54.28821965129124, 54.610833419095016, 54.99598748838407, 55.42105855851774, 55.84761668350713, 56.27417480849652, 56.71343692387447, 57.164347842611726, 57.58412456281568, 57.97605989166805, 58.368671638495385, 58.76128338532271, 59.01314569517243, 59.2401685080747, 59.47548552389296, 59.61660855489407, 59.7593676274465, 59.902126699998924, 60.04488577255135, 60.187644845103776, 60.32940641499438, 60.28651477669153, 59.793894599381595, 59.30945365496644, 58.82572272741583, 58.34199179986523, 57.85826087231462, 57.37452994476401, 56.890799017213396, 56.68853589733247, 57.09208108164618, 57.49562626595988, 57.899171450273585, 58.302716634587284, 58.14897482550611, 57.72503534500183, 57.30109586449754, 56.87715638399326, 56.45321690348898, 56.02927742298469, 55.67794712987449, 55.77974798504765, 55.87162324589948, 55.82323206368929, 55.698256986560054, 55.6162958921912, 55.74435516946102, 55.7403094781834, 55.793452559577815, 55.953222187470935, 56.112991815364055, 56.27276144325718, 56.057635126436594, 56.07098708733014, 56.09734911170755, 56.12371113608496, 56.15007316046237, 55.97272178723985, 55.75944073700512, 55.55253379051643, 55.35141688596819, 55.15029998141995, 55.02567123427882, 55.5118903604483, 55.99810948661777, 56.20769131065086, 55.89682653289443, 55.615290618286885, 55.298368965371985, 54.977426540088274, 54.65648411480456, 54.33554168952085, 54.01459926423714, 53.69365683895343, 53.37271441366972, 53.055543936487965, 53.10185073408316, 53.31552726660987, 53.52920379913658, 53.7428803316633, 53.96734762704597, 54.19055214565604, 54.406981061324274, 54.623409976992505, 54.83983889266074, 54.9115728018689, 54.555556151255395, 54.16625884478384
2OAR.pdb, 29, 29, 0.3056805448179275, 1.185214693530479, 1.0133096142117526, -, -, -, 1.6068507412951498, 69.82767564112649, , Y, 158.9692796110366, 158.80511158423258, 158.50055374051826, 158.18783964722232, 157.86760216059088, 157.54691322785456, 157.2301142553982, 156.9205304383884, 156.60345829277466, 156.28263887254843, 155.96181945232223, 155.641000032096, 155.3201806118698, 154.9993611916436, 154.69769250130008, 154.48221700426683, 154.17173504359323, 153.86441648535185, 153.56255339665796, 153.26005245365207, 152.9575515106462, 152.6550505676403, 152.35254962463443, 152.01469327282234, 151.79540418427982, 151.50050744395983, 151.1806385042043, 150.85163728605102, 150.5215533512378, 150.1914694164246, 149.8636728266321, 149.5362305500888, 149.21066933418555, 149.12580761916817, 148.85056699721102, 148.53833774370523, 148.23021221158146, 147.859241850542, 147.45315876001578, 147.0460339775782, 146.63745987112927, 146.222616212296, 145.80777255346277, 145.39847695071495, 145.21477055640668, 144.84126430639984, 144.43109995314992, 144.0172066917974, 143.63505079717555, 143.3143572832119, 143.13709923561882, 142.86382054208497, 142.45428909031878, 142.05256110526506, 142.01857741057646, 141.62166265211908, 141.21645880325391, 140.80516310010447, 140.3907193243968, 140.14007519401966, 139.95363372799378, 139.69978249112293, 139.4514022468647, 139.20302200260645, 138.9750992249853, 138.7610872967513, 138.5020563317092, 138.20501303582654, 137.9093933598411, 137.61377368385567, 137.32199765110983, 136.91674799958474, 136.52010681344262, 136.08197942719158, 135.63954801697113, 135.19711660675068, 134.75468519653023, 134.31225378630978, 133.86960158481799, 133.54762042582632, 133.51978277869932, 133.4608793132653, 133.39927910900596, 133.3376789047466, 133.27607870048726, 133.2144784962279, 133.15287829196856, 133.03464907157186, 132.79453618526534, 132.55442329895882, 132.31431041265233, 132.0741975263458, 131.84327569593032, 131.61681010068472, 131.3903445054391, 131.1638789101935, 130.93741331494786, 130.71094771970223, 130.4548006786539, 130.01342105062864, 129.587042699544, 129.36757149843032, 129.1471028301369, 128.93664088816004, 128.75358738294204, 128.5295480566055, 128.34202057285097, 128.16180192797438, 127.98158328309778, 127.80136463822116, 127.65870074290459, 127.2629508128187, 126.85986772723484, 126.45678464165097, 126.05370155606711, 125.69353136587443, 125.34092987999492, 124.9866455465094, 124.6308325654514, 124.2750195843934, 123.95475287981029, 123.91836498895282, 123.88197709809535, 123.85595578391629, 123.73611366997586, 123.58952800035729, 123.45917800536284, 123.33067282003014, 123.20216763469746, 123.07366244936478, 122.94515726403208, 122.81665207869939, 122.68814689336669, 122.5571194179705, 122.31123278838862, 122.02123586047536, 121.73123893256209, 121.44124200464881, 121.15187073485292, 120.85960901298546, 120.56354366260811, 120.26747831223076, 119.97141296185342, 119.66957291809577, 119.37331952680974, 119.14333984901303
2OAR.pdb, 29, 29, 0.3056805448179275, 1.185214693530479, 1.0133096142117526, -, -, -, 1.6068507412951498, 69.82767564112649, , Z, -0.5904458934469397, -0.3406510453511297, -0.3082696882501119, -0.2776110252759299, -0.24759703951137008, -0.20252074497597175, -0.1637017549450837, -0.13648890518999054, -0.11382835350169089, -0.09344584166397113, -0.07306332982625136, -0.05268081798853161, -0.03229830615081185, -0.011915794313092087, -0.08282927819459815, -0.14320226898905009, -0.10273542594718792, -0.06879356732210704, -0.0335109183509031, 0.007275611568648248, 0.04806214148819961, 0.08884867140775095, 0.12963520132730233, 0.06792440495630259, 0.019813296007875195, 0.05535362181216626, 0.0934766991233858, 0.11949995802966873, 0.1454767503258086, 0.17145354262194845, 0.18750771290887966, 0.20202485383960675, 0.22386115676223306, 0.4108033686540404, 0.4393533977788709, 0.3787762712770532, 0.3942593590683008, 0.3682182693518795, 0.4996474328846793, 0.6439079156137563, 0.7876637030756279, 0.9186224777991789, 1.0495812525227297, 1.18011695112866, 1.2934499745967794, 1.140089902776026, 0.9541056257212851, 0.7273718739437547, 0.48550678830570326, 0.20646876507395576, 0.3012288314709041, 0.4476941014316645, 0.5528041936287992, 0.7991056910638992, 1.1909096689609582, 1.4293475761829626, 1.2962467483356894, 1.340188181292633, 1.3860911506796776, 1.5113450450947212, 1.5875039519681906, 1.6559181967815269, 1.7356390865642508, 1.8153599763469748, 1.8590450027112322, 1.8299089237687174, 1.7741609669973717, 1.6840177711035715, 1.5920122091877082, 1.5000066472718452, 1.3141368625296743, 1.1291142629350968, 0.9363268493911936, 0.8796590208375108, 0.6956093143603845, 0.5115596078832582, 0.3275099014061318, 0.1434601949290054, -0.04082913927911194, -0.19506735121383056, -0.2760020552014387, -0.38413871239489206, -0.49463669683910205, -0.605134681283312, -0.715632665727522, -0.826130650171732, -0.936628634615942, -1.066556501347991, -1.2383036586658758, -1.4100508159837606, -1.5817979733016454, -1.7535451306195304, -1.716821690408231, -1.5790223760419868, -1.4412230616757427, -1.3034237473094987, -1.1656244329432546, -1.0278251185770104, -0.8798182810776405, -0.6681094955955887, -0.4404969000295405, 0.005849149323593775, 0.4368651541279091, 0.8554017729102366, 1.247544809312771, 1.6945235701468366, 2.1455952621761902, 2.583767495483748, 3.021939728791306, 3.460111962098864, 3.6747216914897574, 3.9632634479945525, 4.257931175760788, 4.552598903527024, 4.847266631293259, 5.1321576886184035, 5.415324398819884, 5.70102844079592, 5.989037317769451, 6.277046194742984, 6.545330005105547, 6.656085965423434, 6.766841925741321, 6.915167648430595, 7.273868050479709, 7.660197146262783, 8.023982200863873, 8.385205645556518, 8.746429090249162, 9.107652534941808, 9.468875979634452, 9.830099424327098, 10.191322869019743, 10.554577310840225, 10.914341902374524, 11.261104243536634, 11.607866584698744, 11.954628925860854, 12.29494508981642, 12.633636444536476, 12.973494992712936, 13.313353540889398, 13.653212089065859, 13.949847470625688, 14.132392788652824, 14.345833541496583
2OAR.pdb, 29, 29, 0.3056805448179275, 1.185214693530479, 1.0133096142117526, -, -, -, 1.6068507412951498, 69.82767564112649, , distance, 0.0, 0.405854211203562, 0.8610260958094789, 1.3486492888665422, 1.842459803379057, 2.3402162929167662, 2.8383412310206744, 3.336364021497731, 3.8344232370156286, 4.332717747807544, 4.831364673026394, 5.330265108357043, 5.829353964803426, 6.328586664380153, 6.7811633228210235, 7.208768624083908, 7.708652007955151, 8.208572229755443, 8.708425912833132, 9.208265840426117, 9.708122253897157, 10.20799273144668, 10.707875303435452, 11.110466150328445, 11.561714914223758, 12.05410388195878, 12.553778968629526, 13.053181798072117, 13.55258263772857, 14.052026090617755, 14.551513721298589, 15.051036268131043, 15.550690721548941, 15.906928085183234, 16.35867722463786, 16.794977693211006, 17.294791552665266, 17.52481309998445, 17.595531582333933, 17.688056577094624, 17.79660608258735, 17.924084125242523, 18.064506508586287, 18.210159670545522, 18.066863882885674, 18.193506691418317, 18.36520481424774, 18.579570206172995, 18.753363054445526, 18.905364961835666, 18.84917198288158, 18.930798815735805, 19.25735741774611, 19.54964755981979, 19.49843189105777, 19.809276187024402, 20.13989246284425, 20.381384886992315, 20.643621235585137, 20.748130094479098, 20.77258275397482, 20.852810334920747, 20.940301270027646, 21.039314050008027, 21.122294199449335, 21.191639715647952, 21.3207546378615, 21.500201823403206, 21.687975258852063, 21.8855628945222, 22.106025943997892, 22.448284819190764, 22.786061124826606, 23.19275249872877, 23.59828869377011, 24.007388239493007, 24.41987204898863, 24.83557149928717, 25.254650178663105, 25.5764600637893, 25.661203742021385, 25.784682269285234, 25.919749519548564, 26.063710222918836, 26.216417871487128, 26.37772055050579, 26.547461589928353, 26.712036691639295, 26.856133224487948, 27.008718579884658, 27.16964973795884, 27.338779315092477, 27.591455107650226, 27.88700696963974, 28.1883295087168, 28.495239659621248, 28.80755883490496, 29.125113026283177, 29.45804298018092, 29.859177922986678, 30.251119473024808, 30.48126377098569, 30.73653959377509, 30.977119986576284, 31.144922096819553, 31.392634890818666, 31.59807054751484, 31.777356552645603, 31.963459084119993, 32.156259791375895, 32.36808883230602, 32.78703542872121, 33.21317507463948, 33.641348142919114, 34.07147797216199, 34.50174762630022, 34.93357045297105, 35.36790268029047, 35.804588444109285, 36.242910579885695, 36.62813084937273, 36.58111392559373, 36.54087878740418, 36.556086372700875, 36.805613581012956, 37.08567131274304, 37.35702393993653, 37.63156332576075, 37.910709292131315, 38.19436083670261, 38.48241832858212, 38.77478357267443, 39.07135986626897, 39.374000022847746, 39.69259746310228, 40.00916650717078, 40.329449733775924, 40.653359357620154, 40.97580656056431, 41.30420603305555, 41.641315804003746, 41.98167371313872, 42.32520140086887, 42.68979953027739, 43.09371806922728, 43.45623015666294
2OAR.pdb, 29, 29, 0.3056805448179275, 1.185214693530479, 1.0133096142117526, -, -, -, 1.6068507412951498, 69.82767564112649, , length, 0.0, 0.5, 1.0, 1.5, 2.0, 2.5, 3.0, 3.5, 4.0, 4.5, 5.0, 5.5, 6.0, 6.5, 7.0, 7.5, 8.0, 8.5, 9.0, 9.5, 10.0, 10.5, 11.0, 11.5, 12.0, 12.5, 13.0, 13.5, 14.0, 14.5, 15.0, 15.5, 16.0, 16.5, 17.0, 17.5, 18.0, 18.5, 19.0, 19.5, 20.0, 20.5, 21.0, 21.5, 22.0, 22.5, 23.0, 23.5, 24.0, 24.5, 25.0, 25.5, 26.0, 26.5, 27.0, 27.5, 28.0, 28.5, 29.0, 29.5, 30.0, 30.5, 31.0, 31.5, 32.0, 32.5, 33.0, 33.5, 34.0, 34.5, 35.0, 35.5, 36.0, 36.5, 37.0, 37.5, 38.0, 38.5, 39.0, 39.5, 40.0, 40.5, 41.0, 41.5, 42.0, 42.5, 43.0, 43.5, 44.0, 44.5, 45.0, 45.5, 46.0, 46.5, 47.0, 47.5, 48.0, 48.5, 49.0, 49.5, 50.0, 50.5, 51.0, 51.5, 52.0, 52.5, 53.0, 53.5, 54.0, 54.5, 55.0, 55.5, 56.0, 56.5, 57.0, 57.5, 58.0, 58.5, 59.0, 59.5, 60.0, 60.5, 61.0, 61.5, 62.0, 62.5, 63.0, 63.5, 64.0, 64.5, 65.0, 65.5, 66.0, 66.5, 67.0, 67.5, 68.0, 68.5, 69.0, 69.5, 70.0, 70.5, 71.0, 71.5, 72.0, 72.5
2OAR.pdb, 29, 29, 0.3056805448179275, 1.185214693530479, 1.0133096142117526, -, -, -, 1.6068507412951498, 69.82767564112649, , R, 3.1899092912527345, 3.102958534162822, 2.7785521980303085, 2.4815840719347784, 2.219640550972948, 2.005951689077987, 1.850526456633565, 1.759137741058678, 1.734120159834271, 1.7812054664407841, 1.901493394510252, 2.0876691319598595, 2.3301864997315054, 2.6191539714938687, 2.825050506523764, 2.700413713081089, 2.536828676991133, 2.4231641228522287, 2.3668280448888983, 2.3698533332575016, 2.4365749908189662, 2.5638722264162177, 2.746326178975694, 2.865182541911182, 2.6659211337694253, 2.4021910437617664, 2.1684734096039096, 1.9765664750123615, 1.848074095469339, 1.7908713522217852, 1.8002240657252266, 1.8825348438436227, 2.036137778299302, 2.1422744789228627, 2.129387953912286, 2.188220396072182, 2.2818289808955465, 2.2081261532319316, 1.889061514699752, 1.6114551374781376, 1.3914252825374018, 1.2385208337481073, 1.1711850929742518, 1.1913208245728457, 1.1207854005293294, 1.048090048545848, 1.0349111975298788, 1.1033805168102195, 1.2086700938006087, 1.3506253123117986, 1.3900667694322726, 1.3433753140306997, 1.2720138480457943, 1.1844602633123098, 1.0146795803942337, 1.049365157432749, 1.1475308878575166, 1.1468171058045442, 1.2220582627252194, 1.2489966189941986, 1.303312595273852, 1.403524834408794, 1.579912190455285, 1.8224412814081905, 2.0899714438173755, 2.3484981070946254, 2.62309439135088, 2.90582624338272, 3.2234228809088488, 3.5704010959495105, 3.785821840763671, 4.059764206482258, 4.354810551906411, 4.670018021604314, 4.964899563983689, 5.283787298418831, 5.623467004844013, 5.98111459027688, 6.353715369570436, 6.532705715851181, 6.223830118596233, 5.961695273838448, 5.72695154622806, 5.519946679924361, 5.3431910798825015, 5.199072431651519, 5.089725931124537, 5.139350421885638, 5.478815033534499, 5.83662121532627, 6.210222476614021, 6.597438227058376, 6.536968122313212, 6.273895142632716, 6.034791040441586, 5.821997945731052, 5.637862809910628, 5.484646042155472, 5.38412855742793, 5.441716849063672, 5.5109446574982535, 5.28685635149745, 5.059299926385842, 4.88716333100302, 4.851443095692613, 4.770551966862497, 4.710192204577535, 4.716011240330108, 4.761749555105492, 4.846546847123058, 4.71170277004193, 4.549753715271137, 4.428968000935985, 4.348435088528511, 4.309823367854735, 4.174327717196238, 4.054941486756903, 3.981739591265898, 3.956285156072124, 3.976386057322491, 4.0544676602143745, 4.275522945909877, 4.5299159282059325, 4.625634521925468, 4.286250798884918, 3.967128186279701, 3.666182635382197, 3.3965150664270056, 3.1648426301496797, 2.9770413095869803, 2.838785451360929, 2.754884873521125, 2.728561021419328, 2.7611838810316427, 2.8415251716749537, 2.9686980602341237, 3.146253178808983, 3.3687040390619125, 3.6288704503393387, 3.9199201555295384, 4.237224156852605, 4.579059655877936, 4.941534444670905, 5.219835107575248, 5.2119832959984915, 5.172551289137001
2OAR.pdb, 29, 29, 0.3056805448179275, 1.185214693530479, 1.0133096142117526, -, -, -, 1.6068507412951498, 69.82767564112649, , Upper limit of R overestimation, -, -, -, -, -, -, -, -, -, -, -, -, -, -, -, -, -, -, -, -, -, -, -, -, -, -, -, -, -, -, -, -, -, -, -, -, -, -, -, -, -, -, -, -, -, -, -, -, -, -, -, -, -, -, -, -, -, -, -, -, -, -, -, -, -, -, -, -, -, -, -, -, -, -, -, -, -, -, -, -, -, -, -, -, -, -, -, -, -, -, -, -, -, -, -, -, -, -, -, -, -, -, -, -, -, -, -, -, -, -, -, -, -, -, -, -, -, -, -, -, -, -, -, -, -, -, -, -, -, -, -, -, -, -, -, -, -, -, -, -, -, -, -, -, -, -
2OAR.pdb, 30, 30, 0.30391365595807457, 1.1910116443727699, 1.0723674037754236, -, -, -, 1.6658583151723183, 56.75109292753938, , X, 63.068282105920325, 62.79374789385973, 62.403422282203735, 62.01455499107009, 61.6318213213522, 61.25086628976528, 60.86615262523272, 60.47446739312172, 60.0885964226243, 59.70563499791301, 59.32267357320171, 58.93971214849042, 58.55675072377913, 58.17378929906784, 57.826140850037795, 57.443996606509145, 57.05421356598525, 56.6613398266591, 56.26432612755236, 55.86830890765192, 55.47229168775148, 55.076274467851036, 54.6802572479506, 54.428679366667886, 54.021937714905505, 53.62890682471425, 53.246536538581545, 52.87095819103486, 52.496298609227274, 52.12163902741969, 51.74444596902282, 51.366860471219574, 50.98811607188813, 50.61300530579921, 50.25588619420719, 49.940931426090955, 49.54746105815216, 49.24785371146132, 49.45779628068663, 49.56368985459679, 49.66958342850694, 49.77547700241709, 49.88137057632725, 49.9872641502374, 50.135593702527416, 49.97144980091777, 49.80730589930812, 49.9174403914419, 50.04497117062683, 49.93984996003906, 49.81590463577635, 49.737556319663, 50.067652220278866, 50.216939469677136, 50.30468911905832, 50.38384813898323, 50.567180996761294, 50.75030276646965, 50.942597172504755, 51.1371810521987, 51.32705032353638, 51.51691959487407, 51.69792426513809, 51.870365803961725, 52.0571006753124, 52.17415420519012, 52.25551405325763, 52.33687390132514, 52.361826657072356, 52.69207342171052, 53.00121969475536, 54.14036293407505, 54.40373520904236, 54.65779458217994, 54.823692722696144, 56.94284791742813, 56.67421663192846, 56.405585346428786, 56.136954060929106, 55.868322775429434, 55.59060906152554, 55.19624650734072, 54.801883953155894, 54.40752139897108, 54.013158844786254, 53.61879629060144, 53.224433736416614, 52.8606364905416, 52.69611381398333, 52.790336131598856, 52.96523627451574, 53.12986822877774, 51.22617043052865, 50.96796015817416, 50.62161349954273, 50.2752668409113, 49.92892018227987, 49.58257352364844, 49.23622686501701
2OAR.pdb, 30, 30, 0.30391365595807457, 1.1910116443727699, 1.0723674037754236, -, -, -, 1.6658583151723183, 56.75109292753938, , Y, 158.9692796110366, 158.80511158423258, 158.50055374051826, 158.18783964722232, 157.86760216059088, 157.54691322785456, 157.2301142553982, 156.9205304383884, 156.60345829277466, 156.28263887254843, 155.96181945232223, 155.641000032096, 155.3201806118698, 154.9993611916436, 154.69769250130008, 154.48221700426683, 154.17173504359323, 153.86441648535185, 153.56255339665796, 153.26005245365207, 152.9575515106462, 152.6550505676403, 152.35254962463443, 152.01469327282234, 151.79540418427982, 151.50050744395983, 151.1806385042043, 150.85163728605102, 150.5215533512378, 150.1914694164246, 149.8636728266321, 149.5362305500888, 149.21066933418555, 149.12580761916817, 148.85056699721102, 148.53833774370523, 148.23021221158146, 147.9479481621797, 147.65102075519567, 147.41476987647243, 147.1785189977492, 146.94226811902593, 146.70601724030269, 146.46976636157945, 146.36990372144183, 146.34817895510778, 146.3264541887737, 146.20922197791788, 146.10045161930168, 146.1390778678239, 146.04177200236003, 145.72704226816057, 145.65452361711613, 145.34113005834138, 144.949071889808, 144.58365381420066, 144.37396523070188, 144.15474459517222, 144.0401492200482, 143.98232272840406, 143.92108202308708, 143.8598413177701, 143.86142464447448, 143.92369546736097, 143.9813059771866, 144.0103312200799, 144.02602669049438, 144.04172216090885, 144.0205674691125, 143.78635222875948, 143.41166819434218, 142.3987258876895, 142.25224693388625, 142.09182859199228, 141.7984894372408, 136.67202087868657, 136.47801069590335, 136.2840005131201, 136.08999033033686, 135.89598014755364, 135.69916959381203, 135.46639288541283, 135.23361617701363, 135.00083946861446, 134.76806276021526, 134.53528605181606, 134.3025093434169, 134.09167914630558, 134.01969209025305, 134.11967501314317, 134.2503176352207, 134.3534679913792, 132.80652520503588, 132.58654668149393, 132.65607319520086, 132.7255997089078, 132.79512622261473, 132.8646527363217, 132.93417925002862
2OAR.pdb, 30, 30, 0.30391365595807457, 1.1910116443727699, 1.0723674037754236, -, -, -, 1.6658583151723183, 56.75109292753938, , Z, -0.5904458934469397, -0.3406510453511297, -0.3082696882501119, -0.2776110252759299, -0.24759703951137008, -0.20252074497597175, -0.1637017549450837, -0.13648890518999054, -0.11382835350169089, -0.09344584166397113, -0.07306332982625136, -0.05268081798853161, -0.03229830615081185, -0.011915794313092087, -0.08282927819459815, -0.14320226898905009, -0.10273542594718792, -0.06879356732210704, -0.0335109183509031, 0.007275611568648248, 0.04806214148819961, 0.08884867140775095, 0.12963520132730233, 0.06792440495630259, 0.019813296007875195, 0.05535362181216626, 0.0934766991233858, 0.11949995802966873, 0.1454767503258086, 0.17145354262194845, 0.18750771290887966, 0.20202485383960675, 0.22386115676223306, 0.4108033686540404, 0.4393533977788709, 0.3787762712770532, 0.3942593590683008, 0.23786127734565857, -0.04080354545166059, -0.46855589589175795, -0.8963082463318554, -1.3240605967719528, -1.7518129472120503, -2.1795652976521476, -2.603064726762511, -3.074853677557347, -3.546642628352183, -3.9984958599079725, -4.4599336243964744, -4.94715686689288, -5.379726400065034, -5.722081633365136, -6.090468084612645, -6.407398900490962, -6.705040281215722, -7.028537628275064, -7.441245994455462, -7.85140960989925, -8.282258669533368, -8.739136408469765, -9.197611310524366, -9.656086212578964, -10.11796828245589, -10.583141648315518, -11.043301118119494, -11.525188249858951, -12.018274679738035, -12.511361109617118, -12.988461744055737, -13.212633909534928, -13.3311263405812, -12.703537708455048, -12.304565327366772, -11.979121979969143, -12.3484851729808, -12.372797310075866, -11.998368035810072, -11.623938761544277, -11.249509487278484, -10.87508021301269, -10.54219873844021, -10.742930350010644, -10.943661961581077, -11.144393573151511, -11.345125184721946, -11.545856796292378, -11.746588407862813, -11.98807329163959, -12.434112226529685, -12.910069059328169, -13.359823766466135, -13.820536609417418, -15.82414589987773, -15.892235870917046, -16.246086200783505, -16.599936530649966, -16.953786860516427, -17.307637190382888, -17.66148752024935
2OAR.pdb, 30, 30, 0.30391365595807457, 1.1910116443727699, 1.0723674037754236, -, -, -, 1.6658583151723183, 56.75109292753938, , distance, 0.0, 0.405854211203562, 0.8610260958094789, 1.3486492888665422, 1.842459803379057, 2.3402162929167662, 2.8383412310206744, 3.336364021497731, 3.8344232370156286, 4.332717747807544, 4.831364673026394, 5.330265108357043, 5.829353964803426, 6.328586664380153, 6.7811633228210235, 7.208768624083908, 7.708652007955151, 8.208572229755443, 8.708425912833132, 9.208265840426117, 9.708122253897157, 10.20799273144668, 10.707875303435452, 11.110466150328445, 11.561714914223758, 12.05410388195878, 12.553778968629526, 13.053181798072117, 13.55258263772857, 14.052026090617755, 14.551513721298589, 15.051036268131043, 15.550690721548941, 15.906928085183234, 16.35867722463786, 16.794977693211006, 17.294791552665266, 17.696329582179388, 17.710178277968254, 17.773451106978342, 17.850510185058607, 17.94117787330623, 18.045249045007502, 18.162493295554864, 18.167260022215014, 18.357327698502136, 18.55892302224502, 18.63809306698709, 18.713265265531945, 18.86665677555754, 19.122844175348032, 19.47816175106501, 19.40487950759783, 19.61429096528619, 19.921440585650533, 20.2309198954037, 20.401818370581598, 20.589430706919565, 20.71412931112388, 20.817329465270685, 20.93771885689953, 21.06928892477164, 21.173237872162595, 21.25127996567412, 21.334189754821065, 21.49466794537392, 21.698203418180963, 21.911259960842848, 22.176631394605945, 22.304856441305475, 22.487995838650008, 22.383431031817963, 22.17553040108056, 22.029221418174437, 22.384386902248554, 25.952119294574892, 26.016954823821198, 26.09121271098108, 26.17481276255035, 26.267665780945883, 26.390358069954925, 26.784838426684118, 27.1827912478964, 27.584066243210962, 27.988520521688702, 28.39601823277567, 28.806430218950524, 29.20611141867361, 29.501461400122185, 29.578913723665288, 29.59992614006402, 29.660504925584938, 32.50832113362804, 32.81175345185452, 33.0515274187452, 33.297083428415235, 33.54829451649701, 33.805034611613706, 34.06717870941442
2OAR.pdb, 30, 30, 0.30391365595807457, 1.1910116443727699, 1.0723674037754236, -, -, -, 1.6658583151723183, 56.75109292753938, , length, 0.0, 0.5, 1.0, 1.5, 2.0, 2.5, 3.0, 3.5, 4.0, 4.5, 5.0, 5.5, 6.0, 6.5, 7.0, 7.5, 8.0, 8.5, 9.0, 9.5, 10.0, 10.5, 11.0, 11.5, 12.0, 12.5, 13.0, 13.5, 14.0, 14.5, 15.0, 15.5, 16.0, 16.5, 17.0, 17.5, 18.0, 18.5, 19.0, 19.5, 20.0, 20.5, 21.0, 21.5, 22.0, 22.5, 23.0, 23.5, 24.0, 24.5, 25.0, 25.5, 26.0, 26.5, 27.0, 27.5, 28.0, 28.5, 29.0, 29.5, 30.0, 30.5, 31.0, 31.5, 32.0, 32.5, 33.0, 33.5, 34.0, 34.5, 35.0, 35.5, 36.0, 36.5, 37.0, 37.5, 38.0, 38.5, 39.0, 39.5, 40.0, 40.5, 41.0, 41.5, 42.0, 42.5, 43.0, 43.5, 44.0, 44.5, 45.0, 45.5, 46.0, 46.5, 47.0, 47.5, 48.0, 48.5, 49.0
2OAR.pdb, 30, 30, 0.30391365595807457, 1.1910116443727699, 1.0723674037754236, -, -, -, 1.6658583151723183, 56.75109292753938, , R, 3.1899092912527345, 3.102958534162822, 2.7785521980303085, 2.4815840719347784, 2.219640550972948, 2.005951689077987, 1.850526456633565, 1.759137741058678, 1.734120159834271, 1.7812054664407841, 1.901493394510252, 2.0876691319598595, 2.3301864997315054, 2.6191539714938687, 2.825050506523764, 2.700413713081089, 2.536828676991133, 2.4231641228522287, 2.3668280448888983, 2.3698533332575016, 2.4365749908189662, 2.5638722264162177, 2.746326178975694, 2.865182541911182, 2.6659211337694253, 2.4021910437617664, 2.1684734096039096, 1.9765664750123615, 1.848074095469339, 1.7908713522217852, 1.8002240657252266, 1.8825348438436227, 2.036137778299302, 2.1422744789228627, 2.129387953912286, 2.188220396072182, 2.2818289808955465, 2.24865147425619, 2.048582951500206, 1.7524547873484542, 1.5103690185754126, 1.336100915976834, 1.2425148860676924, 1.2378369330414514, 1.171289036072395, 1.0818964552059915, 1.0870469216229393, 1.0974556866375558, 1.1802092478904882, 1.3285527017093495, 1.4198367011711759, 1.3457777564660676, 1.4000564422900625, 1.371490350205153, 1.3728006165926208, 1.4404258829691972, 1.3900012769794037, 1.415477345116929, 1.4376746055918748, 1.486099178869496, 1.6099945692981397, 1.8052217571873057, 2.016695298358317, 2.243073255658295, 2.5163445651898138, 2.7989800737383024, 3.1045450851217553, 3.4417784726143403, 3.7544234772154774, 3.855965121918372, 3.8300723141908466, 3.4627792937231, 3.32155137065874, 3.256211776226165, 3.4925993281583447, 5.003781046799208, 4.694533086665194, 4.411367786938854, 4.158188633940881, 3.9391692134696856, 3.7456485110410473, 3.4199003804984254, 3.1252316730888894, 2.867908251557702, 2.654841356447918, 2.4930863283671854, 2.389018215146556, 2.3569825074213147, 2.4397922656726676, 2.595621478245923, 2.810682343929544, 3.0451826344478383, 1.9060315354608726, 1.7736035353518411, 2.034469817852612, 2.342730526967706, 2.687982718822791, 3.061871888197484, 3.4579495214191778
2OAR.pdb, 30, 30, 0.30391365595807457, 1.1910116443727699, 1.0723674037754236, -, -, -, 1.6658583151723183, 56.75109292753938, , Upper limit of R overestimation, -, -, -, -, -, -, -, -, -, -, -, -, -, -, -, -, -, -, -, -, -, -, -, -, -, -, -, -, -, -, -, -, -, -, -, -, -, -, -, -, -, -, -, -, -, -, -, -, -, -, -, -, -, -, -, -, -, -, -, -, -, -, -, -, -, -, -, -, -, -, -, -, -, -, -, -, -, -, -, -, -, -, -, -, -, -, -, -, -, -, -, -, -, -, -, -, -, -, -
2OAR.pdb, 31, 31, 0.29879497201163185, 1.2079976531353633, 1.0070965579790108, -, -, -, 1.5436334016220385, 56.79364420456479, , X, 63.068282105920325, 62.79374789385973, 62.403422282203735, 62.01455499107009, 61.6318213213522, 61.25086628976528, 60.86615262523272, 60.47446739312172, 60.0885964226243, 59.70563499791301, 59.32267357320171, 58.93971214849042, 58.55675072377913, 58.17378929906784, 57.826140850037795, 57.443996606509145, 57.05421356598525, 56.6613398266591, 56.26432612755236, 55.86830890765192, 55.47229168775148, 55.076274467851036, 54.6802572479506, 54.428679366667886, 54.021937714905505, 53.62890682471425, 53.246536538581545, 52.87095819103486, 52.496298609227274, 52.12163902741969, 51.74444596902282, 51.366860471219574, 50.98811607188813, 50.61300530579921, 50.25588619420719, 49.940931426090955, 49.54746105815216, 49.247575309091864, 48.85265758871987, 48.457739868347886, 48.06282214797589, 47.6679044276039, 47.27298670723191, 46.87806898685992, 46.48315126648793, 46.08823354611594, 45.69331582574395, 45.374619940590826, 45.08129618566133, 44.78761353452235, 44.4660145164771, 44.07198718846425, 43.67795986045139, 43.283932532438534, 42.88990520442567, 42.49587787641282, 42.1411379583235, 41.75413971458738, 41.367141470851266, 41.082065967085995, 40.89586161411496, 40.831367907656954, 40.455024786696946, 40.074578405271424, 39.69413202384591, 39.31368564242039, 38.933239260994874, 38.55279287956935, 38.17234649814384, 37.79190011671832, 37.42729748397065, 37.082566959378234, 36.815896678654596, 36.59833273601397, 36.34848315406818, 36.000743568277564, 35.6617659587626, 35.319044273623696, 34.88128495893912, 34.575655785803185, 34.407710724534574, 34.23976566326597, 34.06996737008211, 33.88575541696817, 33.80853516340233, 33.80068418855958, 33.792833213716825, 33.813467530701644, 33.90126939145059, 33.99612661317746, 34.025231419087675, 33.982756940544014, 33.93432339207535, 33.885889843606684, 33.83745629513802, 33.77860393491584, 33.69690063032021, 33.53683050709607, 33.1462783781075, 32.75230484751887, 32.524436171509194, 32.318446956804394, 32.11809249123104, 31.917738025657677, 31.717383560084315, 28.31225625472265, 28.007770526378582, 27.70328479803451, 27.398799069690437, 27.539077485776275, 27.68857876725864
2OAR.pdb, 31, 31, 0.29879497201163185, 1.2079976531353633, 1.0070965579790108, -, -, -, 1.5436334016220385, 56.79364420456479, , Y, 158.9692796110366, 158.80511158423258, 158.50055374051826, 158.18783964722232, 157.86760216059088, 157.54691322785456, 157.2301142553982, 156.9205304383884, 156.60345829277466, 156.28263887254843, 155.96181945232223, 155.641000032096, 155.3201806118698, 154.9993611916436, 154.69769250130008, 154.48221700426683, 154.17173504359323, 153.86441648535185, 153.56255339665796, 153.26005245365207, 152.9575515106462, 152.6550505676403, 152.35254962463443, 152.01469327282234, 151.79540418427982, 151.50050744395983, 151.1806385042043, 150.85163728605102, 150.5215533512378, 150.1914694164246, 149.8636728266321, 149.5362305500888, 149.21066933418555, 149.12580761916817, 148.85056699721102, 148.53833774370523, 148.23021221158146, 147.94795958652614, 147.65177335324876, 147.3555871199714, 147.05940088669402, 146.76321465341667, 146.4670284201393, 146.17084218686193, 145.87465595358455, 145.5784697203072, 145.28228348702982, 144.93566037912518, 144.66647192030055, 144.39073824339104, 144.2157233991542, 143.91304429291574, 143.6103651866773, 143.30768608043886, 143.00500697420043, 142.70232786796197, 142.39263757176576, 142.0766868778498, 141.76073618393386, 141.45635188217298, 141.02045863992348, 140.99004384927048, 141.1818912603422, 141.45772460417516, 141.7335579480081, 142.00939129184104, 142.285224635674, 142.56105797950696, 142.8368913233399, 143.11272466717284, 143.41201634586739, 143.68793753231023, 143.85106447129397, 144.11284216823276, 144.37819712785173, 144.65324340219945, 144.91801918040267, 145.18202071921164, 145.42286517064997, 145.7748463017482, 146.23949416539483, 146.70414202904144, 147.14367740273548, 147.40866276301705, 147.72823282857996, 148.08264318826525, 148.43705354795054, 148.799086333224, 149.1778937385258, 149.55794330787657, 149.91821188757888, 150.14593717503215, 150.35820536532572, 150.57047355561932, 150.78274174591292, 150.99889487773777, 151.22150113348772, 151.45735221557806, 151.67846725627115, 151.89637706129062, 152.3332892465833, 152.78820698872119, 153.2459881159097, 153.70376924309824, 154.16155037028676, 155.22980075006555, 155.11217809390334, 154.9945554377411, 154.87693278157886, 155.30126175202628, 155.7368289190915
2OAR.pdb, 31, 31, 0.29879497201163185, 1.2079976531353633, 1.0070965579790108, -, -, -, 1.5436334016220385, 56.79364420456479, , Z, -0.5904458934469397, -0.3406510453511297, -0.3082696882501119, -0.2776110252759299, -0.24759703951137008, -0.20252074497597175, -0.1637017549450837, -0.13648890518999054, -0.11382835350169089, -0.09344584166397113, -0.07306332982625136, -0.05268081798853161, -0.03229830615081185, -0.011915794313092087, -0.08282927819459815, -0.14320226898905009, -0.10273542594718792, -0.06879356732210704, -0.0335109183509031, 0.007275611568648248, 0.04806214148819961, 0.08884867140775095, 0.12963520132730233, 0.06792440495630259, 0.019813296007875195, 0.05535362181216626, 0.0934766991233858, 0.11949995802966873, 0.1454767503258086, 0.17145354262194845, 0.18750771290887966, 0.20202485383960675, 0.22386115676223306, 0.4108033686540404, 0.4393533977788709, 0.3787762712770532, 0.3942593590683008, 0.2383041567589102, 0.317763009967068, 0.3972218631752258, 0.4766807163833836, 0.5561395695915414, 0.6355984227996991, 0.715057276007857, 0.7945161292160148, 0.8739749824241726, 0.9534338356323303, 0.828533005063545, 0.603481729477974, 0.546236817136218, 0.7449541950175178, 0.8008811422410497, 0.8568080894645816, 0.9127350366881135, 0.9686619839116455, 1.0245889311351775, 1.0008535420120923, 1.0210406259815197, 1.0412277099509468, 0.9085596730341857, 0.8992304672862779, 1.3297347930538692, 1.4981835611712317, 1.6689949111751552, 1.8398062611790784, 2.010617611183002, 2.181428961186925, 2.3522403111908483, 2.5230516611947715, 2.693863011198695, 2.859315334548069, 3.0663001783234165, 3.456078930799665, 3.8223279830142545, 4.155322134985958, 4.386388498144732, 4.641315875106099, 4.888876489578962, 4.905725283195713, 4.952218761348, 5.029009510817696, 5.105800260287392, 5.221060193770543, 5.602957402752813, 5.966654676875602, 6.3192616239735955, 6.671868571071588, 7.013367927221128, 7.327500458335673, 7.6382486398630425, 7.981267099039602, 8.420548354197031, 8.870655460086528, 9.320762565976025, 9.77086967186552, 10.21783593255755, 10.652966439945818, 10.75497549085726, 10.534573192044887, 10.317144433496086, 10.275692698390568, 10.253925901357787, 10.23676409158098, 10.219602281804173, 10.202440472027366, 9.733126153168904, 9.354373790810437, 8.975621428451968, 8.596869066093499, 8.779975879457947, 8.97473370294629
2OAR.pdb, 31, 31, 0.29879497201163185, 1.2079976531353633, 1.0070965579790108, -, -, -, 1.5436334016220385, 56.79364420456479, , distance, 0.0, 0.405854211203562, 0.8610260958094789, 1.3486492888665422, 1.842459803379057, 2.3402162929167662, 2.8383412310206744, 3.336364021497731, 3.8344232370156286, 4.332717747807544, 4.831364673026394, 5.330265108357043, 5.829353964803426, 6.328586664380153, 6.7811633228210235, 7.208768624083908, 7.708652007955151, 8.208572229755443, 8.708425912833132, 9.208265840426117, 9.708122253897157, 10.20799273144668, 10.707875303435452, 11.110466150328445, 11.561714914223758, 12.05410388195878, 12.553778968629526, 13.053181798072117, 13.55258263772857, 14.052026090617755, 14.551513721298589, 15.051036268131043, 15.550690721548941, 15.906928085183234, 16.35867722463786, 16.794977693211006, 17.294791552665266, 17.696560628898823, 18.193261712000353, 18.69013871939915, 19.18717798373251, 19.684367213819073, 20.18169532614942, 20.679152300482887, 21.176729055631156, 21.67441734221842, 22.17220964977791, 22.627895409902894, 23.011463089133567, 23.409586912416653, 23.78014032260311, 24.2793169892778, 24.77852685631195, 25.277767956686997, 25.777038475652134, 26.27633673628023, 26.744394877538536, 27.24425157587617, 27.744113438593633, 28.14859419985802, 28.565635655070377, 28.660432053737562, 28.846368296936905, 28.990861342518965, 29.14321737282611, 29.303313742620087, 29.47102430790385, 29.64621984698375, 29.828768473980396, 30.018536042468167, 30.189226310308467, 30.366899730425033, 30.563418211752776, 30.673189048778866, 30.811842824443318, 31.0220794883393, 31.239820393478723, 31.466357936702774, 31.75248100475929, 31.884854656193813, 31.85991318946271, 31.842804217493093, 31.851542005207126, 31.994155251350143, 32.023264852211646, 31.982107473245232, 31.948723058449822, 31.89192674891052, 31.769163388735166, 31.64608806358098, 31.60529834945576, 31.702005665569622, 31.819028722244205, 31.94345025876501, 32.07518417782487, 32.22159580449358, 32.39012877438254, 32.51544668485683, 32.74520272547114, 32.98575380903912, 33.09132606105686, 33.186720538252935, 33.28511347108945, 33.39070435738819, 33.50342514104647, 36.44915876837816, 36.64718465155332, 36.8509309359703, 37.06030327466655, 36.92673205357081, 36.792184041163175
2OAR.pdb, 31, 31, 0.29879497201163185, 1.2079976531353633, 1.0070965579790108, -, -, -, 1.5436334016220385, 56.79364420456479, , length, 0.0, 0.5, 1.0, 1.5, 2.0, 2.5, 3.0, 3.5, 4.0, 4.5, 5.0, 5.5, 6.0, 6.5, 7.0, 7.5, 8.0, 8.5, 9.0, 9.5, 10.0, 10.5, 11.0, 11.5, 12.0, 12.5, 13.0, 13.5, 14.0, 14.5, 15.0, 15.5, 16.0, 16.5, 17.0, 17.5, 18.0, 18.5, 19.0, 19.5, 20.0, 20.5, 21.0, 21.5, 22.0, 22.5, 23.0, 23.5, 24.0, 24.5, 25.0, 25.5, 26.0, 26.5, 27.0, 27.5, 28.0, 28.5, 29.0, 29.5, 30.0, 30.5, 31.0, 31.5, 32.0, 32.5, 33.0, 33.5, 34.0, 34.5, 35.0, 35.5, 36.0, 36.5, 37.0, 37.5, 38.0, 38.5, 39.0, 39.5, 40.0, 40.5, 41.0, 41.5, 42.0, 42.5, 43.0, 43.5, 44.0, 44.5, 45.0, 45.5, 46.0, 46.5, 47.0, 47.5, 48.0, 48.5, 49.0, 49.5, 50.0, 50.5, 51.0, 51.5, 52.0, 52.5, 53.0, 53.5, 54.0, 54.5, 55.0
2OAR.pdb, 31, 31, 0.29879497201163185, 1.2079976531353633, 1.0070965579790108, -, -, -, 1.5436334016220385, 56.79364420456479, , R, 3.1899092912527345, 3.102958534162822, 2.7785521980303085, 2.4815840719347784, 2.219640550972948, 2.005951689077987, 1.850526456633565, 1.759137741058678, 1.734120159834271, 1.7812054664407841, 1.901493394510252, 2.0876691319598595, 2.3301864997315054, 2.6191539714938687, 2.825050506523764, 2.700413713081089, 2.536828676991133, 2.4231641228522287, 2.3668280448888983, 2.3698533332575016, 2.4365749908189662, 2.5638722264162177, 2.746326178975694, 2.865182541911182, 2.6659211337694253, 2.4021910437617664, 2.1684734096039096, 1.9765664750123615, 1.848074095469339, 1.7908713522217852, 1.8002240657252266, 1.8825348438436227, 2.036137778299302, 2.1422744789228627, 2.129387953912286, 2.188220396072182, 2.2818289808955465, 2.2485338435290654, 1.8940702308497674, 1.5799844761748827, 1.3197063164834346, 1.1291432908067738, 1.0240102960831785, 1.0149588947215409, 1.1029839513955397, 1.278941410717481, 1.5276386321182973, 1.747088733452181, 1.9017840909133485, 1.9523347540900824, 2.1022585604560575, 2.300126860630893, 2.5501328459682866, 2.8433236799882677, 3.1716101382001685, 3.528149942442188, 3.8661066453558157, 4.256018011134325, 4.661797742950659, 4.976322890147367, 5.228935919151494, 5.253317106205589, 4.917809599621446, 4.523455169212001, 4.145801648802447, 3.788414665874335, 3.45566319259725, 3.152813087152563, 2.886034508348921, 2.662236008412092, 2.4670167288345968, 2.314337704670394, 2.1762605100344743, 2.0094508225765306, 1.8863525043277973, 1.7657054891866313, 1.7176724986753897, 1.7427524053522885, 1.7251150736012928, 1.6820162714242448, 1.6094624040666394, 1.615946695093438, 1.6647202152198481, 1.5348752112047381, 1.44429430780335, 1.411625433782452, 1.4635908943293425, 1.587014909393993, 1.7619001719104972, 1.9974863218667593, 2.2213096877159484, 2.3545215455873256, 2.5309649438272275, 2.7588686290904083, 3.030507280942525, 3.334819884723832, 3.6580764203041336, 3.694060086942627, 3.482980182712194, 3.309646634157288, 3.241970479531204, 3.2344332247413825, 3.281345363428841, 3.379101888031568, 3.52474789456414, 3.4421137776455732, 3.2027153445852625, 3.0060918361940163, 2.858010323576585, 2.9437212140880145, 3.0860099994174175
2OAR.pdb, 31, 31, 0.29879497201163185, 1.2079976531353633, 1.0070965579790108, -, -, -, 1.5436334016220385, 56.79364420456479, , Upper limit of R overestimation, -, -, -, -, -, -, -, -, -, -, -, -, -, -, -, -, -, -, -, -, -, -, -, -, -, -, -, -, -, -, -, -, -, -, -, -, -, -, -, -, -, -, -, -, -, -, -, -, -, -, -, -, -, -, -, -, -, -, -, -, -, -, -, -, -, -, -, -, -, -, -, -, -, -, -, -, -, -, -, -, -, -, -, -, -, -, -, -, -, -, -, -, -, -, -, -, -, -, -, -, -, -, -, -, -, -, -, -, -, -, -
2OAR.pdb, 32, 32, 0.29612760118831466, 1.216964832452904, 1.0070965579790108, -, -, -, 1.3264009653581643, 111.99746366994206, , X, 63.068282105920325, 62.79374789385973, 62.403422282203735, 62.01455499107009, 61.6318213213522, 61.25086628976528, 60.86615262523272, 60.47446739312172, 60.0885964226243, 59.70563499791301, 59.32267357320171, 58.93971214849042, 58.55675072377913, 58.17378929906784, 57.826140850037795, 57.443996606509145, 57.05421356598525, 56.6613398266591, 56.26432612755236, 55.86830890765192, 55.47229168775148, 55.076274467851036, 54.6802572479506, 54.428679366667886, 54.021937714905505, 53.62890682471425, 53.246536538581545, 52.87095819103486, 52.496298609227274, 52.12163902741969, 51.74444596902282, 51.366860471219574, 50.98811607188813, 50.61300530579921, 50.25588619420719, 49.940931426090955, 49.54746105815216, 49.247575309091864, 48.85265758871987, 48.457739868347886, 48.06282214797589, 47.6679044276039, 47.27298670723191, 46.87806898685992, 46.48315126648793, 46.08823354611594, 45.69331582574395, 45.374619940590826, 45.08129618566133, 44.78761353452235, 44.4660145164771, 44.07198718846425, 43.67795986045139, 43.283932532438534, 42.88990520442567, 42.49587787641282, 42.1411379583235, 41.75413971458738, 41.367141470851266, 41.082065967085995, 40.89586161411496, 40.62273813983697, 40.3704248212961, 39.99525703076441, 39.62008924023271, 39.27489080372531, 38.91077465652104, 38.523805108881696, 38.13683556124235, 37.74992145011914, 37.36209033708711, 36.97742187252433, 36.59338752003669, 36.20935316754905, 35.90018892222992, 35.59130441546201, 35.204462390736516, 34.82099584307477, 34.54748763722924, 34.15884829168988, 33.77020894615052, 33.39622606987176, 32.99057301908144, 32.595264111108776, 32.219259258365746, 31.83973772692892, 31.43417422385689, 31.04128238384504, 30.66908323472897, 30.48217036024188, 30.134781716516446, 29.782297864838533, 29.468354202941402, 29.09291449156953, 28.71145817750356, 28.329828357534296, 27.94727796681399, 27.56273596179537, 27.178193956776745, 26.791087173113723, 26.456946192027644, 26.1296235567806, 25.735445357656836, 25.344235916041857, 25.131215043020127, 24.92442811913607, 24.582085622757816, 24.1951487423424, 23.806708412873288, 23.418268083404172, 23.030890766583607, 22.64572694793248, 22.26056312928135, 21.875399310630225, 21.491608706677134, 21.111482077706214, 20.731355448735293, 20.35122881976437, 19.97110219079345, 19.59097556182253, 19.206967637205853, 18.82208907951126, 18.437210521816667, 18.052331964122075, 17.69364240863559, 17.312117097443387, 16.937723251264668, 16.51721930361526, 16.09278865439961, 15.666944823381792, 15.429330805512292, 15.047451153221619, 14.665571500930946, 14.283691848640274, 13.9018121963496, 13.519932544058927, 13.138052891768254, 12.756236862392939, 12.374691981741597, 11.993147101090255, 11.611602220438915, 11.230057339787573, 10.848512459136233, 10.46696757848489, 10.085422697833549, 9.703877817182208, 9.322125004869775, 8.939917961504204, 8.55771091813863, 8.175599748310898, 7.7938558331720715, 7.412111918033244, 7.030368002894417, 6.64862408775559, 6.266880172616764, 5.885136257477937, 5.494228876580611, 5.149684543612541, 5.207834375280945, 5.3203239220146274, 5.43281346874831, 5.545303015481992, 5.657792562215675, 5.770282108949357, 5.882771655683039, 5.853716431161371, 5.6249335889814915, 5.396150746801611, 5.167367904621731, 4.938464165733606, 4.708649195573524, 4.478834225413442, 4.249100730762003, 4.019777698094479, 3.790454665426955, 3.5627075305134532, 3.429309480813908, 3.3208829334209717, 3.2124563860280353, 3.104029838635099, 2.9956032912421624, 2.887176743849226, 2.6198276690833437, 2.27951862064135, 1.944585182757905, 1.6096517448744603, 1.2747183069910157, 0.9397848691075712, 0.6048514312241264, 0.2699179933406817, -0.06501544454276287, -0.39669085029784285, -0.6324168909497763, -1.0234608550817181, -1.4654786367356016, -1.907496418389485, -2.349514200043368, -2.7645883716699737, -3.213636625952147, -3.662684880234321, -4.111733134516495, -4.560781388798668, -4.956762505398401, -5.341187285366433, -5.725612065334467, -6.187964340544079, -6.634247476902702, -7.044456566629864, -7.457357207297908, -7.6016230675550664, -7.578728888409314, -7.555834709263562, -7.532940530117809, -7.510046350972057, -7.487152171826304, -7.464257992680552, -7.4413638135347995, -7.418469634389047, -7.322139473257335, -7.19326343862523, -7.064387403993127, -6.9355113693610235, -6.80663533472892, -6.677759300096817, -6.548883265464713, -6.448239818317231, -6.2375143024384085, -6.497205527292599, -6.8583998054670445, -7.158247114395209
2OAR.pdb, 32, 32, 0.29612760118831466, 1.216964832452904, 1.0070965579790108, -, -, -, 1.3264009653581643, 111.99746366994206, , Y, 158.9692796110366, 158.80511158423258, 158.50055374051826, 158.18783964722232, 157.86760216059088, 157.54691322785456, 157.2301142553982, 156.9205304383884, 156.60345829277466, 156.28263887254843, 155.96181945232223, 155.641000032096, 155.3201806118698, 154.9993611916436, 154.69769250130008, 154.48221700426683, 154.17173504359323, 153.86441648535185, 153.56255339665796, 153.26005245365207, 152.9575515106462, 152.6550505676403, 152.35254962463443, 152.01469327282234, 151.79540418427982, 151.50050744395983, 151.1806385042043, 150.85163728605102, 150.5215533512378, 150.1914694164246, 149.8636728266321, 149.5362305500888, 149.21066933418555, 149.12580761916817, 148.85056699721102, 148.53833774370523, 148.23021221158146, 147.94795958652614, 147.65177335324876, 147.3555871199714, 147.05940088669402, 146.76321465341667, 146.4670284201393, 146.17084218686193, 145.87465595358455, 145.5784697203072, 145.28228348702982, 144.93566037912518, 144.66647192030055, 144.39073824339104, 144.2157233991542, 143.91304429291574, 143.6103651866773, 143.30768608043886, 143.00500697420043, 142.70232786796197, 142.39263757176576, 142.0766868778498, 141.76073618393386, 141.45635188217298, 141.02045863992348, 140.62757476045954, 140.22122768376582, 139.89069913820086, 139.5601705926359, 139.2054180641382, 138.86837484232618, 138.55186812823274, 138.23536141413928, 137.91880551704534, 137.60338191293454, 137.2862451411739, 136.96876487254661, 136.65128460391932, 136.3344495838101, 135.99778167780946, 135.68114571745542, 135.361038321438, 135.07101405908054, 134.759124207312, 134.4472343555435, 134.1276301169384, 133.83629808393255, 133.53278531752477, 133.2044556151333, 132.87979994628373, 132.60024290798734, 132.2961037627456, 132.07961163620467, 131.78584408157246, 131.4993415664634, 131.24656766846886, 130.89700573612825, 130.56687633289243, 130.24391648884514, 129.92116339949087, 129.59944566457213, 129.27996787340052, 128.96049008222892, 128.64895681695398, 128.30176112134797, 128.50341566075414, 128.30370621918377, 127.99245202119228, 127.55521658549824, 127.1134769399096, 126.76170889854711, 126.44517467195939, 126.13038841925149, 125.81560216654357, 125.49950597840196, 125.18068212781104, 124.86185827722011, 124.54303442662918, 124.22265661243776, 123.89813255384362, 123.57360849524949, 123.24908443665537, 122.92456037806123, 122.6000363194671, 122.28002231640916, 121.96101998674366, 121.64201765707818, 121.3230153274127, 121.06129036242483, 120.7381228583891, 120.43476450758898, 120.23970432198057, 119.98143636588333, 119.72514319371567, 119.36231579116064, 119.0395957657772, 118.71687574039375, 118.39415571501029, 118.07143568962684, 117.74871566424338, 117.42599563885993, 117.10319851438393, 116.78007280828854, 116.45694710219315, 116.13382139609776, 115.81069569000236, 115.48756998390697, 115.16444427781157, 114.84131857171617, 114.51819286562078, 114.19531227869564, 113.87296715971348, 113.55062204073134, 113.2281654498912, 112.90528185319046, 112.58239825648972, 112.25951465978898, 111.93663106308824, 111.61374746638751, 111.29086386968676, 110.97932406314088, 110.71165978066017, 110.67025767213376, 110.73782427459848, 110.8053908770632, 110.87295747952793, 110.94052408199265, 111.00809068445737, 111.07565728692208, 111.02752853233606, 110.8161471345551, 110.60476573677414, 110.39338433899317, 110.18190895042146, 109.96972512777367, 109.75754130512588, 109.54640407149161, 109.3405394039325, 109.13467473637338, 108.9448612138968, 109.08507930848566, 109.31009998642324, 109.53512066436083, 109.76014134229841, 109.98516202023599, 110.21018269817358, 110.23191651227928, 110.1564965072453, 110.08302479071497, 110.00955307418465, 109.93608135765433, 109.86260964112401, 109.78913792459369, 109.71566620806337, 109.64219449153306, 109.62888487350948, 109.59070827009641, 109.3839510426279, 109.18782630552037, 108.99170156841284, 108.79557683130531, 108.65281523360595, 108.44568954346578, 108.2385638533256, 108.03143816318543, 107.82431247304525, 107.848579983892, 107.9232375824969, 107.99789518110178, 107.85707503730059, 107.74178096478987, 107.72461528537765, 107.75374631243744, 107.92746717727478, 108.19116017060264, 108.45485316393052, 108.71854615725839, 108.98223915058625, 109.24593214391413, 109.509625137242, 109.77331813056986, 110.03701112389774, 110.44777273819884, 110.92371325532972, 111.39965377246061, 111.87559428959149, 112.35153480672237, 112.82747532385325, 113.30341584098413, 113.7840371095434, 114.16633430343367, 114.56577546073908, 114.90995589418598, 115.30232287126817
2OAR.pdb, 32, 32, 0.29612760118831466, 1.216964832452904, 1.0070965579790108, -, -, -, 1.3264009653581643, 111.99746366994206, , Z, -0.5904458934469397, -0.3406510453511297, -0.3082696882501119, -0.2776110252759299, -0.24759703951137008, -0.20252074497597175, -0.1637017549450837, -0.13648890518999054, -0.11382835350169089, -0.09344584166397113, -0.07306332982625136, -0.05268081798853161, -0.03229830615081185, -0.011915794313092087, -0.08282927819459815, -0.14320226898905009, -0.10273542594718792, -0.06879356732210704, -0.0335109183509031, 0.007275611568648248, 0.04806214148819961, 0.08884867140775095, 0.12963520132730233, 0.06792440495630259, 0.019813296007875195, 0.05535362181216626, 0.0934766991233858, 0.11949995802966873, 0.1454767503258086, 0.17145354262194845, 0.18750771290887966, 0.20202485383960675, 0.22386115676223306, 0.4108033686540404, 0.4393533977788709, 0.3787762712770532, 0.3942593590683008, 0.2383041567589102, 0.317763009967068, 0.3972218631752258, 0.4766807163833836, 0.5561395695915414, 0.6355984227996991, 0.715057276007857, 0.7945161292160148, 0.8739749824241726, 0.9534338356323303, 0.828533005063545, 0.603481729477974, 0.546236817136218, 0.7449541950175178, 0.8008811422410497, 0.8568080894645816, 0.9127350366881135, 0.9686619839116455, 1.0245889311351775, 1.0008535420120923, 1.0210406259815197, 1.0412277099509468, 0.9085596730341857, 0.8992304672862779, 0.868464237037524, 0.8971881966762967, 0.8972857378368999, 0.8973832789975031, 0.9577720030004422, 0.9976255129651869, 1.0064611868822817, 1.0152968607993766, 1.0247099382630662, 1.0344555767130381, 1.070668716654703, 1.112188532908371, 1.1537083491620388, 1.0594370368828443, 0.995676431736212, 0.9876742391446302, 0.965659202480312, 0.8317652562495294, 0.8728040118659592, 0.9138427674823892, 0.9883756830089289, 1.0122764974128988, 1.045639291647937, 1.0742741871641037, 1.0955341948699688, 1.0714876972270275, 1.107134557130132, 1.0108981751700705, 1.2341479274479805, 1.3611036477568657, 1.4319449865897929, 1.3016359915870437, 1.2939158721466246, 1.3070662417819605, 1.320818471510659, 1.3277467605264144, 1.3199117541851089, 1.3120767478438031, 1.2862143404838515, 1.2998814622591734, 1.5387251434480902, 1.5830584926673366, 1.5792323153320968, 1.4726504723881968, 1.3626265948625136, 1.3292040371377427, 1.323189636279079, 1.3183187484711418, 1.3134478606632047, 1.3102968370248183, 1.3107270654027492, 1.3111572937806804, 1.3115875221586113, 1.3081637316145376, 1.294456750152661, 1.2807497686907843, 1.2670427872289078, 1.2533358057670312, 1.2396288243051548, 1.228707800738957, 1.2184117094940903, 1.2081156182492239, 1.1978195270043572, 1.322960419359602, 1.3218644015585816, 1.3809346988924578, 1.5182597075322437, 1.5621873698303066, 1.5793895922942949, 1.5436112790693233, 1.53917096569551, 1.5347306523216968, 1.5302903389478835, 1.5258500255740701, 1.5214097122002568, 1.5169693988264434, 1.5126803358206438, 1.509035873019923, 1.5053914102192019, 1.5017469474184808, 1.49810248461776, 1.494458021817039, 1.490813559016318, 1.487169096215597, 1.483524633414876, 1.4799643384388335, 1.4765879098323649, 1.473211481225896, 1.4696614572142164, 1.4654464559004394, 1.4612314545866625, 1.4570164532728855, 1.4528014519591086, 1.4485864506453314, 1.4443714493315545, 1.4439854842234003, 1.3186308922504626, 0.9379996295794357, 0.45552594521206524, -0.02694773915530524, -0.5094214235226757, -0.9918951078900464, -1.474368792257417, -1.9568424766247874, -2.4014274470467867, -2.7925493152621312, -3.1836711834774754, -3.57479305169282, -3.9657929871650053, -4.355873882489158, -4.745954777813312, -5.136641594526626, -5.530380956718097, -5.9241203189095675, -6.326367711573967, -6.754584891415255, -7.187723874099748, -7.620862856784241, -8.054001839468734, -8.487140822153227, -8.92027980483772, -9.302391052099516, -9.660821785015731, -10.024719434166787, -10.388617083317843, -10.7525147324689, -11.116412381619956, -11.480310030771012, -11.844207679922068, -12.208105329073124, -12.577549656052055, -12.776061604818024, -12.852219334201102, -12.979323103603443, -13.106426873005784, -13.233530642408125, -13.274668852082355, -13.200813494726994, -13.12695813737163, -13.053102780016268, -12.979247422660904, -13.221323502923221, -13.53219941308205, -13.84307532324088, -13.882825976888288, -14.002345010888183, -14.285846046364519, -14.566317870614942, -14.935384576818524, -15.35958012350782, -15.783775670197116, -16.20797121688641, -16.632166763575707, -17.056362310265, -17.4805578569543, -17.904753403643593, -18.328948950332887, -18.401775888912507, -18.318880823614897, -18.235985758317288, -18.153090693019678, -18.070195627722065, -17.987300562424455, -17.904405497126845, -17.82518770709797, -17.840668012795017, -17.7269171314535, -17.72919393591298, -17.65083740061488
2OAR.pdb, 32, 32, 0.29612760118831466, 1.216964832452904, 1.0070965579790108, -, -, -, 1.3264009653581643, 111.99746366994206, , distance, 0.0, 0.405854211203562, 0.8610260958094789, 1.3486492888665422, 1.842459803379057, 2.3402162929167662, 2.8383412310206744, 3.336364021497731, 3.8344232370156286, 4.332717747807544, 4.831364673026394, 5.330265108357043, 5.829353964803426, 6.328586664380153, 6.7811633228210235, 7.208768624083908, 7.708652007955151, 8.208572229755443, 8.708425912833132, 9.208265840426117, 9.708122253897157, 10.20799273144668, 10.707875303435452, 11.110466150328445, 11.561714914223758, 12.05410388195878, 12.553778968629526, 13.053181798072117, 13.55258263772857, 14.052026090617755, 14.551513721298589, 15.051036268131043, 15.550690721548941, 15.906928085183234, 16.35867722463786, 16.794977693211006, 17.294791552665266, 17.696560628898823, 18.193261712000353, 18.69013871939915, 19.18717798373251, 19.684367213819073, 20.18169532614942, 20.679152300482887, 21.176729055631156, 21.67441734221842, 22.17220964977791, 22.627895409902894, 23.011463089133567, 23.409586912416653, 23.78014032260311, 24.2793169892778, 24.77852685631195, 25.277767956686997, 25.777038475652134, 26.27633673628023, 26.744394877538536, 27.24425157587617, 27.744113438593633, 28.14859419985802, 28.565635655070377, 29.023249293073533, 29.477028879568365, 29.97615826592803, 30.475316195259136, 30.969867154368266, 31.46670477632526, 31.966422304341393, 32.466148530409015, 32.965900173356786, 33.46565679154556, 33.96536873475321, 34.46507879117609, 34.964797137638314, 35.40004140227681, 35.84954399052583, 36.348591341598386, 36.846705430372225, 37.236883570882384, 37.736296697175575, 38.235725163295605, 38.730235431305054, 39.228867730491885, 39.72778426226229, 40.22759822728183, 40.727453419854164, 41.216561008902694, 41.714131902963615, 42.134625121363115, 42.47496896405722, 42.93042615305988, 43.36583412341782, 43.82451014504232, 44.32350319828344, 44.8234134047523, 45.32335110890387, 45.82304595768136, 46.32222473920039, 46.821421045694436, 47.31679089037877, 47.79602436633211, 47.92876725883325, 48.361577853085635, 48.86077170897605, 49.29828374012837, 49.734899747878146, 50.221509204688324, 50.7208034294731, 51.22018475189934, 51.71957802908056, 52.21907003391043, 52.71875135095166, 53.21843865429064, 53.71813177687328, 54.217638267103354, 54.71664538776707, 55.21567047241963, 55.714713038361914, 56.213772620018986, 56.71284876818813, 57.21211259792723, 57.71142732229933, 58.210753810925446, 58.71009176364234, 59.15686519964662, 59.65655800993599, 60.14003372081308, 60.59231048083916, 61.085045108346094, 61.57675864601396, 61.98980129059279, 62.48932009021045, 62.988846525606256, 63.48838041654537, 63.9879215884184, 64.48746987202385, 64.98702510336031, 65.48659239046171, 65.98618850949796, 66.48579070077699, 66.98539882843161, 67.4850127606165, 67.98463236936045, 68.48425753042532, 68.98388812317076, 69.48352403042512, 69.98317049360253, 70.48283358663848, 70.98250142441378, 71.48216661106873, 71.98180869197745, 72.48145570919705, 72.98110756134183, 73.48076414978274, 73.98042537855434, 74.48009115426552, 74.97963956818077, 75.41224296791201, 75.38543014111897, 75.24755155729795, 75.11274827334505, 74.98103687587671, 74.85243368647586, 74.72695475258544, 74.60461583844285, 74.66724634021845, 74.98874392611498, 75.31218862310419, 75.63755545221964, 75.96496717394523, 76.29535726981916, 76.62758539925501, 76.96092917574242, 77.29256552718765, 77.62600564215286, 77.95034727712938, 77.99510949533624, 77.96992949606661, 77.94794869689454, 77.92916980493128, 77.91359513536723, 77.90122661004784, 78.13606205888442, 78.48715359357423, 78.83513019684284, 79.18473481097863, 79.53594596795124, 79.88874247945517, 80.24310343500278, 80.59900819993013, 80.95643641332201, 81.27710625879811, 81.5138736082845, 81.95613102708415, 82.43957573476459, 82.92321678352442, 83.4070507578753, 83.82483483329271, 84.29084929655117, 84.75725110832111, 85.22403390912743, 85.6911914729233, 86.02483184480056, 86.33100771646205, 86.63898714062535, 87.09519215504103, 87.53615416347665, 87.91686829820154, 88.27356143897369, 88.34749220878324, 88.24706738609201, 88.14936429101411, 88.05439198344601, 87.9621593086414, 87.87267489329807, 87.78594714171344, 87.7019842320124, 87.62079411245142, 87.32921364304487, 86.94457219299018, 86.56110969789833, 86.17884189545076, 85.79778475433153, 85.41795447714792, 85.03936750334884, 84.68346524407795, 84.30994892181927, 84.28930476023169, 84.40794710206923, 84.43710958827575
2OAR.pdb, 32, 32, 0.29612760118831466, 1.216964832452904, 1.0070965579790108, -, -, -, 1.3264009653581643, 111.99746366994206, , length, 0.0, 0.5, 1.0, 1.5, 2.0, 2.5, 3.0, 3.5, 4.0, 4.5, 5.0, 5.5, 6.0, 6.5, 7.0, 7.5, 8.0, 8.5, 9.0, 9.5, 10.0, 10.5, 11.0, 11.5, 12.0, 12.5, 13.0, 13.5, 14.0, 14.5, 15.0, 15.5, 16.0, 16.5, 17.0, 17.5, 18.0, 18.5, 19.0, 19.5, 20.0, 20.5, 21.0, 21.5, 22.0, 22.5, 23.0, 23.5, 24.0, 24.5, 25.0, 25.5, 26.0, 26.5, 27.0, 27.5, 28.0, 28.5, 29.0, 29.5, 30.0, 30.5, 31.0, 31.5, 32.0, 32.5, 33.0, 33.5, 34.0, 34.5, 35.0, 35.5, 36.0, 36.5, 37.0, 37.5, 38.0, 38.5, 39.0, 39.5, 40.0, 40.5, 41.0, 41.5, 42.0, 42.5, 43.0, 43.5, 44.0, 44.5, 45.0, 45.5, 46.0, 46.5, 47.0, 47.5, 48.0, 48.5, 49.0, 49.5, 50.0, 50.5, 51.0, 51.5, 52.0, 52.5, 53.0, 53.5, 54.0, 54.5, 55.0, 55.5, 56.0, 56.5, 57.0, 57.5, 58.0, 58.5, 59.0, 59.5, 60.0, 60.5, 61.0, 61.5, 62.0, 62.5, 63.0, 63.5, 64.0, 64.5, 65.0, 65.5, 66.0, 66.5, 67.0, 67.5, 68.0, 68.5, 69.0, 69.5, 70.0, 70.5, 71.0, 71.5, 72.0, 72.5, 73.0, 73.5, 74.0, 74.5, 75.0, 75.5, 76.0, 76.5, 77.0, 77.5, 78.0, 78.5, 79.0, 79.5, 80.0, 80.5, 81.0, 81.5, 82.0, 82.5, 83.0, 83.5, 84.0, 84.5, 85.0, 85.5, 86.0, 86.5, 87.0, 87.5, 88.0, 88.5, 89.0, 89.5, 90.0, 90.5, 91.0, 91.5, 92.0, 92.5, 93.0, 93.5, 94.0, 94.5, 95.0, 95.5, 96.0, 96.5, 97.0, 97.5, 98.0, 98.5, 99.0, 99.5, 100.0, 100.5, 101.0, 101.5, 102.0, 102.5, 103.0, 103.5, 104.0, 104.5, 105.0, 105.5, 106.0, 106.5, 107.0, 107.5, 108.0, 108.5, 109.0, 109.5, 110.0, 110.5, 111.0, 111.5, 112.0, 112.5, 113.0, 113.5, 114.0, 114.5
2OAR.pdb, 32, 32, 0.29612760118831466, 1.216964832452904, 1.0070965579790108, -, -, -, 1.3264009653581643, 111.99746366994206, , R, 3.1899092912527345, 3.102958534162822, 2.7785521980303085, 2.4815840719347784, 2.219640550972948, 2.005951689077987, 1.850526456633565, 1.759137741058678, 1.734120159834271, 1.7812054664407841, 1.901493394510252, 2.0876691319598595, 2.3301864997315054, 2.6191539714938687, 2.825050506523764, 2.700413713081089, 2.536828676991133, 2.4231641228522287, 2.3668280448888983, 2.3698533332575016, 2.4365749908189662, 2.5638722264162177, 2.746326178975694, 2.865182541911182, 2.6659211337694253, 2.4021910437617664, 2.1684734096039096, 1.9765664750123615, 1.848074095469339, 1.7908713522217852, 1.8002240657252266, 1.8825348438436227, 2.036137778299302, 2.1422744789228627, 2.129387953912286, 2.188220396072182, 2.2818289808955465, 2.2485338435290654, 1.8940702308497674, 1.5799844761748827, 1.3197063164834346, 1.1291432908067738, 1.0240102960831785, 1.0149588947215409, 1.1029839513955397, 1.278941410717481, 1.5276386321182973, 1.747088733452181, 1.9017840909133485, 1.9523347540900824, 2.1022585604560575, 2.300126860630893, 2.5501328459682866, 2.8433236799882677, 3.1716101382001685, 3.528149942442188, 3.8661066453558157, 4.256018011134325, 4.661797742950659, 4.976322890147367, 5.228935919151494, 5.2307455198032535, 5.02558733953575, 4.725563350662753, 4.452387254255429, 4.228257382841319, 4.021784558945662, 3.833399956098664, 3.686381284745283, 3.584205355878193, 3.5282070412068713, 3.516832803499748, 3.55402343807886, 3.6396262471167486, 3.7127520066203537, 3.458119106261559, 3.1360522932647243, 2.8440627404626952, 2.6044090018653088, 2.3944796198750917, 2.2397276196777214, 2.126382807893719, 2.0343159506786344, 1.9928959737380212, 1.9954011563481817, 2.065503679193269, 2.164158780987805, 2.186809322493313, 2.198016977235675, 2.2643035606447786, 2.0894774040433934, 1.9287924858484207, 1.8712204390448832, 1.8368063295936836, 1.8690619441433807, 1.973119793109428, 2.14118877833227, 2.362914046675627, 2.6332805969685746, 2.9053168983088287, 3.061468435422792, 2.953496251741378, 2.7136836735651175, 2.489817800936534, 2.3736913200972123, 2.3217506542975483, 2.272118350391927, 2.266471208981557, 2.3255623010433557, 2.4472830256947318, 2.6243502049884007, 2.8482230024471655, 3.1154186193514124, 3.4189107457162033, 3.7513557260411505, 4.105937661156499, 4.481263029060742, 4.873679794979058, 5.280229753285965, 5.698525339307741, 6.125691208023532, 6.561016522499157, 7.003441911889835, 7.451917075732258, 7.7215408429959, 7.918096404448189, 8.104903041995424, 8.00904061689159, 7.865822510696825, 7.723529568088368, 7.674222011888501, 7.59789652298732, 7.54853657454793, 7.526583565298161, 7.532236895040473, 7.565445030593786, 7.625907828310456, 7.71294434674788, 7.825343219111723, 7.962806465169008, 8.12426238904277, 8.308528659039396, 8.514348717002642, 8.740425563653117, 8.985451504819782, 9.24813307370289, 9.527134754033108, 9.821164308433804, 10.129241583382983, 10.45022644797314, 10.782955694523414, 11.126703777153022, 11.480596679872322, 11.843828479831583, 12.21565831127173, 12.5954067192433, 12.97955862473022, 13.254311796897449, 13.026066491550727, 12.689185656635082, 12.36214189787849, 12.045646697483413, 11.740455383170364, 11.447366101763345, 11.167217593517899, 10.859535046414369, 10.504692718503549, 10.160478670990464, 9.827860106314926, 9.507913479626714, 9.20195610102533, 8.911002327221288, 8.635557943803086, 8.373669970927441, 8.13059862585326, 7.895461750880132, 7.5316511328356, 7.142275992791994, 6.764785001437099, 6.40087745548267, 6.052511922044767, 5.721931645234349, 5.419905073939876, 5.144617685229671, 4.8905821898399875, 4.666598349263607, 4.476034877944652, 4.32216307372075, 4.2079406860025905, 4.135770471366513, 4.107270630349937, 4.075402022160459, 4.0803497715993355, 4.150972551626353, 4.253737505077709, 4.397107390759642, 4.578218999841168, 4.7100242167539825, 4.885895854499372, 5.094968001135262, 5.334203207769274, 5.6005618858869415, 5.756976762561999, 5.914871145909151, 6.102350497692791, 6.4133917294066976, 6.704057129736643, 6.9229483137752705, 7.126088677316858, 7.106898082458196, 6.960232715589127, 6.840940335630645, 6.7502055404568235, 6.688975335986214, 6.65791247521379, 6.65736075012498, 6.6873263139168415, 6.747477342487198, 6.492485296278236, 6.0989299321264685, 5.718526507392934, 5.353459004446586, 5.006301508004789, 4.680063230400421, 4.378216404010708, 4.0994317029733285, 3.838703697804194, 3.690488344523565, 3.5143634880462513, 3.300536661982371
2OAR.pdb, 32, 32, 0.29612760118831466, 1.216964832452904, 1.0070965579790108, -, -, -, 1.3264009653581643, 111.99746366994206, , Upper limit of R overestimation, -, -, -, -, -, -, -, -, -, -, -, -, -, -, -, -, -, -, -, -, -, -, -, -, -, -, -, -, -, -, -, -, -, -, -, -, -, -, -, -, -, -, -, -, -, -, -, -, -, -, -, -, -, -, -, -, -, -, -, -, -, -, -, -, -, -, -, -, -, -, -, -, -, -, -, -, -, -, -, -, -, -, -, -, -, -, -, -, -, -, -, -, -, -, -, -, -, -, -, -, -, -, -, -, -, -, -, -, -, -, -, -, -, -, -, -, -, -, -, -, -, -, -, -, -, -, -, -, -, -, -, -, -, -, -, -, -, -, -, -, -, -, -, -, -, -, -, -, -, -, -, -, -, -, -, -, -, -, -, -, -, -, -, -, -, -, -, -, -, -, -, -, -, -, -, -, -, -, -, -, -, -, -, -, -, -, -, -, -, -, -, -, -, -, -, -, -, -, -, -, -, -, -, -, -, -, -, -, -, -, -, -, -, -, -, -, -, -, -, -, -, -, -, -, -, -, -, -, -, -
2OAR.pdb, 33, 33, 0.27731135588225886, 1.2826143755859931, 1.0070965579790108, -, -, -, 1.4975522871420257, 53.59932933642079, , X, 63.068282105920325, 62.79374789385973, 62.403422282203735, 62.01455499107009, 61.6318213213522, 61.25086628976528, 60.86615262523272, 60.47446739312172, 60.0885964226243, 59.70563499791301, 59.32267357320171, 58.93971214849042, 58.55675072377913, 58.17378929906784, 57.826140850037795, 57.443996606509145, 57.05421356598525, 56.6613398266591, 56.26432612755236, 55.86830890765192, 55.47229168775148, 55.076274467851036, 54.6802572479506, 54.428679366667886, 54.021937714905505, 53.62890682471425, 53.246536538581545, 52.87095819103486, 52.496298609227274, 52.12163902741969, 51.74444596902282, 51.366860471219574, 50.98811607188813, 50.61300530579921, 50.25588619420719, 49.940931426090955, 49.54746105815216, 49.247575309091864, 48.85265758871987, 48.457739868347886, 48.06282214797589, 47.6679044276039, 47.27298670723191, 46.87806898685992, 46.48315126648793, 46.08823354611594, 45.69331582574395, 45.374619940590826, 45.08129618566133, 44.78761353452235, 44.4660145164771, 44.07198718846425, 43.67795986045139, 43.283932532438534, 42.88990520442567, 42.49587787641282, 42.1411379583235, 41.75413971458738, 41.367141470851266, 41.082065967085995, 40.931788976948, 40.78501158678311, 40.50100366355541, 40.14290954512411, 39.80196081278075, 39.461012080437385, 39.12681845361, 38.81330255627788, 38.499786658945766, 38.18627076161365, 37.87275486428153, 37.58468538363327, 37.3737984493744, 37.00753232201315, 36.64052322344871, 36.27608820388208, 35.97414020090387, 35.865504412718444, 35.633893873955266, 35.53192015675402, 35.65667279092314, 35.435803161798425, 35.373488468040705, 35.311173774282985, 35.1956614386687, 35.076668196556376, 35.024185496559454, 34.97399099777529, 34.921005506621746, 34.86776684213209, 34.814127026727036, 34.6092473770542, 34.309946807197555, 34.00825195587114, 33.715887761794164, 33.42537620610626, 33.18437764818007, 32.91955552740727, 32.809004099876006, 32.684626217340806, 32.495051994127884, 32.19717185542607, 31.899291716724257, 31.66822556888198, 31.3548470891551, 31.05222200202143, 30.749763979575135, 30.693231862353077, 30.704891482243656, 30.71655110213424, 30.744354236959776, 30.776665780604876
2OAR.pdb, 33, 33, 0.27731135588225886, 1.2826143755859931, 1.0070965579790108, -, -, -, 1.4975522871420257, 53.59932933642079, , Y, 158.9692796110366, 158.80511158423258, 158.50055374051826, 158.18783964722232, 157.86760216059088, 157.54691322785456, 157.2301142553982, 156.9205304383884, 156.60345829277466, 156.28263887254843, 155.96181945232223, 155.641000032096, 155.3201806118698, 154.9993611916436, 154.69769250130008, 154.48221700426683, 154.17173504359323, 153.86441648535185, 153.56255339665796, 153.26005245365207, 152.9575515106462, 152.6550505676403, 152.35254962463443, 152.01469327282234, 151.79540418427982, 151.50050744395983, 151.1806385042043, 150.85163728605102, 150.5215533512378, 150.1914694164246, 149.8636728266321, 149.5362305500888, 149.21066933418555, 149.12580761916817, 148.85056699721102, 148.53833774370523, 148.23021221158146, 147.94795958652614, 147.65177335324876, 147.3555871199714, 147.05940088669402, 146.76321465341667, 146.4670284201393, 146.17084218686193, 145.87465595358455, 145.5784697203072, 145.28228348702982, 144.93566037912518, 144.66647192030055, 144.39073824339104, 144.2157233991542, 143.91304429291574, 143.6103651866773, 143.30768608043886, 143.00500697420043, 142.70232786796197, 142.39263757176576, 142.0766868778498, 141.76073618393386, 141.45635188217298, 141.48463243800677, 141.6448457903764, 141.58613092033883, 141.59388611312528, 141.73314656960648, 141.87240702608764, 142.01700517421207, 142.17794227421024, 142.33887937420843, 142.4998164742066, 142.6607535742048, 142.8375393544651, 143.06239640207667, 143.36733012528083, 143.669668115635, 143.94238927464698, 144.08801066292338, 144.1181901334122, 144.1555916407503, 144.43076582800617, 144.79807589934165, 144.95767393330019, 145.2913403834947, 145.62500683368927, 145.97044029312798, 146.40496943935207, 146.86173494863758, 147.33740935064108, 147.82899204096455, 148.31281601684864, 148.78175481984732, 149.21578538159756, 149.61561100744586, 150.0138058842218, 150.41916482058303, 150.80791627368032, 150.69809479064727, 150.64597805426337, 150.55713957058714, 150.93561239635142, 151.09892049086253, 150.90177752251847, 150.70463455417445, 150.60263595868784, 150.33647695517095, 150.11947925138895, 149.90115877737824, 149.98966303596086, 150.18143968940964, 150.37321634285843, 150.57984751664335, 150.79062712097542
2OAR.pdb, 33, 33, 0.27731135588225886, 1.2826143755859931, 1.0070965579790108, -, -, -, 1.4975522871420257, 53.59932933642079, , Z, -0.5904458934469397, -0.3406510453511297, -0.3082696882501119, -0.2776110252759299, -0.24759703951137008, -0.20252074497597175, -0.1637017549450837, -0.13648890518999054, -0.11382835350169089, -0.09344584166397113, -0.07306332982625136, -0.05268081798853161, -0.03229830615081185, -0.011915794313092087, -0.08282927819459815, -0.14320226898905009, -0.10273542594718792, -0.06879356732210704, -0.0335109183509031, 0.007275611568648248, 0.04806214148819961, 0.08884867140775095, 0.12963520132730233, 0.06792440495630259, 0.019813296007875195, 0.05535362181216626, 0.0934766991233858, 0.11949995802966873, 0.1454767503258086, 0.17145354262194845, 0.18750771290887966, 0.20202485383960675, 0.22386115676223306, 0.4108033686540404, 0.4393533977788709, 0.3787762712770532, 0.3942593590683008, 0.2383041567589102, 0.317763009967068, 0.3972218631752258, 0.4766807163833836, 0.5561395695915414, 0.6355984227996991, 0.715057276007857, 0.7945161292160148, 0.8739749824241726, 0.9534338356323303, 0.828533005063545, 0.603481729477974, 0.546236817136218, 0.7449541950175178, 0.8008811422410497, 0.8568080894645816, 0.9127350366881135, 0.9686619839116455, 1.0245889311351775, 1.0008535420120923, 1.0210406259815197, 1.0412277099509468, 0.9085596730341857, 0.4330427007663032, -0.009229831783840625, -0.2548719937373819, -0.501372031693336, -0.8395443060951627, -1.1777165804969894, -1.5199569129683292, -1.8746497828772315, -2.2293426527861335, -2.584035522695036, -2.938728392603938, -3.3030823087803514, -3.6967395316256813, -3.8476000759761257, -4.002183584668106, -3.9047837798539584, -3.9518295005694672, -4.398917160209842, -4.802937012731029, -5.176057449972236, -5.39243019751369, -5.749031902466797, -6.116160734018412, -6.4832895655700264, -6.810017025898132, -6.94859234488648, -7.098017007422383, -7.108376760710644, -7.182796691765733, -7.289127033420908, -7.45410936352167, -7.535019532142992, -7.558419297744545, -7.578397873797808, -7.592796163064743, -7.619868923484915, -8.042349131210809, -8.463244712249722, -8.826736223566703, -9.1286470552305, -9.44701199607864, -9.796872072394141, -10.146732148709642, -10.536271876344172, -10.758104855963259, -11.09176644079237, -11.424710767117038, -11.851810810643816, -12.313422951359364, -12.775035092074914, -13.229327040527615, -13.68157467462302
2OAR.pdb, 33, 33, 0.27731135588225886, 1.2826143755859931, 1.0070965579790108, -, -, -, 1.4975522871420257, 53.59932933642079, , distance, 0.0, 0.405854211203562, 0.8610260958094789, 1.3486492888665422, 1.842459803379057, 2.3402162929167662, 2.8383412310206744, 3.336364021497731, 3.8344232370156286, 4.332717747807544, 4.831364673026394, 5.330265108357043, 5.829353964803426, 6.328586664380153, 6.7811633228210235, 7.208768624083908, 7.708652007955151, 8.208572229755443, 8.708425912833132, 9.208265840426117, 9.708122253897157, 10.20799273144668, 10.707875303435452, 11.110466150328445, 11.561714914223758, 12.05410388195878, 12.553778968629526, 13.053181798072117, 13.55258263772857, 14.052026090617755, 14.551513721298589, 15.051036268131043, 15.550690721548941, 15.906928085183234, 16.35867722463786, 16.794977693211006, 17.294791552665266, 17.696560628898823, 18.193261712000353, 18.69013871939915, 19.18717798373251, 19.684367213819073, 20.18169532614942, 20.679152300482887, 21.176729055631156, 21.67441734221842, 22.17220964977791, 22.627895409902894, 23.011463089133567, 23.409586912416653, 23.78014032260311, 24.2793169892778, 24.77852685631195, 25.277767956686997, 25.777038475652134, 26.27633673628023, 26.744394877538536, 27.24425157587617, 27.744113438593633, 28.14859419985802, 28.22737578516401, 28.231506590081587, 28.488041781426503, 28.766037968608305, 28.956312589082593, 29.153921470394213, 29.350251806955974, 29.527990486016822, 29.713080674222866, 29.905385872171156, 30.104767814650728, 30.28209276010233, 30.37901387416298, 30.548200608616213, 30.72693452874824, 30.896827068350685, 31.0941086193105, 31.225797448390747, 31.461660642331573, 31.474552352054157, 31.22944753166313, 31.408438290977966, 31.378673341242113, 31.356853882916653, 31.377314600598464, 31.33398100527837, 31.23159416665439, 31.097797693957364, 30.981192297092402, 30.882059621930164, 30.808972992305964, 30.875142273450027, 31.03362078234768, 31.201239316301645, 31.36399888345615, 31.539221769802804, 31.890297989159375, 32.25219410136721, 32.468823260309804, 32.56696536601166, 32.788774226545954, 33.2094613180464, 33.63231967602348, 33.983580314861854, 34.404193509451, 34.83711819625994, 35.271783690218626, 35.43438629223245, 35.5252498126215, 35.62290017097397, 35.706584832411956, 35.79129075934395
2OAR.pdb, 33, 33, 0.27731135588225886, 1.2826143755859931, 1.0070965579790108, -, -, -, 1.4975522871420257, 53.59932933642079, , length, 0.0, 0.5, 1.0, 1.5, 2.0, 2.5, 3.0, 3.5, 4.0, 4.5, 5.0, 5.5, 6.0, 6.5, 7.0, 7.5, 8.0, 8.5, 9.0, 9.5, 10.0, 10.5, 11.0, 11.5, 12.0, 12.5, 13.0, 13.5, 14.0, 14.5, 15.0, 15.5, 16.0, 16.5, 17.0, 17.5, 18.0, 18.5, 19.0, 19.5, 20.0, 20.5, 21.0, 21.5, 22.0, 22.5, 23.0, 23.5, 24.0, 24.5, 25.0, 25.5, 26.0, 26.5, 27.0, 27.5, 28.0, 28.5, 29.0, 29.5, 30.0, 30.5, 31.0, 31.5, 32.0, 32.5, 33.0, 33.5, 34.0, 34.5, 35.0, 35.5, 36.0, 36.5, 37.0, 37.5, 38.0, 38.5, 39.0, 39.5, 40.0, 40.5, 41.0, 41.5, 42.0, 42.5, 43.0, 43.5, 44.0, 44.5, 45.0, 45.5, 46.0, 46.5, 47.0, 47.5, 48.0, 48.5, 49.0, 49.5, 50.0, 50.5, 51.0, 51.5, 52.0, 52.5, 53.0, 53.5, 54.0, 54.5, 55.0, 55.5
2OAR.pdb, 33, 33, 0.27731135588225886, 1.2826143755859931, 1.0070965579790108, -, -, -, 1.4975522871420257, 53.59932933642079, , R, 3.1899092912527345, 3.102958534162822, 2.7785521980303085, 2.4815840719347784, 2.219640550972948, 2.005951689077987, 1.850526456633565, 1.759137741058678, 1.734120159834271, 1.7812054664407841, 1.901493394510252, 2.0876691319598595, 2.3301864997315054, 2.6191539714938687, 2.825050506523764, 2.700413713081089, 2.536828676991133, 2.4231641228522287, 2.3668280448888983, 2.3698533332575016, 2.4365749908189662, 2.5638722264162177, 2.746326178975694, 2.865182541911182, 2.6659211337694253, 2.4021910437617664, 2.1684734096039096, 1.9765664750123615, 1.848074095469339, 1.7908713522217852, 1.8002240657252266, 1.8825348438436227, 2.036137778299302, 2.1422744789228627, 2.129387953912286, 2.188220396072182, 2.2818289808955465, 2.2485338435290654, 1.8940702308497674, 1.5799844761748827, 1.3197063164834346, 1.1291432908067738, 1.0240102960831785, 1.0149588947215409, 1.1029839513955397, 1.278941410717481, 1.5276386321182973, 1.747088733452181, 1.9017840909133485, 1.9523347540900824, 2.1022585604560575, 2.300126860630893, 2.5501328459682866, 2.8433236799882677, 3.1716101382001685, 3.528149942442188, 3.8661066453558157, 4.256018011134325, 4.661797742950659, 4.976322890147367, 4.859505253374024, 4.671086641966612, 4.591166674659217, 4.342975522861986, 3.9662653904706366, 3.610666027688135, 3.275292426382602, 2.9523669039836418, 2.664411785803838, 2.419103738479089, 2.2248330445863393, 2.0675234901172024, 1.9048345767209613, 1.7526337216166548, 1.6696106721697492, 1.657023425338044, 1.614308108193018, 1.5816470216302898, 1.5660826570245514, 1.4178023811121938, 1.2328834707397256, 1.2632628802383992, 1.2756104489227509, 1.375569599187565, 1.5079678886092962, 1.5064854378227523, 1.5124735601607622, 1.6028174864932643, 1.7555526058987683, 1.9656638049263622, 2.2168807399111063, 2.3910874448468467, 2.5356703163234973, 2.7305608196138516, 2.972769912521913, 3.2402770022205947, 3.0947365343574593, 3.0348934337498386, 2.9157453716331, 2.99020006541905, 2.9240699199419153, 2.5685457094604236, 2.2459865352072206, 2.019794450248938, 1.7582504071975, 1.5569267592954672, 1.4264199447695485, 1.4956611967852633, 1.66719224884526, 1.9037664068102407, 2.197160270082623, 2.532292687201959
2OAR.pdb, 33, 33, 0.27731135588225886, 1.2826143755859931, 1.0070965579790108, -, -, -, 1.4975522871420257, 53.59932933642079, , Upper limit of R overestimation, -, -, -, -, -, -, -, -, -, -, -, -, -, -, -, -, -, -, -, -, -, -, -, -, -, -, -, -, -, -, -, -, -, -, -, -, -, -, -, -, -, -, -, -, -, -, -, -, -, -, -, -, -, -, -, -, -, -, -, -, -, -, -, -, -, -, -, -, -, -, -, -, -, -, -, -, -, -, -, -, -, -, -, -, -, -, -, -, -, -, -, -, -, -, -, -, -, -, -, -, -, -, -, -, -, -, -, -, -, -, -, -
2OAR.pdb, 34, 34, 0.2687303936729299, 1.3140466559766653, 1.0133096142117526, -, -, -, 1.779858040645487, 92.0487950479754, , X, 63.068282105920325, 62.79374789385973, 62.403422282203735, 62.01455499107009, 61.6318213213522, 61.25086628976528, 60.86615262523272, 60.47446739312172, 60.0885964226243, 59.70563499791301, 59.32267357320171, 58.93971214849042, 58.55675072377913, 58.17378929906784, 57.826140850037795, 57.443996606509145, 57.05421356598525, 56.6613398266591, 56.26432612755236, 55.86830890765192, 55.47229168775148, 55.076274467851036, 54.6802572479506, 54.428679366667886, 54.021937714905505, 53.62890682471425, 53.246536538581545, 52.87095819103486, 52.496298609227274, 52.12163902741969, 51.74444596902282, 51.366860471219574, 50.98811607188813, 50.61300530579921, 50.25588619420719, 49.940931426090955, 49.54746105815216, 49.5491438873527, 49.80957218566482, 50.06136357335571, 50.311079281586565, 50.55756363818705, 50.80404799478753, 51.055441576104826, 51.506448878132005, 51.73655164933853, 51.9535872963939, 52.11842818927766, 52.32619765444512, 52.49940523668705, 52.87817586577608, 53.17325318573918, 53.22989392218702, 53.36866865467197, 53.59783789871374, 53.720124894976024, 53.74663994066145, 54.02735442351649, 54.28821965129124, 54.610833419095016, 54.99598748838407, 55.42105855851774, 55.84761668350713, 56.27417480849652, 56.71343692387447, 57.164347842611726, 57.58412456281568, 57.97605989166805, 58.368671638495385, 58.76128338532271, 59.01314569517243, 59.2401685080747, 59.47548552389296, 59.61660855489407, 59.7593676274465, 59.902126699998924, 60.04488577255135, 60.187644845103776, 60.32940641499438, 60.28651477669153, 59.793894599381595, 59.30945365496644, 58.82572272741583, 58.34199179986523, 57.85826087231462, 57.37452994476401, 56.890799017213396, 56.68853589733247, 57.09208108164618, 57.49562626595988, 57.899171450273585, 58.302716634587284, 58.14897482550611, 57.72503534500183, 57.30109586449754, 56.87715638399326, 56.45321690348898, 56.02927742298469, 55.67794712987449, 55.77974798504765, 55.87162324589948, 55.82323206368929, 55.698256986560054, 55.6162958921912, 55.74435516946102, 55.7403094781834, 55.793452559577815, 55.953222187470935, 56.112991815364055, 56.27276144325718, 56.057635126436594, 56.07098708733014, 56.09734911170755, 56.12371113608496, 56.15007316046237, 55.97272178723985, 55.75944073700512, 55.55253379051643, 55.35141688596819, 55.15029998141995, 55.02567123427882, 55.5118903604483, 55.99810948661777, 56.20769131065086, 55.89682653289443, 55.615290618286885, 55.298368965371985, 54.977426540088274, 54.65648411480456, 54.33554168952085, 54.01459926423714, 53.69365683895343, 53.37271441366972, 53.055543936487965, 53.10185073408316, 53.31552726660987, 53.52920379913658, 53.7428803316633, 53.96734762704597, 54.19055214565604, 54.406981061324274, 54.623409976992505, 54.83983889266074, 54.9115728018689, 54.555556151255395, 54.16625884478384, 53.776961538312285, 53.38766423184073, 52.99615473669234, 52.59076628249304, 52.18537782829375, 51.779989374094455, 51.37446043164413, 50.96607691242392, 50.60373640519899, 50.24524262806761, 49.886633191237266, 49.60078439616501, 49.422336073202786, 49.24388775024056, 49.065439427278335, 48.88699110431611, 48.70854278135388, 48.53009445839165, 48.2540454079727, 47.93917526549992, 47.62430512302715, 47.30943498055438, 46.99548713912965, 46.675229347786136, 46.354286173103226, 46.03334299842032, 45.6468633703052, 45.37605000333476, 45.27068896009371, 45.10523568474313, 44.93549252027846, 44.76574935581379, 44.71063956168159, 44.672080080196906, 44.45571836831769, 44.230167240726324, 44.019991993852216, 43.825187348896584, 43.630382703940946, 43.43557805898531, 43.24077341402967, 43.04596876907404, 42.8511641241184, 42.65779332941875, 42.4676574409374
2OAR.pdb, 34, 34, 0.2687303936729299, 1.3140466559766653, 1.0133096142117526, -, -, -, 1.779858040645487, 92.0487950479754, , Y, 158.9692796110366, 158.80511158423258, 158.50055374051826, 158.18783964722232, 157.86760216059088, 157.54691322785456, 157.2301142553982, 156.9205304383884, 156.60345829277466, 156.28263887254843, 155.96181945232223, 155.641000032096, 155.3201806118698, 154.9993611916436, 154.69769250130008, 154.48221700426683, 154.17173504359323, 153.86441648535185, 153.56255339665796, 153.26005245365207, 152.9575515106462, 152.6550505676403, 152.35254962463443, 152.01469327282234, 151.79540418427982, 151.50050744395983, 151.1806385042043, 150.85163728605102, 150.5215533512378, 150.1914694164246, 149.8636728266321, 149.5362305500888, 149.21066933418555, 149.12580761916817, 148.85056699721102, 148.53833774370523, 148.23021221158146, 147.859241850542, 147.45315876001578, 147.0460339775782, 146.63745987112927, 146.222616212296, 145.80777255346277, 145.39847695071495, 145.21477055640668, 144.84126430639984, 144.43109995314992, 144.0172066917974, 143.63505079717555, 143.3143572832119, 143.13709923561882, 142.86382054208497, 142.45428909031878, 142.05256110526506, 142.01857741057646, 141.62166265211908, 141.21645880325391, 140.80516310010447, 140.3907193243968, 140.14007519401966, 139.95363372799378, 139.69978249112293, 139.4514022468647, 139.20302200260645, 138.9750992249853, 138.7610872967513, 138.5020563317092, 138.20501303582654, 137.9093933598411, 137.61377368385567, 137.32199765110983, 136.91674799958474, 136.52010681344262, 136.08197942719158, 135.63954801697113, 135.19711660675068, 134.75468519653023, 134.31225378630978, 133.86960158481799, 133.54762042582632, 133.51978277869932, 133.4608793132653, 133.39927910900596, 133.3376789047466, 133.27607870048726, 133.2144784962279, 133.15287829196856, 133.03464907157186, 132.79453618526534, 132.55442329895882, 132.31431041265233, 132.0741975263458, 131.84327569593032, 131.61681010068472, 131.3903445054391, 131.1638789101935, 130.93741331494786, 130.71094771970223, 130.4548006786539, 130.01342105062864, 129.587042699544, 129.36757149843032, 129.1471028301369, 128.93664088816004, 128.75358738294204, 128.5295480566055, 128.34202057285097, 128.16180192797438, 127.98158328309778, 127.80136463822116, 127.65870074290459, 127.2629508128187, 126.85986772723484, 126.45678464165097, 126.05370155606711, 125.69353136587443, 125.34092987999492, 124.9866455465094, 124.6308325654514, 124.2750195843934, 123.95475287981029, 123.91836498895282, 123.88197709809535, 123.85595578391629, 123.73611366997586, 123.58952800035729, 123.45917800536284, 123.33067282003014, 123.20216763469746, 123.07366244936478, 122.94515726403208, 122.81665207869939, 122.68814689336669, 122.5571194179705, 122.31123278838862, 122.02123586047536, 121.73123893256209, 121.44124200464881, 121.15187073485292, 120.85960901298546, 120.56354366260811, 120.26747831223076, 119.97141296185342, 119.66957291809577, 119.37331952680974, 119.14333984901303, 118.91336017121631, 118.68338049341959, 118.46032354445268, 118.28069881759019, 118.1010740907277, 117.92144936386522, 117.741959362926, 117.57043845899682, 117.79401143431916, 118.04248958404584, 118.29076388691614, 118.56078147169663, 118.87480400218513, 119.18882653267362, 119.50284906316212, 119.8168715936506, 120.1308941241391, 120.44491665462759, 120.6065594355727, 120.70597058782383, 120.80538174007495, 120.90479289232607, 121.01007321388849, 120.90076071617202, 120.54132460906925, 120.18188850196648, 119.98654826462985, 119.69346398183337, 119.21083037180114, 118.74625458175336, 118.28327561796876, 117.82029665418415, 117.40037594050979, 117.00500169169925, 116.69798802841512, 116.40728400496674, 115.99847869277346, 115.55098515384725, 115.10349161492104, 114.65599807599483, 114.20850453706863, 113.76101099814242, 113.31351745921621, 112.86470872519175, 112.41293278257355
2OAR.pdb, 34, 34, 0.2687303936729299, 1.3140466559766653, 1.0133096142117526, -, -, -, 1.779858040645487, 92.0487950479754, , Z, -0.5904458934469397, -0.3406510453511297, -0.3082696882501119, -0.2776110252759299, -0.24759703951137008, -0.20252074497597175, -0.1637017549450837, -0.13648890518999054, -0.11382835350169089, -0.09344584166397113, -0.07306332982625136, -0.05268081798853161, -0.03229830615081185, -0.011915794313092087, -0.08282927819459815, -0.14320226898905009, -0.10273542594718792, -0.06879356732210704, -0.0335109183509031, 0.007275611568648248, 0.04806214148819961, 0.08884867140775095, 0.12963520132730233, 0.06792440495630259, 0.019813296007875195, 0.05535362181216626, 0.0934766991233858, 0.11949995802966873, 0.1454767503258086, 0.17145354262194845, 0.18750771290887966, 0.20202485383960675, 0.22386115676223306, 0.4108033686540404, 0.4393533977788709, 0.3787762712770532, 0.3942593590683008, 0.3682182693518795, 0.4996474328846793, 0.6439079156137563, 0.7876637030756279, 0.9186224777991789, 1.0495812525227297, 1.18011695112866, 1.2934499745967794, 1.140089902776026, 0.9541056257212851, 0.7273718739437547, 0.48550678830570326, 0.20646876507395576, 0.3012288314709041, 0.4476941014316645, 0.5528041936287992, 0.7991056910638992, 1.1909096689609582, 1.4293475761829626, 1.2962467483356894, 1.340188181292633, 1.3860911506796776, 1.5113450450947212, 1.5875039519681906, 1.6559181967815269, 1.7356390865642508, 1.8153599763469748, 1.8590450027112322, 1.8299089237687174, 1.7741609669973717, 1.6840177711035715, 1.5920122091877082, 1.5000066472718452, 1.3141368625296743, 1.1291142629350968, 0.9363268493911936, 0.8796590208375108, 0.6956093143603845, 0.5115596078832582, 0.3275099014061318, 0.1434601949290054, -0.04082913927911194, -0.19506735121383056, -0.2760020552014387, -0.38413871239489206, -0.49463669683910205, -0.605134681283312, -0.715632665727522, -0.826130650171732, -0.936628634615942, -1.066556501347991, -1.2383036586658758, -1.4100508159837606, -1.5817979733016454, -1.7535451306195304, -1.716821690408231, -1.5790223760419868, -1.4412230616757427, -1.3034237473094987, -1.1656244329432546, -1.0278251185770104, -0.8798182810776405, -0.6681094955955887, -0.4404969000295405, 0.005849149323593775, 0.4368651541279091, 0.8554017729102366, 1.247544809312771, 1.6945235701468366, 2.1455952621761902, 2.583767495483748, 3.021939728791306, 3.460111962098864, 3.6747216914897574, 3.9632634479945525, 4.257931175760788, 4.552598903527024, 4.847266631293259, 5.1321576886184035, 5.415324398819884, 5.70102844079592, 5.989037317769451, 6.277046194742984, 6.545330005105547, 6.656085965423434, 6.766841925741321, 6.915167648430595, 7.273868050479709, 7.660197146262783, 8.023982200863873, 8.385205645556518, 8.746429090249162, 9.107652534941808, 9.468875979634452, 9.830099424327098, 10.191322869019743, 10.554577310840225, 10.914341902374524, 11.261104243536634, 11.607866584698744, 11.954628925860854, 12.29494508981642, 12.633636444536476, 12.973494992712936, 13.313353540889398, 13.653212089065859, 13.949847470625688, 14.132392788652824, 14.345833541496583, 14.559274294340344, 14.772715047184104, 14.988579984051146, 15.219653908805725, 15.450727833560304, 15.681801758314881, 15.91273278444582, 16.144568067234463, 15.929082876897295, 15.684663522372148, 15.440212590550356, 15.15197382388318, 14.806219508830466, 14.46046519377775, 14.114710878725036, 13.768956563672322, 13.423202248619608, 13.077447933566894, 12.711519639892414, 12.33605430702228, 11.960588974152147, 11.585123641282014, 11.210572299802337, 10.955634653201448, 10.822213652098679, 10.68879265099591, 10.465014454639386, 10.35594317967497, 10.430303170342702, 10.512472577542162, 10.595163188922491, 10.677853800302822, 10.47865001258281, 10.183023651865291, 9.85297786687546, 9.51620739544914, 9.363003988603314, 9.25437304032885, 9.145742092054387, 9.037111143779926, 8.928480195505463, 8.819849247231, 8.711218298956537, 8.605629290929922, 8.506903197201616
2OAR.pdb, 34, 34, 0.2687303936729299, 1.3140466559766653, 1.0133096142117526, -, -, -, 1.779858040645487, 92.0487950479754, , distance, 0.0, 0.405854211203562, 0.8610260958094789, 1.3486492888665422, 1.842459803379057, 2.3402162929167662, 2.8383412310206744, 3.336364021497731, 3.8344232370156286, 4.332717747807544, 4.831364673026394, 5.330265108357043, 5.829353964803426, 6.328586664380153, 6.7811633228210235, 7.208768624083908, 7.708652007955151, 8.208572229755443, 8.708425912833132, 9.208265840426117, 9.708122253897157, 10.20799273144668, 10.707875303435452, 11.110466150328445, 11.561714914223758, 12.05410388195878, 12.553778968629526, 13.053181798072117, 13.55258263772857, 14.052026090617755, 14.551513721298589, 15.051036268131043, 15.550690721548941, 15.906928085183234, 16.35867722463786, 16.794977693211006, 17.294791552665266, 17.52481309998445, 17.595531582333933, 17.688056577094624, 17.79660608258735, 17.924084125242523, 18.064506508586287, 18.210159670545522, 18.066863882885674, 18.193506691418317, 18.36520481424774, 18.579570206172995, 18.753363054445526, 18.905364961835666, 18.84917198288158, 18.930798815735805, 19.25735741774611, 19.54964755981979, 19.49843189105777, 19.809276187024402, 20.13989246284425, 20.381384886992315, 20.643621235585137, 20.748130094479098, 20.77258275397482, 20.852810334920747, 20.940301270027646, 21.039314050008027, 21.122294199449335, 21.191639715647952, 21.3207546378615, 21.500201823403206, 21.687975258852063, 21.8855628945222, 22.106025943997892, 22.448284819190764, 22.786061124826606, 23.19275249872877, 23.59828869377011, 24.007388239493007, 24.41987204898863, 24.83557149928717, 25.254650178663105, 25.5764600637893, 25.661203742021385, 25.784682269285234, 25.919749519548564, 26.063710222918836, 26.216417871487128, 26.37772055050579, 26.547461589928353, 26.712036691639295, 26.856133224487948, 27.008718579884658, 27.16964973795884, 27.338779315092477, 27.591455107650226, 27.88700696963974, 28.1883295087168, 28.495239659621248, 28.80755883490496, 29.125113026283177, 29.45804298018092, 29.859177922986678, 30.251119473024808, 30.48126377098569, 30.73653959377509, 30.977119986576284, 31.144922096819553, 31.392634890818666, 31.59807054751484, 31.777356552645603, 31.963459084119993, 32.156259791375895, 32.36808883230602, 32.78703542872121, 33.21317507463948, 33.641348142919114, 34.07147797216199, 34.50174762630022, 34.93357045297105, 35.36790268029047, 35.804588444109285, 36.242910579885695, 36.62813084937273, 36.58111392559373, 36.54087878740418, 36.556086372700875, 36.805613581012956, 37.08567131274304, 37.35702393993653, 37.63156332576075, 37.910709292131315, 38.19436083670261, 38.48241832858212, 38.77478357267443, 39.07135986626897, 39.374000022847746, 39.69259746310228, 40.00916650717078, 40.329449733775924, 40.653359357620154, 40.97580656056431, 41.30420603305555, 41.641315804003746, 41.98167371313872, 42.32520140086887, 42.68979953027739, 43.09371806922728, 43.45623015666294, 43.82144842229292, 44.18930576764581, 44.55479007512136, 44.892072803248624, 45.23236764205713, 45.57560712091785, 45.92158867748911, 46.264328715993656, 46.083212124853034, 45.87277700184329, 45.66705071556554, 45.40973458407228, 45.06479915617411, 44.72279341652009, 44.38378509058407, 44.04784338599989, 43.715039002018464, 43.38544413669654, 43.221547811871694, 43.12847201823248, 43.041003729014186, 42.959177196200635, 42.87773453370854, 43.026227879856314, 43.43171863486394, 43.83916150642767, 44.10648906335523, 44.44578949519387, 44.932677614629846, 45.4294791716694, 45.926755052198935, 46.424089451923734, 46.77073525537594, 47.06897615528072, 47.35350800930161, 47.62921878791743, 48.045793284167985, 48.5011901837246, 48.95745751334159, 49.414571161788594, 49.872507857899926, 50.331245136287976, 50.790761304610655, 51.25219319658722, 51.71693075847375
2OAR.pdb, 34, 34, 0.2687303936729299, 1.3140466559766653, 1.0133096142117526, -, -, -, 1.779858040645487, 92.0487950479754, , length, 0.0, 0.5, 1.0, 1.5, 2.0, 2.5, 3.0, 3.5, 4.0, 4.5, 5.0, 5.5, 6.0, 6.5, 7.0, 7.5, 8.0, 8.5, 9.0, 9.5, 10.0, 10.5, 11.0, 11.5, 12.0, 12.5, 13.0, 13.5, 14.0, 14.5, 15.0, 15.5, 16.0, 16.5, 17.0, 17.5, 18.0, 18.5, 19.0, 19.5, 20.0, 20.5, 21.0, 21.5, 22.0, 22.5, 23.0, 23.5, 24.0, 24.5, 25.0, 25.5, 26.0, 26.5, 27.0, 27.5, 28.0, 28.5, 29.0, 29.5, 30.0, 30.5, 31.0, 31.5, 32.0, 32.5, 33.0, 33.5, 34.0, 34.5, 35.0, 35.5, 36.0, 36.5, 37.0, 37.5, 38.0, 38.5, 39.0, 39.5, 40.0, 40.5, 41.0, 41.5, 42.0, 42.5, 43.0, 43.5, 44.0, 44.5, 45.0, 45.5, 46.0, 46.5, 47.0, 47.5, 48.0, 48.5, 49.0, 49.5, 50.0, 50.5, 51.0, 51.5, 52.0, 52.5, 53.0, 53.5, 54.0, 54.5, 55.0, 55.5, 56.0, 56.5, 57.0, 57.5, 58.0, 58.5, 59.0, 59.5, 60.0, 60.5, 61.0, 61.5, 62.0, 62.5, 63.0, 63.5, 64.0, 64.5, 65.0, 65.5, 66.0, 66.5, 67.0, 67.5, 68.0, 68.5, 69.0, 69.5, 70.0, 70.5, 71.0, 71.5, 72.0, 72.5, 73.0, 73.5, 74.0, 74.5, 75.0, 75.5, 76.0, 76.5, 77.0, 77.5, 78.0, 78.5, 79.0, 79.5, 80.0, 80.5, 81.0, 81.5, 82.0, 82.5, 83.0, 83.5, 84.0, 84.5, 85.0, 85.5, 86.0, 86.5, 87.0, 87.5, 88.0, 88.5, 89.0, 89.5, 90.0, 90.5, 91.0, 91.5, 92.0, 92.5, 93.0, 93.5, 94.0, 94.5, 95.0
2OAR.pdb, 34, 34, 0.2687303936729299, 1.3140466559766653, 1.0133096142117526, -, -, -, 1.779858040645487, 92.0487950479754, , R, 3.1899092912527345, 3.102958534162822, 2.7785521980303085, 2.4815840719347784, 2.219640550972948, 2.005951689077987, 1.850526456633565, 1.759137741058678, 1.734120159834271, 1.7812054664407841, 1.901493394510252, 2.0876691319598595, 2.3301864997315054, 2.6191539714938687, 2.825050506523764, 2.700413713081089, 2.536828676991133, 2.4231641228522287, 2.3668280448888983, 2.3698533332575016, 2.4365749908189662, 2.5638722264162177, 2.746326178975694, 2.865182541911182, 2.6659211337694253, 2.4021910437617664, 2.1684734096039096, 1.9765664750123615, 1.848074095469339, 1.7908713522217852, 1.8002240657252266, 1.8825348438436227, 2.036137778299302, 2.1422744789228627, 2.129387953912286, 2.188220396072182, 2.2818289808955465, 2.2081261532319316, 1.889061514699752, 1.6114551374781376, 1.3914252825374018, 1.2385208337481073, 1.1711850929742518, 1.1913208245728457, 1.1207854005293294, 1.048090048545848, 1.0349111975298788, 1.1033805168102195, 1.2086700938006087, 1.3506253123117986, 1.3900667694322726, 1.3433753140306997, 1.2720138480457943, 1.1844602633123098, 1.0146795803942337, 1.049365157432749, 1.1475308878575166, 1.1468171058045442, 1.2220582627252194, 1.2489966189941986, 1.303312595273852, 1.403524834408794, 1.579912190455285, 1.8224412814081905, 2.0899714438173755, 2.3484981070946254, 2.62309439135088, 2.90582624338272, 3.2234228809088488, 3.5704010959495105, 3.785821840763671, 4.059764206482258, 4.354810551906411, 4.670018021604314, 4.964899563983689, 5.283787298418831, 5.623467004844013, 5.98111459027688, 6.353715369570436, 6.532705715851181, 6.223830118596233, 5.961695273838448, 5.72695154622806, 5.519946679924361, 5.3431910798825015, 5.199072431651519, 5.089725931124537, 5.139350421885638, 5.478815033534499, 5.83662121532627, 6.210222476614021, 6.597438227058376, 6.536968122313212, 6.273895142632716, 6.034791040441586, 5.821997945731052, 5.637862809910628, 5.484646042155472, 5.38412855742793, 5.441716849063672, 5.5109446574982535, 5.28685635149745, 5.059299926385842, 4.88716333100302, 4.851443095692613, 4.770551966862497, 4.710192204577535, 4.716011240330108, 4.761749555105492, 4.846546847123058, 4.71170277004193, 4.549753715271137, 4.428968000935985, 4.348435088528511, 4.309823367854735, 4.174327717196238, 4.054941486756903, 3.981739591265898, 3.956285156072124, 3.976386057322491, 4.0544676602143745, 4.275522945909877, 4.5299159282059325, 4.625634521925468, 4.286250798884918, 3.967128186279701, 3.666182635382197, 3.3965150664270056, 3.1648426301496797, 2.9770413095869803, 2.838785451360929, 2.754884873521125, 2.728561021419328, 2.7611838810316427, 2.8415251716749537, 2.9686980602341237, 3.146253178808983, 3.3687040390619125, 3.6288704503393387, 3.9199201555295384, 4.237224156852605, 4.579059655877936, 4.941534444670905, 5.219835107575248, 5.2119832959984915, 5.172551289137001, 5.17035771972291, 5.20543902492488, 5.270746378319407, 5.331659367167445, 5.428110231762931, 5.558646445597066, 5.72122851551018, 5.906592452925176, 5.59192220657347, 5.2631230653923975, 4.95627186070492, 4.626658922441964, 4.251640548584925, 3.896849022753353, 3.5665186570520153, 3.2657173716980528, 3.000343955387336, 2.776967324548918, 2.5710754944667724, 2.4032702119100966, 2.2940791299992216, 2.2486005445165103, 2.2633013222542187, 2.3095929288582737, 2.3849825050025752, 2.5212862714723703, 2.6878527646563994, 2.8746996468550816, 3.077871351368614, 3.3001498169884367, 3.56026732926683, 3.8544197840714127, 3.975655551799879, 4.05786288430285, 4.056876692425472, 4.081954800365272, 4.051042756351423, 4.050246055242546, 4.0941575359794395, 4.18174434376396, 4.31103869687845, 4.4793446314862955, 4.6834877069430085, 4.9193709168394335, 5.182812020968505
2OAR.pdb, 34, 34, 0.2687303936729299, 1.3140466559766653, 1.0133096142117526, -, -, -, 1.779858040645487, 92.0487950479754, , Upper limit of R overestimation, -, -, -, -, -, -, -, -, -, -, -, -, -, -, -, -, -, -, -, -, -, -, -, -, -, -, -, -, -, -, -, -, -, -, -, -, -, -, -, -, -, -, -, -, -, -, -, -, -, -, -, -, -, -, -, -, -, -, -, -, -, -, -, -, -, -, -, -, -, -, -, -, -, -, -, -, -, -, -, -, -, -, -, -, -, -, -, -, -, -, -, -, -, -, -, -, -, -, -, -, -, -, -, -, -, -, -, -, -, -, -, -, -, -, -, -, -, -, -, -, -, -, -, -, -, -, -, -, -, -, -, -, -, -, -, -, -, -, -, -, -, -, -, -, -, -, -, -, -, -, -, -, -, -, -, -, -, -, -, -, -, -, -, -, -, -, -, -, -, -, -, -, -, -, -, -, -, -, -, -, -, -, -, -, -, -, -, -, -, -, -
2OAR.pdb, 35, 35, 0.26663640956094053, 1.3218693105663357, 0.7546619533781871, -, -, -, 1.3349625359101327, 29.332463828050034, , X, 63.068282105920325, 62.79374789385973, 62.403422282203735, 62.01455499107009, 61.6318213213522, 61.25086628976528, 60.86615262523272, 60.47446739312172, 60.0885964226243, 59.70563499791301, 59.32267357320171, 58.93971214849042, 58.55675072377913, 58.17378929906784, 57.826140850037795, 57.443996606509145, 57.05421356598525, 56.6613398266591, 56.26432612755236, 55.86830890765192, 55.47229168775148, 55.076274467851036, 54.6802572479506, 54.46059329227546, 54.54386325942353, 54.62005824635804, 54.69625323329255, 54.78312294786277, 54.925048116159736, 55.08948265402611, 55.23576675635613, 55.21661745108692, 55.09237610527168, 54.83786266592534, 54.51755196164449, 54.19524531143689, 53.87748445441907, 53.899747695443644, 54.143076421768534, 54.38343559817348, 54.573946394310866, 54.75522861707472, 55.01577252715159, 55.2766882949918, 55.50782179640694, 55.712808491336645, 55.903763936871606, 56.10902308420884, 56.139380585142064, 55.95164710471248, 55.660378279772374, 55.37322188262865, 55.086884893166, 54.790474349316824, 54.457455517715196, 54.33923061567206, 54.24741572750922, 54.155600839346384, 54.063785951183554, 53.9603754313876, 53.871766859351105
2OAR.pdb, 35, 35, 0.26663640956094053, 1.3218693105663357, 0.7546619533781871, -, -, -, 1.3349625359101327, 29.332463828050034, , Y, 158.9692796110366, 158.80511158423258, 158.50055374051826, 158.18783964722232, 157.86760216059088, 157.54691322785456, 157.2301142553982, 156.9205304383884, 156.60345829277466, 156.28263887254843, 155.96181945232223, 155.641000032096, 155.3201806118698, 154.9993611916436, 154.69769250130008, 154.48221700426683, 154.17173504359323, 153.86441648535185, 153.56255339665796, 153.26005245365207, 152.9575515106462, 152.6550505676403, 152.35254962463443, 152.13991306383568, 152.09019087207977, 152.0433182591685, 151.99644564625723, 151.91830611702622, 151.67856514392656, 151.3599505465369, 151.03727752507277, 150.84298777495536, 150.68809570963688, 150.65122371192987, 150.6827058901632, 150.67460516467912, 150.62213184849352, 150.71011188343923, 150.87518124600786, 150.99727198141036, 150.9461196343531, 150.58099580428274, 150.22777147806235, 149.8746586357627, 149.674377377421, 149.6003627974014, 149.52998877011822, 149.45487318556542, 149.21954077343185, 148.9939474031928, 148.73699854451334, 148.47885641662074, 148.2165577009163, 147.9632583040161, 147.65468777777932, 147.35749000967775, 147.04792611657956, 146.73836222348137, 146.42879833038316, 146.1182504532327, 145.76508140459765
2OAR.pdb, 35, 35, 0.26663640956094053, 1.3218693105663357, 0.7546619533781871, -, -, -, 1.3349625359101327, 29.332463828050034, , Z, -0.5904458934469397, -0.3406510453511297, -0.3082696882501119, -0.2776110252759299, -0.24759703951137008, -0.20252074497597175, -0.1637017549450837, -0.13648890518999054, -0.11382835350169089, -0.09344584166397113, -0.07306332982625136, -0.05268081798853161, -0.03229830615081185, -0.011915794313092087, -0.08282927819459815, -0.14320226898905009, -0.10273542594718792, -0.06879356732210704, -0.0335109183509031, 0.007275611568648248, 0.04806214148819961, 0.08884867140775095, 0.12963520132730233, 0.3319706686131064, 0.8223926833349471, 1.3143248759437662, 1.8062570685525854, 2.2859021815197487, 2.7010558767516386, 3.0477504370641717, 3.3931835865571616, 3.797664244298812, 4.256440014160357, 4.664241096429847, 5.046876595536758, 5.426500012565415, 5.808871012335266, 6.20240765083112, 6.606812443688831, 7.0261012588852285, 7.430001302362133, 7.705445534573461, 7.944901998243015, 8.184138873944502, 8.540931179028501, 8.990747180802611, 9.44740497263729, 9.896959606087357, 10.285377096483213, 10.671555096382122, 10.986419758802874, 11.303990578374039, 11.618736638543943, 11.931345896234133, 12.137763036889082, 12.506294832253657, 12.888054209874607, 13.269813587495557, 13.651572965116507, 14.028973197141562, 14.371639425486102
2OAR.pdb, 35, 35, 0.26663640956094053, 1.3218693105663357, 0.7546619533781871, -, -, -, 1.3349625359101327, 29.332463828050034, , distance, 0.0, 0.405854211203562, 0.8610260958094789, 1.3486492888665422, 1.842459803379057, 2.3402162929167662, 2.8383412310206744, 3.336364021497731, 3.8344232370156286, 4.332717747807544, 4.831364673026394, 5.330265108357043, 5.829353964803426, 6.328586664380153, 6.7811633228210235, 7.208768624083908, 7.708652007955151, 8.208572229755443, 8.708425912833132, 9.208265840426117, 9.708122253897157, 10.20799273144668, 10.707875303435452, 11.02648658741925, 11.044622736562593, 11.089164924049658, 11.155961008920348, 11.253153679566738, 11.414935880509363, 11.610323080979772, 11.837831626900726, 12.121912697182232, 12.47739501423863, 12.827376717805237, 13.17428156965299, 13.554926933155759, 13.96770897825405, 14.086118488167417, 14.03475159803859, 14.035357317633233, 14.172240768973035, 14.432324071907457, 14.632465225900702, 14.846359912063615, 15.06445534574449, 15.286557986731367, 15.530260209791164, 15.777860750810996, 16.166341868042846, 16.642908780984563, 17.13477263496745, 17.62783451307077, 18.12147532745651, 18.613164048328763, 19.083333709277277, 19.55900343324924, 20.039868209168077, 20.52164760392779, 21.00427868122982, 21.49023799200436, 21.97249963127403
2OAR.pdb, 35, 35, 0.26663640956094053, 1.3218693105663357, 0.7546619533781871, -, -, -, 1.3349625359101327, 29.332463828050034, , length, 0.0, 0.5, 1.0, 1.5, 2.0, 2.5, 3.0, 3.5, 4.0, 4.5, 5.0, 5.5, 6.0, 6.5, 7.0, 7.5, 8.0, 8.5, 9.0, 9.5, 10.0, 10.5, 11.0, 11.5, 12.0, 12.5, 13.0, 13.5, 14.0, 14.5, 15.0, 15.5, 16.0, 16.5, 17.0, 17.5, 18.0, 18.5, 19.0, 19.5, 20.0, 20.5, 21.0, 21.5, 22.0, 22.5, 23.0, 23.5, 24.0, 24.5, 25.0, 25.5, 26.0, 26.5, 27.0, 27.5, 28.0, 28.5, 29.0, 29.5, 30.0
2OAR.pdb, 35, 35, 0.26663640956094053, 1.3218693105663357, 0.7546619533781871, -, -, -, 1.3349625359101327, 29.332463828050034, , R, 3.1899092912527345, 3.102958534162822, 2.7785521980303085, 2.4815840719347784, 2.219640550972948, 2.005951689077987, 1.850526456633565, 1.759137741058678, 1.734120159834271, 1.7812054664407841, 1.901493394510252, 2.0876691319598595, 2.3301864997315054, 2.6191539714938687, 2.825050506523764, 2.700413713081089, 2.536828676991133, 2.4231641228522287, 2.3668280448888983, 2.3698533332575016, 2.4365749908189662, 2.5638722264162177, 2.746326178975694, 2.7620002550723206, 2.4304648929600803, 2.1356616536505673, 1.8890396567702612, 1.6866397318643136, 1.4709003666776685, 1.2936461970929116, 1.1806327131846048, 1.0712468170949836, 0.9842588623772732, 0.9269832302990144, 0.9404463732119068, 1.0307515776118272, 1.1813701104200058, 1.201529906839934, 1.1641052324748666, 1.1959281595909577, 1.2165114891351458, 1.0447404426847702, 0.9016752838681321, 0.856919153182222, 0.800571586186948, 0.7546144576668343, 0.8016059076282063, 0.9411652296889761, 1.0264727776850662, 0.9859073810280639, 0.9451138623751758, 1.0019742782661227, 1.1395083118544753, 1.347117839689826, 1.5767278732198822, 1.782121984974455, 2.029749148915633, 2.326742574803112, 2.6625994134483455, 3.027057373531416, 3.3792121363376757
2OAR.pdb, 35, 35, 0.26663640956094053, 1.3218693105663357, 0.7546619533781871, -, -, -, 1.3349625359101327, 29.332463828050034, , Upper limit of R overestimation, -, -, -, -, -, -, -, -, -, -, -, -, -, -, -, -, -, -, -, -, -, -, -, -, -, -, -, -, -, -, -, -, -, -, -, -, -, -, -, -, -, -, -, -, -, -, -, -, -, -, -, -, -, -, -, -, -, -, -, -, -
2OAR.pdb, 36, 36, 0.26328103724113455, 1.3345332346665173, 0.665642903655268, -, -, -, 1.87989224347838, 27.833607001292904, , X, 63.068282105920325, 62.79374789385973, 62.403422282203735, 62.01455499107009, 61.6318213213522, 61.25086628976528, 60.86615262523272, 60.47446739312172, 60.0885964226243, 59.70563499791301, 59.32267357320171, 58.93971214849042, 58.55675072377913, 58.17378929906784, 57.826140850037795, 57.443996606509145, 57.05421356598525, 56.6613398266591, 56.26432612755236, 55.86830890765192, 55.47229168775148, 55.076274467851036, 54.6802572479506, 54.2721036780114, 53.99835395224863, 53.697001900028916, 53.57086202031774, 53.37702887538658, 53.3065033383647, 53.1599015558527, 52.84430150635474, 52.67395228810974, 52.37040731332878, 52.065366781129065, 51.61045538343234, 51.13778093722755, 50.67831096901872, 50.36498827957517, 50.01943719989094, 49.69863755439281, 49.57469013371141, 49.351928732325455, 49.0404878542954, 48.87744126123934, 48.6997220024153, 48.35592588380713, 47.97742210559061, 47.572204949577674, 47.64601835902561, 47.753298470914984, 47.86057858280435, 48.038253818465606, 48.340304160094774, 48.63765836818858, 48.92433153066284, 49.209018824443206, 49.30555199763061, 49.29205439642952
2OAR.pdb, 36, 36, 0.26328103724113455, 1.3345332346665173, 0.665642903655268, -, -, -, 1.87989224347838, 27.833607001292904, , Y, 158.9692796110366, 158.80511158423258, 158.50055374051826, 158.18783964722232, 157.86760216059088, 157.54691322785456, 157.2301142553982, 156.9205304383884, 156.60345829277466, 156.28263887254843, 155.96181945232223, 155.641000032096, 155.3201806118698, 154.9993611916436, 154.69769250130008, 154.48221700426683, 154.17173504359323, 153.86441648535185, 153.56255339665796, 153.26005245365207, 152.9575515106462, 152.6550505676403, 152.35254962463443, 152.24019705172728, 152.63717022908463, 152.94197255922663, 153.28529887266527, 153.66315591454386, 154.0435991288045, 154.2762371382664, 154.1253450313486, 154.2752732682596, 154.4518715949774, 154.628682574206, 154.7766086848214, 154.92082469837828, 155.08352636716177, 155.46129613915284, 155.81332658859247, 156.17585298941785, 156.61910637707695, 156.98806379025555, 157.37045769837982, 157.82852356884126, 158.2727554183476, 158.5743396049002, 158.85119928821845, 159.13304508996563, 159.59626919367267, 160.08140031476938, 160.5665314358661, 161.01584393603397, 161.40187158726707, 161.79366238723748, 162.19134113723638, 162.58987979064955, 163.00860051481885, 163.43912352568302
2OAR.pdb, 36, 36, 0.26328103724113455, 1.3345332346665173, 0.665642903655268, -, -, -, 1.87989224347838, 27.833607001292904, , Z, -0.5904458934469397, -0.3406510453511297, -0.3082696882501119, -0.2776110252759299, -0.24759703951137008, -0.20252074497597175, -0.1637017549450837, -0.13648890518999054, -0.11382835350169089, -0.09344584166397113, -0.07306332982625136, -0.05268081798853161, -0.03229830615081185, -0.011915794313092087, -0.08282927819459815, -0.14320226898905009, -0.10273542594718792, -0.06879356732210704, -0.0335109183509031, 0.007275611568648248, 0.04806214148819961, 0.08884867140775095, 0.12963520132730233, 0.14130163769286033, 0.11000780016047268, 0.2569574917068272, 0.584207056487559, 0.8076503971902641, 1.1039151001513001, 1.4186246259171074, 1.752064933581672, 2.196719945483023, 2.552632124658876, 2.907129548345075, 2.8779541870823366, 2.8019238685327084, 2.7386706121881925, 2.8289996454774062, 2.9106636767052554, 3.003837124985977, 3.194226525374319, 2.991643745146018, 3.0003101070972913, 2.884092788089466, 2.753686535369006, 2.563293970737371, 2.6483936978919065, 2.728155847501078, 2.6775943903946504, 2.621569637504048, 2.565544884613445, 2.4940841690258257, 2.3953509749867217, 2.305720214103088, 2.2076405270167254, 2.107041886391588, 2.230134394877716, 2.484039400496483
2OAR.pdb, 36, 36, 0.26328103724113455, 1.3345332346665173, 0.665642903655268, -, -, -, 1.87989224347838, 27.833607001292904, , distance, 0.0, 0.405854211203562, 0.8610260958094789, 1.3486492888665422, 1.842459803379057, 2.3402162929167662, 2.8383412310206744, 3.336364021497731, 3.8344232370156286, 4.332717747807544, 4.831364673026394, 5.330265108357043, 5.829353964803426, 6.328586664380153, 6.7811633228210235, 7.208768624083908, 7.708652007955151, 8.208572229755443, 8.708425912833132, 9.208265840426117, 9.708122253897157, 10.20799273144668, 10.707875303435452, 11.099043268450684, 11.083764762690466, 11.17440895489781, 11.13051817613958, 11.136876182247246, 11.0646062784163, 11.146166028189299, 11.553390778785984, 11.740701909219696, 12.03039648928585, 12.334421845051978, 12.684245417710327, 13.047414223439098, 13.404979662559393, 13.61514707489927, 13.874082351049188, 14.12336709645235, 14.209999432085409, 14.314151465481826, 14.56807371376728, 14.654477379844156, 14.769017810961426, 15.051759975024352, 15.43496292222991, 15.848291513044446, 15.77718042973232, 15.687656930568785, 15.613639474194265, 15.479163464617177, 15.223200091803724, 14.986921553441471, 14.77370319081599, 14.576157404758343, 14.617952201325675, 14.805958744631104
2OAR.pdb, 36, 36, 0.26328103724113455, 1.3345332346665173, 0.665642903655268, -, -, -, 1.87989224347838, 27.833607001292904, , length, 0.0, 0.5, 1.0, 1.5, 2.0, 2.5, 3.0, 3.5, 4.0, 4.5, 5.0, 5.5, 6.0, 6.5, 7.0, 7.5, 8.0, 8.5, 9.0, 9.5, 10.0, 10.5, 11.0, 11.5, 12.0, 12.5, 13.0, 13.5, 14.0, 14.5, 15.0, 15.5, 16.0, 16.5, 17.0, 17.5, 18.0, 18.5, 19.0, 19.5, 20.0, 20.5, 21.0, 21.5, 22.0, 22.5, 23.0, 23.5, 24.0, 24.5, 25.0, 25.5, 26.0, 26.5, 27.0, 27.5, 28.0, 28.5
2OAR.pdb, 36, 36, 0.26328103724113455, 1.3345332346665173, 0.665642903655268, -, -, -, 1.87989224347838, 27.833607001292904, , R, 3.1899092912527345, 3.102958534162822, 2.7785521980303085, 2.4815840719347784, 2.219640550972948, 2.005951689077987, 1.850526456633565, 1.759137741058678, 1.734120159834271, 1.7812054664407841, 1.901493394510252, 2.0876691319598595, 2.3301864997315054, 2.6191539714938687, 2.825050506523764, 2.700413713081089, 2.536828676991133, 2.4231641228522287, 2.3668280448888983, 2.3698533332575016, 2.4365749908189662, 2.5638722264162177, 2.746326178975694, 2.8848896914573383, 2.7037199084288397, 2.422996005551318, 2.214706995606201, 1.9792168963460872, 1.6663702365839597, 1.46948789983584, 1.510815777345881, 1.3687760070472592, 1.242912201744975, 1.2036436173148801, 1.1150821914240625, 1.1024269998702563, 1.1675464959320583, 1.1307449196688912, 1.202341345356957, 1.3419790973117127, 1.4088637951097236, 1.3713176286263966, 1.3345217285543516, 1.304299915457812, 1.341630605476917, 1.3081711595578431, 1.167804383415476, 1.102005460714028, 0.8855629666947182, 0.7231261233790436, 0.6655197148591236, 0.7007684970745238, 0.8099965066124204, 1.0101368773070187, 1.2754257733045513, 1.597039589083717, 1.783014162676153, 1.9293038838282732
2OAR.pdb, 36, 36, 0.26328103724113455, 1.3345332346665173, 0.665642903655268, -, -, -, 1.87989224347838, 27.833607001292904, , Upper limit of R overestimation, -, -, -, -, -, -, -, -, -, -, -, -, -, -, -, -, -, -, -, -, -, -, -, -, -, -, -, -, -, -, -, -, -, -, -, -, -, -, -, -, -, -, -, -, -, -, -, -, -, -, -, -, -, -, -, -, -, -
2OAR.pdb, 37, 37, 0.2628600952608573, 1.3361333455268445, 0.8486957357577491, -, -, -, 1.3519929339571313, 28.90614108990112, , X, 63.068282105920325, 62.79374789385973, 62.403422282203735, 62.01455499107009, 61.6318213213522, 61.25086628976528, 60.86615262523272, 60.47446739312172, 60.0885964226243, 59.70563499791301, 59.32267357320171, 58.93971214849042, 58.55675072377913, 58.17378929906784, 57.826140850037795, 57.443996606509145, 57.05421356598525, 56.6613398266591, 56.26432612755236, 55.86830890765192, 55.47229168775148, 55.076274467851036, 54.6802572479506, 54.2721036780114, 54.044256078038245, 53.81938867746637, 53.5945212768945, 53.375375748254626, 53.07180632297617, 52.712866791908894, 52.36073972191734, 52.00218873880188, 51.629396908557844, 51.330296889319676, 51.06123840233186, 50.779552245107986, 50.49709664289439, 50.29996782319763, 50.31969042111201, 50.33941301902638, 50.35954198725281, 49.92793897766906, 49.53197154228292, 49.18361476762569, 48.83525799296846, 48.57135021105555, 48.34622828479116, 48.11690896484631, 47.791213415823044, 47.30503164973808, 46.81692545914875, 46.38836897362484, 45.959812488100944, 45.52288854565542, 45.090623492568234, 44.71986528995299, 44.43902573844065, 43.992676021288595, 43.534588564731145, 43.07656839842473
2OAR.pdb, 37, 37, 0.2628600952608573, 1.3361333455268445, 0.8486957357577491, -, -, -, 1.3519929339571313, 28.90614108990112, , Y, 158.9692796110366, 158.80511158423258, 158.50055374051826, 158.18783964722232, 157.86760216059088, 157.54691322785456, 157.2301142553982, 156.9205304383884, 156.60345829277466, 156.28263887254843, 155.96181945232223, 155.641000032096, 155.3201806118698, 154.9993611916436, 154.69769250130008, 154.48221700426683, 154.17173504359323, 153.86441648535185, 153.56255339665796, 153.26005245365207, 152.9575515106462, 152.6550505676403, 152.35254962463443, 152.24019705172728, 152.62233848826975, 152.84691196488174, 153.07148544149373, 153.3006030583708, 153.56717771265508, 153.86704119379363, 154.16248839016436, 154.4041323789724, 154.60009388953952, 154.54362095463736, 154.38423946814515, 154.2275848716479, 154.08791945278347, 154.08193645747215, 154.41569700108386, 154.74945754469556, 155.09358856658062, 155.3235897061817, 155.61201559232654, 155.96670075758786, 156.32138592284915, 156.6749436806814, 157.0253806769121, 157.37451775089409, 157.622247326617, 157.61866298497588, 157.56289198547557, 157.44705867659854, 157.33122536772152, 157.17608898983167, 156.9754452603393, 156.72341717346376, 157.07479956349204, 157.15174193420955, 157.17979314568464, 157.19989191990044
2OAR.pdb, 37, 37, 0.2628600952608573, 1.3361333455268445, 0.8486957357577491, -, -, -, 1.3519929339571313, 28.90614108990112, , Z, -0.5904458934469397, -0.3406510453511297, -0.3082696882501119, -0.2776110252759299, -0.24759703951137008, -0.20252074497597175, -0.1637017549450837, -0.13648890518999054, -0.11382835350169089, -0.09344584166397113, -0.07306332982625136, -0.05268081798853161, -0.03229830615081185, -0.011915794313092087, -0.08282927819459815, -0.14320226898905009, -0.10273542594718792, -0.06879356732210704, -0.0335109183509031, 0.007275611568648248, 0.04806214148819961, 0.08884867140775095, 0.12963520132730233, 0.14130163769286033, -0.011627385815168215, -0.397634388034629, -0.7836413902540897, -1.170259560059657, -1.4331752252665255, -1.6097269491090864, -1.7721954004413234, -2.017133663187237, -2.2866245492660773, -2.6418203759254704, -3.0319550608015504, -3.413990493435878, -3.8022074476658174, -4.185780990140402, -4.557553660813659, -4.929326331486917, -5.289914627763757, -5.3642449059549815, -5.362987518065076, -5.309639686862879, -5.256291855660684, -5.420666464865086, -5.697223493253909, -5.971970133503792, -6.180953984797894, -6.265408277158272, -6.330301080133224, -6.56034886488674, -6.790396649640257, -6.966372741907617, -7.109156263581701, -7.330410579318295, -7.3810983303174424, -7.563374895329887, -7.761250456718316, -7.960783828693206
2OAR.pdb, 37, 37, 0.2628600952608573, 1.3361333455268445, 0.8486957357577491, -, -, -, 1.3519929339571313, 28.90614108990112, , distance, 0.0, 0.405854211203562, 0.8610260958094789, 1.3486492888665422, 1.842459803379057, 2.3402162929167662, 2.8383412310206744, 3.336364021497731, 3.8344232370156286, 4.332717747807544, 4.831364673026394, 5.330265108357043, 5.829353964803426, 6.328586664380153, 6.7811633228210235, 7.208768624083908, 7.708652007955151, 8.208572229755443, 8.708425912833132, 9.208265840426117, 9.708122253897157, 10.20799273144668, 10.707875303435452, 11.099043268450684, 11.047702848671268, 11.093357991257736, 11.161247457693271, 11.243776563290915, 11.393964442905515, 11.589063683597752, 11.796323056086429, 12.055473016540363, 12.361832407043416, 12.711211144319055, 13.082532576916673, 13.471041336945483, 13.862820536295422, 14.13656277815047, 14.106723523537603, 14.094569520154526, 14.093192074924927, 14.448142767233577, 14.740423295322275, 14.968976482248172, 15.210536970367565, 15.451732669646386, 15.703400562687191, 15.970210622922734, 16.323513851394857, 16.80801678579183, 17.29249711805751, 17.781349784607762, 18.270805777171226, 18.75390121989247, 19.226678587992144, 19.675757207989896, 19.91861460981164, 20.39127091595875, 20.885111521258565, 21.38039361292821
2OAR.pdb, 37, 37, 0.2628600952608573, 1.3361333455268445, 0.8486957357577491, -, -, -, 1.3519929339571313, 28.90614108990112, , length, 0.0, 0.5, 1.0, 1.5, 2.0, 2.5, 3.0, 3.5, 4.0, 4.5, 5.0, 5.5, 6.0, 6.5, 7.0, 7.5, 8.0, 8.5, 9.0, 9.5, 10.0, 10.5, 11.0, 11.5, 12.0, 12.5, 13.0, 13.5, 14.0, 14.5, 15.0, 15.5, 16.0, 16.5, 17.0, 17.5, 18.0, 18.5, 19.0, 19.5, 20.0, 20.5, 21.0, 21.5, 22.0, 22.5, 23.0, 23.5, 24.0, 24.5, 25.0, 25.5, 26.0, 26.5, 27.0, 27.5, 28.0, 28.5, 29.0, 29.5
2OAR.pdb, 37, 37, 0.2628600952608573, 1.3361333455268445, 0.8486957357577491, -, -, -, 1.3519929339571313, 28.90614108990112, , R, 3.1899092912527345, 3.102958534162822, 2.7785521980303085, 2.4815840719347784, 2.219640550972948, 2.005951689077987, 1.850526456633565, 1.759137741058678, 1.734120159834271, 1.7812054664407841, 1.901493394510252, 2.0876691319598595, 2.3301864997315054, 2.6191539714938687, 2.825050506523764, 2.700413713081089, 2.536828676991133, 2.4231641228522287, 2.3668280448888983, 2.3698533332575016, 2.4365749908189662, 2.5638722264162177, 2.746326178975694, 2.8848896914573383, 2.695350053142301, 2.3765577341037645, 2.0989982425915787, 1.8682242153155801, 1.6498987362842525, 1.4546715080187487, 1.3269328178179078, 1.240734451447567, 1.2017204191681206, 1.0954451576122124, 1.014852678365597, 1.0209232245529187, 1.110631729341336, 1.2001700822131052, 1.1532504727520432, 1.1990459547368428, 1.3193589397369876, 1.1803893039456907, 1.040260643962283, 0.9230618411820433, 0.9053180728839187, 0.8639296293763614, 0.8573821633676113, 0.9507095179631606, 1.0328982262224833, 1.0024943732097626, 1.0115963149553022, 0.9966351181171804, 1.0796008796709677, 1.2323941649584005, 1.430150650847572, 1.6176699084777275, 1.7063988235073464, 1.965172832417423, 2.281163270522137, 2.63389854858166
2OAR.pdb, 37, 37, 0.2628600952608573, 1.3361333455268445, 0.8486957357577491, -, -, -, 1.3519929339571313, 28.90614108990112, , Upper limit of R overestimation, -, -, -, -, -, -, -, -, -, -, -, -, -, -, -, -, -, -, -, -, -, -, -, -, -, -, -, -, -, -, -, -, -, -, -, -, -, -, -, -, -, -, -, -, -, -, -, -, -, -, -, -, -, -, -, -, -, -, -, -
2OAR.pdb, 38, 38, 0.24403728771563762, 1.4104342468577822, 1.0070965579790108, -, -, -, 1.5049692103328547, 71.91179651404782, , X, 63.068282105920325, 62.79374789385973, 62.403422282203735, 62.01455499107009, 61.6318213213522, 61.25086628976528, 60.86615262523272, 60.47446739312172, 60.0885964226243, 59.70563499791301, 59.32267357320171, 58.93971214849042, 58.55675072377913, 58.17378929906784, 57.826140850037795, 57.443996606509145, 57.05421356598525, 56.6613398266591, 56.26432612755236, 55.86830890765192, 55.47229168775148, 55.076274467851036, 54.6802572479506, 54.428679366667886, 54.021937714905505, 53.62890682471425, 53.246536538581545, 52.87095819103486, 52.496298609227274, 52.12163902741969, 51.74444596902282, 51.366860471219574, 50.98811607188813, 50.61300530579921, 50.25588619420719, 49.940931426090955, 49.54746105815216, 49.247575309091864, 48.85265758871987, 48.457739868347886, 48.06282214797589, 47.6679044276039, 47.27298670723191, 46.87806898685992, 46.48315126648793, 46.08823354611594, 45.69331582574395, 45.374619940590826, 45.08129618566133, 44.78761353452235, 44.4660145164771, 44.07198718846425, 43.67795986045139, 43.283932532438534, 42.88990520442567, 42.49587787641282, 42.1411379583235, 41.75413971458738, 41.367141470851266, 41.082065967085995, 40.89586161411496, 40.831367907656954, 40.455024786696946, 40.074578405271424, 39.69413202384591, 39.31368564242039, 38.933239260994874, 38.55279287956935, 38.17234649814384, 37.79190011671832, 37.42729748397065, 37.082566959378234, 36.815896678654596, 36.59833273601397, 36.34848315406818, 36.000743568277564, 35.6617659587626, 35.319044273623696, 34.88128495893912, 34.575655785803185, 34.407710724534574, 34.23976566326597, 34.06996737008211, 33.88575541696817, 33.80853516340233, 33.80068418855958, 33.792833213716825, 33.813467530701644, 33.90126939145059, 33.99612661317746, 34.025231419087675, 33.982756940544014, 33.93432339207535, 33.885889843606684, 33.83745629513802, 33.77860393491584, 33.69690063032021, 33.53683050709607, 33.1462783781075, 32.75230484751887, 32.524436171509194, 32.318446956804394, 32.11809249123104, 31.917738025657677, 31.717383560084315, 31.517029094510956, 31.120016680337272, 30.629492133563282, 30.13892797149876, 29.647839803439624, 29.15675163538049, 28.666347493561396, 28.31225625472265, 28.007770526378582, 27.70328479803451, 27.398799069690437, 27.09544534183179, 26.79211508773612, 26.617243342185507, 26.443700614267975, 26.301085761041453, 26.17158031402606, 26.05013140729102, 25.92538802389414, 25.79530239510668, 25.539645796435906, 25.220038386949323, 24.90545202737878, 24.610264450745685, 24.174065116520048, 23.704729272346786, 23.234040360187063, 22.748912181128336, 22.263191412183776, 21.77747064323922, 21.293371847581213, 20.86264542725945, 20.43445558792054, 19.959833466395605, 19.484668628082947, 19.009503789770285, 18.534338951457624, 18.079841462253615, 17.655840120629172, 17.314759409877787, 16.99289287171017, 16.67102633354255, 16.34915979537493
2OAR.pdb, 38, 38, 0.24403728771563762, 1.4104342468577822, 1.0070965579790108, -, -, -, 1.5049692103328547, 71.91179651404782, , Y, 158.9692796110366, 158.80511158423258, 158.50055374051826, 158.18783964722232, 157.86760216059088, 157.54691322785456, 157.2301142553982, 156.9205304383884, 156.60345829277466, 156.28263887254843, 155.96181945232223, 155.641000032096, 155.3201806118698, 154.9993611916436, 154.69769250130008, 154.48221700426683, 154.17173504359323, 153.86441648535185, 153.56255339665796, 153.26005245365207, 152.9575515106462, 152.6550505676403, 152.35254962463443, 152.01469327282234, 151.79540418427982, 151.50050744395983, 151.1806385042043, 150.85163728605102, 150.5215533512378, 150.1914694164246, 149.8636728266321, 149.5362305500888, 149.21066933418555, 149.12580761916817, 148.85056699721102, 148.53833774370523, 148.23021221158146, 147.94795958652614, 147.65177335324876, 147.3555871199714, 147.05940088669402, 146.76321465341667, 146.4670284201393, 146.17084218686193, 145.87465595358455, 145.5784697203072, 145.28228348702982, 144.93566037912518, 144.66647192030055, 144.39073824339104, 144.2157233991542, 143.91304429291574, 143.6103651866773, 143.30768608043886, 143.00500697420043, 142.70232786796197, 142.39263757176576, 142.0766868778498, 141.76073618393386, 141.45635188217298, 141.02045863992348, 140.99004384927048, 141.1818912603422, 141.45772460417516, 141.7335579480081, 142.00939129184104, 142.285224635674, 142.56105797950696, 142.8368913233399, 143.11272466717284, 143.41201634586739, 143.68793753231023, 143.85106447129397, 144.11284216823276, 144.37819712785173, 144.65324340219945, 144.91801918040267, 145.18202071921164, 145.42286517064997, 145.7748463017482, 146.23949416539483, 146.70414202904144, 147.14367740273548, 147.40866276301705, 147.72823282857996, 148.08264318826525, 148.43705354795054, 148.799086333224, 149.1778937385258, 149.55794330787657, 149.91821188757888, 150.14593717503215, 150.35820536532572, 150.57047355561932, 150.78274174591292, 150.99889487773777, 151.22150113348772, 151.45735221557806, 151.67846725627115, 151.89637706129062, 152.3332892465833, 152.78820698872119, 153.2459881159097, 153.70376924309824, 154.16155037028676, 154.6193314974753, 154.83088909674206, 154.92536580832433, 155.0192942952343, 155.10597121309544, 155.1926481309566, 155.28311774721513, 155.22980075006555, 155.11217809390334, 154.9945554377411, 154.87693278157886, 154.75864393670562, 154.64034127738964, 154.4604184135913, 154.27985803391923, 153.89557315410187, 153.42493551793623, 152.95452942707695, 152.48610865346382, 152.01804270238748, 151.61972315229545, 151.2575594440058, 150.89227304169268, 150.51492213801936, 150.3428593525931, 150.2165300211774, 150.0945670993729, 150.16973993348245, 150.26046882523445, 150.35119771698646, 150.42995108644956, 150.54602672216993, 150.38956929427758, 150.33172127140148, 150.26298643339967, 150.19425159539787, 150.12551675739607, 149.97750910094695, 149.71252874723945, 149.95272361999653, 150.30997650213118, 150.6672293842658, 151.02448226640044
2OAR.pdb, 38, 38, 0.24403728771563762, 1.4104342468577822, 1.0070965579790108, -, -, -, 1.5049692103328547, 71.91179651404782, , Z, -0.5904458934469397, -0.3406510453511297, -0.3082696882501119, -0.2776110252759299, -0.24759703951137008, -0.20252074497597175, -0.1637017549450837, -0.13648890518999054, -0.11382835350169089, -0.09344584166397113, -0.07306332982625136, -0.05268081798853161, -0.03229830615081185, -0.011915794313092087, -0.08282927819459815, -0.14320226898905009, -0.10273542594718792, -0.06879356732210704, -0.0335109183509031, 0.007275611568648248, 0.04806214148819961, 0.08884867140775095, 0.12963520132730233, 0.06792440495630259, 0.019813296007875195, 0.05535362181216626, 0.0934766991233858, 0.11949995802966873, 0.1454767503258086, 0.17145354262194845, 0.18750771290887966, 0.20202485383960675, 0.22386115676223306, 0.4108033686540404, 0.4393533977788709, 0.3787762712770532, 0.3942593590683008, 0.2383041567589102, 0.317763009967068, 0.3972218631752258, 0.4766807163833836, 0.5561395695915414, 0.6355984227996991, 0.715057276007857, 0.7945161292160148, 0.8739749824241726, 0.9534338356323303, 0.828533005063545, 0.603481729477974, 0.546236817136218, 0.7449541950175178, 0.8008811422410497, 0.8568080894645816, 0.9127350366881135, 0.9686619839116455, 1.0245889311351775, 1.0008535420120923, 1.0210406259815197, 1.0412277099509468, 0.9085596730341857, 0.8992304672862779, 1.3297347930538692, 1.4981835611712317, 1.6689949111751552, 1.8398062611790784, 2.010617611183002, 2.181428961186925, 2.3522403111908483, 2.5230516611947715, 2.693863011198695, 2.859315334548069, 3.0663001783234165, 3.456078930799665, 3.8223279830142545, 4.155322134985958, 4.386388498144732, 4.641315875106099, 4.888876489578962, 4.905725283195713, 4.952218761348, 5.029009510817696, 5.105800260287392, 5.221060193770543, 5.602957402752813, 5.966654676875602, 6.3192616239735955, 6.671868571071588, 7.013367927221128, 7.327500458335673, 7.6382486398630425, 7.981267099039602, 8.420548354197031, 8.870655460086528, 9.320762565976025, 9.77086967186552, 10.21783593255755, 10.652966439945818, 10.75497549085726, 10.534573192044887, 10.317144433496086, 10.275692698390568, 10.253925901357787, 10.23676409158098, 10.219602281804173, 10.202440472027366, 10.185278662250559, 10.165215066757735, 10.143771653298819, 10.121282239768233, 10.08495699919898, 10.048631758629726, 10.01411230246058, 9.733126153168904, 9.354373790810437, 8.975621428451968, 8.596869066093499, 8.217416540694277, 7.837949496342568, 7.4057356099741, 6.972976010566273, 6.768089102571307, 6.659790650976883, 6.5418564502767556, 6.419489580135377, 6.3013900854716, 6.178365375435187, 6.049181196066455, 5.917140778337192, 5.774065308397712, 5.641703555888557, 5.524564280624399, 5.4080439232836515, 5.328570369425828, 5.2521269078522, 5.175683446278573, 5.10316682591016, 5.236785259034726, 5.404431804819365, 5.550657861222764, 5.690278412991369, 5.829898964759974, 5.969519516528579, 6.0515787752678225, 6.048702240942082, 5.936924493540364, 5.799912414457953, 5.662900335375543, 5.525888256293133
2OAR.pdb, 38, 38, 0.24403728771563762, 1.4104342468577822, 1.0070965579790108, -, -, -, 1.5049692103328547, 71.91179651404782, , distance, 0.0, 0.405854211203562, 0.8610260958094789, 1.3486492888665422, 1.842459803379057, 2.3402162929167662, 2.8383412310206744, 3.336364021497731, 3.8344232370156286, 4.332717747807544, 4.831364673026394, 5.330265108357043, 5.829353964803426, 6.328586664380153, 6.7811633228210235, 7.208768624083908, 7.708652007955151, 8.208572229755443, 8.708425912833132, 9.208265840426117, 9.708122253897157, 10.20799273144668, 10.707875303435452, 11.110466150328445, 11.561714914223758, 12.05410388195878, 12.553778968629526, 13.053181798072117, 13.55258263772857, 14.052026090617755, 14.551513721298589, 15.051036268131043, 15.550690721548941, 15.906928085183234, 16.35867722463786, 16.794977693211006, 17.294791552665266, 17.696560628898823, 18.193261712000353, 18.69013871939915, 19.18717798373251, 19.684367213819073, 20.18169532614942, 20.679152300482887, 21.176729055631156, 21.67441734221842, 22.17220964977791, 22.627895409902894, 23.011463089133567, 23.409586912416653, 23.78014032260311, 24.2793169892778, 24.77852685631195, 25.277767956686997, 25.777038475652134, 26.27633673628023, 26.744394877538536, 27.24425157587617, 27.744113438593633, 28.14859419985802, 28.565635655070377, 28.660432053737562, 28.846368296936905, 28.990861342518965, 29.14321737282611, 29.303313742620087, 29.47102430790385, 29.64621984698375, 29.828768473980396, 30.018536042468167, 30.189226310308467, 30.366899730425033, 30.563418211752776, 30.673189048778866, 30.811842824443318, 31.0220794883393, 31.239820393478723, 31.466357936702774, 31.75248100475929, 31.884854656193813, 31.85991318946271, 31.842804217493093, 31.851542005207126, 31.994155251350143, 32.023264852211646, 31.982107473245232, 31.948723058449822, 31.89192674891052, 31.769163388735166, 31.64608806358098, 31.60529834945576, 31.702005665569622, 31.819028722244205, 31.94345025876501, 32.07518417782487, 32.22159580449358, 32.39012877438254, 32.51544668485683, 32.74520272547114, 32.98575380903912, 33.09132606105686, 33.186720538252935, 33.28511347108945, 33.39070435738819, 33.50342514104647, 33.62320411383939, 33.96324752498176, 34.40714693280051, 34.852343784961064, 35.29610945120378, 35.741360039562004, 36.18753305890995, 36.44915876837816, 36.64718465155332, 36.8509309359703, 37.06030327466655, 37.27402417631432, 37.49317070446748, 37.589186941044346, 37.6902639293588, 37.83803987472977, 38.008844819236074, 38.175783392671306, 38.350557776876194, 38.53689289814641, 38.835954081025506, 39.192407790706326, 39.54729218310203, 39.88736999459469, 40.3238754146063, 40.785944472248175, 41.24935414892722, 41.69074529424033, 42.13115793288204, 42.572886845287755, 43.017211491926545, 43.4306755598549, 43.899808100988025, 44.39210417971601, 44.886283010447414, 45.38058936908159, 45.87501913325402, 46.35653373748576, 46.81939354126883, 47.08810555974575, 47.3155545536484, 47.5471736303305, 47.782902148638016
2OAR.pdb, 38, 38, 0.24403728771563762, 1.4104342468577822, 1.0070965579790108, -, -, -, 1.5049692103328547, 71.91179651404782, , length, 0.0, 0.5, 1.0, 1.5, 2.0, 2.5, 3.0, 3.5, 4.0, 4.5, 5.0, 5.5, 6.0, 6.5, 7.0, 7.5, 8.0, 8.5, 9.0, 9.5, 10.0, 10.5, 11.0, 11.5, 12.0, 12.5, 13.0, 13.5, 14.0, 14.5, 15.0, 15.5, 16.0, 16.5, 17.0, 17.5, 18.0, 18.5, 19.0, 19.5, 20.0, 20.5, 21.0, 21.5, 22.0, 22.5, 23.0, 23.5, 24.0, 24.5, 25.0, 25.5, 26.0, 26.5, 27.0, 27.5, 28.0, 28.5, 29.0, 29.5, 30.0, 30.5, 31.0, 31.5, 32.0, 32.5, 33.0, 33.5, 34.0, 34.5, 35.0, 35.5, 36.0, 36.5, 37.0, 37.5, 38.0, 38.5, 39.0, 39.5, 40.0, 40.5, 41.0, 41.5, 42.0, 42.5, 43.0, 43.5, 44.0, 44.5, 45.0, 45.5, 46.0, 46.5, 47.0, 47.5, 48.0, 48.5, 49.0, 49.5, 50.0, 50.5, 51.0, 51.5, 52.0, 52.5, 53.0, 53.5, 54.0, 54.5, 55.0, 55.5, 56.0, 56.5, 57.0, 57.5, 58.0, 58.5, 59.0, 59.5, 60.0, 60.5, 61.0, 61.5, 62.0, 62.5, 63.0, 63.5, 64.0, 64.5, 65.0, 65.5, 66.0, 66.5, 67.0, 67.5, 68.0, 68.5, 69.0, 69.5, 70.0, 70.5, 71.0, 71.5, 72.0, 72.5, 73.0, 73.5
2OAR.pdb, 38, 38, 0.24403728771563762, 1.4104342468577822, 1.0070965579790108, -, -, -, 1.5049692103328547, 71.91179651404782, , R, 3.1899092912527345, 3.102958534162822, 2.7785521980303085, 2.4815840719347784, 2.219640550972948, 2.005951689077987, 1.850526456633565, 1.759137741058678, 1.734120159834271, 1.7812054664407841, 1.901493394510252, 2.0876691319598595, 2.3301864997315054, 2.6191539714938687, 2.825050506523764, 2.700413713081089, 2.536828676991133, 2.4231641228522287, 2.3668280448888983, 2.3698533332575016, 2.4365749908189662, 2.5638722264162177, 2.746326178975694, 2.865182541911182, 2.6659211337694253, 2.4021910437617664, 2.1684734096039096, 1.9765664750123615, 1.848074095469339, 1.7908713522217852, 1.8002240657252266, 1.8825348438436227, 2.036137778299302, 2.1422744789228627, 2.129387953912286, 2.188220396072182, 2.2818289808955465, 2.2485338435290654, 1.8940702308497674, 1.5799844761748827, 1.3197063164834346, 1.1291432908067738, 1.0240102960831785, 1.0149588947215409, 1.1029839513955397, 1.278941410717481, 1.5276386321182973, 1.747088733452181, 1.9017840909133485, 1.9523347540900824, 2.1022585604560575, 2.300126860630893, 2.5501328459682866, 2.8433236799882677, 3.1716101382001685, 3.528149942442188, 3.8661066453558157, 4.256018011134325, 4.661797742950659, 4.976322890147367, 5.228935919151494, 5.253317106205589, 4.917809599621446, 4.523455169212001, 4.145801648802447, 3.788414665874335, 3.45566319259725, 3.152813087152563, 2.886034508348921, 2.662236008412092, 2.4670167288345968, 2.314337704670394, 2.1762605100344743, 2.0094508225765306, 1.8863525043277973, 1.7657054891866313, 1.7176724986753897, 1.7427524053522885, 1.7251150736012928, 1.6820162714242448, 1.6094624040666394, 1.615946695093438, 1.6647202152198481, 1.5348752112047381, 1.44429430780335, 1.411625433782452, 1.4635908943293425, 1.587014909393993, 1.7619001719104972, 1.9974863218667593, 2.2213096877159484, 2.3545215455873256, 2.5309649438272275, 2.7588686290904083, 3.030507280942525, 3.334819884723832, 3.6580764203041336, 3.694060086942627, 3.482980182712194, 3.309646634157288, 3.241970479531204, 3.2344332247413825, 3.281345363428841, 3.379101888031568, 3.52474789456414, 3.7142872800510474, 3.6874285651407352, 3.582874766169468, 3.5248662444423, 3.502034457177991, 3.528859747888897, 3.6063928461293417, 3.4421137776455732, 3.2027153445852625, 3.0060918361940163, 2.858010323576585, 2.7622501488698767, 2.7235992791808754, 2.614704260771419, 2.563163115425539, 2.3791087525321495, 2.164933844477815, 2.0039320512002456, 1.9031979155640921, 1.8671132178648424, 1.8209473444085589, 1.808953386230189, 1.8716711528854635, 2.005724769431381, 2.062956075251579, 2.145506833533946, 2.2897534539945426, 2.368084964209702, 2.4977554406229596, 2.683274065820265, 2.9052550138470177, 2.9619330805518236, 3.0934374407764973, 3.247536225215535, 3.4414791087380503, 3.6764553528483117, 3.9471767414130317, 4.194483589805724, 4.396371345214629, 4.430748801362835, 4.459460113547642, 4.529502062326561, 4.6394648432050705
2OAR.pdb, 38, 38, 0.24403728771563762, 1.4104342468577822, 1.0070965579790108, -, -, -, 1.5049692103328547, 71.91179651404782, , Upper limit of R overestimation, -, -, -, -, -, -, -, -, -, -, -, -, -, -, -, -, -, -, -, -, -, -, -, -, -, -, -, -, -, -, -, -, -, -, -, -, -, -, -, -, -, -, -, -, -, -, -, -, -, -, -, -, -, -, -, -, -, -, -, -, -, -, -, -, -, -, -, -, -, -, -, -, -, -, -, -, -, -, -, -, -, -, -, -, -, -, -, -, -, -, -, -, -, -, -, -, -, -, -, -, -, -, -, -, -, -, -, -, -, -, -, -, -, -, -, -, -, -, -, -, -, -, -, -, -, -, -, -, -, -, -, -, -, -, -, -, -, -, -, -, -, -, -, -, -, -, -, -
2OAR.pdb, 39, 39, 0.2404657903500987, 1.425177443420473, 1.0070965579790108, -, -, -, 1.4655573800533606, 76.3962291674194, , X, 63.068282105920325, 62.79374789385973, 62.403422282203735, 62.01455499107009, 61.6318213213522, 61.25086628976528, 60.86615262523272, 60.47446739312172, 60.0885964226243, 59.70563499791301, 59.32267357320171, 58.93971214849042, 58.55675072377913, 58.17378929906784, 57.826140850037795, 57.443996606509145, 57.05421356598525, 56.6613398266591, 56.26432612755236, 55.86830890765192, 55.47229168775148, 55.076274467851036, 54.6802572479506, 54.428679366667886, 54.021937714905505, 53.62890682471425, 53.246536538581545, 52.87095819103486, 52.496298609227274, 52.12163902741969, 51.74444596902282, 51.366860471219574, 50.98811607188813, 50.61300530579921, 50.25588619420719, 49.940931426090955, 49.54746105815216, 49.247575309091864, 48.85265758871987, 48.457739868347886, 48.06282214797589, 47.6679044276039, 47.27298670723191, 46.87806898685992, 46.48315126648793, 46.08823354611594, 45.69331582574395, 45.374619940590826, 45.08129618566133, 44.78761353452235, 44.4660145164771, 44.07198718846425, 43.67795986045139, 43.283932532438534, 42.88990520442567, 42.49587787641282, 42.1411379583235, 41.75413971458738, 41.367141470851266, 41.082065967085995, 40.89586161411496, 40.831367907656954, 40.455024786696946, 40.074578405271424, 39.69413202384591, 39.31368564242039, 38.933239260994874, 38.55279287956935, 38.17234649814384, 37.79190011671832, 37.42729748397065, 37.082566959378234, 36.815896678654596, 36.59833273601397, 36.34848315406818, 36.000743568277564, 35.6617659587626, 35.319044273623696, 34.88128495893912, 34.575655785803185, 34.407710724534574, 34.23976566326597, 34.06996737008211, 33.88575541696817, 33.80853516340233, 33.80068418855958, 33.792833213716825, 33.813467530701644, 33.90126939145059, 33.99612661317746, 34.025231419087675, 33.982756940544014, 33.93432339207535, 33.885889843606684, 33.83745629513802, 33.77860393491584, 33.69690063032021, 33.53683050709607, 33.1462783781075, 32.75230484751887, 32.524436171509194, 32.318446956804394, 32.11809249123104, 31.917738025657677, 31.717383560084315, 31.517029094510956, 31.120016680337272, 30.629492133563282, 30.13892797149876, 29.647839803439624, 29.15675163538049, 28.666347493561396, 28.31225625472265, 28.007770526378582, 27.70328479803451, 27.398799069690437, 27.09544534183179, 26.79211508773612, 26.617243342185507, 26.443700614267975, 26.301085761041453, 26.17158031402606, 26.05013140729102, 25.92538802389414, 25.79530239510668, 25.539645796435906, 25.220038386949323, 24.90545202737878, 24.610264450745685, 24.174065116520048, 23.704729272346786, 23.234040360187063, 22.748912181128336, 22.263191412183776, 21.77747064323922, 21.293371847581213, 20.86264542725945, 20.43445558792054, 19.959833466395605, 19.484668628082947, 19.009503789770285, 18.534338951457624, 18.079841462253615, 17.655840120629172, 17.429993828077986, 17.2428240219123, 17.08905322213546, 16.888461548779507, 16.503560481834317, 16.118659414889127, 15.733758347943935, 15.348857280998745, 14.963956214053553, 14.579055147108363, 14.194154080163173, 13.809999278909432, 13.426359225110483
2OAR.pdb, 39, 39, 0.2404657903500987, 1.425177443420473, 1.0070965579790108, -, -, -, 1.4655573800533606, 76.3962291674194, , Y, 158.9692796110366, 158.80511158423258, 158.50055374051826, 158.18783964722232, 157.86760216059088, 157.54691322785456, 157.2301142553982, 156.9205304383884, 156.60345829277466, 156.28263887254843, 155.96181945232223, 155.641000032096, 155.3201806118698, 154.9993611916436, 154.69769250130008, 154.48221700426683, 154.17173504359323, 153.86441648535185, 153.56255339665796, 153.26005245365207, 152.9575515106462, 152.6550505676403, 152.35254962463443, 152.01469327282234, 151.79540418427982, 151.50050744395983, 151.1806385042043, 150.85163728605102, 150.5215533512378, 150.1914694164246, 149.8636728266321, 149.5362305500888, 149.21066933418555, 149.12580761916817, 148.85056699721102, 148.53833774370523, 148.23021221158146, 147.94795958652614, 147.65177335324876, 147.3555871199714, 147.05940088669402, 146.76321465341667, 146.4670284201393, 146.17084218686193, 145.87465595358455, 145.5784697203072, 145.28228348702982, 144.93566037912518, 144.66647192030055, 144.39073824339104, 144.2157233991542, 143.91304429291574, 143.6103651866773, 143.30768608043886, 143.00500697420043, 142.70232786796197, 142.39263757176576, 142.0766868778498, 141.76073618393386, 141.45635188217298, 141.02045863992348, 140.99004384927048, 141.1818912603422, 141.45772460417516, 141.7335579480081, 142.00939129184104, 142.285224635674, 142.56105797950696, 142.8368913233399, 143.11272466717284, 143.41201634586739, 143.68793753231023, 143.85106447129397, 144.11284216823276, 144.37819712785173, 144.65324340219945, 144.91801918040267, 145.18202071921164, 145.42286517064997, 145.7748463017482, 146.23949416539483, 146.70414202904144, 147.14367740273548, 147.40866276301705, 147.72823282857996, 148.08264318826525, 148.43705354795054, 148.799086333224, 149.1778937385258, 149.55794330787657, 149.91821188757888, 150.14593717503215, 150.35820536532572, 150.57047355561932, 150.78274174591292, 150.99889487773777, 151.22150113348772, 151.45735221557806, 151.67846725627115, 151.89637706129062, 152.3332892465833, 152.78820698872119, 153.2459881159097, 153.70376924309824, 154.16155037028676, 154.6193314974753, 154.83088909674206, 154.92536580832433, 155.0192942952343, 155.10597121309544, 155.1926481309566, 155.28311774721513, 155.22980075006555, 155.11217809390334, 154.9945554377411, 154.87693278157886, 154.75864393670562, 154.64034127738964, 154.4604184135913, 154.27985803391923, 153.89557315410187, 153.42493551793623, 152.95452942707695, 152.48610865346382, 152.01804270238748, 151.61972315229545, 151.2575594440058, 150.89227304169268, 150.51492213801936, 150.3428593525931, 150.2165300211774, 150.0945670993729, 150.16973993348245, 150.26046882523445, 150.35119771698646, 150.42995108644956, 150.54602672216993, 150.38956929427758, 150.33172127140148, 150.26298643339967, 150.19425159539787, 150.12551675739607, 149.97750910094695, 149.71252874723945, 149.40293349422024, 149.0864149053044, 148.70889405394453, 148.36655518685097, 148.1650425122255, 147.96352983760002, 147.76201716297453, 147.56050448834904, 147.35899181372355, 147.1574791390981, 146.9559664644726, 146.75198717655888, 146.60584409868937
2OAR.pdb, 39, 39, 0.2404657903500987, 1.425177443420473, 1.0070965579790108, -, -, -, 1.4655573800533606, 76.3962291674194, , Z, -0.5904458934469397, -0.3406510453511297, -0.3082696882501119, -0.2776110252759299, -0.24759703951137008, -0.20252074497597175, -0.1637017549450837, -0.13648890518999054, -0.11382835350169089, -0.09344584166397113, -0.07306332982625136, -0.05268081798853161, -0.03229830615081185, -0.011915794313092087, -0.08282927819459815, -0.14320226898905009, -0.10273542594718792, -0.06879356732210704, -0.0335109183509031, 0.007275611568648248, 0.04806214148819961, 0.08884867140775095, 0.12963520132730233, 0.06792440495630259, 0.019813296007875195, 0.05535362181216626, 0.0934766991233858, 0.11949995802966873, 0.1454767503258086, 0.17145354262194845, 0.18750771290887966, 0.20202485383960675, 0.22386115676223306, 0.4108033686540404, 0.4393533977788709, 0.3787762712770532, 0.3942593590683008, 0.2383041567589102, 0.317763009967068, 0.3972218631752258, 0.4766807163833836, 0.5561395695915414, 0.6355984227996991, 0.715057276007857, 0.7945161292160148, 0.8739749824241726, 0.9534338356323303, 0.828533005063545, 0.603481729477974, 0.546236817136218, 0.7449541950175178, 0.8008811422410497, 0.8568080894645816, 0.9127350366881135, 0.9686619839116455, 1.0245889311351775, 1.0008535420120923, 1.0210406259815197, 1.0412277099509468, 0.9085596730341857, 0.8992304672862779, 1.3297347930538692, 1.4981835611712317, 1.6689949111751552, 1.8398062611790784, 2.010617611183002, 2.181428961186925, 2.3522403111908483, 2.5230516611947715, 2.693863011198695, 2.859315334548069, 3.0663001783234165, 3.456078930799665, 3.8223279830142545, 4.155322134985958, 4.386388498144732, 4.641315875106099, 4.888876489578962, 4.905725283195713, 4.952218761348, 5.029009510817696, 5.105800260287392, 5.221060193770543, 5.602957402752813, 5.966654676875602, 6.3192616239735955, 6.671868571071588, 7.013367927221128, 7.327500458335673, 7.6382486398630425, 7.981267099039602, 8.420548354197031, 8.870655460086528, 9.320762565976025, 9.77086967186552, 10.21783593255755, 10.652966439945818, 10.75497549085726, 10.534573192044887, 10.317144433496086, 10.275692698390568, 10.253925901357787, 10.23676409158098, 10.219602281804173, 10.202440472027366, 10.185278662250559, 10.165215066757735, 10.143771653298819, 10.121282239768233, 10.08495699919898, 10.048631758629726, 10.01411230246058, 9.733126153168904, 9.354373790810437, 8.975621428451968, 8.596869066093499, 8.217416540694277, 7.837949496342568, 7.4057356099741, 6.972976010566273, 6.768089102571307, 6.659790650976883, 6.5418564502767556, 6.419489580135377, 6.3013900854716, 6.178365375435187, 6.049181196066455, 5.917140778337192, 5.774065308397712, 5.641703555888557, 5.524564280624399, 5.4080439232836515, 5.328570369425828, 5.2521269078522, 5.175683446278573, 5.10316682591016, 5.236785259034726, 5.404431804819365, 5.550657861222764, 5.690278412991369, 5.829898964759974, 5.969519516528579, 6.0515787752678225, 6.048702240942082, 6.323746403853412, 6.662355072278993, 6.951893580813734, 7.233214505961694, 7.480689374644834, 7.728164243327973, 7.975639112011113, 8.223113980694253, 8.470588849377393, 8.718063718060533, 8.965538586743673, 9.212109362334138, 9.415988526333894
2OAR.pdb, 39, 39, 0.2404657903500987, 1.425177443420473, 1.0070965579790108, -, -, -, 1.4655573800533606, 76.3962291674194, , distance, 0.0, 0.405854211203562, 0.8610260958094789, 1.3486492888665422, 1.842459803379057, 2.3402162929167662, 2.8383412310206744, 3.336364021497731, 3.8344232370156286, 4.332717747807544, 4.831364673026394, 5.330265108357043, 5.829353964803426, 6.328586664380153, 6.7811633228210235, 7.208768624083908, 7.708652007955151, 8.208572229755443, 8.708425912833132, 9.208265840426117, 9.708122253897157, 10.20799273144668, 10.707875303435452, 11.110466150328445, 11.561714914223758, 12.05410388195878, 12.553778968629526, 13.053181798072117, 13.55258263772857, 14.052026090617755, 14.551513721298589, 15.051036268131043, 15.550690721548941, 15.906928085183234, 16.35867722463786, 16.794977693211006, 17.294791552665266, 17.696560628898823, 18.193261712000353, 18.69013871939915, 19.18717798373251, 19.684367213819073, 20.18169532614942, 20.679152300482887, 21.176729055631156, 21.67441734221842, 22.17220964977791, 22.627895409902894, 23.011463089133567, 23.409586912416653, 23.78014032260311, 24.2793169892778, 24.77852685631195, 25.277767956686997, 25.777038475652134, 26.27633673628023, 26.744394877538536, 27.24425157587617, 27.744113438593633, 28.14859419985802, 28.565635655070377, 28.660432053737562, 28.846368296936905, 28.990861342518965, 29.14321737282611, 29.303313742620087, 29.47102430790385, 29.64621984698375, 29.828768473980396, 30.018536042468167, 30.189226310308467, 30.366899730425033, 30.563418211752776, 30.673189048778866, 30.811842824443318, 31.0220794883393, 31.239820393478723, 31.466357936702774, 31.75248100475929, 31.884854656193813, 31.85991318946271, 31.842804217493093, 31.851542005207126, 31.994155251350143, 32.023264852211646, 31.982107473245232, 31.948723058449822, 31.89192674891052, 31.769163388735166, 31.64608806358098, 31.60529834945576, 31.702005665569622, 31.819028722244205, 31.94345025876501, 32.07518417782487, 32.22159580449358, 32.39012877438254, 32.51544668485683, 32.74520272547114, 32.98575380903912, 33.09132606105686, 33.186720538252935, 33.28511347108945, 33.39070435738819, 33.50342514104647, 33.62320411383939, 33.96324752498176, 34.40714693280051, 34.852343784961064, 35.29610945120378, 35.741360039562004, 36.18753305890995, 36.44915876837816, 36.64718465155332, 36.8509309359703, 37.06030327466655, 37.27402417631432, 37.49317070446748, 37.589186941044346, 37.6902639293588, 37.83803987472977, 38.008844819236074, 38.175783392671306, 38.350557776876194, 38.53689289814641, 38.835954081025506, 39.192407790706326, 39.54729218310203, 39.88736999459469, 40.3238754146063, 40.785944472248175, 41.24935414892722, 41.69074529424033, 42.13115793288204, 42.572886845287755, 43.017211491926545, 43.4306755598549, 43.899808100988025, 44.39210417971601, 44.886283010447414, 45.38058936908159, 45.87501913325402, 46.35653373748576, 46.81939354126883, 47.139944739914746, 47.43676575452229, 47.710081589457076, 48.02294507785027, 48.47832571089665, 48.93457748375217, 49.39167625516376, 49.84959872533046, 50.308322401547336, 50.76782556540698, 51.22808724148455, 51.68878747889124, 52.12776395328707
2OAR.pdb, 39, 39, 0.2404657903500987, 1.425177443420473, 1.0070965579790108, -, -, -, 1.4655573800533606, 76.3962291674194, , length, 0.0, 0.5, 1.0, 1.5, 2.0, 2.5, 3.0, 3.5, 4.0, 4.5, 5.0, 5.5, 6.0, 6.5, 7.0, 7.5, 8.0, 8.5, 9.0, 9.5, 10.0, 10.5, 11.0, 11.5, 12.0, 12.5, 13.0, 13.5, 14.0, 14.5, 15.0, 15.5, 16.0, 16.5, 17.0, 17.5, 18.0, 18.5, 19.0, 19.5, 20.0, 20.5, 21.0, 21.5, 22.0, 22.5, 23.0, 23.5, 24.0, 24.5, 25.0, 25.5, 26.0, 26.5, 27.0, 27.5, 28.0, 28.5, 29.0, 29.5, 30.0, 30.5, 31.0, 31.5, 32.0, 32.5, 33.0, 33.5, 34.0, 34.5, 35.0, 35.5, 36.0, 36.5, 37.0, 37.5, 38.0, 38.5, 39.0, 39.5, 40.0, 40.5, 41.0, 41.5, 42.0, 42.5, 43.0, 43.5, 44.0, 44.5, 45.0, 45.5, 46.0, 46.5, 47.0, 47.5, 48.0, 48.5, 49.0, 49.5, 50.0, 50.5, 51.0, 51.5, 52.0, 52.5, 53.0, 53.5, 54.0, 54.5, 55.0, 55.5, 56.0, 56.5, 57.0, 57.5, 58.0, 58.5, 59.0, 59.5, 60.0, 60.5, 61.0, 61.5, 62.0, 62.5, 63.0, 63.5, 64.0, 64.5, 65.0, 65.5, 66.0, 66.5, 67.0, 67.5, 68.0, 68.5, 69.0, 69.5, 70.0, 70.5, 71.0, 71.5, 72.0, 72.5, 73.0, 73.5, 74.0, 74.5, 75.0, 75.5, 76.0, 76.5, 77.0, 77.5, 78.0
2OAR.pdb, 39, 39, 0.2404657903500987, 1.425177443420473, 1.0070965579790108, -, -, -, 1.4655573800533606, 76.3962291674194, , R, 3.1899092912527345, 3.102958534162822, 2.7785521980303085, 2.4815840719347784, 2.219640550972948, 2.005951689077987, 1.850526456633565, 1.759137741058678, 1.734120159834271, 1.7812054664407841, 1.901493394510252, 2.0876691319598595, 2.3301864997315054, 2.6191539714938687, 2.825050506523764, 2.700413713081089, 2.536828676991133, 2.4231641228522287, 2.3668280448888983, 2.3698533332575016, 2.4365749908189662, 2.5638722264162177, 2.746326178975694, 2.865182541911182, 2.6659211337694253, 2.4021910437617664, 2.1684734096039096, 1.9765664750123615, 1.848074095469339, 1.7908713522217852, 1.8002240657252266, 1.8825348438436227, 2.036137778299302, 2.1422744789228627, 2.129387953912286, 2.188220396072182, 2.2818289808955465, 2.2485338435290654, 1.8940702308497674, 1.5799844761748827, 1.3197063164834346, 1.1291432908067738, 1.0240102960831785, 1.0149588947215409, 1.1029839513955397, 1.278941410717481, 1.5276386321182973, 1.747088733452181, 1.9017840909133485, 1.9523347540900824, 2.1022585604560575, 2.300126860630893, 2.5501328459682866, 2.8433236799882677, 3.1716101382001685, 3.528149942442188, 3.8661066453558157, 4.256018011134325, 4.661797742950659, 4.976322890147367, 5.228935919151494, 5.253317106205589, 4.917809599621446, 4.523455169212001, 4.145801648802447, 3.788414665874335, 3.45566319259725, 3.152813087152563, 2.886034508348921, 2.662236008412092, 2.4670167288345968, 2.314337704670394, 2.1762605100344743, 2.0094508225765306, 1.8863525043277973, 1.7657054891866313, 1.7176724986753897, 1.7427524053522885, 1.7251150736012928, 1.6820162714242448, 1.6094624040666394, 1.615946695093438, 1.6647202152198481, 1.5348752112047381, 1.44429430780335, 1.411625433782452, 1.4635908943293425, 1.587014909393993, 1.7619001719104972, 1.9974863218667593, 2.2213096877159484, 2.3545215455873256, 2.5309649438272275, 2.7588686290904083, 3.030507280942525, 3.334819884723832, 3.6580764203041336, 3.694060086942627, 3.482980182712194, 3.309646634157288, 3.241970479531204, 3.2344332247413825, 3.281345363428841, 3.379101888031568, 3.52474789456414, 3.7142872800510474, 3.6874285651407352, 3.582874766169468, 3.5248662444423, 3.502034457177991, 3.528859747888897, 3.6063928461293417, 3.4421137776455732, 3.2027153445852625, 3.0060918361940163, 2.858010323576585, 2.7622501488698767, 2.7235992791808754, 2.614704260771419, 2.563163115425539, 2.3791087525321495, 2.164933844477815, 2.0039320512002456, 1.9031979155640921, 1.8671132178648424, 1.8209473444085589, 1.808953386230189, 1.8716711528854635, 2.005724769431381, 2.062956075251579, 2.145506833533946, 2.2897534539945426, 2.368084964209702, 2.4977554406229596, 2.683274065820265, 2.9052550138470177, 2.9619330805518236, 3.0934374407764973, 3.247536225215535, 3.4414791087380503, 3.6764553528483117, 3.9471767414130317, 4.194483589805724, 4.396371345214629, 4.397375140812057, 4.383066231491977, 4.3578536111345265, 4.364179734969733, 4.369671034162803, 4.417413462770167, 4.506402937500322, 4.634850615761572, 4.800351243369999, 5.000083862711929, 5.231010836461795, 5.488818472536368, 5.733970524428257
2OAR.pdb, 39, 39, 0.2404657903500987, 1.425177443420473, 1.0070965579790108, -, -, -, 1.4655573800533606, 76.3962291674194, , Upper limit of R overestimation, -, -, -, -, -, -, -, -, -, -, -, -, -, -, -, -, -, -, -, -, -, -, -, -, -, -, -, -, -, -, -, -, -, -, -, -, -, -, -, -, -, -, -, -, -, -, -, -, -, -, -, -, -, -, -, -, -, -, -, -, -, -, -, -, -, -, -, -, -, -, -, -, -, -, -, -, -, -, -, -, -, -, -, -, -, -, -, -, -, -, -, -, -, -, -, -, -, -, -, -, -, -, -, -, -, -, -, -, -, -, -, -, -, -, -, -, -, -, -, -, -, -, -, -, -, -, -, -, -, -, -, -, -, -, -, -, -, -, -, -, -, -, -, -, -, -, -, -, -, -, -, -, -, -, -, -, -
2OAR.pdb, 40, 40, 0.2366965082726181, 1.440976514270972, 1.0723674037754236, -, -, -, 1.6028890002431186, 82.25129892797665, , X, 63.068282105920325, 62.79374789385973, 62.403422282203735, 62.01455499107009, 61.6318213213522, 61.25086628976528, 60.86615262523272, 60.47446739312172, 60.0885964226243, 59.70563499791301, 59.32267357320171, 58.93971214849042, 58.55675072377913, 58.17378929906784, 57.826140850037795, 57.443996606509145, 57.05421356598525, 56.6613398266591, 56.26432612755236, 55.86830890765192, 55.47229168775148, 55.076274467851036, 54.6802572479506, 54.428679366667886, 54.021937714905505, 53.62890682471425, 53.246536538581545, 52.87095819103486, 52.496298609227274, 52.12163902741969, 51.74444596902282, 51.366860471219574, 50.98811607188813, 50.61300530579921, 50.25588619420719, 49.940931426090955, 49.54746105815216, 49.24785371146132, 49.45779628068663, 49.56368985459679, 49.66958342850694, 49.77547700241709, 49.88137057632725, 49.9872641502374, 50.135593702527416, 49.97144980091777, 49.80730589930812, 49.9174403914419, 50.04497117062683, 49.93984996003906, 49.81590463577635, 49.737556319663, 50.067652220278866, 50.216939469677136, 50.30468911905832, 50.38384813898323, 50.567180996761294, 50.75030276646965, 50.942597172504755, 51.1371810521987, 51.32705032353638, 51.51691959487407, 51.69792426513809, 51.870365803961725, 51.6317049371434, 51.287665783977666, 50.935944612295785, 50.57855478082857, 50.22116494936135, 49.85059419849173, 49.47147954717539, 49.092364895859056, 48.707112409038075, 48.269744138766754, 48.01334092188323, 47.75693770499969, 47.500534488116166, 47.24413127123263, 47.0912428699034, 47.00289874933795, 47.01752437657526, 47.15041744449085, 47.10942474597329, 47.00879389693422, 46.93171972769474, 46.9272912845836, 47.016020073367535, 47.11810237051559, 47.22018466766363, 47.33004046405324, 47.44757980578476, 47.56511914751629, 47.687429576406814, 47.82508676804967, 48.08170682829023, 48.33832688853078, 48.367977362278694, 48.07595211413599, 47.78392686599329, 47.49312198492372, 47.37405561694189, 47.33526440983086, 47.29647320271984, 47.257681995608806, 47.21889078849778, 47.18987909912839, 47.176559104953036, 47.16323911077769, 47.14996912247064, 47.13675772513702, 47.123546327803396, 47.110334930469776, 47.10467365257162, 46.91105289749769, 46.5314651245022, 46.152789722447, 45.77198459530809, 45.38414923284103, 44.99631387037397, 44.6084785079069, 44.231185217156465, 43.901460703312154, 43.66416701027256, 43.48031477557567, 43.296084942055394, 43.11185510853511, 42.97828846689663, 42.95036128455294, 42.91666283220427, 42.822646412454894, 42.66126263732132, 42.4705551298568, 42.26605144815737, 42.05222263591691, 41.837938699523704, 41.62365476313049, 41.41047526218177, 41.23979168170978, 41.0691081012378, 40.89842452076582, 40.78880990450674, 40.54723050741084, 40.15012734990842, 39.66719466631066, 39.18426198271289, 38.70132929911512, 38.272670074466, 37.79712563887806, 37.32158120329012, 37.033456034126985, 36.8015631892728, 36.44126590901613, 36.080968628759464, 35.7206713485028, 35.27186451187187, 34.82170545194041, 34.41070759055099, 34.03924187577926, 33.66777616100753, 33.29631044623581, 32.92484473146408, 32.57290505043284, 32.47831140327393, 32.614331831556235, 32.75035225983855, 32.88637268812086, 33.022393116403165, 33.15841354468548, 33.29443397296779, 33.62431678871589
2OAR.pdb, 40, 40, 0.2366965082726181, 1.440976514270972, 1.0723674037754236, -, -, -, 1.6028890002431186, 82.25129892797665, , Y, 158.9692796110366, 158.80511158423258, 158.50055374051826, 158.18783964722232, 157.86760216059088, 157.54691322785456, 157.2301142553982, 156.9205304383884, 156.60345829277466, 156.28263887254843, 155.96181945232223, 155.641000032096, 155.3201806118698, 154.9993611916436, 154.69769250130008, 154.48221700426683, 154.17173504359323, 153.86441648535185, 153.56255339665796, 153.26005245365207, 152.9575515106462, 152.6550505676403, 152.35254962463443, 152.01469327282234, 151.79540418427982, 151.50050744395983, 151.1806385042043, 150.85163728605102, 150.5215533512378, 150.1914694164246, 149.8636728266321, 149.5362305500888, 149.21066933418555, 149.12580761916817, 148.85056699721102, 148.53833774370523, 148.23021221158146, 147.9479481621797, 147.65102075519567, 147.41476987647243, 147.1785189977492, 146.94226811902593, 146.70601724030269, 146.46976636157945, 146.36990372144183, 146.34817895510778, 146.3264541887737, 146.20922197791788, 146.10045161930168, 146.1390778678239, 146.04177200236003, 145.72704226816057, 145.65452361711613, 145.34113005834138, 144.949071889808, 144.58365381420066, 144.37396523070188, 144.15474459517222, 144.0401492200482, 143.98232272840406, 143.92108202308708, 143.8598413177701, 143.86142464447448, 143.92369546736097, 143.82897496594467, 143.6940127230562, 143.56609344252757, 143.4433712540673, 143.320649065607, 143.18825536307298, 143.04959256421174, 142.91092976535052, 142.7697649814625, 142.60597276683262, 142.5069170069675, 142.40786124710237, 142.30880548723724, 142.20974972737213, 141.9572331282026, 141.60902955470706, 141.44648499000937, 141.49718185085587, 141.41731557210917, 141.2926696410002, 141.10890165170275, 140.74280895094998, 140.27226092355707, 139.78673987636105, 139.30121882916504, 138.81548561314537, 138.32954268349147, 137.84359975383757, 137.359537002929, 136.88329678177192, 136.4796729237218, 136.07604906567173, 135.70951923766455, 135.39556142635917, 135.08160361505375, 134.76195122568484, 134.35911837577913, 133.91970543528075, 133.48029249478236, 133.04087955428395, 132.60146661378556, 132.1529401616226, 131.6960545868318, 131.23916901204097, 130.78265600886706, 130.32657954113293, 129.87050307339877, 129.41442660566463, 129.02858406751375, 128.7519560838857, 128.57548648619394, 128.38677828977308, 128.19891476083737, 128.01877811107536, 127.83864146131337, 127.65850481155137, 127.48307734959428, 127.18979889676459, 126.80693209617607, 126.34610116535201, 125.88410855180321, 125.42211593825442, 124.9612332661598, 124.50376176441499, 124.04936462283044, 123.64732116329789, 123.30374998418947, 122.94433678921789, 122.57747027252675, 122.53410621203203, 122.50653107595421, 122.4789559398764, 122.44349958301535, 122.10479351306674, 121.76608744311811, 121.4273813731695, 121.13368256288643, 121.1055521672798, 121.12086534899703, 121.09346469571574, 121.06606404243446, 121.03866338915317, 121.04583976638034, 121.16834432093724, 121.29084887549415, 121.44577799096217, 121.56327871858105, 121.31850353894346, 121.07372835930586, 120.82895317966828, 120.80287606939162, 120.78014016471224, 120.92856617622635, 121.24977540731085, 121.57098463839534, 121.89219386947984, 122.21340310056434, 122.35372511649935, 122.25185248639889, 121.96840787666243, 121.68496326692598, 121.40151865718951, 121.11807404745305, 120.83462943771659, 120.55118482798014, 120.26621061608219
2OAR.pdb, 40, 40, 0.2366965082726181, 1.440976514270972, 1.0723674037754236, -, -, -, 1.6028890002431186, 82.25129892797665, , Z, -0.5904458934469397, -0.3406510453511297, -0.3082696882501119, -0.2776110252759299, -0.24759703951137008, -0.20252074497597175, -0.1637017549450837, -0.13648890518999054, -0.11382835350169089, -0.09344584166397113, -0.07306332982625136, -0.05268081798853161, -0.03229830615081185, -0.011915794313092087, -0.08282927819459815, -0.14320226898905009, -0.10273542594718792, -0.06879356732210704, -0.0335109183509031, 0.007275611568648248, 0.04806214148819961, 0.08884867140775095, 0.12963520132730233, 0.06792440495630259, 0.019813296007875195, 0.05535362181216626, 0.0934766991233858, 0.11949995802966873, 0.1454767503258086, 0.17145354262194845, 0.18750771290887966, 0.20202485383960675, 0.22386115676223306, 0.4108033686540404, 0.4393533977788709, 0.3787762712770532, 0.3942593590683008, 0.23786127734565857, -0.04080354545166059, -0.46855589589175795, -0.8963082463318554, -1.3240605967719528, -1.7518129472120503, -2.1795652976521476, -2.603064726762511, -3.074853677557347, -3.546642628352183, -3.9984958599079725, -4.4599336243964744, -4.94715686689288, -5.379726400065034, -5.722081633365136, -6.090468084612645, -6.407398900490962, -6.705040281215722, -7.028537628275064, -7.441245994455462, -7.85140960989925, -8.282258669533368, -8.739136408469765, -9.197611310524366, -9.656086212578964, -10.11796828245589, -10.583141648315518, -10.946119684090322, -11.282901889801254, -11.61430401151498, -11.941736100387391, -12.269168189259801, -12.218936962765866, -11.923903558946462, -11.628870155127057, -11.359134973496095, -11.466054138902495, -11.88372068868751, -12.301387238472527, -12.719053788257543, -13.13672033804256, -13.511339573008598, -13.859117645587151, -14.268129360958216, -14.747471890680222, -15.222569774615192, -15.696211858978117, -16.13725785052662, -16.47778174593948, -16.574732811845724, -16.63676923129971, -16.698805650753698, -16.732978221415948, -16.73960938003982, -16.74624053866369, -16.733987664286776, -16.705476637461278, -16.85119529067661, -16.996913943891947, -16.97594888041007, -16.718749060877627, -16.461549241345185, -16.210173239122376, -16.291578340295647, -16.52697483554021, -16.762371330784767, -16.997767826029328, -17.233164321273886, -17.180632634689253, -16.977955183296054, -16.775277731902857, -16.57176164967109, -16.367262958820426, -16.16276426796976, -15.958265577119096, -15.6438033271493, -15.344250581228165, -15.070806613141764, -14.804409373304798, -14.540491993477632, -14.281388695481319, -14.022285397485007, -13.763182099488693, -13.490870732556449, -13.294623327000993, -13.346222075497371, -13.407296130014625, -13.458503487566455, -13.509710845118287, -13.607805260477171, -13.807586362518956, -14.013468979631481, -14.275832087564767, -14.60127658668817, -14.889879404617512, -15.161149017921876, -14.74384334315169, -14.29293092762721, -13.842018512102731, -13.41078089396032, -13.736580392942782, -14.062379891925245, -14.388179390907707, -14.762149683175625, -14.629588277030214, -14.475166963839257, -14.601757750679447, -14.728348537519638, -14.85493932435983, -14.993759948789082, -14.899684851690223, -14.805609754591364, -14.47876018011137, -14.1454754696725, -14.390976959022424, -14.63647844837235, -14.881979937722274, -14.672505651107658, -14.456080376705529, -14.3005742890567, -14.20656443523681, -14.112554581416921, -14.018544727597032, -13.92453487377714, -14.185935344204319, -14.554489135525488, -14.943279048333476, -15.332068961141463, -15.720858873949451, -16.10964878675744, -16.498438699565426, -16.887228612373413, -16.970120729624206
2OAR.pdb, 40, 40, 0.2366965082726181, 1.440976514270972, 1.0723674037754236, -, -, -, 1.6028890002431186, 82.25129892797665, , distance, 0.0, 0.405854211203562, 0.8610260958094789, 1.3486492888665422, 1.842459803379057, 2.3402162929167662, 2.8383412310206744, 3.336364021497731, 3.8344232370156286, 4.332717747807544, 4.831364673026394, 5.330265108357043, 5.829353964803426, 6.328586664380153, 6.7811633228210235, 7.208768624083908, 7.708652007955151, 8.208572229755443, 8.708425912833132, 9.208265840426117, 9.708122253897157, 10.20799273144668, 10.707875303435452, 11.110466150328445, 11.561714914223758, 12.05410388195878, 12.553778968629526, 13.053181798072117, 13.55258263772857, 14.052026090617755, 14.551513721298589, 15.051036268131043, 15.550690721548941, 15.906928085183234, 16.35867722463786, 16.794977693211006, 17.294791552665266, 17.696329582179388, 17.710178277968254, 17.773451106978342, 17.850510185058607, 17.94117787330623, 18.045249045007502, 18.162493295554864, 18.167260022215014, 18.357327698502136, 18.55892302224502, 18.63809306698709, 18.713265265531945, 18.86665677555754, 19.122844175348032, 19.47816175106501, 19.40487950759783, 19.61429096528619, 19.921440585650533, 20.2309198954037, 20.401818370581598, 20.589430706919565, 20.71412931112388, 20.817329465270685, 20.93771885689953, 21.06928892477164, 21.173237872162595, 21.25127996567412, 21.616292506852332, 22.055505314044048, 22.49393707220348, 22.932485873239624, 23.373502340137655, 23.642542259288227, 23.806653232783603, 23.980068219456363, 24.17916735123864, 24.597426522940957, 25.003973527491276, 25.41385434709759, 25.826910256310125, 26.2429913310107, 26.676300376211564, 27.120701954010833, 27.41813596972381, 27.55129762111463, 27.872129791833117, 28.258695422343084, 28.65458267477332, 29.071347713984117, 29.372624200969664, 29.66247725539862, 29.95787144312313, 30.239858009699056, 30.509024273228327, 30.783958675942085, 31.05101513687039, 31.302393798615196, 31.540320519324034, 31.78433229438368, 32.02499212050486, 32.258523070557686, 32.49806918986122, 32.74990446862679, 33.14354147079347, 33.600326887313685, 34.0583263335482, 34.51749148403737, 34.977776431024324, 35.3054392356417, 35.56579991909749, 35.83124625447685, 36.10098186517344, 36.374794749994294, 36.653383125965945, 36.93663893823416, 37.11988166075638, 37.307069700034184, 37.50906321097786, 37.728769227834114, 37.95498711346071, 38.185128170275966, 38.42039796745782, 38.66070287223542, 38.89264857366551, 39.22624837288789, 39.66920854161784, 40.15260746228362, 40.63440944508804, 41.11664597072438, 41.588540555082126, 42.03921337025446, 42.493126160693244, 42.95132487477484, 43.414050995846495, 43.892330316766625, 44.3779447114308, 44.3792212147933, 44.36234448265911, 44.35109852489194, 44.357121113317, 44.81399537807469, 45.2717811669778, 45.7304511055309, 46.1383189319611, 46.23804861695996, 46.37380466140413, 46.67445884867358, 46.97851060707415, 47.2858943967589, 47.54434899588468, 47.66860998132963, 47.79777854316825, 47.73584204919219, 47.674817799598394, 48.1355750778259, 48.59710818475852, 49.05939522425071, 49.27087981135251, 49.48267660447745, 49.56127597588064, 49.50600830406453, 49.45573414728377, 49.41046874794361, 49.370225882977444, 49.553044165867696, 49.788655996205456, 50.02510785584635, 50.265421176686004, 50.5095408427973, 50.75741193393122, 51.00897976152197, 51.26418990281551, 51.31440724560538
2OAR.pdb, 40, 40, 0.2366965082726181, 1.440976514270972, 1.0723674037754236, -, -, -, 1.6028890002431186, 82.25129892797665, , length, 0.0, 0.5, 1.0, 1.5, 2.0, 2.5, 3.0, 3.5, 4.0, 4.5, 5.0, 5.5, 6.0, 6.5, 7.0, 7.5, 8.0, 8.5, 9.0, 9.5, 10.0, 10.5, 11.0, 11.5, 12.0, 12.5, 13.0, 13.5, 14.0, 14.5, 15.0, 15.5, 16.0, 16.5, 17.0, 17.5, 18.0, 18.5, 19.0, 19.5, 20.0, 20.5, 21.0, 21.5, 22.0, 22.5, 23.0, 23.5, 24.0, 24.5, 25.0, 25.5, 26.0, 26.5, 27.0, 27.5, 28.0, 28.5, 29.0, 29.5, 30.0, 30.5, 31.0, 31.5, 32.0, 32.5, 33.0, 33.5, 34.0, 34.5, 35.0, 35.5, 36.0, 36.5, 37.0, 37.5, 38.0, 38.5, 39.0, 39.5, 40.0, 40.5, 41.0, 41.5, 42.0, 42.5, 43.0, 43.5, 44.0, 44.5, 45.0, 45.5, 46.0, 46.5, 47.0, 47.5, 48.0, 48.5, 49.0, 49.5, 50.0, 50.5, 51.0, 51.5, 52.0, 52.5, 53.0, 53.5, 54.0, 54.5, 55.0, 55.5, 56.0, 56.5, 57.0, 57.5, 58.0, 58.5, 59.0, 59.5, 60.0, 60.5, 61.0, 61.5, 62.0, 62.5, 63.0, 63.5, 64.0, 64.5, 65.0, 65.5, 66.0, 66.5, 67.0, 67.5, 68.0, 68.5, 69.0, 69.5, 70.0, 70.5, 71.0, 71.5, 72.0, 72.5, 73.0, 73.5, 74.0, 74.5, 75.0, 75.5, 76.0, 76.5, 77.0, 77.5, 78.0, 78.5, 79.0, 79.5, 80.0, 80.5, 81.0, 81.5, 82.0, 82.5, 83.0, 83.5, 84.0, 84.5
2OAR.pdb, 40, 40, 0.2366965082726181, 1.440976514270972, 1.0723674037754236, -, -, -, 1.6028890002431186, 82.25129892797665, , R, 3.1899092912527345, 3.102958534162822, 2.7785521980303085, 2.4815840719347784, 2.219640550972948, 2.005951689077987, 1.850526456633565, 1.759137741058678, 1.734120159834271, 1.7812054664407841, 1.901493394510252, 2.0876691319598595, 2.3301864997315054, 2.6191539714938687, 2.825050506523764, 2.700413713081089, 2.536828676991133, 2.4231641228522287, 2.3668280448888983, 2.3698533332575016, 2.4365749908189662, 2.5638722264162177, 2.746326178975694, 2.865182541911182, 2.6659211337694253, 2.4021910437617664, 2.1684734096039096, 1.9765664750123615, 1.848074095469339, 1.7908713522217852, 1.8002240657252266, 1.8825348438436227, 2.036137778299302, 2.1422744789228627, 2.129387953912286, 2.188220396072182, 2.2818289808955465, 2.24865147425619, 2.048582951500206, 1.7524547873484542, 1.5103690185754126, 1.336100915976834, 1.2425148860676924, 1.2378369330414514, 1.171289036072395, 1.0818964552059915, 1.0870469216229393, 1.0974556866375558, 1.1802092478904882, 1.3285527017093495, 1.4198367011711759, 1.3457777564660676, 1.4000564422900625, 1.371490350205153, 1.3728006165926208, 1.4404258829691972, 1.3900012769794037, 1.415477345116929, 1.4376746055918748, 1.486099178869496, 1.6099945692981397, 1.8052217571873057, 2.016695298358317, 2.243073255658295, 2.2530216432806953, 2.2586409974716495, 2.318228418857958, 2.4322794842424145, 2.6042003888994354, 2.5567196949517697, 2.3856008047609807, 2.2731242823154933, 2.2395457014636513, 2.4712128948011456, 2.8160930552656516, 3.188887936256213, 3.5834839285056606, 3.995203606469271, 4.2797733062233565, 4.507204082890102, 4.776339730550777, 5.083509377084413, 5.3461438346145815, 5.611923198989604, 5.835865856833864, 5.885636557813026, 5.693435800001444, 5.4902858176452, 5.3177305042983605, 5.151005102912659, 4.990879838358586, 4.865984924504753, 4.759531119956083, 4.669918433804343, 4.721170476981019, 4.811613351139515, 4.750865943606657, 4.451009255077754, 4.17931077988932, 3.9388246164208174, 3.7816595867161484, 3.690924614748915, 3.6471923041215537, 3.6516551774987733, 3.704189721107642, 3.563619180071695, 3.3300179152448774, 3.1385581018593895, 2.9939091453969193, 2.9005466378266163, 2.8625893466650933, 2.88147091161632, 2.8547287231784915, 2.7206331064146227, 2.482869229144852, 2.2894202773661645, 2.151261669164426, 2.071170402622423, 2.059783160732868, 2.1177451938064475, 2.234265689006314, 2.3162541540139294, 2.35567258330354, 2.374626176808165, 2.455594708721471, 2.596138180254505, 2.748018702002159, 2.8614851533137444, 3.0212717751463614, 3.1567429281094737, 3.2616964063358407, 3.3947405843234235, 3.5642296422055533, 3.348763488538539, 3.1542424530700175, 3.00683411589579, 2.9169155876020114, 3.096919685873137, 3.3220734030062222, 3.58640796396033, 3.873621726383407, 3.789809559385564, 3.6233448305006566, 3.5591111378540945, 3.5436690112910294, 3.577461894035577, 3.6247086131420247, 3.546059002952544, 3.516058074392626, 3.3936091991710033, 3.2683134503689044, 3.2615277194015015, 3.3068073261552713, 3.4027157744732075, 3.361603665152875, 3.3686496657235376, 3.2451710633259974, 2.9785835334215016, 2.7540674247820145, 2.578542533144494, 2.458498390147489, 2.3922168205282612, 2.4104631434171355, 2.5117366603612052, 2.6706157632549217, 2.880865875254623, 3.1355322390378366, 3.4277611508095966, 3.751309171562671, 3.9850095947316446
2OAR.pdb, 40, 40, 0.2366965082726181, 1.440976514270972, 1.0723674037754236, -, -, -, 1.6028890002431186, 82.25129892797665, , Upper limit of R overestimation, -, -, -, -, -, -, -, -, -, -, -, -, -, -, -, -, -, -, -, -, -, -, -, -, -, -, -, -, -, -, -, -, -, -, -, -, -, -, -, -, -, -, -, -, -, -, -, -, -, -, -, -, -, -, -, -, -, -, -, -, -, -, -, -, -, -, -, -, -, -, -, -, -, -, -, -, -, -, -, -, -, -, -, -, -, -, -, -, -, -, -, -, -, -, -, -, -, -, -, -, -, -, -, -, -, -, -, -, -, -, -, -, -, -, -, -, -, -, -, -, -, -, -, -, -, -, -, -, -, -, -, -, -, -, -, -, -, -, -, -, -, -, -, -, -, -, -, -, -, -, -, -, -, -, -, -, -, -, -, -, -, -, -, -, -, -, -, -, -, -
2OAR.pdb, 41, 41, 0.2297428017382093, 1.4707948490828233, 0.6897884916971369, -, -, -, 1.8705364496378523, 63.09928964740373, , X, 63.068282105920325, 63.18861174490216, 63.458703204995466, 63.741367270655516, 64.02403133631557, 64.29859551542971, 64.55784695857635, 64.76546859889825, 64.81474506336316, 64.86402152782806, 64.91329799229297, 64.96257445675786, 65.04075472701625, 65.14154154403221, 65.24232836104818, 65.353113737157, 65.75334229846322, 66.07013543778635, 66.38692857710949, 66.70372171643261, 66.95845300695377, 67.04725085928823, 67.19865092422712, 67.35005098916602, 67.5014510541049, 67.63124133218521, 67.57430167217738, 67.51736201216956, 67.46042235216173, 67.43978179063284, 67.4074553593358, 67.37512892803878, 67.34280249674174, 67.3086289314565, 67.25134756356427, 67.13545154233859, 66.69356635305677, 66.25168116377495, 65.80979597449313, 65.36866444213076, 64.92984136341623, 64.4910182847017, 64.05219520598716, 63.773619778007514, 63.81528724040043, 63.86146837375733, 63.90764950711424, 63.953830640471146, 64.00001177382805, 64.05237926441141, 63.6832396286471, 63.56190788702647, 63.51875691536114, 63.475605943695804, 63.43245497203048, 63.389304000365144, 63.34615302869981, 63.303002057034476, 63.249783803666425, 62.92207759798052, 62.54471008886846, 62.12600541626235, 61.70730074365623, 61.28859607105012, 60.87469081827449, 60.551388186772144, 60.2280855552698, 59.904782923767456, 59.581480292265105, 59.25817766076276, 58.93487502926042, 58.59127978573558, 58.186044488503946, 57.81682853478344, 57.59024302828594, 57.448112964690964, 57.30598290109598, 56.91472589666348, 56.443187240826845, 55.96784961650588, 55.49428989690201, 55.30588331452667, 55.00108715953905, 54.69629100455142, 54.3914948495638, 54.08669869457617, 53.7802947745875, 53.458520256684395, 53.09156690051019, 52.90165452123642, 52.7695213617606, 52.63738820228478, 52.71895303696277, 52.932665900459874, 53.146378763956974, 53.360091627454075, 53.59270606170147, 53.82610524267612, 54.05950442365077, 54.29290360462542, 54.52630278560007, 54.92178400807389, 55.396394042717155, 55.87100407736042, 56.34561411200368, 56.82022414664694, 57.188100101353285, 57.470337478246684, 57.75257485514008, 58.10247871618763, 58.58868357878378, 59.07488844137993, 58.88423139102925, 58.6184495739276, 58.38118611327823, 58.143922652628866, 57.9066591919795, 57.669395731330134, 57.43213227068077, 57.1948688100314, 55.88936354698268, 55.53133694610842, 55.190927121156626, 55.305002868217095, 55.4830445322672
2OAR.pdb, 41, 41, 0.2297428017382093, 1.4707948490828233, 0.6897884916971369, -, -, -, 1.8705364496378523, 63.09928964740373, , Y, 158.9692796110366, 158.79262353428777, 158.49390437980227, 158.13585826854705, 157.77781215729183, 157.3968202586127, 156.97244963081218, 156.55357555506427, 156.12507366634134, 155.69657177761837, 155.26806988889544, 154.83956800017248, 154.45335572075635, 154.1184480187613, 153.78354031676628, 153.4546378358747, 153.24237382021354, 152.86262766270693, 152.4828815052003, 152.1031353476937, 151.74445603929288, 151.3863684456239, 150.9107448113621, 150.43512117710029, 149.95949754283848, 149.47926745446372, 148.98653986141446, 148.49381226836522, 148.00108467531595, 147.5087468519638, 147.01777861405162, 146.52681037613948, 146.0358421382273, 145.54478462822692, 145.0526103168433, 144.6670334609746, 144.87430521657038, 145.08157697216618, 145.28884872776194, 145.49522203179131, 145.69884337568828, 145.90246471958525, 146.10608606348222, 146.21531635192406, 146.13605646319576, 146.05463662387606, 145.9732167845564, 145.8917969452367, 145.810377105917, 145.72306139955262, 145.44727797523913, 145.07316089421786, 144.67143935574055, 144.26971781726326, 143.86799627878594, 143.46627474030865, 143.06455320183133, 142.66283166335404, 142.26520365530297, 142.26626744997776, 142.38133810074885, 142.20844924248468, 142.03556038422053, 141.8626715259564, 141.73060016936, 141.92957491042947, 142.1285496514989, 142.32752439256836, 142.52649913363783, 142.72547387470726, 142.92444861577673, 143.09811117327268, 142.93548817605017, 142.73107027416222, 142.48275575588198, 142.20844883379516, 141.9341419117083, 141.91818366277022, 141.98852323342038, 142.045824966873, 142.07618813024212, 141.97856501009215, 141.8615391246204, 141.74451323914866, 141.6274873536769, 141.51046146820516, 141.39668355838708, 141.06316843187813, 140.73261276728059, 140.4192755850283, 140.11303185479292, 139.80678812455758, 139.41302998413354, 138.96100589658735, 138.50898180904113, 138.05695772149494, 137.8552396432722, 137.66391365490398, 137.4725876665358, 137.28126167816757, 137.08993568979935, 137.01342977166675, 136.9929792665023, 136.97252876133783, 136.9520782561734, 136.93162775100893, 136.76323184069528, 136.47613125706246, 136.18903067342964, 135.9621842724714, 135.85670823009906, 135.75123218772674, 135.3632069902087, 134.9399049553324, 134.49998069930007, 134.06005644326774, 133.62013218723544, 133.1802079312031, 132.7402836751708, 132.3003594191385, 129.34659384096835, 129.01444598763547, 128.69944214746243, 128.52081952555687, 128.3657264924453
2OAR.pdb, 41, 41, 0.2297428017382093, 1.4707948490828233, 0.6897884916971369, -, -, -, 1.8705364496378523, 63.09928964740373, , Z, -0.5904458934469397, -0.1659630860315761, 0.09104575748972707, 0.29575044282826235, 0.5004551281667976, 0.6523106312096345, 0.7042554046384275, 0.8185262741184406, 1.0714253872262316, 1.3243245003340225, 1.5772236134418134, 1.8301227265496043, 2.128461918645103, 2.485783690526136, 2.8431054624071694, 3.1956944763466377, 3.3518518546804925, 3.4255740544357436, 3.4992962541909947, 3.5730184539462453, 3.750959802708636, 3.8698792625969047, 3.8992080687113133, 3.9285368748257214, 3.9578656809401296, 3.9777615160914275, 4.040828101269908, 4.103894686448388, 4.166961271626869, 4.250676545681401, 4.339587687846082, 4.4284988300107635, 4.517409972175444, 4.604696124382244, 4.671653514612535, 4.7449446723610915, 4.853461485922936, 4.961978299484781, 5.070495113046626, 5.183409203755479, 5.309792168972679, 5.436175134189879, 5.56255809940708, 5.811248792036324, 6.303157665379892, 6.794317631874545, 7.285477598369199, 7.776637564863853, 8.267797531358505, 8.757192050190504, 8.927374041634915, 9.188566817993127, 9.483113587060055, 9.777660356126983, 10.072207125193913, 10.36675389426084, 10.661300663327768, 10.955847432394698, 11.249151888822531, 11.303256588098062, 11.291505029854015, 11.50315530702351, 11.714805584193003, 11.926455861362498, 12.097167376952692, 11.771768451201542, 11.44636952545039, 11.12097059969924, 10.795571673948087, 10.470172748196937, 10.144773822445785, 9.854974956432681, 10.057761827602896, 10.325890343255356, 10.672533924337761, 11.06566845286169, 11.45880298138562, 11.670975403537156, 11.821248847156614, 11.806276284002482, 11.648734955206104, 11.680940614232654, 11.30225308336543, 10.923565552498209, 10.544878021630987, 10.166190490763764, 9.78785384455391, 9.816228122518591, 9.738265394276373, 10.030084315386514, 10.402583450766018, 10.775082586145523, 10.742360291079503, 10.74337825664325, 10.744396222206996, 10.745414187770743, 11.128210390707274, 11.526857087037857, 11.925503783368441, 12.324150479699025, 12.722797176029609, 12.958377826801566, 13.114349272439672, 13.270320718077775, 13.42629216371588, 13.582263609353985, 13.487187550577888, 13.190682376993976, 12.894177203410067, 12.712557885423406, 12.762353829769616, 12.812149774115824, 12.819483769449835, 12.819985990672919, 12.80684448409645, 12.793702977519981, 12.780561470943512, 12.767419964367043, 12.754278457790573, 12.741136951214104, 12.151899029705442, 12.259112632353457, 12.2545616988845, 11.84276332827132, 11.402028354684553
2OAR.pdb, 41, 41, 0.2297428017382093, 1.4707948490828233, 0.6897884916971369, -, -, -, 1.8705364496378523, 63.09928964740373, , distance, 0.0, 0.4752601869092499, 0.9180637861121151, 1.3903160502314802, 1.8769966232500357, 2.351753235401295, 2.8075585250275994, 3.2712796650487945, 3.728465699330776, 4.1954311214952185, 4.669242777938944, 5.1480106782581085, 5.6282036667512365, 6.106730736461788, 6.588447773251472, 7.06870485953693, 7.453100677532255, 7.901312401485296, 8.355403378790218, 8.81446501942872, 9.283281138729079, 9.65542513721981, 10.107270768745112, 10.563456356941256, 11.023443110810513, 11.478216175391454, 11.891509746635114, 12.311237205887036, 12.736762501708084, 13.186746645244021, 13.637156291425496, 14.09091112553326, 14.547698133333279, 15.006235614894601, 15.455141896701445, 15.797547425192658, 15.538568679526174, 15.291557427727616, 15.057102660293987, 14.838442951504602, 14.641813068702914, 14.459806037863105, 14.292980492759552, 14.287854103839475, 14.586685814793146, 14.898049545702905, 15.219472969618522, 15.550332301262241, 15.890038133573212, 16.24220056670064, 16.547253467264866, 16.999260907880643, 17.495935645949814, 17.992794581171513, 18.489822864301686, 18.987007196139967, 19.484335630944393, 19.981797408949646, 20.475233137796582, 20.505417570245456, 20.411141294633662, 20.68981657722623, 20.976709252145113, 21.271486833289188, 21.516492328661283, 21.20166584934237, 20.894062014002976, 20.594004469816767, 20.3018278182203, 20.017877145653962, 19.742507390813508, 19.520357427206935, 19.85706523140278, 20.258914183901865, 20.704325522423982, 21.174908528104023, 21.64681055048639, 21.884893860368727, 22.051941761699076, 22.147193487542864, 22.193229724553312, 22.35008153157919, 22.342576122877087, 22.34625854913698, 22.36112328312685, 22.387148050198757, 22.42257670626596, 22.831452087722905, 23.211918075100012, 23.669783009721996, 24.13439965014703, 24.60040376129443, 24.85936458687865, 25.13000801356579, 25.40760905438381, 25.69194217958095, 25.940627020877383, 26.194760606218317, 26.45590361711161, 26.72385056796105, 26.998398881406388, 27.05541346255017, 27.011794716871503, 26.977374038687923, 26.95218666862, 26.93625850813368, 26.941879321417815, 26.96661275234128, 27.00058416589593, 27.036189612516548, 27.06575362430518, 27.104510505434863, 27.46960426595948, 27.875644193912343, 28.28785689189566, 28.7028597154907, 29.1205333769474, 29.54076458842387, 29.96344574276209, 30.38847460946693, 33.036460737322486, 33.45457747537136, 33.81286739799261, 33.792927035855094, 33.73325853105945
2OAR.pdb, 41, 41, 0.2297428017382093, 1.4707948490828233, 0.6897884916971369, -, -, -, 1.8705364496378523, 63.09928964740373, , length, 0.0, 0.5, 1.0, 1.5, 2.0, 2.5, 3.0, 3.5, 4.0, 4.5, 5.0, 5.5, 6.0, 6.5, 7.0, 7.5, 8.0, 8.5, 9.0, 9.5, 10.0, 10.5, 11.0, 11.5, 12.0, 12.5, 13.0, 13.5, 14.0, 14.5, 15.0, 15.5, 16.0, 16.5, 17.0, 17.5, 18.0, 18.5, 19.0, 19.5, 20.0, 20.5, 21.0, 21.5, 22.0, 22.5, 23.0, 23.5, 24.0, 24.5, 25.0, 25.5, 26.0, 26.5, 27.0, 27.5, 28.0, 28.5, 29.0, 29.5, 30.0, 30.5, 31.0, 31.5, 32.0, 32.5, 33.0, 33.5, 34.0, 34.5, 35.0, 35.5, 36.0, 36.5, 37.0, 37.5, 38.0, 38.5, 39.0, 39.5, 40.0, 40.5, 41.0, 41.5, 42.0, 42.5, 43.0, 43.5, 44.0, 44.5, 45.0, 45.5, 46.0, 46.5, 47.0, 47.5, 48.0, 48.5, 49.0, 49.5, 50.0, 50.5, 51.0, 51.5, 52.0, 52.5, 53.0, 53.5, 54.0, 54.5, 55.0, 55.5, 56.0, 56.5, 57.0, 57.5, 58.0, 58.5, 59.0, 59.5, 60.0, 60.5, 61.0, 61.5, 62.0
2OAR.pdb, 41, 41, 0.2297428017382093, 1.4707948490828233, 0.6897884916971369, -, -, -, 1.8705364496378523, 63.09928964740373, , R, 3.1899092912527345, 3.1190929442843935, 2.861505267454812, 2.5917676081649437, 2.3678885424320804, 2.1701375265136966, 1.9765803995267537, 1.7967174664326442, 1.577447328131976, 1.4274981168720888, 1.3577265935764355, 1.3739377232051244, 1.4090979639188688, 1.448034695236815, 1.5685020676737977, 1.7565099387381515, 1.7954070995281457, 1.800358024340119, 1.8796515386136372, 2.0283071679599893, 2.1450105639457684, 2.099237079642275, 1.979599025911551, 1.9289867563770997, 1.9504215808987961, 2.020384290822193, 1.9745296932884342, 1.9998230961013546, 2.0947712899189788, 2.2692213910174766, 2.4878784321577343, 2.7541057899595587, 3.05961473058341, 3.3957125744273573, 3.741777826680582, 3.992064349573924, 3.5993153829067226, 3.2267806548741107, 2.8795980704274213, 2.5641051899124627, 2.2878924836228003, 2.0605272141672275, 1.8917891341572153, 1.8136852665205567, 1.855332275856215, 1.969723575773576, 2.1492605928419946, 2.3849681126811277, 2.667371326253457, 2.986682061789337, 2.814390019404859, 2.8287153696884793, 2.9460612668726713, 3.114660841135612, 3.329170958550695, 3.583806114866334, 3.8728855662847654, 4.191181366752247, 4.526354250868312, 4.404762838050354, 4.174815362698363, 4.241539559006103, 4.350243109510801, 4.498651862296562, 4.630001314438543, 4.210994774028679, 3.80598216597579, 3.4184077357626497, 3.052707720485594, 2.714553203035321, 2.411059114498904, 2.1584045243886454, 2.1404633079277744, 2.2272481434784206, 2.4334506832835983, 2.720423159633913, 3.0442748427722637, 3.1107343741117464, 3.131551835303241, 3.0427086923797924, 2.863814981053857, 2.8430708238058773, 2.4580688881417587, 2.101281146784475, 1.7818664735739982, 1.5116608112662044, 1.3014153893719587, 1.3794651992141795, 1.481758532586034, 1.7695862412374979, 2.1138758303032055, 2.49107584839586, 2.4630397976383804, 2.4385095211774073, 2.4768724309055807, 2.576361901567543, 2.870203316590772, 3.2040801875911975, 3.5652710917490675, 3.948366349684869, 4.349078206341511, 4.555091971766691, 4.693427384272271, 4.868005733703203, 5.07594986700367, 5.314214808024854, 5.401579916006522, 5.379683629323379, 5.393971350522159, 5.516192226174322, 5.810940495422592, 6.127050153567589, 5.751165335286162, 5.3003268574327205, 4.868599531865165, 4.447541329130242, 4.039576876994101, 3.64780810281663, 3.2762053879986186, 2.9298237785553796, 1.4777980305477612, 1.1156580344559912, 0.7655619578636914, 0.6927839316618916, 0.7744221653540992
2OAR.pdb, 41, 41, 0.2297428017382093, 1.4707948490828233, 0.6897884916971369, -, -, -, 1.8705364496378523, 63.09928964740373, , Upper limit of R overestimation, -, -, -, -, -, -, -, -, -, -, -, -, -, -, -, -, -, -, -, -, -, -, -, -, -, -, -, -, -, -, -, -, -, -, -, -, -, -, -, -, -, -, -, -, -, -, -, -, -, -, -, -, -, -, -, -, -, -, -, -, -, -, -, -, -, -, -, -, -, -, -, -, -, -, -, -, -, -, -, -, -, -, -, -, -, -, -, -, -, -, -, -, -, -, -, -, -, -, -, -, -, -, -, -, -, -, -, -, -, -, -, -, -, -, -, -, -, -, -, -, -, -, -, -, -
2OAR.pdb, 42, 42, 0.22725854430050713, 1.4816669479492621, 1.0133096142117526, -, -, -, 1.4864000583553245, 68.47026915016323, , X, 63.068282105920325, 62.79374789385973, 62.403422282203735, 62.01455499107009, 61.6318213213522, 61.25086628976528, 60.86615262523272, 60.47446739312172, 60.0885964226243, 59.70563499791301, 59.32267357320171, 58.93971214849042, 58.55675072377913, 58.17378929906784, 57.826140850037795, 57.443996606509145, 57.05421356598525, 56.6613398266591, 56.26432612755236, 55.86830890765192, 55.47229168775148, 55.076274467851036, 54.6802572479506, 54.428679366667886, 54.021937714905505, 53.62890682471425, 53.246536538581545, 52.87095819103486, 52.496298609227274, 52.12163902741969, 51.74444596902282, 51.366860471219574, 50.98811607188813, 50.61300530579921, 50.25588619420719, 49.940931426090955, 49.54746105815216, 49.5491438873527, 49.80957218566482, 50.06136357335571, 50.311079281586565, 50.55756363818705, 50.80404799478753, 51.055441576104826, 51.506448878132005, 51.73655164933853, 51.9535872963939, 52.11842818927766, 52.32619765444512, 52.49940523668705, 52.87817586577608, 53.17325318573918, 53.22989392218702, 53.36866865467197, 53.59783789871374, 53.720124894976024, 53.74663994066145, 54.02735442351649, 54.28821965129124, 54.610833419095016, 54.99598748838407, 55.42105855851774, 55.84761668350713, 56.27417480849652, 56.71343692387447, 57.164347842611726, 57.58412456281568, 57.97605989166805, 58.368671638495385, 58.76128338532271, 59.01314569517243, 59.2401685080747, 59.47548552389296, 59.61660855489407, 59.7593676274465, 59.902126699998924, 60.04488577255135, 60.187644845103776, 60.32940641499438, 60.28651477669153, 59.793894599381595, 59.30945365496644, 58.82572272741583, 58.34199179986523, 57.85826087231462, 57.37452994476401, 56.890799017213396, 56.68853589733247, 57.09208108164618, 57.49562626595988, 57.899171450273585, 58.302716634587284, 58.14897482550611, 57.72503534500183, 57.30109586449754, 56.87715638399326, 56.45321690348898, 56.02927742298469, 55.60025633039644, 55.13952249178555, 54.67878865317466, 54.539412447060286, 54.239715737648595, 53.85079327405466, 53.55583781013879, 53.522689300537344, 53.48954079093589, 53.457513538646495, 53.445535481116636, 53.15897722650761, 52.84929140427836, 52.53960558204912, 52.22991975981987, 51.92023393759062, 51.687195396361965, 51.81000199726995, 52.03230133303604, 52.25574159595769, 52.481447444369486, 52.707153292781285, 52.8892368025944, 52.95430945667225, 53.00660162014275, 53.05889378361326, 53.11078329922516, 53.142919567008434, 53.162118520393804, 53.09130068021175, 52.92606266863122, 52.76074139855815, 52.593901917083656, 52.433281438781165, 52.289454865163094, 52.14562829154503, 52.00638805672085, 51.96946913968711, 51.777978566987024, 51.32936009263273, 50.887349280529385, 50.82676594374307, 50.725780383541725, 50.257679857895184, 50.15609098533653
2OAR.pdb, 42, 42, 0.22725854430050713, 1.4816669479492621, 1.0133096142117526, -, -, -, 1.4864000583553245, 68.47026915016323, , Y, 158.9692796110366, 158.80511158423258, 158.50055374051826, 158.18783964722232, 157.86760216059088, 157.54691322785456, 157.2301142553982, 156.9205304383884, 156.60345829277466, 156.28263887254843, 155.96181945232223, 155.641000032096, 155.3201806118698, 154.9993611916436, 154.69769250130008, 154.48221700426683, 154.17173504359323, 153.86441648535185, 153.56255339665796, 153.26005245365207, 152.9575515106462, 152.6550505676403, 152.35254962463443, 152.01469327282234, 151.79540418427982, 151.50050744395983, 151.1806385042043, 150.85163728605102, 150.5215533512378, 150.1914694164246, 149.8636728266321, 149.5362305500888, 149.21066933418555, 149.12580761916817, 148.85056699721102, 148.53833774370523, 148.23021221158146, 147.859241850542, 147.45315876001578, 147.0460339775782, 146.63745987112927, 146.222616212296, 145.80777255346277, 145.39847695071495, 145.21477055640668, 144.84126430639984, 144.43109995314992, 144.0172066917974, 143.63505079717555, 143.3143572832119, 143.13709923561882, 142.86382054208497, 142.45428909031878, 142.05256110526506, 142.01857741057646, 141.62166265211908, 141.21645880325391, 140.80516310010447, 140.3907193243968, 140.14007519401966, 139.95363372799378, 139.69978249112293, 139.4514022468647, 139.20302200260645, 138.9750992249853, 138.7610872967513, 138.5020563317092, 138.20501303582654, 137.9093933598411, 137.61377368385567, 137.32199765110983, 136.91674799958474, 136.52010681344262, 136.08197942719158, 135.63954801697113, 135.19711660675068, 134.75468519653023, 134.31225378630978, 133.86960158481799, 133.54762042582632, 133.51978277869932, 133.4608793132653, 133.39927910900596, 133.3376789047466, 133.27607870048726, 133.2144784962279, 133.15287829196856, 133.03464907157186, 132.79453618526534, 132.55442329895882, 132.31431041265233, 132.0741975263458, 131.84327569593032, 131.61681010068472, 131.3903445054391, 131.1638789101935, 130.93741331494786, 130.71094771970223, 130.48916335357893, 130.296593069085, 130.10402278459105, 129.67062718118203, 129.35717264562277, 129.11048364856384, 128.8204134323486, 128.4094762638982, 127.99853909544782, 127.58752485226445, 127.17513243627818, 126.79874312225874, 126.42538630724736, 126.05202949223599, 125.6786726772246, 125.30531586221322, 124.91134253151267, 124.42960374248523, 123.98490527310555, 123.54082558888977, 123.09797465155941, 122.65512371422905, 122.21207277275622, 121.77072354250801, 121.3205830703258, 120.8704425981436, 120.42433083974171, 120.12708067644724, 119.75999887690054, 119.38645731014172, 118.93857376953095, 118.4907265142422, 118.04354091865834, 117.60382824610136, 117.16396330919534, 116.7240983722893, 116.28762162370997, 115.92673543005664, 115.76910065369083, 115.9680001746494, 116.15832928923764, 115.8539314731605, 115.57062127567632, 115.47295926038029, 115.01129193117572
2OAR.pdb, 42, 42, 0.22725854430050713, 1.4816669479492621, 1.0133096142117526, -, -, -, 1.4864000583553245, 68.47026915016323, , Z, -0.5904458934469397, -0.3406510453511297, -0.3082696882501119, -0.2776110252759299, -0.24759703951137008, -0.20252074497597175, -0.1637017549450837, -0.13648890518999054, -0.11382835350169089, -0.09344584166397113, -0.07306332982625136, -0.05268081798853161, -0.03229830615081185, -0.011915794313092087, -0.08282927819459815, -0.14320226898905009, -0.10273542594718792, -0.06879356732210704, -0.0335109183509031, 0.007275611568648248, 0.04806214148819961, 0.08884867140775095, 0.12963520132730233, 0.06792440495630259, 0.019813296007875195, 0.05535362181216626, 0.0934766991233858, 0.11949995802966873, 0.1454767503258086, 0.17145354262194845, 0.18750771290887966, 0.20202485383960675, 0.22386115676223306, 0.4108033686540404, 0.4393533977788709, 0.3787762712770532, 0.3942593590683008, 0.3682182693518795, 0.4996474328846793, 0.6439079156137563, 0.7876637030756279, 0.9186224777991789, 1.0495812525227297, 1.18011695112866, 1.2934499745967794, 1.140089902776026, 0.9541056257212851, 0.7273718739437547, 0.48550678830570326, 0.20646876507395576, 0.3012288314709041, 0.4476941014316645, 0.5528041936287992, 0.7991056910638992, 1.1909096689609582, 1.4293475761829626, 1.2962467483356894, 1.340188181292633, 1.3860911506796776, 1.5113450450947212, 1.5875039519681906, 1.6559181967815269, 1.7356390865642508, 1.8153599763469748, 1.8590450027112322, 1.8299089237687174, 1.7741609669973717, 1.6840177711035715, 1.5920122091877082, 1.5000066472718452, 1.3141368625296743, 1.1291142629350968, 0.9363268493911936, 0.8796590208375108, 0.6956093143603845, 0.5115596078832582, 0.3275099014061318, 0.1434601949290054, -0.04082913927911194, -0.19506735121383056, -0.2760020552014387, -0.38413871239489206, -0.49463669683910205, -0.605134681283312, -0.715632665727522, -0.826130650171732, -0.936628634615942, -1.066556501347991, -1.2383036586658758, -1.4100508159837606, -1.5817979733016454, -1.7535451306195304, -1.716821690408231, -1.5790223760419868, -1.4412230616757427, -1.3034237473094987, -1.1656244329432546, -1.0278251185770104, -0.9055603859818858, -0.8802421022961116, -0.8549238186103374, -0.6788116622601456, -0.7477659074520122, -0.9424036634041675, -1.1603529635590706, -1.4432519206041263, -1.7261508776491823, -2.0090270895017337, -2.291496594713922, -2.425262707349728, -2.54650370781885, -2.6677447082879717, -2.7889857087570933, -2.9102267092262153, -3.0028799736058343, -2.9801504135692154, -2.9269876761554445, -2.8734704984505313, -2.8192494942332758, -2.7650284900160202, -2.6649341180902386, -2.4781722213893422, -2.266892584549541, -2.05561294770974, -1.8423408089404356, -1.785758926937959, -2.120766237984405, -2.4003924189751293, -2.5490421198791875, -2.69770804864964, -2.846669891158517, -2.9993317409957356, -3.1886271556310275, -3.37792257026632, -3.5738586868441735, -3.9179490075384176, -4.168362223250362, -4.2641768621657095, -4.36503526371139, -4.757044994293812, -5.104649310782418, -5.213798503663022, -5.376718662383132
2OAR.pdb, 42, 42, 0.22725854430050713, 1.4816669479492621, 1.0133096142117526, -, -, -, 1.4864000583553245, 68.47026915016323, , distance, 0.0, 0.405854211203562, 0.8610260958094789, 1.3486492888665422, 1.842459803379057, 2.3402162929167662, 2.8383412310206744, 3.336364021497731, 3.8344232370156286, 4.332717747807544, 4.831364673026394, 5.330265108357043, 5.829353964803426, 6.328586664380153, 6.7811633228210235, 7.208768624083908, 7.708652007955151, 8.208572229755443, 8.708425912833132, 9.208265840426117, 9.708122253897157, 10.20799273144668, 10.707875303435452, 11.110466150328445, 11.561714914223758, 12.05410388195878, 12.553778968629526, 13.053181798072117, 13.55258263772857, 14.052026090617755, 14.551513721298589, 15.051036268131043, 15.550690721548941, 15.906928085183234, 16.35867722463786, 16.794977693211006, 17.294791552665266, 17.52481309998445, 17.595531582333933, 17.688056577094624, 17.79660608258735, 17.924084125242523, 18.064506508586287, 18.210159670545522, 18.066863882885674, 18.193506691418317, 18.36520481424774, 18.579570206172995, 18.753363054445526, 18.905364961835666, 18.84917198288158, 18.930798815735805, 19.25735741774611, 19.54964755981979, 19.49843189105777, 19.809276187024402, 20.13989246284425, 20.381384886992315, 20.643621235585137, 20.748130094479098, 20.77258275397482, 20.852810334920747, 20.940301270027646, 21.039314050008027, 21.122294199449335, 21.191639715647952, 21.3207546378615, 21.500201823403206, 21.687975258852063, 21.8855628945222, 22.106025943997892, 22.448284819190764, 22.786061124826606, 23.19275249872877, 23.59828869377011, 24.007388239493007, 24.41987204898863, 24.83557149928717, 25.254650178663105, 25.5764600637893, 25.661203742021385, 25.784682269285234, 25.919749519548564, 26.063710222918836, 26.216417871487128, 26.37772055050579, 26.547461589928353, 26.712036691639295, 26.856133224487948, 27.008718579884658, 27.16964973795884, 27.338779315092477, 27.591455107650226, 27.88700696963974, 28.1883295087168, 28.495239659621248, 28.80755883490496, 29.125113026283177, 29.44465534126014, 29.75016242635342, 30.060881567632414, 30.514921929645247, 30.90056977851534, 31.251138714708954, 31.61906896809815, 32.02728837635035, 32.43807761064863, 32.85108486493585, 33.26196958485247, 33.71207934716458, 34.166634667491444, 34.622442939430705, 35.079455321975054, 35.53762536071806, 35.99016603177052, 36.4067132243892, 36.75811130809502, 37.11197364767881, 37.467307791429384, 37.82591331679122, 38.196972644876865, 38.59518787391001, 39.00605387527064, 39.41897957606995, 39.83004015999131, 40.108079146863716, 40.47025639934111, 40.86093349519105, 41.34196565793013, 41.823428960747364, 42.30507386336739, 42.77857567569769, 43.25064315885082, 43.723331648755966, 44.19264848816649, 44.57484196051992, 44.79428424711153, 44.72592785433106, 44.66990168856809, 45.01275942514834, 45.34488864876987, 45.578688039065106, 46.06449573604321
2OAR.pdb, 42, 42, 0.22725854430050713, 1.4816669479492621, 1.0133096142117526, -, -, -, 1.4864000583553245, 68.47026915016323, , length, 0.0, 0.5, 1.0, 1.5, 2.0, 2.5, 3.0, 3.5, 4.0, 4.5, 5.0, 5.5, 6.0, 6.5, 7.0, 7.5, 8.0, 8.5, 9.0, 9.5, 10.0, 10.5, 11.0, 11.5, 12.0, 12.5, 13.0, 13.5, 14.0, 14.5, 15.0, 15.5, 16.0, 16.5, 17.0, 17.5, 18.0, 18.5, 19.0, 19.5, 20.0, 20.5, 21.0, 21.5, 22.0, 22.5, 23.0, 23.5, 24.0, 24.5, 25.0, 25.5, 26.0, 26.5, 27.0, 27.5, 28.0, 28.5, 29.0, 29.5, 30.0, 30.5, 31.0, 31.5, 32.0, 32.5, 33.0, 33.5, 34.0, 34.5, 35.0, 35.5, 36.0, 36.5, 37.0, 37.5, 38.0, 38.5, 39.0, 39.5, 40.0, 40.5, 41.0, 41.5, 42.0, 42.5, 43.0, 43.5, 44.0, 44.5, 45.0, 45.5, 46.0, 46.5, 47.0, 47.5, 48.0, 48.5, 49.0, 49.5, 50.0, 50.5, 51.0, 51.5, 52.0, 52.5, 53.0, 53.5, 54.0, 54.5, 55.0, 55.5, 56.0, 56.5, 57.0, 57.5, 58.0, 58.5, 59.0, 59.5, 60.0, 60.5, 61.0, 61.5, 62.0, 62.5, 63.0, 63.5, 64.0, 64.5, 65.0, 65.5, 66.0, 66.5, 67.0, 67.5, 68.0, 68.5, 69.0, 69.5, 70.0, 70.5, 71.0
2OAR.pdb, 42, 42, 0.22725854430050713, 1.4816669479492621, 1.0133096142117526, -, -, -, 1.4864000583553245, 68.47026915016323, , R, 3.1899092912527345, 3.102958534162822, 2.7785521980303085, 2.4815840719347784, 2.219640550972948, 2.005951689077987, 1.850526456633565, 1.759137741058678, 1.734120159834271, 1.7812054664407841, 1.901493394510252, 2.0876691319598595, 2.3301864997315054, 2.6191539714938687, 2.825050506523764, 2.700413713081089, 2.536828676991133, 2.4231641228522287, 2.3668280448888983, 2.3698533332575016, 2.4365749908189662, 2.5638722264162177, 2.746326178975694, 2.865182541911182, 2.6659211337694253, 2.4021910437617664, 2.1684734096039096, 1.9765664750123615, 1.848074095469339, 1.7908713522217852, 1.8002240657252266, 1.8825348438436227, 2.036137778299302, 2.1422744789228627, 2.129387953912286, 2.188220396072182, 2.2818289808955465, 2.2081261532319316, 1.889061514699752, 1.6114551374781376, 1.3914252825374018, 1.2385208337481073, 1.1711850929742518, 1.1913208245728457, 1.1207854005293294, 1.048090048545848, 1.0349111975298788, 1.1033805168102195, 1.2086700938006087, 1.3506253123117986, 1.3900667694322726, 1.3433753140306997, 1.2720138480457943, 1.1844602633123098, 1.0146795803942337, 1.049365157432749, 1.1475308878575166, 1.1468171058045442, 1.2220582627252194, 1.2489966189941986, 1.303312595273852, 1.403524834408794, 1.579912190455285, 1.8224412814081905, 2.0899714438173755, 2.3484981070946254, 2.62309439135088, 2.90582624338272, 3.2234228809088488, 3.5704010959495105, 3.785821840763671, 4.059764206482258, 4.354810551906411, 4.670018021604314, 4.964899563983689, 5.283787298418831, 5.623467004844013, 5.98111459027688, 6.353715369570436, 6.532705715851181, 6.223830118596233, 5.961695273838448, 5.72695154622806, 5.519946679924361, 5.3431910798825015, 5.199072431651519, 5.089725931124537, 5.139350421885638, 5.478815033534499, 5.83662121532627, 6.210222476614021, 6.597438227058376, 6.536968122313212, 6.273895142632716, 6.034791040441586, 5.821997945731052, 5.637862809910628, 5.484646042155472, 5.351341555178987, 5.16906145201486, 5.0200115787154935, 5.0152866874908355, 4.8200033190748, 4.5363912377796805, 4.251256584618137, 3.9059647661823047, 3.586347493287708, 3.2975371373802376, 3.04573212784091, 2.7696001576422478, 2.53047738392338, 2.341614243150805, 2.2106516975101647, 2.143803981296742, 2.082917738642293, 1.8091796365272357, 1.5398147118245458, 1.3327645391829908, 1.2017001794049014, 1.1589994806131259, 1.1679072174442906, 1.1557606278090775, 1.2220136948320852, 1.3744055120110898, 1.5992208119234048, 1.7514799869532935, 1.8526137415133235, 1.957282897657835, 2.105925800450784, 2.3143910692126117, 2.5722343665271414, 2.867783528594337, 3.2053918139023527, 3.5697948186530035, 3.954887938702417, 4.341542591701195, 4.492001841861384, 4.230793698123364, 4.003530085791406, 3.8690061964566946, 3.7423211543319854, 3.371127310007355, 3.1295005698334877
2OAR.pdb, 42, 42, 0.22725854430050713, 1.4816669479492621, 1.0133096142117526, -, -, -, 1.4864000583553245, 68.47026915016323, , Upper limit of R overestimation, -, -, -, -, -, -, -, -, -, -, -, -, -, -, -, -, -, -, -, -, -, -, -, -, -, -, -, -, -, -, -, -, -, -, -, -, -, -, -, -, -, -, -, -, -, -, -, -, -, -, -, -, -, -, -, -, -, -, -, -, -, -, -, -, -, -, -, -, -, -, -, -, -, -, -, -, -, -, -, -, -, -, -, -, -, -, -, -, -, -, -, -, -, -, -, -, -, -, -, -, -, -, -, -, -, -, -, -, -, -, -, -, -, -, -, -, -, -, -, -, -, -, -, -, -, -, -, -, -, -, -, -, -, -, -, -, -, -, -, -, -, -, -
2OAR.pdb, 43, 43, 0.22618496059840124, 1.486402204697043, 1.0133096142117526, -, -, -, 1.8486713395311705, 103.9951711074771, , X, 63.068282105920325, 62.79374789385973, 62.403422282203735, 62.01455499107009, 61.6318213213522, 61.25086628976528, 60.86615262523272, 60.47446739312172, 60.0885964226243, 59.70563499791301, 59.32267357320171, 58.93971214849042, 58.55675072377913, 58.17378929906784, 57.826140850037795, 57.443996606509145, 57.05421356598525, 56.6613398266591, 56.26432612755236, 55.86830890765192, 55.47229168775148, 55.076274467851036, 54.6802572479506, 54.428679366667886, 54.021937714905505, 53.62890682471425, 53.246536538581545, 52.87095819103486, 52.496298609227274, 52.12163902741969, 51.74444596902282, 51.366860471219574, 50.98811607188813, 50.61300530579921, 50.25588619420719, 49.940931426090955, 49.54746105815216, 49.5491438873527, 49.80957218566482, 50.06136357335571, 50.311079281586565, 50.55756363818705, 50.80404799478753, 51.055441576104826, 51.506448878132005, 51.73655164933853, 51.9535872963939, 52.11842818927766, 52.32619765444512, 52.49940523668705, 52.87817586577608, 53.17325318573918, 53.22989392218702, 53.36866865467197, 53.59783789871374, 53.720124894976024, 53.74663994066145, 54.02735442351649, 54.28821965129124, 54.610833419095016, 54.99598748838407, 55.42105855851774, 55.84761668350713, 56.27417480849652, 56.71343692387447, 57.164347842611726, 57.58412456281568, 57.97605989166805, 58.368671638495385, 58.76128338532271, 59.01314569517243, 59.2401685080747, 59.47548552389296, 59.61660855489407, 59.7593676274465, 59.902126699998924, 60.04488577255135, 60.187644845103776, 60.32940641499438, 60.28651477669153, 59.793894599381595, 59.30945365496644, 58.82572272741583, 58.34199179986523, 57.85826087231462, 57.37452994476401, 56.890799017213396, 56.68853589733247, 57.09208108164618, 57.49562626595988, 57.899171450273585, 58.302716634587284, 58.14897482550611, 57.72503534500183, 57.30109586449754, 56.87715638399326, 56.45321690348898, 56.02927742298469, 55.67794712987449, 55.77974798504765, 55.87162324589948, 55.82323206368929, 55.698256986560054, 55.6162958921912, 55.74435516946102, 55.7403094781834, 55.793452559577815, 55.953222187470935, 56.112991815364055, 56.27276144325718, 56.057635126436594, 56.07098708733014, 56.09734911170755, 56.12371113608496, 56.15007316046237, 55.97272178723985, 55.75944073700512, 55.55253379051643, 55.35141688596819, 55.15029998141995, 55.02567123427882, 55.5118903604483, 55.99810948661777, 56.20769131065086, 55.89682653289443, 55.615290618286885, 55.298368965371985, 54.977426540088274, 54.65648411480456, 54.33554168952085, 54.01459926423714, 53.69365683895343, 53.37271441366972, 53.055543936487965, 53.10185073408316, 53.31552726660987, 53.52920379913658, 53.7428803316633, 53.96734762704597, 54.19055214565604, 54.406981061324274, 54.623409976992505, 54.83983889266074, 54.9115728018689, 54.555556151255395, 54.16625884478384, 53.776961538312285, 53.38766423184073, 52.99615473669234, 52.59076628249304, 52.18537782829375, 51.779989374094455, 51.37446043164413, 50.96607691242392, 50.60373640519899, 50.24524262806761, 49.886633191237266, 49.60078439616501, 49.422336073202786, 49.24388775024056, 49.065439427278335, 48.88699110431611, 48.70854278135388, 48.53009445839165, 48.2540454079727, 47.93917526549992, 47.62430512302715, 47.30943498055438, 46.99548713912965, 46.675229347786136, 46.354286173103226, 46.03334299842032, 45.6468633703052, 45.37605000333476, 45.27068896009371, 45.10523568474313, 44.93549252027846, 44.76574935581379, 44.71063956168159, 44.672080080196906, 44.45571836831769, 44.230167240726324, 43.815794728070905, 43.36693097003952, 42.91806721200813, 42.46900797180738, 42.04592612409945, 41.725255539230396, 41.3444511236166, 40.92012258631715, 40.92874853361856, 40.6058857112906, 40.24255060033206, 39.879215489373514, 39.51588037841497, 39.13015866834087, 38.706859911613385, 38.36776225102612, 37.97224715952351, 37.5767320680209, 37.284219750537815, 36.843020762407306, 36.44470402333188, 36.03583238149619, 35.7637356303165, 35.57889449338463, 35.39405335645276, 35.219845314017675, 35.023700652916745, 34.827555991815814, 34.517077403915756, 34.115601474976465, 34.20479522049055, 34.316595949875705, 34.56001337369434, 34.630344012718126
2OAR.pdb, 43, 43, 0.22618496059840124, 1.486402204697043, 1.0133096142117526, -, -, -, 1.8486713395311705, 103.9951711074771, , Y, 158.9692796110366, 158.80511158423258, 158.50055374051826, 158.18783964722232, 157.86760216059088, 157.54691322785456, 157.2301142553982, 156.9205304383884, 156.60345829277466, 156.28263887254843, 155.96181945232223, 155.641000032096, 155.3201806118698, 154.9993611916436, 154.69769250130008, 154.48221700426683, 154.17173504359323, 153.86441648535185, 153.56255339665796, 153.26005245365207, 152.9575515106462, 152.6550505676403, 152.35254962463443, 152.01469327282234, 151.79540418427982, 151.50050744395983, 151.1806385042043, 150.85163728605102, 150.5215533512378, 150.1914694164246, 149.8636728266321, 149.5362305500888, 149.21066933418555, 149.12580761916817, 148.85056699721102, 148.53833774370523, 148.23021221158146, 147.859241850542, 147.45315876001578, 147.0460339775782, 146.63745987112927, 146.222616212296, 145.80777255346277, 145.39847695071495, 145.21477055640668, 144.84126430639984, 144.43109995314992, 144.0172066917974, 143.63505079717555, 143.3143572832119, 143.13709923561882, 142.86382054208497, 142.45428909031878, 142.05256110526506, 142.01857741057646, 141.62166265211908, 141.21645880325391, 140.80516310010447, 140.3907193243968, 140.14007519401966, 139.95363372799378, 139.69978249112293, 139.4514022468647, 139.20302200260645, 138.9750992249853, 138.7610872967513, 138.5020563317092, 138.20501303582654, 137.9093933598411, 137.61377368385567, 137.32199765110983, 136.91674799958474, 136.52010681344262, 136.08197942719158, 135.63954801697113, 135.19711660675068, 134.75468519653023, 134.31225378630978, 133.86960158481799, 133.54762042582632, 133.51978277869932, 133.4608793132653, 133.39927910900596, 133.3376789047466, 133.27607870048726, 133.2144784962279, 133.15287829196856, 133.03464907157186, 132.79453618526534, 132.55442329895882, 132.31431041265233, 132.0741975263458, 131.84327569593032, 131.61681010068472, 131.3903445054391, 131.1638789101935, 130.93741331494786, 130.71094771970223, 130.4548006786539, 130.01342105062864, 129.587042699544, 129.36757149843032, 129.1471028301369, 128.93664088816004, 128.75358738294204, 128.5295480566055, 128.34202057285097, 128.16180192797438, 127.98158328309778, 127.80136463822116, 127.65870074290459, 127.2629508128187, 126.85986772723484, 126.45678464165097, 126.05370155606711, 125.69353136587443, 125.34092987999492, 124.9866455465094, 124.6308325654514, 124.2750195843934, 123.95475287981029, 123.91836498895282, 123.88197709809535, 123.85595578391629, 123.73611366997586, 123.58952800035729, 123.45917800536284, 123.33067282003014, 123.20216763469746, 123.07366244936478, 122.94515726403208, 122.81665207869939, 122.68814689336669, 122.5571194179705, 122.31123278838862, 122.02123586047536, 121.73123893256209, 121.44124200464881, 121.15187073485292, 120.85960901298546, 120.56354366260811, 120.26747831223076, 119.97141296185342, 119.66957291809577, 119.37331952680974, 119.14333984901303, 118.91336017121631, 118.68338049341959, 118.46032354445268, 118.28069881759019, 118.1010740907277, 117.92144936386522, 117.741959362926, 117.57043845899682, 117.79401143431916, 118.04248958404584, 118.29076388691614, 118.56078147169663, 118.87480400218513, 119.18882653267362, 119.50284906316212, 119.8168715936506, 120.1308941241391, 120.44491665462759, 120.6065594355727, 120.70597058782383, 120.80538174007495, 120.90479289232607, 121.01007321388849, 120.90076071617202, 120.54132460906925, 120.18188850196648, 119.98654826462985, 119.69346398183337, 119.21083037180114, 118.74625458175336, 118.28327561796876, 117.82029665418415, 117.40037594050979, 117.00500169169925, 116.69798802841512, 116.40728400496674, 116.50510318078973, 116.68794407653571, 116.87078497228171, 117.05303544869255, 117.25029199566025, 117.56338837930085, 117.64019013320906, 117.71126823928078, 117.2187183908505, 116.89277410556188, 116.58769344001354, 116.28261277446518, 115.97753210891682, 115.86496016246642, 116.07552390453138, 116.15368536723983, 116.04346913174373, 115.93325289624762, 115.69270638417333, 115.80477959690315, 115.7245335384448, 115.63978595266335, 115.39261141061786, 115.04181650542499, 114.69102160023212, 114.30416916410985, 113.91574280405088, 113.52731644399191, 113.32941654848067, 113.28315494754065, 113.00845866680372, 112.72323754748263, 112.45437510132925, 112.18605146902935
2OAR.pdb, 43, 43, 0.22618496059840124, 1.486402204697043, 1.0133096142117526, -, -, -, 1.8486713395311705, 103.9951711074771, , Z, -0.5904458934469397, -0.3406510453511297, -0.3082696882501119, -0.2776110252759299, -0.24759703951137008, -0.20252074497597175, -0.1637017549450837, -0.13648890518999054, -0.11382835350169089, -0.09344584166397113, -0.07306332982625136, -0.05268081798853161, -0.03229830615081185, -0.011915794313092087, -0.08282927819459815, -0.14320226898905009, -0.10273542594718792, -0.06879356732210704, -0.0335109183509031, 0.007275611568648248, 0.04806214148819961, 0.08884867140775095, 0.12963520132730233, 0.06792440495630259, 0.019813296007875195, 0.05535362181216626, 0.0934766991233858, 0.11949995802966873, 0.1454767503258086, 0.17145354262194845, 0.18750771290887966, 0.20202485383960675, 0.22386115676223306, 0.4108033686540404, 0.4393533977788709, 0.3787762712770532, 0.3942593590683008, 0.3682182693518795, 0.4996474328846793, 0.6439079156137563, 0.7876637030756279, 0.9186224777991789, 1.0495812525227297, 1.18011695112866, 1.2934499745967794, 1.140089902776026, 0.9541056257212851, 0.7273718739437547, 0.48550678830570326, 0.20646876507395576, 0.3012288314709041, 0.4476941014316645, 0.5528041936287992, 0.7991056910638992, 1.1909096689609582, 1.4293475761829626, 1.2962467483356894, 1.340188181292633, 1.3860911506796776, 1.5113450450947212, 1.5875039519681906, 1.6559181967815269, 1.7356390865642508, 1.8153599763469748, 1.8590450027112322, 1.8299089237687174, 1.7741609669973717, 1.6840177711035715, 1.5920122091877082, 1.5000066472718452, 1.3141368625296743, 1.1291142629350968, 0.9363268493911936, 0.8796590208375108, 0.6956093143603845, 0.5115596078832582, 0.3275099014061318, 0.1434601949290054, -0.04082913927911194, -0.19506735121383056, -0.2760020552014387, -0.38413871239489206, -0.49463669683910205, -0.605134681283312, -0.715632665727522, -0.826130650171732, -0.936628634615942, -1.066556501347991, -1.2383036586658758, -1.4100508159837606, -1.5817979733016454, -1.7535451306195304, -1.716821690408231, -1.5790223760419868, -1.4412230616757427, -1.3034237473094987, -1.1656244329432546, -1.0278251185770104, -0.8798182810776405, -0.6681094955955887, -0.4404969000295405, 0.005849149323593775, 0.4368651541279091, 0.8554017729102366, 1.247544809312771, 1.6945235701468366, 2.1455952621761902, 2.583767495483748, 3.021939728791306, 3.460111962098864, 3.6747216914897574, 3.9632634479945525, 4.257931175760788, 4.552598903527024, 4.847266631293259, 5.1321576886184035, 5.415324398819884, 5.70102844079592, 5.989037317769451, 6.277046194742984, 6.545330005105547, 6.656085965423434, 6.766841925741321, 6.915167648430595, 7.273868050479709, 7.660197146262783, 8.023982200863873, 8.385205645556518, 8.746429090249162, 9.107652534941808, 9.468875979634452, 9.830099424327098, 10.191322869019743, 10.554577310840225, 10.914341902374524, 11.261104243536634, 11.607866584698744, 11.954628925860854, 12.29494508981642, 12.633636444536476, 12.973494992712936, 13.313353540889398, 13.653212089065859, 13.949847470625688, 14.132392788652824, 14.345833541496583, 14.559274294340344, 14.772715047184104, 14.988579984051146, 15.219653908805725, 15.450727833560304, 15.681801758314881, 15.91273278444582, 16.144568067234463, 15.929082876897295, 15.684663522372148, 15.440212590550356, 15.15197382388318, 14.806219508830466, 14.46046519377775, 14.114710878725036, 13.768956563672322, 13.423202248619608, 13.077447933566894, 12.711519639892414, 12.33605430702228, 11.960588974152147, 11.585123641282014, 11.210572299802337, 10.955634653201448, 10.822213652098679, 10.68879265099591, 10.465014454639386, 10.35594317967497, 10.430303170342702, 10.512472577542162, 10.595163188922491, 10.677853800302822, 10.47865001258281, 10.183023651865291, 9.85297786687546, 9.51620739544914, 9.351580777368765, 9.228737244495672, 9.105893711622578, 8.982926326501946, 8.814772945812331, 8.718574714066529, 8.40690242296324, 8.152160994705952, 8.136152032830202, 7.993843839975003, 7.8360040963952695, 7.678164352815535, 7.520324609235801, 7.36065913280145, 7.197929070795151, 7.121831441997133, 7.407173681819335, 7.6925159216415375, 8.00098576267873, 8.182106055842654, 8.447565077565777, 8.722595670785523, 9.015674468946026, 9.320267129048755, 9.624859789151484, 9.885622780351962, 10.131899524550303, 10.378176268748643, 10.651254604902155, 10.94566408634051, 11.336384268919401, 11.731541845086396, 12.028273635105064, 12.33729883203011
2OAR.pdb, 43, 43, 0.22618496059840124, 1.486402204697043, 1.0133096142117526, -, -, -, 1.8486713395311705, 103.9951711074771, , distance, 0.0, 0.405854211203562, 0.8610260958094789, 1.3486492888665422, 1.842459803379057, 2.3402162929167662, 2.8383412310206744, 3.336364021497731, 3.8344232370156286, 4.332717747807544, 4.831364673026394, 5.330265108357043, 5.829353964803426, 6.328586664380153, 6.7811633228210235, 7.208768624083908, 7.708652007955151, 8.208572229755443, 8.708425912833132, 9.208265840426117, 9.708122253897157, 10.20799273144668, 10.707875303435452, 11.110466150328445, 11.561714914223758, 12.05410388195878, 12.553778968629526, 13.053181798072117, 13.55258263772857, 14.052026090617755, 14.551513721298589, 15.051036268131043, 15.550690721548941, 15.906928085183234, 16.35867722463786, 16.794977693211006, 17.294791552665266, 17.52481309998445, 17.595531582333933, 17.688056577094624, 17.79660608258735, 17.924084125242523, 18.064506508586287, 18.210159670545522, 18.066863882885674, 18.193506691418317, 18.36520481424774, 18.579570206172995, 18.753363054445526, 18.905364961835666, 18.84917198288158, 18.930798815735805, 19.25735741774611, 19.54964755981979, 19.49843189105777, 19.809276187024402, 20.13989246284425, 20.381384886992315, 20.643621235585137, 20.748130094479098, 20.77258275397482, 20.852810334920747, 20.940301270027646, 21.039314050008027, 21.122294199449335, 21.191639715647952, 21.3207546378615, 21.500201823403206, 21.687975258852063, 21.8855628945222, 22.106025943997892, 22.448284819190764, 22.786061124826606, 23.19275249872877, 23.59828869377011, 24.007388239493007, 24.41987204898863, 24.83557149928717, 25.254650178663105, 25.5764600637893, 25.661203742021385, 25.784682269285234, 25.919749519548564, 26.063710222918836, 26.216417871487128, 26.37772055050579, 26.547461589928353, 26.712036691639295, 26.856133224487948, 27.008718579884658, 27.16964973795884, 27.338779315092477, 27.591455107650226, 27.88700696963974, 28.1883295087168, 28.495239659621248, 28.80755883490496, 29.125113026283177, 29.45804298018092, 29.859177922986678, 30.251119473024808, 30.48126377098569, 30.73653959377509, 30.977119986576284, 31.144922096819553, 31.392634890818666, 31.59807054751484, 31.777356552645603, 31.963459084119993, 32.156259791375895, 32.36808883230602, 32.78703542872121, 33.21317507463948, 33.641348142919114, 34.07147797216199, 34.50174762630022, 34.93357045297105, 35.36790268029047, 35.804588444109285, 36.242910579885695, 36.62813084937273, 36.58111392559373, 36.54087878740418, 36.556086372700875, 36.805613581012956, 37.08567131274304, 37.35702393993653, 37.63156332576075, 37.910709292131315, 38.19436083670261, 38.48241832858212, 38.77478357267443, 39.07135986626897, 39.374000022847746, 39.69259746310228, 40.00916650717078, 40.329449733775924, 40.653359357620154, 40.97580656056431, 41.30420603305555, 41.641315804003746, 41.98167371313872, 42.32520140086887, 42.68979953027739, 43.09371806922728, 43.45623015666294, 43.82144842229292, 44.18930576764581, 44.55479007512136, 44.892072803248624, 45.23236764205713, 45.57560712091785, 45.92158867748911, 46.264328715993656, 46.083212124853034, 45.87277700184329, 45.66705071556554, 45.40973458407228, 45.06479915617411, 44.72279341652009, 44.38378509058407, 44.04784338599989, 43.715039002018464, 43.38544413669654, 43.221547811871694, 43.12847201823248, 43.041003729014186, 42.959177196200635, 42.87773453370854, 43.026227879856314, 43.43171863486394, 43.83916150642767, 44.10648906335523, 44.44578949519387, 44.932677614629846, 45.4294791716694, 45.926755052198935, 46.424089451923734, 46.77073525537594, 47.06897615528072, 47.35350800930161, 47.62921878791743, 47.67293198930181, 47.66834304501023, 47.668998446128, 47.67547666454175, 47.65366218972769, 47.50400484582194, 47.54966610125442, 47.636096058120664, 48.05644410863635, 48.463198383609104, 48.869396605323146, 49.277319849680225, 49.68692563005894, 49.94232853978286, 49.94008364552719, 50.0276924637772, 50.362665678115384, 50.7003567557564, 51.102762740464335, 51.26300870714349, 51.58108776591255, 51.912725819125, 52.31387787293708, 52.75898671147282, 53.20507061867465, 53.66801224050423, 54.141374372612816, 54.615211251664306, 54.99585639299753, 55.30426327103251, 55.56750142641959, 55.831776303358446, 55.9963374712692, 56.25400734229517
2OAR.pdb, 43, 43, 0.22618496059840124, 1.486402204697043, 1.0133096142117526, -, -, -, 1.8486713395311705, 103.9951711074771, , length, 0.0, 0.5, 1.0, 1.5, 2.0, 2.5, 3.0, 3.5, 4.0, 4.5, 5.0, 5.5, 6.0, 6.5, 7.0, 7.5, 8.0, 8.5, 9.0, 9.5, 10.0, 10.5, 11.0, 11.5, 12.0, 12.5, 13.0, 13.5, 14.0, 14.5, 15.0, 15.5, 16.0, 16.5, 17.0, 17.5, 18.0, 18.5, 19.0, 19.5, 20.0, 20.5, 21.0, 21.5, 22.0, 22.5, 23.0, 23.5, 24.0, 24.5, 25.0, 25.5, 26.0, 26.5, 27.0, 27.5, 28.0, 28.5, 29.0, 29.5, 30.0, 30.5, 31.0, 31.5, 32.0, 32.5, 33.0, 33.5, 34.0, 34.5, 35.0, 35.5, 36.0, 36.5, 37.0, 37.5, 38.0, 38.5, 39.0, 39.5, 40.0, 40.5, 41.0, 41.5, 42.0, 42.5, 43.0, 43.5, 44.0, 44.5, 45.0, 45.5, 46.0, 46.5, 47.0, 47.5, 48.0, 48.5, 49.0, 49.5, 50.0, 50.5, 51.0, 51.5, 52.0, 52.5, 53.0, 53.5, 54.0, 54.5, 55.0, 55.5, 56.0, 56.5, 57.0, 57.5, 58.0, 58.5, 59.0, 59.5, 60.0, 60.5, 61.0, 61.5, 62.0, 62.5, 63.0, 63.5, 64.0, 64.5, 65.0, 65.5, 66.0, 66.5, 67.0, 67.5, 68.0, 68.5, 69.0, 69.5, 70.0, 70.5, 71.0, 71.5, 72.0, 72.5, 73.0, 73.5, 74.0, 74.5, 75.0, 75.5, 76.0, 76.5, 77.0, 77.5, 78.0, 78.5, 79.0, 79.5, 80.0, 80.5, 81.0, 81.5, 82.0, 82.5, 83.0, 83.5, 84.0, 84.5, 85.0, 85.5, 86.0, 86.5, 87.0, 87.5, 88.0, 88.5, 89.0, 89.5, 90.0, 90.5, 91.0, 91.5, 92.0, 92.5, 93.0, 93.5, 94.0, 94.5, 95.0, 95.5, 96.0, 96.5, 97.0, 97.5, 98.0, 98.5, 99.0, 99.5, 100.0, 100.5, 101.0, 101.5, 102.0, 102.5, 103.0, 103.5, 104.0, 104.5, 105.0, 105.5, 106.0, 106.5, 107.0, 107.5
2OAR.pdb, 43, 43, 0.22618496059840124, 1.486402204697043, 1.0133096142117526, -, -, -, 1.8486713395311705, 103.9951711074771, , R, 3.1899092912527345, 3.102958534162822, 2.7785521980303085, 2.4815840719347784, 2.219640550972948, 2.005951689077987, 1.850526456633565, 1.759137741058678, 1.734120159834271, 1.7812054664407841, 1.901493394510252, 2.0876691319598595, 2.3301864997315054, 2.6191539714938687, 2.825050506523764, 2.700413713081089, 2.536828676991133, 2.4231641228522287, 2.3668280448888983, 2.3698533332575016, 2.4365749908189662, 2.5638722264162177, 2.746326178975694, 2.865182541911182, 2.6659211337694253, 2.4021910437617664, 2.1684734096039096, 1.9765664750123615, 1.848074095469339, 1.7908713522217852, 1.8002240657252266, 1.8825348438436227, 2.036137778299302, 2.1422744789228627, 2.129387953912286, 2.188220396072182, 2.2818289808955465, 2.2081261532319316, 1.889061514699752, 1.6114551374781376, 1.3914252825374018, 1.2385208337481073, 1.1711850929742518, 1.1913208245728457, 1.1207854005293294, 1.048090048545848, 1.0349111975298788, 1.1033805168102195, 1.2086700938006087, 1.3506253123117986, 1.3900667694322726, 1.3433753140306997, 1.2720138480457943, 1.1844602633123098, 1.0146795803942337, 1.049365157432749, 1.1475308878575166, 1.1468171058045442, 1.2220582627252194, 1.2489966189941986, 1.303312595273852, 1.403524834408794, 1.579912190455285, 1.8224412814081905, 2.0899714438173755, 2.3484981070946254, 2.62309439135088, 2.90582624338272, 3.2234228809088488, 3.5704010959495105, 3.785821840763671, 4.059764206482258, 4.354810551906411, 4.670018021604314, 4.964899563983689, 5.283787298418831, 5.623467004844013, 5.98111459027688, 6.353715369570436, 6.532705715851181, 6.223830118596233, 5.961695273838448, 5.72695154622806, 5.519946679924361, 5.3431910798825015, 5.199072431651519, 5.089725931124537, 5.139350421885638, 5.478815033534499, 5.83662121532627, 6.210222476614021, 6.597438227058376, 6.536968122313212, 6.273895142632716, 6.034791040441586, 5.821997945731052, 5.637862809910628, 5.484646042155472, 5.38412855742793, 5.441716849063672, 5.5109446574982535, 5.28685635149745, 5.059299926385842, 4.88716333100302, 4.851443095692613, 4.770551966862497, 4.710192204577535, 4.716011240330108, 4.761749555105492, 4.846546847123058, 4.71170277004193, 4.549753715271137, 4.428968000935985, 4.348435088528511, 4.309823367854735, 4.174327717196238, 4.054941486756903, 3.981739591265898, 3.956285156072124, 3.976386057322491, 4.0544676602143745, 4.275522945909877, 4.5299159282059325, 4.625634521925468, 4.286250798884918, 3.967128186279701, 3.666182635382197, 3.3965150664270056, 3.1648426301496797, 2.9770413095869803, 2.838785451360929, 2.754884873521125, 2.728561021419328, 2.7611838810316427, 2.8415251716749537, 2.9686980602341237, 3.146253178808983, 3.3687040390619125, 3.6288704503393387, 3.9199201555295384, 4.237224156852605, 4.579059655877936, 4.941534444670905, 5.219835107575248, 5.2119832959984915, 5.172551289137001, 5.17035771972291, 5.20543902492488, 5.270746378319407, 5.331659367167445, 5.428110231762931, 5.558646445597066, 5.72122851551018, 5.906592452925176, 5.59192220657347, 5.2631230653923975, 4.95627186070492, 4.626658922441964, 4.251640548584925, 3.896849022753353, 3.5665186570520153, 3.2657173716980528, 3.000343955387336, 2.776967324548918, 2.5710754944667724, 2.4032702119100966, 2.2940791299992216, 2.2486005445165103, 2.2633013222542187, 2.3095929288582737, 2.3849825050025752, 2.5212862714723703, 2.6878527646563994, 2.8746996468550816, 3.077871351368614, 3.3001498169884367, 3.56026732926683, 3.8544197840714127, 3.975655551799879, 4.05786288430285, 4.056876692425472, 4.081954800365272, 3.872114224874981, 3.6399806190281416, 3.4474846918126407, 3.299324805118871, 3.145446470371048, 2.943800817048556, 2.8508975328177804, 2.7418689961754397, 2.742806048888949, 2.6716713795898523, 2.6435036836969474, 2.6751658958667446, 2.765332059890904, 2.8389463728367406, 2.848306709042555, 2.8674828737434654, 2.62177231492479, 2.424432766566409, 2.291992840535777, 2.1927884736727936, 2.1442687293231533, 2.16015144469339, 2.226381614019189, 2.346216065190528, 2.5247346176991194, 2.7091333548207417, 2.92611899401, 3.186418944902339, 3.267558340294458, 3.224478190010417, 3.5597744059212215, 3.9339704920485494, 4.317548483227689, 4.618007939527722
2OAR.pdb, 43, 43, 0.22618496059840124, 1.486402204697043, 1.0133096142117526, -, -, -, 1.8486713395311705, 103.9951711074771, , Upper limit of R overestimation, -, -, -, -, -, -, -, -, -, -, -, -, -, -, -, -, -, -, -, -, -, -, -, -, -, -, -, -, -, -, -, -, -, -, -, -, -, -, -, -, -, -, -, -, -, -, -, -, -, -, -, -, -, -, -, -, -, -, -, -, -, -, -, -, -, -, -, -, -, -, -, -, -, -, -, -, -, -, -, -, -, -, -, -, -, -, -, -, -, -, -, -, -, -, -, -, -, -, -, -, -, -, -, -, -, -, -, -, -, -, -, -, -, -, -, -, -, -, -, -, -, -, -, -, -, -, -, -, -, -, -, -, -, -, -, -, -, -, -, -, -, -, -, -, -, -, -, -, -, -, -, -, -, -, -, -, -, -, -, -, -, -, -, -, -, -, -, -, -, -, -, -, -, -, -, -, -, -, -, -, -, -, -, -, -, -, -, -, -, -, -, -, -, -, -, -, -, -, -, -, -, -, -, -, -, -, -, -, -, -, -, -, -, -, -, -
2OAR.pdb, 44, 44, 0.2248035490761437, 1.49252837338196, 1.0070965579790108, -, -, -, 1.288260278856693, 57.54778520501765, , X, 63.068282105920325, 62.79374789385973, 62.403422282203735, 62.01455499107009, 61.6318213213522, 61.25086628976528, 60.86615262523272, 60.47446739312172, 60.0885964226243, 59.70563499791301, 59.32267357320171, 58.93971214849042, 58.55675072377913, 58.17378929906784, 57.826140850037795, 57.443996606509145, 57.05421356598525, 56.6613398266591, 56.26432612755236, 55.86830890765192, 55.47229168775148, 55.076274467851036, 54.6802572479506, 54.428679366667886, 54.021937714905505, 53.62890682471425, 53.246536538581545, 52.87095819103486, 52.496298609227274, 52.12163902741969, 51.74444596902282, 51.366860471219574, 50.98811607188813, 50.61300530579921, 50.25588619420719, 49.940931426090955, 49.54746105815216, 49.247575309091864, 48.85265758871987, 48.457739868347886, 48.06282214797589, 47.6679044276039, 47.27298670723191, 46.87806898685992, 46.48315126648793, 46.08823354611594, 45.69331582574395, 45.374619940590826, 45.08129618566133, 44.78761353452235, 44.4660145164771, 44.07198718846425, 43.67795986045139, 43.283932532438534, 42.88990520442567, 42.49587787641282, 42.1411379583235, 41.75413971458738, 41.367141470851266, 41.082065967085995, 40.89586161411496, 40.831367907656954, 40.71170217290538, 40.54441381237013, 40.56648334949563, 40.49041332066662, 40.357815427229035, 40.30198426141086, 40.25467912223094, 40.20737398305101, 40.160068843871095, 40.11276370469117, 40.06545856551125, 39.97557293252214, 39.694813569196725, 39.37447905359739, 39.040511694789835, 38.632306894814825, 38.224102094839814, 37.93286955595273, 38.143730292086055, 38.10610068810656, 38.076609110178026, 38.05093295851216, 38.03059004944005, 38.29627136756455, 38.30754084411666, 38.042568435622, 37.736472407249686, 37.38591908712291, 37.037678682197765, 36.68943827727262, 36.34119787234748, 36.02104490374291, 35.58187333055084, 35.11505457849384, 34.65424282905464, 34.246039932280524, 33.952687943795425, 33.68845963375924, 33.424231323723056, 33.187811457670534, 32.96837696814411, 32.75968935708353, 32.55376800863662, 32.393563803738694, 32.124285523880104, 31.853635543373827, 31.87236448933279, 32.11833683366534, 32.39137705986975, 32.42653982396632, 32.428799133062654, 32.430951254699806, 32.43310337633696, 32.447811511429485, 32.410684674683566, 32.373618348277304, 32.29451015179656
2OAR.pdb, 44, 44, 0.2248035490761437, 1.49252837338196, 1.0070965579790108, -, -, -, 1.288260278856693, 57.54778520501765, , Y, 158.9692796110366, 158.80511158423258, 158.50055374051826, 158.18783964722232, 157.86760216059088, 157.54691322785456, 157.2301142553982, 156.9205304383884, 156.60345829277466, 156.28263887254843, 155.96181945232223, 155.641000032096, 155.3201806118698, 154.9993611916436, 154.69769250130008, 154.48221700426683, 154.17173504359323, 153.86441648535185, 153.56255339665796, 153.26005245365207, 152.9575515106462, 152.6550505676403, 152.35254962463443, 152.01469327282234, 151.79540418427982, 151.50050744395983, 151.1806385042043, 150.85163728605102, 150.5215533512378, 150.1914694164246, 149.8636728266321, 149.5362305500888, 149.21066933418555, 149.12580761916817, 148.85056699721102, 148.53833774370523, 148.23021221158146, 147.94795958652614, 147.65177335324876, 147.3555871199714, 147.05940088669402, 146.76321465341667, 146.4670284201393, 146.17084218686193, 145.87465595358455, 145.5784697203072, 145.28228348702982, 144.93566037912518, 144.66647192030055, 144.39073824339104, 144.2157233991542, 143.91304429291574, 143.6103651866773, 143.30768608043886, 143.00500697420043, 142.70232786796197, 142.39263757176576, 142.0766868778498, 141.76073618393386, 141.45635188217298, 141.02045863992348, 140.99004384927048, 140.823656972039, 140.76393780817253, 140.82240469241282, 140.96132515368214, 141.11425740993243, 141.0509276646622, 140.9635789772932, 140.87623028992417, 140.78888160255514, 140.7015329151861, 140.61418422781708, 140.52336257494514, 140.477399462176, 140.45317513635146, 140.46606275539264, 140.5568101104776, 140.6475574655626, 140.70417705249054, 140.61438510486963, 140.57184472576105, 140.5737673935003, 140.57281467133956, 140.5611810674866, 140.32968080163533, 140.07547396313348, 139.82481766784485, 139.62695461709305, 139.48926453036322, 139.35906861899088, 139.2288727076185, 139.09867679624617, 138.9347998796753, 138.74896081854828, 138.58683241680674, 138.4065733363029, 138.2814740073735, 138.26066374823714, 138.2625864151084, 138.26450908197967, 138.17975039839214, 138.0763253250125, 137.97023245605817, 137.8575203174353, 137.77707188880171, 137.84681965265398, 137.9161813686079, 137.78510713041635, 137.8450013116591, 137.94621918761467, 137.85279738820833, 137.76823334766212, 137.684059088071, 137.59988482847987, 137.51452682562874, 137.6452479070256, 137.8358939365614, 138.07607058004476
2OAR.pdb, 44, 44, 0.2248035490761437, 1.49252837338196, 1.0070965579790108, -, -, -, 1.288260278856693, 57.54778520501765, , Z, -0.5904458934469397, -0.3406510453511297, -0.3082696882501119, -0.2776110252759299, -0.24759703951137008, -0.20252074497597175, -0.1637017549450837, -0.13648890518999054, -0.11382835350169089, -0.09344584166397113, -0.07306332982625136, -0.05268081798853161, -0.03229830615081185, -0.011915794313092087, -0.08282927819459815, -0.14320226898905009, -0.10273542594718792, -0.06879356732210704, -0.0335109183509031, 0.007275611568648248, 0.04806214148819961, 0.08884867140775095, 0.12963520132730233, 0.06792440495630259, 0.019813296007875195, 0.05535362181216626, 0.0934766991233858, 0.11949995802966873, 0.1454767503258086, 0.17145354262194845, 0.18750771290887966, 0.20202485383960675, 0.22386115676223306, 0.4108033686540404, 0.4393533977788709, 0.3787762712770532, 0.3942593590683008, 0.2383041567589102, 0.317763009967068, 0.3972218631752258, 0.4766807163833836, 0.5561395695915414, 0.6355984227996991, 0.715057276007857, 0.7945161292160148, 0.8739749824241726, 0.9534338356323303, 0.828533005063545, 0.603481729477974, 0.546236817136218, 0.7449541950175178, 0.8008811422410497, 0.8568080894645816, 0.9127350366881135, 0.9686619839116455, 1.0245889311351775, 1.0008535420120923, 1.0210406259815197, 1.0412277099509468, 0.9085596730341857, 0.8992304672862779, 1.3297347930538692, 1.7467093815486976, 2.214093833468654, 2.697434995149653, 3.1611176507626237, 3.6183151175689363, 4.105065897172021, 4.595098988526141, 5.085132079880262, 5.575165171234383, 6.065198262588503, 6.555231353942624, 7.01700314562973, 7.42817412243826, 7.8108119392236395, 8.161928876276972, 8.436034255323866, 8.710139634370758, 9.016621918363803, 9.46100141796635, 9.951835578159, 10.45096136408881, 10.950299648942968, 11.438943219580164, 11.793641088934505, 12.085535880139927, 12.42753155901427, 12.761967396350359, 13.090725054914401, 13.425056694218098, 13.759388333521796, 14.093719972825493, 14.426899007090276, 14.493671616002471, 14.569676816922035, 14.641504356728833, 14.831024144259947, 15.218753884022924, 15.64322968254096, 16.067705481058997, 16.497196857683427, 16.93425270221337, 17.375985889166895, 17.81745205101949, 18.251159648243302, 18.665676964743195, 19.08033048325218, 19.519423171707366, 19.950596330515765, 20.35263864501707, 20.82808978049019, 21.320877118694334, 21.813736188200764, 22.306595257707198, 22.799004686222503, 23.273791343442934, 23.7163226312421, 24.14699123158767
2OAR.pdb, 44, 44, 0.2248035490761437, 1.49252837338196, 1.0070965579790108, -, -, -, 1.288260278856693, 57.54778520501765, , distance, 0.0, 0.405854211203562, 0.8610260958094789, 1.3486492888665422, 1.842459803379057, 2.3402162929167662, 2.8383412310206744, 3.336364021497731, 3.8344232370156286, 4.332717747807544, 4.831364673026394, 5.330265108357043, 5.829353964803426, 6.328586664380153, 6.7811633228210235, 7.208768624083908, 7.708652007955151, 8.208572229755443, 8.708425912833132, 9.208265840426117, 9.708122253897157, 10.20799273144668, 10.707875303435452, 11.110466150328445, 11.561714914223758, 12.05410388195878, 12.553778968629526, 13.053181798072117, 13.55258263772857, 14.052026090617755, 14.551513721298589, 15.051036268131043, 15.550690721548941, 15.906928085183234, 16.35867722463786, 16.794977693211006, 17.294791552665266, 17.696560628898823, 18.193261712000353, 18.69013871939915, 19.18717798373251, 19.684367213819073, 20.18169532614942, 20.679152300482887, 21.176729055631156, 21.67441734221842, 22.17220964977791, 22.627895409902894, 23.011463089133567, 23.409586912416653, 23.78014032260311, 24.2793169892778, 24.77852685631195, 25.277767956686997, 25.777038475652134, 26.27633673628023, 26.744394877538536, 27.24425157587617, 27.744113438593633, 28.14859419985802, 28.565635655070377, 28.660432053737562, 28.888450668695064, 29.096813504989743, 29.093816822899186, 29.122513827767825, 29.193848389921417, 29.349948637006115, 29.522120725522853, 29.70171273293505, 29.888590907020788, 30.082619459493475, 30.2836609524368, 30.518819655282645, 30.863683024489916, 31.22216458176357, 31.564328743800083, 31.90005112069463, 32.240032164363235, 32.52227986276492, 32.54484642008847, 32.75234052888994, 32.93768757970731, 33.128333618143536, 33.32341996159455, 33.38342058842737, 33.626636965641225, 34.092000597718844, 34.55594101515039, 35.01755554419586, 35.47656976851783, 35.936677765065944, 36.39783805447593, 36.85721186197984, 37.30810314764666, 37.77110540372213, 38.23865617136759, 38.68499299127229, 39.070390220351065, 39.43948952905485, 39.811446553150375, 40.212368567824655, 40.61569756842492, 41.01662403015595, 41.42092053296472, 41.77384481286348, 42.12466625022098, 42.47971926569376, 42.73594825726036, 42.73252463489313, 42.68084304177347, 42.936882303637596, 43.22462672653371, 43.51613527355168, 43.81141064430505, 44.10199581572068, 44.318217780817875, 44.49271141854237, 44.670930362061796
2OAR.pdb, 44, 44, 0.2248035490761437, 1.49252837338196, 1.0070965579790108, -, -, -, 1.288260278856693, 57.54778520501765, , length, 0.0, 0.5, 1.0, 1.5, 2.0, 2.5, 3.0, 3.5, 4.0, 4.5, 5.0, 5.5, 6.0, 6.5, 7.0, 7.5, 8.0, 8.5, 9.0, 9.5, 10.0, 10.5, 11.0, 11.5, 12.0, 12.5, 13.0, 13.5, 14.0, 14.5, 15.0, 15.5, 16.0, 16.5, 17.0, 17.5, 18.0, 18.5, 19.0, 19.5, 20.0, 20.5, 21.0, 21.5, 22.0, 22.5, 23.0, 23.5, 24.0, 24.5, 25.0, 25.5, 26.0, 26.5, 27.0, 27.5, 28.0, 28.5, 29.0, 29.5, 30.0, 30.5, 31.0, 31.5, 32.0, 32.5, 33.0, 33.5, 34.0, 34.5, 35.0, 35.5, 36.0, 36.5, 37.0, 37.5, 38.0, 38.5, 39.0, 39.5, 40.0, 40.5, 41.0, 41.5, 42.0, 42.5, 43.0, 43.5, 44.0, 44.5, 45.0, 45.5, 46.0, 46.5, 47.0, 47.5, 48.0, 48.5, 49.0, 49.5, 50.0, 50.5, 51.0, 51.5, 52.0, 52.5, 53.0, 53.5, 54.0, 54.5, 55.0, 55.5, 56.0, 56.5, 57.0, 57.5, 58.0, 58.5, 59.0
2OAR.pdb, 44, 44, 0.2248035490761437, 1.49252837338196, 1.0070965579790108, -, -, -, 1.288260278856693, 57.54778520501765, , R, 3.1899092912527345, 3.102958534162822, 2.7785521980303085, 2.4815840719347784, 2.219640550972948, 2.005951689077987, 1.850526456633565, 1.759137741058678, 1.734120159834271, 1.7812054664407841, 1.901493394510252, 2.0876691319598595, 2.3301864997315054, 2.6191539714938687, 2.825050506523764, 2.700413713081089, 2.536828676991133, 2.4231641228522287, 2.3668280448888983, 2.3698533332575016, 2.4365749908189662, 2.5638722264162177, 2.746326178975694, 2.865182541911182, 2.6659211337694253, 2.4021910437617664, 2.1684734096039096, 1.9765664750123615, 1.848074095469339, 1.7908713522217852, 1.8002240657252266, 1.8825348438436227, 2.036137778299302, 2.1422744789228627, 2.129387953912286, 2.188220396072182, 2.2818289808955465, 2.2485338435290654, 1.8940702308497674, 1.5799844761748827, 1.3197063164834346, 1.1291432908067738, 1.0240102960831785, 1.0149588947215409, 1.1029839513955397, 1.278941410717481, 1.5276386321182973, 1.747088733452181, 1.9017840909133485, 1.9523347540900824, 2.1022585604560575, 2.300126860630893, 2.5501328459682866, 2.8433236799882677, 3.1716101382001685, 3.528149942442188, 3.8661066453558157, 4.256018011134325, 4.661797742950659, 4.976322890147367, 5.228935919151494, 5.253317106205589, 5.145992955387758, 4.944220293721747, 4.703343365667902, 4.401168464793317, 4.101247895249493, 3.748153837676402, 3.4105550188269107, 3.1024777695445604, 2.8301986927252103, 2.600819894443648, 2.421837710852265, 2.2274455856453415, 1.9994005728832551, 1.8274681805058433, 1.7043995894138653, 1.6245096877686134, 1.6231082769655258, 1.6621756411581843, 1.614684419207998, 1.6147667037629634, 1.6476409904751015, 1.7563425992967443, 1.923005673764076, 2.0146617279795, 1.9999196842378133, 1.7944281153022268, 1.5926720554894551, 1.3870735448742182, 1.2521422683449401, 1.2036866406732054, 1.2462547021593604, 1.3526966115936805, 1.2314003601266537, 1.1569075019534116, 1.1645480972123945, 1.1858102652231208, 1.1546053963140568, 1.1874861620387027, 1.3097435589236532, 1.4469276660084431, 1.635345651722886, 1.8778265051222784, 2.16811132766186, 2.463707200307453, 2.675611301527233, 2.9342837832984947, 2.8945466332062577, 2.8746849341407636, 2.9136049278946365, 2.923059745199152, 2.9541491263332245, 3.03985719241456, 3.1775083635648005, 3.359594827300057, 3.404540560476898, 3.433683866166191, 3.4788899341763533
2OAR.pdb, 44, 44, 0.2248035490761437, 1.49252837338196, 1.0070965579790108, -, -, -, 1.288260278856693, 57.54778520501765, , Upper limit of R overestimation, -, -, -, -, -, -, -, -, -, -, -, -, -, -, -, -, -, -, -, -, -, -, -, -, -, -, -, -, -, -, -, -, -, -, -, -, -, -, -, -, -, -, -, -, -, -, -, -, -, -, -, -, -, -, -, -, -, -, -, -, -, -, -, -, -, -, -, -, -, -, -, -, -, -, -, -, -, -, -, -, -, -, -, -, -, -, -, -, -, -, -, -, -, -, -, -, -, -, -, -, -, -, -, -, -, -, -, -, -, -, -, -, -, -, -, -, -, -, -
2OAR.pdb, 45, 45, 0.2242660131730253, 1.494922372909137, 1.0015065842537783, -, -, -, 1.3859611065498467, 60.40988842389319, , X, 63.068282105920325, 62.79374789385973, 62.403422282203735, 62.01455499107009, 61.6318213213522, 61.25086628976528, 60.86615262523272, 60.47446739312172, 60.0885964226243, 59.70563499791301, 59.32267357320171, 58.93971214849042, 58.55675072377913, 58.17378929906784, 57.826140850037795, 57.443996606509145, 57.05421356598525, 56.6613398266591, 56.26432612755236, 55.86830890765192, 55.47229168775148, 55.076274467851036, 54.6802572479506, 54.428679366667886, 54.021937714905505, 53.62890682471425, 53.246536538581545, 52.87095819103486, 52.496298609227274, 52.12163902741969, 51.74444596902282, 51.366860471219574, 50.98811607188813, 50.61300530579921, 50.25588619420719, 49.940931426090955, 49.54746105815216, 49.24785371146132, 49.45779628068663, 49.56368985459679, 49.66958342850694, 49.77547700241709, 49.88137057632725, 49.9872641502374, 50.135593702527416, 49.97144980091777, 49.80730589930812, 49.9174403914419, 50.04497117062683, 49.93984996003906, 49.81590463577635, 49.737556319663, 50.067652220278866, 50.216939469677136, 50.30468911905832, 50.38384813898323, 50.567180996761294, 50.75030276646965, 50.942597172504755, 51.1371810521987, 51.32705032353638, 51.51691959487407, 51.69792426513809, 51.870365803961725, 51.6317049371434, 51.287665783977666, 50.935944612295785, 50.57855478082857, 50.22116494936135, 49.85059419849173, 49.47147954717539, 49.092364895859056, 48.707112409038075, 48.269744138766754, 48.01334092188323, 47.75693770499969, 47.500534488116166, 47.24413127123263, 47.0912428699034, 47.00289874933795, 47.01752437657526, 47.15041744449085, 47.10942474597329, 47.00879389693422, 46.838818997297636, 46.45499609568471, 46.0711731940718, 45.68735029245887, 45.26191218570449, 45.02884381302802, 44.82488604355066, 44.335083764654016, 43.91933765914167, 43.50359155362932, 43.08336184818754, 42.638428625223355, 42.195164440812114, 41.75280939370493, 41.30497620254234, 41.02345116337905, 40.7668902295747, 40.51032929577034, 40.25376836196599, 39.99720742816163, 39.81088546986456, 39.69588386495656, 39.59579625568195, 39.521052096151294, 39.54288346345334, 39.349386207847274, 39.10441032766475, 38.859434447482236, 38.614458567299714, 38.472872449668024, 38.29624314492711, 37.97265172290465, 37.93182209176784, 37.90933580197335, 37.67004032222958, 37.4297184909627, 37.18937802794305, 36.9490375649234, 36.73110196110272, 36.518865295192626, 36.316541974561225
2OAR.pdb, 45, 45, 0.2242660131730253, 1.494922372909137, 1.0015065842537783, -, -, -, 1.3859611065498467, 60.40988842389319, , Y, 158.9692796110366, 158.80511158423258, 158.50055374051826, 158.18783964722232, 157.86760216059088, 157.54691322785456, 157.2301142553982, 156.9205304383884, 156.60345829277466, 156.28263887254843, 155.96181945232223, 155.641000032096, 155.3201806118698, 154.9993611916436, 154.69769250130008, 154.48221700426683, 154.17173504359323, 153.86441648535185, 153.56255339665796, 153.26005245365207, 152.9575515106462, 152.6550505676403, 152.35254962463443, 152.01469327282234, 151.79540418427982, 151.50050744395983, 151.1806385042043, 150.85163728605102, 150.5215533512378, 150.1914694164246, 149.8636728266321, 149.5362305500888, 149.21066933418555, 149.12580761916817, 148.85056699721102, 148.53833774370523, 148.23021221158146, 147.9479481621797, 147.65102075519567, 147.41476987647243, 147.1785189977492, 146.94226811902593, 146.70601724030269, 146.46976636157945, 146.36990372144183, 146.34817895510778, 146.3264541887737, 146.20922197791788, 146.10045161930168, 146.1390778678239, 146.04177200236003, 145.72704226816057, 145.65452361711613, 145.34113005834138, 144.949071889808, 144.58365381420066, 144.37396523070188, 144.15474459517222, 144.0401492200482, 143.98232272840406, 143.92108202308708, 143.8598413177701, 143.86142464447448, 143.92369546736097, 143.82897496594467, 143.6940127230562, 143.56609344252757, 143.4433712540673, 143.320649065607, 143.18825536307298, 143.04959256421174, 142.91092976535052, 142.7697649814625, 142.60597276683262, 142.5069170069675, 142.40786124710237, 142.30880548723724, 142.20974972737213, 141.9572331282026, 141.60902955470706, 141.44648499000937, 141.49718185085587, 141.41731557210917, 141.2926696410002, 141.13203081252445, 140.86039458598916, 140.58875835945383, 140.31712213291854, 140.1333475665952, 139.87174219084645, 139.47338573340912, 139.37452616323293, 139.10107506251487, 138.82762396179677, 138.56370785899307, 138.35574883162934, 138.14757572305155, 137.93690569385072, 137.73694065361335, 137.79337503618905, 137.91158394863373, 138.02979286107842, 138.1480017735231, 138.2662106859678, 138.06030709126, 137.90945736301646, 137.77870436203287, 137.681998796841, 137.7149313463642, 137.69449625939086, 137.66352608004868, 137.63255590070654, 137.60158572136436, 137.507342812539, 137.47405834532424, 137.4530777717503, 137.15935927079687, 136.81258914710997, 136.40015750124974, 135.98784850504614, 135.57554173534882, 135.16323496565147, 134.7855009690896, 134.58389258492602, 134.37214113715078
2OAR.pdb, 45, 45, 0.2242660131730253, 1.494922372909137, 1.0015065842537783, -, -, -, 1.3859611065498467, 60.40988842389319, , Z, -0.5904458934469397, -0.3406510453511297, -0.3082696882501119, -0.2776110252759299, -0.24759703951137008, -0.20252074497597175, -0.1637017549450837, -0.13648890518999054, -0.11382835350169089, -0.09344584166397113, -0.07306332982625136, -0.05268081798853161, -0.03229830615081185, -0.011915794313092087, -0.08282927819459815, -0.14320226898905009, -0.10273542594718792, -0.06879356732210704, -0.0335109183509031, 0.007275611568648248, 0.04806214148819961, 0.08884867140775095, 0.12963520132730233, 0.06792440495630259, 0.019813296007875195, 0.05535362181216626, 0.0934766991233858, 0.11949995802966873, 0.1454767503258086, 0.17145354262194845, 0.18750771290887966, 0.20202485383960675, 0.22386115676223306, 0.4108033686540404, 0.4393533977788709, 0.3787762712770532, 0.3942593590683008, 0.23786127734565857, -0.04080354545166059, -0.46855589589175795, -0.8963082463318554, -1.3240605967719528, -1.7518129472120503, -2.1795652976521476, -2.603064726762511, -3.074853677557347, -3.546642628352183, -3.9984958599079725, -4.4599336243964744, -4.94715686689288, -5.379726400065034, -5.722081633365136, -6.090468084612645, -6.407398900490962, -6.705040281215722, -7.028537628275064, -7.441245994455462, -7.85140960989925, -8.282258669533368, -8.739136408469765, -9.197611310524366, -9.656086212578964, -10.11796828245589, -10.583141648315518, -10.946119684090322, -11.282901889801254, -11.61430401151498, -11.941736100387391, -12.269168189259801, -12.218936962765866, -11.923903558946462, -11.628870155127057, -11.359134973496095, -11.466054138902495, -11.88372068868751, -12.301387238472527, -12.719053788257543, -13.13672033804256, -13.511339573008598, -13.859117645587151, -14.268129360958216, -14.747471890680222, -15.222569774615192, -15.696211858978117, -16.012252512890033, -15.842270923795493, -15.672289334700954, -15.502307745606416, -15.332510852362585, -15.0103596581868, -14.925194842371708, -14.934405601169173, -14.88562372679573, -14.836841852422289, -14.799325781287404, -14.892819645870597, -14.993719693855176, -15.093379552043388, -15.189604599239951, -15.54464069834359, -15.95719753111222, -16.36975436388085, -16.78231119664948, -17.19486802941811, -17.59748026405935, -18.05634310979752, -18.528451278762514, -19.009019595315323, -19.507455989034344, -19.922563894249677, -20.35733701453233, -20.792110134814983, -21.226883255097636, -21.665120851985815, -21.992511336957666, -22.336707908795745, -22.726341388552317, -23.058145338890046, -23.208604007192005, -23.35775714570925, -23.506886584443695, -23.65601602317814, -23.84682094331225, -24.250771105963736, -24.656019916318282
2OAR.pdb, 45, 45, 0.2242660131730253, 1.494922372909137, 1.0015065842537783, -, -, -, 1.3859611065498467, 60.40988842389319, , distance, 0.0, 0.405854211203562, 0.8610260958094789, 1.3486492888665422, 1.842459803379057, 2.3402162929167662, 2.8383412310206744, 3.336364021497731, 3.8344232370156286, 4.332717747807544, 4.831364673026394, 5.330265108357043, 5.829353964803426, 6.328586664380153, 6.7811633228210235, 7.208768624083908, 7.708652007955151, 8.208572229755443, 8.708425912833132, 9.208265840426117, 9.708122253897157, 10.20799273144668, 10.707875303435452, 11.110466150328445, 11.561714914223758, 12.05410388195878, 12.553778968629526, 13.053181798072117, 13.55258263772857, 14.052026090617755, 14.551513721298589, 15.051036268131043, 15.550690721548941, 15.906928085183234, 16.35867722463786, 16.794977693211006, 17.294791552665266, 17.696329582179388, 17.710178277968254, 17.773451106978342, 17.850510185058607, 17.94117787330623, 18.045249045007502, 18.162493295554864, 18.167260022215014, 18.357327698502136, 18.55892302224502, 18.63809306698709, 18.713265265531945, 18.86665677555754, 19.122844175348032, 19.47816175106501, 19.40487950759783, 19.61429096528619, 19.921440585650533, 20.2309198954037, 20.401818370581598, 20.589430706919565, 20.71412931112388, 20.817329465270685, 20.93771885689953, 21.06928892477164, 21.173237872162595, 21.25127996567412, 21.616292506852332, 22.055505314044048, 22.49393707220348, 22.932485873239624, 23.373502340137655, 23.642542259288227, 23.806653232783603, 23.980068219456363, 24.17916735123864, 24.597426522940957, 25.003973527491276, 25.41385434709759, 25.826910256310125, 26.2429913310107, 26.676300376211564, 27.120701954010833, 27.41813596972381, 27.55129762111463, 27.872129791833117, 28.258695422343084, 28.625077063680838, 28.923194077844244, 29.226824569693214, 29.535798502674698, 29.819249235540287, 29.96783579808803, 30.305055773004234, 30.66979398154144, 31.076996873809758, 31.486873558982772, 31.901044871646636, 32.3551303411118, 32.81287384594514, 33.27228898412566, 33.728165327569364, 34.02971419379059, 34.30620471760763, 34.58771336965968, 34.87411862910755, 35.165300854285285, 35.59959056229134, 35.9839224963668, 36.356156405441716, 36.699648810397974, 36.91943895022682, 37.268394326561086, 37.66871737557203, 38.071397685945186, 38.47636124690152, 38.85474014724123, 39.16308027715918, 39.56813765582162, 39.968889359862324, 40.35701958532008, 40.816871940015886, 41.27750696898983, 41.73904529355588, 42.20145995649932, 42.65397036435487, 43.11994460299098, 43.58700120689175
2OAR.pdb, 45, 45, 0.2242660131730253, 1.494922372909137, 1.0015065842537783, -, -, -, 1.3859611065498467, 60.40988842389319, , length, 0.0, 0.5, 1.0, 1.5, 2.0, 2.5, 3.0, 3.5, 4.0, 4.5, 5.0, 5.5, 6.0, 6.5, 7.0, 7.5, 8.0, 8.5, 9.0, 9.5, 10.0, 10.5, 11.0, 11.5, 12.0, 12.5, 13.0, 13.5, 14.0, 14.5, 15.0, 15.5, 16.0, 16.5, 17.0, 17.5, 18.0, 18.5, 19.0, 19.5, 20.0, 20.5, 21.0, 21.5, 22.0, 22.5, 23.0, 23.5, 24.0, 24.5, 25.0, 25.5, 26.0, 26.5, 27.0, 27.5, 28.0, 28.5, 29.0, 29.5, 30.0, 30.5, 31.0, 31.5, 32.0, 32.5, 33.0, 33.5, 34.0, 34.5, 35.0, 35.5, 36.0, 36.5, 37.0, 37.5, 38.0, 38.5, 39.0, 39.5, 40.0, 40.5, 41.0, 41.5, 42.0, 42.5, 43.0, 43.5, 44.0, 44.5, 45.0, 45.5, 46.0, 46.5, 47.0, 47.5, 48.0, 48.5, 49.0, 49.5, 50.0, 50.5, 51.0, 51.5, 52.0, 52.5, 53.0, 53.5, 54.0, 54.5, 55.0, 55.5, 56.0, 56.5, 57.0, 57.5, 58.0, 58.5, 59.0, 59.5, 60.0, 60.5, 61.0, 61.5, 62.0
2OAR.pdb, 45, 45, 0.2242660131730253, 1.494922372909137, 1.0015065842537783, -, -, -, 1.3859611065498467, 60.40988842389319, , R, 3.1899092912527345, 3.102958534162822, 2.7785521980303085, 2.4815840719347784, 2.219640550972948, 2.005951689077987, 1.850526456633565, 1.759137741058678, 1.734120159834271, 1.7812054664407841, 1.901493394510252, 2.0876691319598595, 2.3301864997315054, 2.6191539714938687, 2.825050506523764, 2.700413713081089, 2.536828676991133, 2.4231641228522287, 2.3668280448888983, 2.3698533332575016, 2.4365749908189662, 2.5638722264162177, 2.746326178975694, 2.865182541911182, 2.6659211337694253, 2.4021910437617664, 2.1684734096039096, 1.9765664750123615, 1.848074095469339, 1.7908713522217852, 1.8002240657252266, 1.8825348438436227, 2.036137778299302, 2.1422744789228627, 2.129387953912286, 2.188220396072182, 2.2818289808955465, 2.24865147425619, 2.048582951500206, 1.7524547873484542, 1.5103690185754126, 1.336100915976834, 1.2425148860676924, 1.2378369330414514, 1.171289036072395, 1.0818964552059915, 1.0870469216229393, 1.0974556866375558, 1.1802092478904882, 1.3285527017093495, 1.4198367011711759, 1.3457777564660676, 1.4000564422900625, 1.371490350205153, 1.3728006165926208, 1.4404258829691972, 1.3900012769794037, 1.415477345116929, 1.4376746055918748, 1.486099178869496, 1.6099945692981397, 1.8052217571873057, 2.016695298358317, 2.243073255658295, 2.2530216432806953, 2.2586409974716495, 2.318228418857958, 2.4322794842424145, 2.6042003888994354, 2.5567196949517697, 2.3856008047609807, 2.2731242823154933, 2.2395457014636513, 2.4712128948011456, 2.8160930552656516, 3.188887936256213, 3.5834839285056606, 3.995203606469271, 4.2797733062233565, 4.507204082890102, 4.776339730550777, 5.083509377084413, 5.3461438346145815, 5.611923198989604, 5.774533502243139, 5.570513027985918, 5.3966849707593845, 5.255373566779859, 5.071659436228771, 4.965192193962226, 4.739410584250352, 4.4477835888692905, 4.168404297447303, 3.920721086295121, 3.698102232368749, 3.4223427175146033, 3.178922494432889, 2.9768629483606257, 2.8203219319626682, 2.554025321429489, 2.2838775976591155, 2.0634741852421765, 1.902439144034751, 1.8093981667781232, 1.5542035768915894, 1.3171828106381, 1.1484950074113183, 1.063514856893104, 1.0628846556357656, 1.0087525551600862, 1.0203300462532265, 1.1280113297652457, 1.3208891673617549, 1.5408524988906884, 1.7635925494311606, 2.04734816317687, 2.2215120688775567, 2.373159683324708, 2.4208307784122116, 2.529156966585926, 2.694386444063268, 2.9101731410586127, 3.136840305348557, 3.345290582717594, 3.5866345612965467
2OAR.pdb, 45, 45, 0.2242660131730253, 1.494922372909137, 1.0015065842537783, -, -, -, 1.3859611065498467, 60.40988842389319, , Upper limit of R overestimation, -, -, -, -, -, -, -, -, -, -, -, -, -, -, -, -, -, -, -, -, -, -, -, -, -, -, -, -, -, -, -, -, -, -, -, -, -, -, -, -, -, -, -, -, -, -, -, -, -, -, -, -, -, -, -, -, -, -, -, -, -, -, -, -, -, -, -, -, -, -, -, -, -, -, -, -, -, -, -, -, -, -, -, -, -, -, -, -, -, -, -, -, -, -, -, -, -, -, -, -, -, -, -, -, -, -, -, -, -, -, -, -, -, -, -, -, -, -, -, -, -, -, -, -, -
2OAR.pdb, 46, 46, 0.2236676706887148, 1.4975939417674116, 1.0070965579790108, -, -, -, 1.5421117147518641, 59.719638438759794, , X, 63.068282105920325, 62.79374789385973, 62.403422282203735, 62.01455499107009, 61.6318213213522, 61.25086628976528, 60.86615262523272, 60.47446739312172, 60.0885964226243, 59.70563499791301, 59.32267357320171, 58.93971214849042, 58.55675072377913, 58.17378929906784, 57.826140850037795, 57.443996606509145, 57.05421356598525, 56.6613398266591, 56.26432612755236, 55.86830890765192, 55.47229168775148, 55.076274467851036, 54.6802572479506, 54.428679366667886, 54.021937714905505, 53.62890682471425, 53.246536538581545, 52.87095819103486, 52.496298609227274, 52.12163902741969, 51.74444596902282, 51.366860471219574, 50.98811607188813, 50.61300530579921, 50.25588619420719, 49.940931426090955, 49.54746105815216, 49.247575309091864, 48.85265758871987, 48.457739868347886, 48.06282214797589, 47.6679044276039, 47.27298670723191, 46.87806898685992, 46.48315126648793, 46.08823354611594, 45.69331582574395, 45.374619940590826, 45.08129618566133, 44.78761353452235, 44.4660145164771, 44.07198718846425, 43.67795986045139, 43.283932532438534, 42.88990520442567, 42.49587787641282, 42.1411379583235, 41.75413971458738, 41.367141470851266, 41.082065967085995, 40.931788976948, 40.78501158678311, 40.50100366355541, 40.14290954512411, 39.80196081278075, 39.461012080437385, 39.12681845361, 38.81330255627788, 38.499786658945766, 38.18627076161365, 37.87275486428153, 37.58468538363327, 37.3737984493744, 37.00753232201315, 36.64052322344871, 36.27608820388208, 35.97414020090387, 35.865504412718444, 35.633893873955266, 35.53192015675402, 35.65667279092314, 35.435803161798425, 35.373488468040705, 35.311173774282985, 35.1956614386687, 35.076668196556376, 35.024185496559454, 34.97399099777529, 34.921005506621746, 34.86776684213209, 34.814127026727036, 34.6092473770542, 34.309946807197555, 34.00825195587114, 33.715887761794164, 33.42537620610626, 33.18437764818007, 32.91955552740727, 32.809004099876006, 32.684626217340806, 32.495051994127884, 32.19717185542607, 31.899291716724257, 31.66822556888198, 31.3548470891551, 31.05222200202143, 30.749763979575135, 30.693231862353077, 30.704891482243656, 30.71655110213424, 30.61117113829914, 30.473105461740833, 30.36090434257417, 30.384696224368916, 29.948808153238954, 29.448948361073192, 28.94908856890743, 28.44922877674167, 27.99842842733547, 27.68780939326892, 27.215406358509387, 27.134615173761013, 27.23826907077338, 27.54335456907048, 27.697847482763567
2OAR.pdb, 46, 46, 0.2236676706887148, 1.4975939417674116, 1.0070965579790108, -, -, -, 1.5421117147518641, 59.719638438759794, , Y, 158.9692796110366, 158.80511158423258, 158.50055374051826, 158.18783964722232, 157.86760216059088, 157.54691322785456, 157.2301142553982, 156.9205304383884, 156.60345829277466, 156.28263887254843, 155.96181945232223, 155.641000032096, 155.3201806118698, 154.9993611916436, 154.69769250130008, 154.48221700426683, 154.17173504359323, 153.86441648535185, 153.56255339665796, 153.26005245365207, 152.9575515106462, 152.6550505676403, 152.35254962463443, 152.01469327282234, 151.79540418427982, 151.50050744395983, 151.1806385042043, 150.85163728605102, 150.5215533512378, 150.1914694164246, 149.8636728266321, 149.5362305500888, 149.21066933418555, 149.12580761916817, 148.85056699721102, 148.53833774370523, 148.23021221158146, 147.94795958652614, 147.65177335324876, 147.3555871199714, 147.05940088669402, 146.76321465341667, 146.4670284201393, 146.17084218686193, 145.87465595358455, 145.5784697203072, 145.28228348702982, 144.93566037912518, 144.66647192030055, 144.39073824339104, 144.2157233991542, 143.91304429291574, 143.6103651866773, 143.30768608043886, 143.00500697420043, 142.70232786796197, 142.39263757176576, 142.0766868778498, 141.76073618393386, 141.45635188217298, 141.48463243800677, 141.6448457903764, 141.58613092033883, 141.59388611312528, 141.73314656960648, 141.87240702608764, 142.01700517421207, 142.17794227421024, 142.33887937420843, 142.4998164742066, 142.6607535742048, 142.8375393544651, 143.06239640207667, 143.36733012528083, 143.669668115635, 143.94238927464698, 144.08801066292338, 144.1181901334122, 144.1555916407503, 144.43076582800617, 144.79807589934165, 144.95767393330019, 145.2913403834947, 145.62500683368927, 145.97044029312798, 146.40496943935207, 146.86173494863758, 147.33740935064108, 147.82899204096455, 148.31281601684864, 148.78175481984732, 149.21578538159756, 149.61561100744586, 150.0138058842218, 150.41916482058303, 150.80791627368032, 150.69809479064727, 150.64597805426337, 150.55713957058714, 150.93561239635142, 151.09892049086253, 150.90177752251847, 150.70463455417445, 150.60263595868784, 150.33647695517095, 150.11947925138895, 149.90115877737824, 149.98966303596086, 150.18143968940964, 150.37321634285843, 150.16808794698773, 149.85211564679443, 149.6167136697101, 149.80494159906914, 149.826683033017, 149.8252552433063, 149.82382745359556, 149.82239966388485, 149.90126562677165, 150.13498786166747, 150.11796475330877, 150.60847564950686, 151.05983071459056, 151.45562770913895, 151.8720977855574
2OAR.pdb, 46, 46, 0.2236676706887148, 1.4975939417674116, 1.0070965579790108, -, -, -, 1.5421117147518641, 59.719638438759794, , Z, -0.5904458934469397, -0.3406510453511297, -0.3082696882501119, -0.2776110252759299, -0.24759703951137008, -0.20252074497597175, -0.1637017549450837, -0.13648890518999054, -0.11382835350169089, -0.09344584166397113, -0.07306332982625136, -0.05268081798853161, -0.03229830615081185, -0.011915794313092087, -0.08282927819459815, -0.14320226898905009, -0.10273542594718792, -0.06879356732210704, -0.0335109183509031, 0.007275611568648248, 0.04806214148819961, 0.08884867140775095, 0.12963520132730233, 0.06792440495630259, 0.019813296007875195, 0.05535362181216626, 0.0934766991233858, 0.11949995802966873, 0.1454767503258086, 0.17145354262194845, 0.18750771290887966, 0.20202485383960675, 0.22386115676223306, 0.4108033686540404, 0.4393533977788709, 0.3787762712770532, 0.3942593590683008, 0.2383041567589102, 0.317763009967068, 0.3972218631752258, 0.4766807163833836, 0.5561395695915414, 0.6355984227996991, 0.715057276007857, 0.7945161292160148, 0.8739749824241726, 0.9534338356323303, 0.828533005063545, 0.603481729477974, 0.546236817136218, 0.7449541950175178, 0.8008811422410497, 0.8568080894645816, 0.9127350366881135, 0.9686619839116455, 1.0245889311351775, 1.0008535420120923, 1.0210406259815197, 1.0412277099509468, 0.9085596730341857, 0.4330427007663032, -0.009229831783840625, -0.2548719937373819, -0.501372031693336, -0.8395443060951627, -1.1777165804969894, -1.5199569129683292, -1.8746497828772315, -2.2293426527861335, -2.584035522695036, -2.938728392603938, -3.3030823087803514, -3.6967395316256813, -3.8476000759761257, -4.002183584668106, -3.9047837798539584, -3.9518295005694672, -4.398917160209842, -4.802937012731029, -5.176057449972236, -5.39243019751369, -5.749031902466797, -6.116160734018412, -6.4832895655700264, -6.810017025898132, -6.94859234488648, -7.098017007422383, -7.108376760710644, -7.182796691765733, -7.289127033420908, -7.45410936352167, -7.535019532142992, -7.558419297744545, -7.578397873797808, -7.592796163064743, -7.619868923484915, -8.042349131210809, -8.463244712249722, -8.826736223566703, -9.1286470552305, -9.44701199607864, -9.796872072394141, -10.146732148709642, -10.536271876344172, -10.758104855963259, -11.09176644079237, -11.424710767117038, -11.851810810643816, -12.313422951359364, -12.775035092074914, -13.158840656070558, -13.520917132062912, -13.89905803138863, -14.36166390356264, -14.40786016765341, -14.396106462172005, -14.3843527566906, -14.372599051209196, -14.35292383434641, -14.324655757555801, -14.366857895151849, -14.420447494683089, -14.45722486882143, -14.470419956424273, -14.670801321738745
2OAR.pdb, 46, 46, 0.2236676706887148, 1.4975939417674116, 1.0070965579790108, -, -, -, 1.5421117147518641, 59.719638438759794, , distance, 0.0, 0.405854211203562, 0.8610260958094789, 1.3486492888665422, 1.842459803379057, 2.3402162929167662, 2.8383412310206744, 3.336364021497731, 3.8344232370156286, 4.332717747807544, 4.831364673026394, 5.330265108357043, 5.829353964803426, 6.328586664380153, 6.7811633228210235, 7.208768624083908, 7.708652007955151, 8.208572229755443, 8.708425912833132, 9.208265840426117, 9.708122253897157, 10.20799273144668, 10.707875303435452, 11.110466150328445, 11.561714914223758, 12.05410388195878, 12.553778968629526, 13.053181798072117, 13.55258263772857, 14.052026090617755, 14.551513721298589, 15.051036268131043, 15.550690721548941, 15.906928085183234, 16.35867722463786, 16.794977693211006, 17.294791552665266, 17.696560628898823, 18.193261712000353, 18.69013871939915, 19.18717798373251, 19.684367213819073, 20.18169532614942, 20.679152300482887, 21.176729055631156, 21.67441734221842, 22.17220964977791, 22.627895409902894, 23.011463089133567, 23.409586912416653, 23.78014032260311, 24.2793169892778, 24.77852685631195, 25.277767956686997, 25.777038475652134, 26.27633673628023, 26.744394877538536, 27.24425157587617, 27.744113438593633, 28.14859419985802, 28.22737578516401, 28.231506590081587, 28.488041781426503, 28.766037968608305, 28.956312589082593, 29.153921470394213, 29.350251806955974, 29.527990486016822, 29.713080674222866, 29.905385872171156, 30.104767814650728, 30.28209276010233, 30.37901387416298, 30.548200608616213, 30.72693452874824, 30.896827068350685, 31.0941086193105, 31.225797448390747, 31.461660642331573, 31.474552352054157, 31.22944753166313, 31.408438290977966, 31.378673341242113, 31.356853882916653, 31.377314600598464, 31.33398100527837, 31.23159416665439, 31.097797693957364, 30.981192297092402, 30.882059621930164, 30.808972992305964, 30.875142273450027, 31.03362078234768, 31.201239316301645, 31.36399888345615, 31.539221769802804, 31.890297989159375, 32.25219410136721, 32.468823260309804, 32.56696536601166, 32.788774226545954, 33.2094613180464, 33.63231967602348, 33.983580314861854, 34.404193509451, 34.83711819625994, 35.271783690218626, 35.43438629223245, 35.5252498126215, 35.62290017097397, 35.90110825560881, 36.23210324655215, 36.52892288145464, 36.63124790061722, 37.03252036137698, 37.47624643456056, 37.92137298848798, 38.367851279947104, 38.749571787697484, 38.96730784484639, 39.41527624805691, 39.40051276778876, 39.225460801578606, 38.873244286915984, 38.725883389303654
2OAR.pdb, 46, 46, 0.2236676706887148, 1.4975939417674116, 1.0070965579790108, -, -, -, 1.5421117147518641, 59.719638438759794, , length, 0.0, 0.5, 1.0, 1.5, 2.0, 2.5, 3.0, 3.5, 4.0, 4.5, 5.0, 5.5, 6.0, 6.5, 7.0, 7.5, 8.0, 8.5, 9.0, 9.5, 10.0, 10.5, 11.0, 11.5, 12.0, 12.5, 13.0, 13.5, 14.0, 14.5, 15.0, 15.5, 16.0, 16.5, 17.0, 17.5, 18.0, 18.5, 19.0, 19.5, 20.0, 20.5, 21.0, 21.5, 22.0, 22.5, 23.0, 23.5, 24.0, 24.5, 25.0, 25.5, 26.0, 26.5, 27.0, 27.5, 28.0, 28.5, 29.0, 29.5, 30.0, 30.5, 31.0, 31.5, 32.0, 32.5, 33.0, 33.5, 34.0, 34.5, 35.0, 35.5, 36.0, 36.5, 37.0, 37.5, 38.0, 38.5, 39.0, 39.5, 40.0, 40.5, 41.0, 41.5, 42.0, 42.5, 43.0, 43.5, 44.0, 44.5, 45.0, 45.5, 46.0, 46.5, 47.0, 47.5, 48.0, 48.5, 49.0, 49.5, 50.0, 50.5, 51.0, 51.5, 52.0, 52.5, 53.0, 53.5, 54.0, 54.5, 55.0, 55.5, 56.0, 56.5, 57.0, 57.5, 58.0, 58.5, 59.0, 59.5, 60.0, 60.5, 61.0, 61.5, 62.0
2OAR.pdb, 46, 46, 0.2236676706887148, 1.4975939417674116, 1.0070965579790108, -, -, -, 1.5421117147518641, 59.719638438759794, , R, 3.1899092912527345, 3.102958534162822, 2.7785521980303085, 2.4815840719347784, 2.219640550972948, 2.005951689077987, 1.850526456633565, 1.759137741058678, 1.734120159834271, 1.7812054664407841, 1.901493394510252, 2.0876691319598595, 2.3301864997315054, 2.6191539714938687, 2.825050506523764, 2.700413713081089, 2.536828676991133, 2.4231641228522287, 2.3668280448888983, 2.3698533332575016, 2.4365749908189662, 2.5638722264162177, 2.746326178975694, 2.865182541911182, 2.6659211337694253, 2.4021910437617664, 2.1684734096039096, 1.9765664750123615, 1.848074095469339, 1.7908713522217852, 1.8002240657252266, 1.8825348438436227, 2.036137778299302, 2.1422744789228627, 2.129387953912286, 2.188220396072182, 2.2818289808955465, 2.2485338435290654, 1.8940702308497674, 1.5799844761748827, 1.3197063164834346, 1.1291432908067738, 1.0240102960831785, 1.0149588947215409, 1.1029839513955397, 1.278941410717481, 1.5276386321182973, 1.747088733452181, 1.9017840909133485, 1.9523347540900824, 2.1022585604560575, 2.300126860630893, 2.5501328459682866, 2.8433236799882677, 3.1716101382001685, 3.528149942442188, 3.8661066453558157, 4.256018011134325, 4.661797742950659, 4.976322890147367, 4.859505253374024, 4.671086641966612, 4.591166674659217, 4.342975522861986, 3.9662653904706366, 3.610666027688135, 3.275292426382602, 2.9523669039836418, 2.664411785803838, 2.419103738479089, 2.2248330445863393, 2.0675234901172024, 1.9048345767209613, 1.7526337216166548, 1.6696106721697492, 1.657023425338044, 1.614308108193018, 1.5816470216302898, 1.5660826570245514, 1.4178023811121938, 1.2328834707397256, 1.2632628802383992, 1.2756104489227509, 1.375569599187565, 1.5079678886092962, 1.5064854378227523, 1.5124735601607622, 1.6028174864932643, 1.7555526058987683, 1.9656638049263622, 2.2168807399111063, 2.3910874448468467, 2.5356703163234973, 2.7305608196138516, 2.972769912521913, 3.2402770022205947, 3.0947365343574593, 3.0348934337498386, 2.9157453716331, 2.99020006541905, 2.9240699199419153, 2.5685457094604236, 2.2459865352072206, 2.019794450248938, 1.7582504071975, 1.5569267592954672, 1.4264199447695485, 1.4956611967852633, 1.66719224884526, 1.9037664068102407, 1.8820871519944489, 1.8428086213173915, 1.924474533994342, 2.3024947121286448, 2.0729247166287816, 1.7993313282810997, 1.5827105753606316, 1.4356159023122488, 1.3917776342138062, 1.4538064751043867, 1.4553135922430416, 1.5680777045638679, 1.7149858577193116, 1.8870919330443958, 1.9946562464834745
2OAR.pdb, 46, 46, 0.2236676706887148, 1.4975939417674116, 1.0070965579790108, -, -, -, 1.5421117147518641, 59.719638438759794, , Upper limit of R overestimation, -, -, -, -, -, -, -, -, -, -, -, -, -, -, -, -, -, -, -, -, -, -, -, -, -, -, -, -, -, -, -, -, -, -, -, -, -, -, -, -, -, -, -, -, -, -, -, -, -, -, -, -, -, -, -, -, -, -, -, -, -, -, -, -, -, -, -, -, -, -, -, -, -, -, -, -, -, -, -, -, -, -, -, -, -, -, -, -, -, -, -, -, -, -, -, -, -, -, -, -, -, -, -, -, -, -, -, -, -, -, -, -, -, -, -, -, -, -, -, -, -, -, -, -, -
2OAR.pdb, 47, 47, 0.22190707216763525, 1.5054965785841963, 1.0070965579790108, -, -, -, 1.5176580038626988, 65.05334831490798, , X, 63.068282105920325, 62.79374789385973, 62.403422282203735, 62.01455499107009, 61.6318213213522, 61.25086628976528, 60.86615262523272, 60.47446739312172, 60.0885964226243, 59.70563499791301, 59.32267357320171, 58.93971214849042, 58.55675072377913, 58.17378929906784, 57.826140850037795, 57.443996606509145, 57.05421356598525, 56.6613398266591, 56.26432612755236, 55.86830890765192, 55.47229168775148, 55.076274467851036, 54.6802572479506, 54.428679366667886, 54.021937714905505, 53.62890682471425, 53.246536538581545, 52.87095819103486, 52.496298609227274, 52.12163902741969, 51.74444596902282, 51.366860471219574, 50.98811607188813, 50.61300530579921, 50.25588619420719, 49.940931426090955, 49.54746105815216, 49.247575309091864, 48.85265758871987, 48.457739868347886, 48.06282214797589, 47.6679044276039, 47.27298670723191, 46.87806898685992, 46.48315126648793, 46.08823354611594, 45.69331582574395, 45.374619940590826, 45.08129618566133, 44.78761353452235, 44.4660145164771, 44.07198718846425, 43.67795986045139, 43.283932532438534, 42.88990520442567, 42.49587787641282, 42.1411379583235, 41.75413971458738, 41.367141470851266, 41.082065967085995, 40.931788976948, 40.78501158678311, 40.50100366355541, 40.14290954512411, 39.80196081278075, 39.461012080437385, 39.12681845361, 38.81330255627788, 38.499786658945766, 38.18627076161365, 37.87275486428153, 37.58468538363327, 37.3737984493744, 37.00753232201315, 36.64052322344871, 36.27608820388208, 35.97414020090387, 35.865504412718444, 35.633893873955266, 35.53192015675402, 35.65667279092314, 35.435803161798425, 35.373488468040705, 35.311173774282985, 35.1956614386687, 35.076668196556376, 35.024185496559454, 34.97399099777529, 34.921005506621746, 34.86776684213209, 34.814127026727036, 34.6092473770542, 34.309946807197555, 34.00825195587114, 33.715887761794164, 33.42537620610626, 33.18437764818007, 32.91955552740727, 32.809004099876006, 32.684626217340806, 32.495051994127884, 32.19717185542607, 31.899291716724257, 31.66822556888198, 31.3548470891551, 31.05222200202143, 30.749763979575135, 30.693231862353077, 30.704891482243656, 30.71655110213424, 30.61117113829914, 30.473105461740833, 30.36090434257417, 30.384696224368916, 30.259964805860122, 30.323856608501945, 30.61697083423011, 30.926847665660866, 31.204447877252438, 31.431852906993736, 31.380628140400447, 31.23063640383118, 31.230894251715675, 31.174302416023767, 31.130148255877614, 30.95144508977229, 30.675543696828537, 30.444557580990416, 30.21066315213138, 29.975567813750665, 29.754348758579205, 29.533850686611537, 29.31335261464387, 29.0928545426762, 28.869245798784828, 28.644585265919126
2OAR.pdb, 47, 47, 0.22190707216763525, 1.5054965785841963, 1.0070965579790108, -, -, -, 1.5176580038626988, 65.05334831490798, , Y, 158.9692796110366, 158.80511158423258, 158.50055374051826, 158.18783964722232, 157.86760216059088, 157.54691322785456, 157.2301142553982, 156.9205304383884, 156.60345829277466, 156.28263887254843, 155.96181945232223, 155.641000032096, 155.3201806118698, 154.9993611916436, 154.69769250130008, 154.48221700426683, 154.17173504359323, 153.86441648535185, 153.56255339665796, 153.26005245365207, 152.9575515106462, 152.6550505676403, 152.35254962463443, 152.01469327282234, 151.79540418427982, 151.50050744395983, 151.1806385042043, 150.85163728605102, 150.5215533512378, 150.1914694164246, 149.8636728266321, 149.5362305500888, 149.21066933418555, 149.12580761916817, 148.85056699721102, 148.53833774370523, 148.23021221158146, 147.94795958652614, 147.65177335324876, 147.3555871199714, 147.05940088669402, 146.76321465341667, 146.4670284201393, 146.17084218686193, 145.87465595358455, 145.5784697203072, 145.28228348702982, 144.93566037912518, 144.66647192030055, 144.39073824339104, 144.2157233991542, 143.91304429291574, 143.6103651866773, 143.30768608043886, 143.00500697420043, 142.70232786796197, 142.39263757176576, 142.0766868778498, 141.76073618393386, 141.45635188217298, 141.48463243800677, 141.6448457903764, 141.58613092033883, 141.59388611312528, 141.73314656960648, 141.87240702608764, 142.01700517421207, 142.17794227421024, 142.33887937420843, 142.4998164742066, 142.6607535742048, 142.8375393544651, 143.06239640207667, 143.36733012528083, 143.669668115635, 143.94238927464698, 144.08801066292338, 144.1181901334122, 144.1555916407503, 144.43076582800617, 144.79807589934165, 144.95767393330019, 145.2913403834947, 145.62500683368927, 145.97044029312798, 146.40496943935207, 146.86173494863758, 147.33740935064108, 147.82899204096455, 148.31281601684864, 148.78175481984732, 149.21578538159756, 149.61561100744586, 150.0138058842218, 150.41916482058303, 150.80791627368032, 150.69809479064727, 150.64597805426337, 150.55713957058714, 150.93561239635142, 151.09892049086253, 150.90177752251847, 150.70463455417445, 150.60263595868784, 150.33647695517095, 150.11947925138895, 149.90115877737824, 149.98966303596086, 150.18143968940964, 150.37321634285843, 150.16808794698773, 149.85211564679443, 149.6167136697101, 149.80494159906914, 149.4120071609821, 149.01062373211792, 148.9612356752084, 148.87634674096347, 148.63125074395674, 148.4010851663814, 148.2176079594618, 148.0337153051383, 147.6854715233975, 147.5188137790562, 147.2939847380177, 147.1037957850917, 147.0025247632623, 146.89643991431407, 146.79651608913517, 146.6991362927643, 146.6010749180619, 146.50297812994788, 146.40488134183386, 146.3067845537198, 146.21531004321497, 146.12607467548867
2OAR.pdb, 47, 47, 0.22190707216763525, 1.5054965785841963, 1.0070965579790108, -, -, -, 1.5176580038626988, 65.05334831490798, , Z, -0.5904458934469397, -0.3406510453511297, -0.3082696882501119, -0.2776110252759299, -0.24759703951137008, -0.20252074497597175, -0.1637017549450837, -0.13648890518999054, -0.11382835350169089, -0.09344584166397113, -0.07306332982625136, -0.05268081798853161, -0.03229830615081185, -0.011915794313092087, -0.08282927819459815, -0.14320226898905009, -0.10273542594718792, -0.06879356732210704, -0.0335109183509031, 0.007275611568648248, 0.04806214148819961, 0.08884867140775095, 0.12963520132730233, 0.06792440495630259, 0.019813296007875195, 0.05535362181216626, 0.0934766991233858, 0.11949995802966873, 0.1454767503258086, 0.17145354262194845, 0.18750771290887966, 0.20202485383960675, 0.22386115676223306, 0.4108033686540404, 0.4393533977788709, 0.3787762712770532, 0.3942593590683008, 0.2383041567589102, 0.317763009967068, 0.3972218631752258, 0.4766807163833836, 0.5561395695915414, 0.6355984227996991, 0.715057276007857, 0.7945161292160148, 0.8739749824241726, 0.9534338356323303, 0.828533005063545, 0.603481729477974, 0.546236817136218, 0.7449541950175178, 0.8008811422410497, 0.8568080894645816, 0.9127350366881135, 0.9686619839116455, 1.0245889311351775, 1.0008535420120923, 1.0210406259815197, 1.0412277099509468, 0.9085596730341857, 0.4330427007663032, -0.009229831783840625, -0.2548719937373819, -0.501372031693336, -0.8395443060951627, -1.1777165804969894, -1.5199569129683292, -1.8746497828772315, -2.2293426527861335, -2.584035522695036, -2.938728392603938, -3.3030823087803514, -3.6967395316256813, -3.8476000759761257, -4.002183584668106, -3.9047837798539584, -3.9518295005694672, -4.398917160209842, -4.802937012731029, -5.176057449972236, -5.39243019751369, -5.749031902466797, -6.116160734018412, -6.4832895655700264, -6.810017025898132, -6.94859234488648, -7.098017007422383, -7.108376760710644, -7.182796691765733, -7.289127033420908, -7.45410936352167, -7.535019532142992, -7.558419297744545, -7.578397873797808, -7.592796163064743, -7.619868923484915, -8.042349131210809, -8.463244712249722, -8.826736223566703, -9.1286470552305, -9.44701199607864, -9.796872072394141, -10.146732148709642, -10.536271876344172, -10.758104855963259, -11.09176644079237, -11.424710767117038, -11.851810810643816, -12.313422951359364, -12.775035092074914, -13.158840656070558, -13.520917132062912, -13.89905803138863, -14.36166390356264, -14.476144810509206, -14.69159088036682, -14.961328585461349, -15.257735633269743, -15.593657718700591, -15.96177351003562, -16.40997472753634, -16.85007241060999, -17.117136600845804, -17.55641820857261, -17.98898413102294, -18.36177974492987, -18.749716320163724, -19.180287358569288, -19.6107399727751, -20.04114368689758, -20.478674746711203, -20.91657612878284, -21.35447751085448, -21.79237889292612, -22.230115611079597, -22.667796652614694
2OAR.pdb, 47, 47, 0.22190707216763525, 1.5054965785841963, 1.0070965579790108, -, -, -, 1.5176580038626988, 65.05334831490798, , distance, 0.0, 0.405854211203562, 0.8610260958094789, 1.3486492888665422, 1.842459803379057, 2.3402162929167662, 2.8383412310206744, 3.336364021497731, 3.8344232370156286, 4.332717747807544, 4.831364673026394, 5.330265108357043, 5.829353964803426, 6.328586664380153, 6.7811633228210235, 7.208768624083908, 7.708652007955151, 8.208572229755443, 8.708425912833132, 9.208265840426117, 9.708122253897157, 10.20799273144668, 10.707875303435452, 11.110466150328445, 11.561714914223758, 12.05410388195878, 12.553778968629526, 13.053181798072117, 13.55258263772857, 14.052026090617755, 14.551513721298589, 15.051036268131043, 15.550690721548941, 15.906928085183234, 16.35867722463786, 16.794977693211006, 17.294791552665266, 17.696560628898823, 18.193261712000353, 18.69013871939915, 19.18717798373251, 19.684367213819073, 20.18169532614942, 20.679152300482887, 21.176729055631156, 21.67441734221842, 22.17220964977791, 22.627895409902894, 23.011463089133567, 23.409586912416653, 23.78014032260311, 24.2793169892778, 24.77852685631195, 25.277767956686997, 25.777038475652134, 26.27633673628023, 26.744394877538536, 27.24425157587617, 27.744113438593633, 28.14859419985802, 28.22737578516401, 28.231506590081587, 28.488041781426503, 28.766037968608305, 28.956312589082593, 29.153921470394213, 29.350251806955974, 29.527990486016822, 29.713080674222866, 29.905385872171156, 30.104767814650728, 30.28209276010233, 30.37901387416298, 30.548200608616213, 30.72693452874824, 30.896827068350685, 31.0941086193105, 31.225797448390747, 31.461660642331573, 31.474552352054157, 31.22944753166313, 31.408438290977966, 31.378673341242113, 31.356853882916653, 31.377314600598464, 31.33398100527837, 31.23159416665439, 31.097797693957364, 30.981192297092402, 30.882059621930164, 30.808972992305964, 30.875142273450027, 31.03362078234768, 31.201239316301645, 31.36399888345615, 31.539221769802804, 31.890297989159375, 32.25219410136721, 32.468823260309804, 32.56696536601166, 32.788774226545954, 33.2094613180464, 33.63231967602348, 33.983580314861854, 34.404193509451, 34.83711819625994, 35.271783690218626, 35.43438629223245, 35.5252498126215, 35.62290017097397, 35.90110825560881, 36.23210324655215, 36.52892288145464, 36.63124790061722, 36.88549545771758, 37.01640876709733, 36.87507038666144, 36.743278162259976, 36.70524673234107, 36.72639512632893, 37.01301594945204, 37.38445806772949, 37.60418987394558, 37.89700944436771, 38.197722929509546, 38.57591519596703, 39.0160457460416, 39.44164126807675, 39.869422894451965, 40.29905459097344, 40.72262625762515, 41.14751916674389, 41.5740830065666, 42.002266868542044, 42.432453730157064, 42.864300223987286
2OAR.pdb, 47, 47, 0.22190707216763525, 1.5054965785841963, 1.0070965579790108, -, -, -, 1.5176580038626988, 65.05334831490798, , length, 0.0, 0.5, 1.0, 1.5, 2.0, 2.5, 3.0, 3.5, 4.0, 4.5, 5.0, 5.5, 6.0, 6.5, 7.0, 7.5, 8.0, 8.5, 9.0, 9.5, 10.0, 10.5, 11.0, 11.5, 12.0, 12.5, 13.0, 13.5, 14.0, 14.5, 15.0, 15.5, 16.0, 16.5, 17.0, 17.5, 18.0, 18.5, 19.0, 19.5, 20.0, 20.5, 21.0, 21.5, 22.0, 22.5, 23.0, 23.5, 24.0, 24.5, 25.0, 25.5, 26.0, 26.5, 27.0, 27.5, 28.0, 28.5, 29.0, 29.5, 30.0, 30.5, 31.0, 31.5, 32.0, 32.5, 33.0, 33.5, 34.0, 34.5, 35.0, 35.5, 36.0, 36.5, 37.0, 37.5, 38.0, 38.5, 39.0, 39.5, 40.0, 40.5, 41.0, 41.5, 42.0, 42.5, 43.0, 43.5, 44.0, 44.5, 45.0, 45.5, 46.0, 46.5, 47.0, 47.5, 48.0, 48.5, 49.0, 49.5, 50.0, 50.5, 51.0, 51.5, 52.0, 52.5, 53.0, 53.5, 54.0, 54.5, 55.0, 55.5, 56.0, 56.5, 57.0, 57.5, 58.0, 58.5, 59.0, 59.5, 60.0, 60.5, 61.0, 61.5, 62.0, 62.5, 63.0, 63.5, 64.0, 64.5, 65.0, 65.5, 66.0, 66.5, 67.0, 67.5
2OAR.pdb, 47, 47, 0.22190707216763525, 1.5054965785841963, 1.0070965579790108, -, -, -, 1.5176580038626988, 65.05334831490798, , R, 3.1899092912527345, 3.102958534162822, 2.7785521980303085, 2.4815840719347784, 2.219640550972948, 2.005951689077987, 1.850526456633565, 1.759137741058678, 1.734120159834271, 1.7812054664407841, 1.901493394510252, 2.0876691319598595, 2.3301864997315054, 2.6191539714938687, 2.825050506523764, 2.700413713081089, 2.536828676991133, 2.4231641228522287, 2.3668280448888983, 2.3698533332575016, 2.4365749908189662, 2.5638722264162177, 2.746326178975694, 2.865182541911182, 2.6659211337694253, 2.4021910437617664, 2.1684734096039096, 1.9765664750123615, 1.848074095469339, 1.7908713522217852, 1.8002240657252266, 1.8825348438436227, 2.036137778299302, 2.1422744789228627, 2.129387953912286, 2.188220396072182, 2.2818289808955465, 2.2485338435290654, 1.8940702308497674, 1.5799844761748827, 1.3197063164834346, 1.1291432908067738, 1.0240102960831785, 1.0149588947215409, 1.1029839513955397, 1.278941410717481, 1.5276386321182973, 1.747088733452181, 1.9017840909133485, 1.9523347540900824, 2.1022585604560575, 2.300126860630893, 2.5501328459682866, 2.8433236799882677, 3.1716101382001685, 3.528149942442188, 3.8661066453558157, 4.256018011134325, 4.661797742950659, 4.976322890147367, 4.859505253374024, 4.671086641966612, 4.591166674659217, 4.342975522861986, 3.9662653904706366, 3.610666027688135, 3.275292426382602, 2.9523669039836418, 2.664411785803838, 2.419103738479089, 2.2248330445863393, 2.0675234901172024, 1.9048345767209613, 1.7526337216166548, 1.6696106721697492, 1.657023425338044, 1.614308108193018, 1.5816470216302898, 1.5660826570245514, 1.4178023811121938, 1.2328834707397256, 1.2632628802383992, 1.2756104489227509, 1.375569599187565, 1.5079678886092962, 1.5064854378227523, 1.5124735601607622, 1.6028174864932643, 1.7555526058987683, 1.9656638049263622, 2.2168807399111063, 2.3910874448468467, 2.5356703163234973, 2.7305608196138516, 2.972769912521913, 3.2402770022205947, 3.0947365343574593, 3.0348934337498386, 2.9157453716331, 2.99020006541905, 2.9240699199419153, 2.5685457094604236, 2.2459865352072206, 2.019794450248938, 1.7582504071975, 1.5569267592954672, 1.4264199447695485, 1.4956611967852633, 1.66719224884526, 1.9037664068102407, 1.8820871519944489, 1.8428086213173915, 1.924474533994342, 2.3024947121286448, 2.2029702547585206, 2.119185185932761, 2.167648423042563, 2.2612013617474513, 2.3853400464708323, 2.5073598306789866, 2.3934023729277, 2.247482289322402, 2.1910852166298724, 2.0746994378542234, 1.8959542122402757, 1.8008597078747917, 1.74167096484129, 1.7140789816654944, 1.7606122234249706, 1.8797486217121788, 2.055911895351081, 2.2895300116015167, 2.571196882975927, 2.8917190483133814, 3.2412491853569185, 3.6150997618067726
2OAR.pdb, 47, 47, 0.22190707216763525, 1.5054965785841963, 1.0070965579790108, -, -, -, 1.5176580038626988, 65.05334831490798, , Upper limit of R overestimation, -, -, -, -, -, -, -, -, -, -, -, -, -, -, -, -, -, -, -, -, -, -, -, -, -, -, -, -, -, -, -, -, -, -, -, -, -, -, -, -, -, -, -, -, -, -, -, -, -, -, -, -, -, -, -, -, -, -, -, -, -, -, -, -, -, -, -, -, -, -, -, -, -, -, -, -, -, -, -, -, -, -, -, -, -, -, -, -, -, -, -, -, -, -, -, -, -, -, -, -, -, -, -, -, -, -, -, -, -, -, -, -, -, -, -, -, -, -, -, -, -, -, -, -, -, -, -, -, -, -, -, -, -, -, -, -
2OAR.pdb, 48, 48, 0.22147638694312882, 1.5074393004025821, 1.2795908073446225, -, -, -, 1.7531872935878057, 77.22980751397233, , X, 63.068282105920325, 63.18861174490216, 63.458703204995466, 63.741367270655516, 64.02403133631557, 64.29859551542971, 64.55784695857635, 64.76546859889825, 64.81474506336316, 64.86402152782806, 64.91329799229297, 64.96257445675786, 65.04075472701625, 65.14154154403221, 65.24232836104818, 65.353113737157, 65.75334229846322, 66.07013543778635, 66.38692857710949, 66.70372171643261, 66.95845300695377, 67.04725085928823, 67.19865092422712, 67.35005098916602, 67.5014510541049, 67.63124133218521, 67.57430167217738, 67.51736201216956, 67.46042235216173, 67.43978179063284, 67.4074553593358, 67.37512892803878, 67.34280249674174, 67.3086289314565, 67.25134756356427, 67.13545154233859, 66.69356635305677, 66.25168116377495, 65.80979597449313, 65.36866444213076, 64.92984136341623, 64.4910182847017, 64.05219520598716, 63.773619778007514, 63.81528724040043, 63.86146837375733, 63.90764950711424, 63.953830640471146, 64.00001177382805, 64.05237926441141, 63.6832396286471, 63.56190788702647, 63.51875691536114, 63.475605943695804, 63.43245497203048, 63.389304000365144, 63.34615302869981, 63.303002057034476, 63.249783803666425, 62.92207759798052, 62.54471008886846, 62.12600541626235, 61.70730074365623, 61.28859607105012, 60.87469081827449, 60.551388186772144, 60.2280855552698, 59.904782923767456, 59.581480292265105, 59.25817766076276, 58.93487502926042, 58.59127978573558, 58.186044488503946, 57.81682853478344, 57.59024302828594, 57.448112964690964, 57.30598290109598, 56.91472589666348, 56.443187240826845, 55.96784961650588, 55.49428989690201, 55.30588331452667, 55.00108715953905, 54.69629100455142, 54.3914948495638, 54.08669869457617, 53.7802947745875, 53.458520256684395, 53.09156690051019, 52.900706134124825, 52.40681387687528, 51.91292161962575, 51.6204317966341, 51.387706186952556, 51.15498057727101, 50.92225496758947, 50.68952935790792, 50.45680374822637, 50.224078138544826, 49.781222395182475, 49.54764042419322, 49.27772495474979, 49.10447553969902, 48.76140016448277, 48.54291345884147, 48.32442675320016, 48.10594004755885, 47.88745334191754, 47.66896663627623, 47.313754506060626, 46.9147528525664, 46.491503403261866, 46.04781740680485, 45.60413141034784, 45.16044541389082, 44.787575347923266, 44.772366751424386, 44.75715815492551, 44.74194955842663, 44.39167955616658, 44.40936766928022, 44.39321203248317, 44.15875400214693, 43.73832979771906, 43.34563673220126, 42.967338423231176, 42.60729320894104, 42.259857306168875, 41.91163641576329, 41.58119873867567, 41.654678270303876, 41.744224484631104, 41.571175610042175, 41.233697612859565, 40.888239944180974, 40.44248501555226, 40.107843234792945, 39.64194967843036, 39.186780398595495, 38.73235413875073, 38.277927878905956, 37.82350161906118, 37.484103210818006, 37.62980104903003, 37.78271527484314, 37.935629500656255, 38.08854372646937, 37.96453886500996, 37.78189999356792, 37.599261122125874, 37.394673923483666, 37.0468983884607, 36.59597595317839, 36.14329994560414, 35.69062393802989, 35.46101969986641, 35.09698749653526, 34.63565625835696, 34.17432502017866, 33.71299378200035, 33.29716985126614, 32.9634586736244
2OAR.pdb, 48, 48, 0.22147638694312882, 1.5074393004025821, 1.2795908073446225, -, -, -, 1.7531872935878057, 77.22980751397233, , Y, 158.9692796110366, 158.79262353428777, 158.49390437980227, 158.13585826854705, 157.77781215729183, 157.3968202586127, 156.97244963081218, 156.55357555506427, 156.12507366634134, 155.69657177761837, 155.26806988889544, 154.83956800017248, 154.45335572075635, 154.1184480187613, 153.78354031676628, 153.4546378358747, 153.24237382021354, 152.86262766270693, 152.4828815052003, 152.1031353476937, 151.74445603929288, 151.3863684456239, 150.9107448113621, 150.43512117710029, 149.95949754283848, 149.47926745446372, 148.98653986141446, 148.49381226836522, 148.00108467531595, 147.5087468519638, 147.01777861405162, 146.52681037613948, 146.0358421382273, 145.54478462822692, 145.0526103168433, 144.6670334609746, 144.87430521657038, 145.08157697216618, 145.28884872776194, 145.49522203179131, 145.69884337568828, 145.90246471958525, 146.10608606348222, 146.21531635192406, 146.13605646319576, 146.05463662387606, 145.9732167845564, 145.8917969452367, 145.810377105917, 145.72306139955262, 145.44727797523913, 145.07316089421786, 144.67143935574055, 144.26971781726326, 143.86799627878594, 143.46627474030865, 143.06455320183133, 142.66283166335404, 142.26520365530297, 142.26626744997776, 142.38133810074885, 142.20844924248468, 142.03556038422053, 141.8626715259564, 141.73060016936, 141.92957491042947, 142.1285496514989, 142.32752439256836, 142.52649913363783, 142.72547387470726, 142.92444861577673, 143.09811117327268, 142.93548817605017, 142.73107027416222, 142.48275575588198, 142.20844883379516, 141.9341419117083, 141.91818366277022, 141.98852323342038, 142.045824966873, 142.07618813024212, 141.97856501009215, 141.8615391246204, 141.74451323914866, 141.6274873536769, 141.51046146820516, 141.39668355838708, 141.06316843187813, 140.73261276728059, 140.41989905248252, 140.35147490138385, 140.28305075028518, 140.10295858005765, 140.23125601949062, 140.3595534589236, 140.4878508983566, 140.6161483377896, 140.7444457772226, 140.87274321665558, 141.0395051053668, 141.13735097766775, 141.0074183794501, 140.87189670128464, 140.60271523850722, 140.21274359182692, 139.82277194514663, 139.43280029846633, 139.04282865178604, 138.65285700510574, 138.47691467071584, 138.3695202423356, 138.4098016129145, 138.57454722149345, 138.7392928300724, 138.90403843865136, 139.00670734012274, 138.70577458035785, 138.40484182059296, 138.10390906082807, 138.10394635409773, 137.97687090785848, 137.87849331625642, 137.91073771536855, 138.10608625506643, 138.34611835947157, 138.60934493265535, 138.9336406848807, 139.29179556779394, 139.6503973067126, 140.01563568124658, 140.19650484243414, 140.36787777596675, 140.58536115033795, 140.84056860876996, 141.08346659798136, 141.17144084604746, 141.3621728692594, 141.40860630545637, 141.44698793137698, 141.4848116962637, 141.5226354611504, 141.5604592260371, 141.553927328045, 141.4260123592073, 141.29732721426444, 141.16864206932158, 141.0399569243787, 140.75303129126462, 140.35297151843926, 139.9529117456139, 139.57459956947258, 139.42142553028816, 139.25321400915252, 139.1073473619437, 138.96148071473493, 138.9975355568897, 138.89646519929627, 138.70371912966917, 138.5109730600421, 138.31822699041498, 138.22461572347174, 138.30988191671776
2OAR.pdb, 48, 48, 0.22147638694312882, 1.5074393004025821, 1.2795908073446225, -, -, -, 1.7531872935878057, 77.22980751397233, , Z, -0.5904458934469397, -0.1659630860315761, 0.09104575748972707, 0.29575044282826235, 0.5004551281667976, 0.6523106312096345, 0.7042554046384275, 0.8185262741184406, 1.0714253872262316, 1.3243245003340225, 1.5772236134418134, 1.8301227265496043, 2.128461918645103, 2.485783690526136, 2.8431054624071694, 3.1956944763466377, 3.3518518546804925, 3.4255740544357436, 3.4992962541909947, 3.5730184539462453, 3.750959802708636, 3.8698792625969047, 3.8992080687113133, 3.9285368748257214, 3.9578656809401296, 3.9777615160914275, 4.040828101269908, 4.103894686448388, 4.166961271626869, 4.250676545681401, 4.339587687846082, 4.4284988300107635, 4.517409972175444, 4.604696124382244, 4.671653514612535, 4.7449446723610915, 4.853461485922936, 4.961978299484781, 5.070495113046626, 5.183409203755479, 5.309792168972679, 5.436175134189879, 5.56255809940708, 5.811248792036324, 6.303157665379892, 6.794317631874545, 7.285477598369199, 7.776637564863853, 8.267797531358505, 8.757192050190504, 8.927374041634915, 9.188566817993127, 9.483113587060055, 9.777660356126983, 10.072207125193913, 10.36675389426084, 10.661300663327768, 10.955847432394698, 11.249151888822531, 11.303256588098062, 11.291505029854015, 11.50315530702351, 11.714805584193003, 11.926455861362498, 12.097167376952692, 11.771768451201542, 11.44636952545039, 11.12097059969924, 10.795571673948087, 10.470172748196937, 10.144773822445785, 9.854974956432681, 10.057761827602896, 10.325890343255356, 10.672533924337761, 11.06566845286169, 11.45880298138562, 11.670975403537156, 11.821248847156614, 11.806276284002482, 11.648734955206104, 11.680940614232654, 11.30225308336543, 10.923565552498209, 10.544878021630987, 10.166190490763764, 9.78785384455391, 9.816228122518591, 9.738265394276373, 10.029205462332351, 10.066469034026177, 10.103732605720003, 10.349811832781201, 10.773342891421876, 11.19687395006255, 11.620405008703225, 12.0439360673439, 12.467467125984573, 12.890998184625248, 12.856834794214999, 12.985052870792524, 13.32205988739518, 13.58402212948856, 13.590789618932853, 13.814811212185532, 14.038832805438213, 14.262854398690893, 14.486875991943574, 14.710897585196253, 14.978483823881849, 15.260022661809675, 15.30128365260267, 15.140033471201548, 14.978783289800427, 14.817533108399305, 14.726430511045725, 15.125439499281352, 15.52444848751698, 15.923457475752606, 15.90547118577043, 16.143424620117145, 16.589465272305898, 17.011787992800187, 17.199091053023754, 17.13544279455635, 16.941530029117114, 16.890013937442248, 16.921847462385, 16.92211062587073, 16.97375716190701, 17.410177224462082, 17.871276772447214, 18.197157246921346, 18.463572715856717, 18.69553880132081, 18.486821108538397, 18.718344761697303, 18.893807379205324, 19.09698732396013, 19.302087633987412, 19.5071879440147, 19.712288254041983, 20.023646444070867, 20.48445269159959, 20.942772855911624, 21.40109302022366, 21.859413184535693, 22.034294908587754, 22.272192409216288, 22.510089909844826, 22.676853865714204, 22.658012159225073, 22.748437156035845, 22.902733472902785, 23.057029789769725, 23.439206488116028, 23.58035375979944, 23.57561653232113, 23.570879304842823, 23.566142077364514, 23.69233633311984, 24.054781537538798
2OAR.pdb, 48, 48, 0.22147638694312882, 1.5074393004025821, 1.2795908073446225, -, -, -, 1.7531872935878057, 77.22980751397233, , distance, 0.0, 0.4752601869092499, 0.9180637861121151, 1.3903160502314802, 1.8769966232500357, 2.351753235401295, 2.8075585250275994, 3.2712796650487945, 3.728465699330776, 4.1954311214952185, 4.669242777938944, 5.1480106782581085, 5.6282036667512365, 6.106730736461788, 6.588447773251472, 7.06870485953693, 7.453100677532255, 7.901312401485296, 8.355403378790218, 8.81446501942872, 9.283281138729079, 9.65542513721981, 10.107270768745112, 10.563456356941256, 11.023443110810513, 11.478216175391454, 11.891509746635114, 12.311237205887036, 12.736762501708084, 13.186746645244021, 13.637156291425496, 14.09091112553326, 14.547698133333279, 15.006235614894601, 15.455141896701445, 15.797547425192658, 15.538568679526174, 15.291557427727616, 15.057102660293987, 14.838442951504602, 14.641813068702914, 14.459806037863105, 14.292980492759552, 14.287854103839475, 14.586685814793146, 14.898049545702905, 15.219472969618522, 15.550332301262241, 15.890038133573212, 16.24220056670064, 16.547253467264866, 16.999260907880643, 17.495935645949814, 17.992794581171513, 18.489822864301686, 18.987007196139967, 19.484335630944393, 19.981797408949646, 20.475233137796582, 20.505417570245456, 20.411141294633662, 20.68981657722623, 20.976709252145113, 21.271486833289188, 21.516492328661283, 21.20166584934237, 20.894062014002976, 20.594004469816767, 20.3018278182203, 20.017877145653962, 19.742507390813508, 19.520357427206935, 19.85706523140278, 20.258914183901865, 20.704325522423982, 21.174908528104023, 21.64681055048639, 21.884893860368727, 22.051941761699076, 22.147193487542864, 22.193229724553312, 22.35008153157919, 22.342576122877087, 22.34625854913698, 22.36112328312685, 22.387148050198757, 22.42257670626596, 22.831452087722905, 23.211918075100012, 23.669307450084002, 23.955362505650047, 24.248353972746397, 24.630886810346027, 24.833144735679646, 25.043753110553308, 25.2625030878075, 25.489185052892886, 25.723589311364638, 25.965506724477553, 26.054790873726954, 26.174025234363235, 26.577542071162952, 26.89644410947753, 27.260319117612678, 27.75437641260971, 28.248642829551535, 28.743107580258616, 29.237760602157405, 29.732592498600166, 30.17505150426676, 30.602678752170117, 30.822537138869087, 30.87214454579643, 30.929756255685763, 30.995327635237494, 31.101370291899393, 31.501415975549314, 31.904281576229614, 32.30986161106382, 32.50065991651558, 32.69340504566409, 32.99589150853534, 33.3297326371687, 33.5467959426199, 33.593223279777995, 33.555104779928165, 33.55063888692634, 33.56894903775952, 33.578453004709125, 33.60709149596099, 33.689492937329966, 33.78702099117637, 33.95685611809078, 34.18266911392384, 34.40647879515321, 34.534502674051886, 34.78536125348274, 35.16825875049042, 35.566161673617394, 35.96744220021893, 36.371169085668534, 36.777261764444766, 37.185824016377666, 37.40366151489542, 37.620968902865584, 37.84363496890711, 38.0715656905439, 38.39151630129242, 38.84157923525773, 39.292849617522116, 39.70711534602559, 39.996522493341296, 40.42535958850249, 40.88252063829212, 41.34067355064539, 41.6947921412234, 42.06588589832097, 42.46299244492325, 42.86225260464804, 43.26360675338693, 43.661352674305974, 44.05108786519071
2OAR.pdb, 48, 48, 0.22147638694312882, 1.5074393004025821, 1.2795908073446225, -, -, -, 1.7531872935878057, 77.22980751397233, , length, 0.0, 0.5, 1.0, 1.5, 2.0, 2.5, 3.0, 3.5, 4.0, 4.5, 5.0, 5.5, 6.0, 6.5, 7.0, 7.5, 8.0, 8.5, 9.0, 9.5, 10.0, 10.5, 11.0, 11.5, 12.0, 12.5, 13.0, 13.5, 14.0, 14.5, 15.0, 15.5, 16.0, 16.5, 17.0, 17.5, 18.0, 18.5, 19.0, 19.5, 20.0, 20.5, 21.0, 21.5, 22.0, 22.5, 23.0, 23.5, 24.0, 24.5, 25.0, 25.5, 26.0, 26.5, 27.0, 27.5, 28.0, 28.5, 29.0, 29.5, 30.0, 30.5, 31.0, 31.5, 32.0, 32.5, 33.0, 33.5, 34.0, 34.5, 35.0, 35.5, 36.0, 36.5, 37.0, 37.5, 38.0, 38.5, 39.0, 39.5, 40.0, 40.5, 41.0, 41.5, 42.0, 42.5, 43.0, 43.5, 44.0, 44.5, 45.0, 45.5, 46.0, 46.5, 47.0, 47.5, 48.0, 48.5, 49.0, 49.5, 50.0, 50.5, 51.0, 51.5, 52.0, 52.5, 53.0, 53.5, 54.0, 54.5, 55.0, 55.5, 56.0, 56.5, 57.0, 57.5, 58.0, 58.5, 59.0, 59.5, 60.0, 60.5, 61.0, 61.5, 62.0, 62.5, 63.0, 63.5, 64.0, 64.5, 65.0, 65.5, 66.0, 66.5, 67.0, 67.5, 68.0, 68.5, 69.0, 69.5, 70.0, 70.5, 71.0, 71.5, 72.0, 72.5, 73.0, 73.5, 74.0, 74.5, 75.0, 75.5, 76.0, 76.5, 77.0, 77.5, 78.0, 78.5, 79.0, 79.5, 80.0, 80.5
2OAR.pdb, 48, 48, 0.22147638694312882, 1.5074393004025821, 1.2795908073446225, -, -, -, 1.7531872935878057, 77.22980751397233, , R, 3.1899092912527345, 3.1190929442843935, 2.861505267454812, 2.5917676081649437, 2.3678885424320804, 2.1701375265136966, 1.9765803995267537, 1.7967174664326442, 1.577447328131976, 1.4274981168720888, 1.3577265935764355, 1.3739377232051244, 1.4090979639188688, 1.448034695236815, 1.5685020676737977, 1.7565099387381515, 1.7954070995281457, 1.800358024340119, 1.8796515386136372, 2.0283071679599893, 2.1450105639457684, 2.099237079642275, 1.979599025911551, 1.9289867563770997, 1.9504215808987961, 2.020384290822193, 1.9745296932884342, 1.9998230961013546, 2.0947712899189788, 2.2692213910174766, 2.4878784321577343, 2.7541057899595587, 3.05961473058341, 3.3957125744273573, 3.741777826680582, 3.992064349573924, 3.5993153829067226, 3.2267806548741107, 2.8795980704274213, 2.5641051899124627, 2.2878924836228003, 2.0605272141672275, 1.8917891341572153, 1.8136852665205567, 1.855332275856215, 1.969723575773576, 2.1492605928419946, 2.3849681126811277, 2.667371326253457, 2.986682061789337, 2.814390019404859, 2.8287153696884793, 2.9460612668726713, 3.114660841135612, 3.329170958550695, 3.583806114866334, 3.8728855662847654, 4.191181366752247, 4.526354250868312, 4.404762838050354, 4.174815362698363, 4.241539559006103, 4.350243109510801, 4.498651862296562, 4.630001314438543, 4.210994774028679, 3.80598216597579, 3.4184077357626497, 3.052707720485594, 2.714553203035321, 2.411059114498904, 2.1584045243886454, 2.1404633079277744, 2.2272481434784206, 2.4334506832835983, 2.720423159633913, 3.0442748427722637, 3.1107343741117464, 3.131551835303241, 3.0427086923797924, 2.863814981053857, 2.8430708238058773, 2.4580688881417587, 2.101281146784475, 1.7818664735739982, 1.5116608112662044, 1.3014153893719587, 1.3794651992141795, 1.481758532586034, 1.768545908601749, 1.7338900782882054, 1.7756133101721052, 2.027145236322761, 2.0797265845275774, 2.199384846872135, 2.379950742628622, 2.6134498848682104, 2.891485022813122, 3.2062027318230633, 3.2568984020182152, 3.4025042005890263, 3.53154432125624, 3.63082012852364, 3.4905538201509922, 3.4606778003828063, 3.480865236918753, 3.550518206694347, 3.6676446149495647, 3.829126883670978, 3.7750950425901313, 3.6832320878617613, 3.492660035318822, 3.216079830959598, 2.978237843952018, 2.7855586439278563, 2.675863024487049, 2.829016613748689, 3.03221094558091, 3.2790940269462463, 3.207796036966196, 3.3191037365577, 3.4137853659483395, 3.3841512771736544, 3.1837754280325954, 2.9344559515786224, 2.6768336157831114, 2.418987935591964, 2.183289361137502, 1.9979697479623018, 1.8614619502689216, 1.795852938191778, 1.7989485724951964, 1.7233762996011817, 1.6239120853314404, 1.588318870185904, 1.453654230782297, 1.465754537751904, 1.3760479391353768, 1.3649929484011287, 1.4391826291621008, 1.5929309907457063, 1.8152536445606908, 2.033828691743424, 2.036688214147958, 2.104542614325624, 2.2382691858707875, 2.4311853137848787, 2.419070884585012, 2.4466484727152373, 2.536146049934955, 2.6339084156414923, 2.4750494823894575, 2.3076624741437315, 2.200967139422177, 2.1597001086163816, 2.211413166757184, 2.2562964941990193, 2.3298282255471663, 2.465215115942885, 2.6564460578893514, 2.8611141922882637, 3.050286723999634
2OAR.pdb, 48, 48, 0.22147638694312882, 1.5074393004025821, 1.2795908073446225, -, -, -, 1.7531872935878057, 77.22980751397233, , Upper limit of R overestimation, -, -, -, -, -, -, -, -, -, -, -, -, -, -, -, -, -, -, -, -, -, -, -, -, -, -, -, -, -, -, -, -, -, -, -, -, -, -, -, -, -, -, -, -, -, -, -, -, -, -, -, -, -, -, -, -, -, -, -, -, -, -, -, -, -, -, -, -, -, -, -, -, -, -, -, -, -, -, -, -, -, -, -, -, -, -, -, -, -, -, -, -, -, -, -, -, -, -, -, -, -, -, -, -, -, -, -, -, -, -, -, -, -, -, -, -, -, -, -, -, -, -, -, -, -, -, -, -, -, -, -, -, -, -, -, -, -, -, -, -, -, -, -, -, -, -, -, -, -, -, -, -, -, -, -, -, -, -, -, -, -, -
2OAR.pdb, 49, 49, 0.21913707575276922, 1.518057828290469, 0.8077051571748632, -, -, -, 1.562281883344685, 27.383172593037212, , X, 63.068282105920325, 62.79374789385973, 62.403422282203735, 62.01455499107009, 61.6318213213522, 61.25086628976528, 60.86615262523272, 60.47446739312172, 60.0885964226243, 59.70563499791301, 59.32267357320171, 58.93971214849042, 58.55675072377913, 58.17378929906784, 57.826140850037795, 57.443996606509145, 57.05421356598525, 56.6613398266591, 56.26432612755236, 55.86830890765192, 55.47229168775148, 55.076274467851036, 54.6802572479506, 54.482209397939606, 54.787072428326184, 55.1127365669221, 55.43612784681831, 55.759003197550946, 56.07212497586182, 56.330367331480446, 56.58750620865167, 56.80484192646445, 56.970368875099275, 56.99734614645457, 56.96522147928321, 56.9303860729785, 56.91243249711894, 57.09819587460102, 57.54390135916597, 57.95619461693687, 58.35704416983175, 58.55206371646346, 58.74708326309516, 58.993392520340635, 59.36090805627204, 59.7298560308969, 60.1165524425496, 60.50317424132202, 60.82070740485454, 61.136675509497515, 61.562943030894786, 61.94378047111415, 62.22197035985889, 62.47024412185983, 62.7115344977562, 62.9653670495041, 63.218881961531885
2OAR.pdb, 49, 49, 0.21913707575276922, 1.518057828290469, 0.8077051571748632, -, -, -, 1.562281883344685, 27.383172593037212, , Y, 158.9692796110366, 158.80511158423258, 158.50055374051826, 158.18783964722232, 157.86760216059088, 157.54691322785456, 157.2301142553982, 156.9205304383884, 156.60345829277466, 156.28263887254843, 155.96181945232223, 155.641000032096, 155.3201806118698, 154.9993611916436, 154.69769250130008, 154.48221700426683, 154.17173504359323, 153.86441648535185, 153.56255339665796, 153.26005245365207, 152.9575515106462, 152.6550505676403, 152.35254962463443, 152.00047449987372, 151.61433886710122, 151.2407624716388, 150.86376511353404, 150.48599121160152, 150.10712432780494, 149.7028575511707, 149.2971876922033, 148.85733191459903, 148.38944502227173, 147.97267209272027, 147.55424275659013, 147.12626440774662, 146.6978027703195, 146.37400811780054, 146.18860285699424, 145.9128971188759, 145.65238251604438, 145.31435506853646, 144.97632762102853, 144.63540690445987, 144.29656810830414, 143.95939021683935, 143.79592939607943, 143.72658221602288, 143.75626908420088, 143.52765075224855, 143.43473540487008, 143.24290607275225, 142.82758433038904, 142.47006451953, 142.14591449495612, 141.82473418431545, 141.50407042244797
2OAR.pdb, 49, 49, 0.21913707575276922, 1.518057828290469, 0.8077051571748632, -, -, -, 1.562281883344685, 27.383172593037212, , Z, -0.5904458934469397, -0.3406510453511297, -0.3082696882501119, -0.2776110252759299, -0.24759703951137008, -0.20252074497597175, -0.1637017549450837, -0.13648890518999054, -0.11382835350169089, -0.09344584166397113, -0.07306332982625136, -0.05268081798853161, -0.03229830615081185, -0.011915794313092087, -0.08282927819459815, -0.14320226898905009, -0.10273542594718792, -0.06879356732210704, -0.0335109183509031, 0.007275611568648248, 0.04806214148819961, 0.08884867140775095, 0.12963520132730233, 0.11613635317392898, 0.18390213399044703, 0.250110483810273, 0.30728311740532466, 0.36240468222311506, 0.3684483781015224, 0.22745455173211074, 0.08867036786349743, 0.021157421004693394, -0.024127773677694545, 0.18273193134396343, 0.4529608598591869, 0.7088932777115609, 0.9659891632623187, 1.1705813444826392, 1.2973101447943272, 1.3605605642813727, 1.3731846951160547, 1.0606069909162266, 0.7480292867163986, 0.5408815150406564, 0.5421429026537828, 0.5299456506370879, 0.3196918305965482, 0.017034728899336424, -0.35787044861983497, -0.6020576089786289, -0.8463171807938586, -1.012302117403459, -1.001428474012665, -1.1920529701027924, -1.486242279655044, -1.7733176072781447, -2.0612472906652806
2OAR.pdb, 49, 49, 0.21913707575276922, 1.518057828290469, 0.8077051571748632, -, -, -, 1.562281883344685, 27.383172593037212, , distance, 0.0, 0.405854211203562, 0.8610260958094789, 1.3486492888665422, 1.842459803379057, 2.3402162929167662, 2.8383412310206744, 3.336364021497731, 3.8344232370156286, 4.332717747807544, 4.831364673026394, 5.330265108357043, 5.829353964803426, 6.328586664380153, 6.7811633228210235, 7.208768624083908, 7.708652007955151, 8.208572229755443, 8.708425912833132, 9.208265840426117, 9.708122253897157, 10.20799273144668, 10.707875303435452, 11.080800859835946, 11.102846569176558, 11.123273664726046, 11.169380523595699, 11.238312348741605, 11.3315263348142, 11.486297681908159, 11.662376139250316, 11.910341208855417, 12.22449025150034, 12.584889522144161, 12.986112314839428, 13.40220351652173, 13.816878024510087, 14.049341996351396, 14.0509111372304, 14.156588165045962, 14.261534146696576, 14.476849395832126, 14.706018517661995, 14.944715909250544, 15.17616033677411, 15.417429925136235, 15.4845605500476, 15.468957138071989, 15.379901581740432, 15.561977402882889, 15.609406764506746, 15.7721682487229, 16.1690901656936, 16.52100720721531, 16.850974270066047, 17.18561069293507, 17.527677229676794
2OAR.pdb, 49, 49, 0.21913707575276922, 1.518057828290469, 0.8077051571748632, -, -, -, 1.562281883344685, 27.383172593037212, , length, 0.0, 0.5, 1.0, 1.5, 2.0, 2.5, 3.0, 3.5, 4.0, 4.5, 5.0, 5.5, 6.0, 6.5, 7.0, 7.5, 8.0, 8.5, 9.0, 9.5, 10.0, 10.5, 11.0, 11.5, 12.0, 12.5, 13.0, 13.5, 14.0, 14.5, 15.0, 15.5, 16.0, 16.5, 17.0, 17.5, 18.0, 18.5, 19.0, 19.5, 20.0, 20.5, 21.0, 21.5, 22.0, 22.5, 23.0, 23.5, 24.0, 24.5, 25.0, 25.5, 26.0, 26.5, 27.0, 27.5, 28.0
2OAR.pdb, 49, 49, 0.21913707575276922, 1.518057828290469, 0.8077051571748632, -, -, -, 1.562281883344685, 27.383172593037212, , R, 3.1899092912527345, 3.102958534162822, 2.7785521980303085, 2.4815840719347784, 2.219640550972948, 2.005951689077987, 1.850526456633565, 1.759137741058678, 1.734120159834271, 1.7812054664407841, 1.901493394510252, 2.0876691319598595, 2.3301864997315054, 2.6191539714938687, 2.825050506523764, 2.700413713081089, 2.536828676991133, 2.4231641228522287, 2.3668280448888983, 2.3698533332575016, 2.4365749908189662, 2.5638722264162177, 2.746326178975694, 2.8378214638838375, 2.506058920313707, 2.195763862839692, 1.92602555379966, 1.7105685634520578, 1.53208452693316, 1.3555997626883909, 1.2572330255669852, 1.1917837785609189, 1.1565230149768335, 1.0765895914773944, 1.0272942105234644, 1.0609096676880831, 1.1817111803747098, 1.2624886913230382, 1.2627280584674643, 1.2981306772171521, 1.3658406913905679, 1.1886797353400742, 1.0964509017366146, 1.044815959291618, 0.9817226791945104, 1.0054116455694215, 0.9584986531466329, 0.9276785838761654, 0.8973145535831444, 0.8387558246533571, 0.8107071530085941, 0.8309118345826092, 0.8257545088902352, 0.8317813700950816, 0.8865102696583214, 1.0325721485121937, 1.26170223607097
2OAR.pdb, 49, 49, 0.21913707575276922, 1.518057828290469, 0.8077051571748632, -, -, -, 1.562281883344685, 27.383172593037212, , Upper limit of R overestimation, -, -, -, -, -, -, -, -, -, -, -, -, -, -, -, -, -, -, -, -, -, -, -, -, -, -, -, -, -, -, -, -, -, -, -, -, -, -, -, -, -, -, -, -, -, -, -, -, -, -, -, -, -, -, -, -, -
2OAR.pdb, 50, 50, 0.21020155219363218, 1.5596884362010313, 0.9389318337572274, -, -, -, 1.6780486640149428, 75.35650000403307, , X, 63.068282105920325, 63.18861174490216, 63.458703204995466, 63.741367270655516, 64.02403133631557, 64.29859551542971, 64.55784695857635, 64.76546859889825, 64.81474506336316, 64.86402152782806, 64.91329799229297, 64.96257445675786, 65.04075472701625, 65.14154154403221, 65.24232836104818, 65.353113737157, 65.75334229846322, 66.07013543778635, 66.38692857710949, 66.70372171643261, 66.95845300695377, 67.04725085928823, 67.19865092422712, 67.35005098916602, 67.5014510541049, 67.63124133218521, 67.57430167217738, 67.51736201216956, 67.46042235216173, 67.43978179063284, 67.4074553593358, 67.37512892803878, 67.34280249674174, 67.3086289314565, 67.25134756356427, 67.13545154233859, 66.69356635305677, 66.25168116377495, 65.80979597449313, 65.36866444213076, 64.92984136341623, 64.4910182847017, 64.05219520598716, 63.773619778007514, 63.81528724040043, 63.86146837375733, 63.90764950711424, 63.953830640471146, 64.00001177382805, 64.05237926441141, 63.6832396286471, 63.56190788702647, 63.51875691536114, 63.475605943695804, 63.43245497203048, 63.389304000365144, 63.34615302869981, 63.303002057034476, 63.249783803666425, 62.92207759798052, 62.54471008886846, 62.12600541626235, 61.70730074365623, 61.28859607105012, 60.87469081827449, 60.551388186772144, 60.2280855552698, 59.904782923767456, 59.581480292265105, 59.25817766076276, 58.93487502926042, 58.59127978573558, 58.186044488503946, 57.81682853478344, 57.59024302828594, 57.448112964690964, 57.30598290109598, 56.91472589666348, 56.443187240826845, 55.96784961650588, 55.49428989690201, 55.30588331452667, 55.00108715953905, 54.69629100455142, 54.3914948495638, 54.08669869457617, 53.7802947745875, 53.458520256684395, 53.09156690051019, 52.900706134124825, 52.40681387687528, 51.91292161962575, 51.6204317966341, 51.387706186952556, 51.15498057727101, 50.92225496758947, 50.68952935790792, 50.45680374822637, 50.224078138544826, 49.781222395182475, 49.54764042419322, 49.27772495474979, 49.10447553969902, 48.76140016448277, 48.54291345884147, 48.32442675320016, 48.10594004755885, 47.88745334191754, 47.66896663627623, 47.313754506060626, 46.9147528525664, 46.491503403261866, 46.04781740680485, 45.60413141034784, 45.16044541389082, 44.851230888619114, 45.089079182979624, 45.32692747734014, 45.56477577170066, 45.80262406606117, 46.04807967849643, 45.87628699017719, 45.7673149849396, 45.96160060543858, 46.34022654293654, 46.73084710472374, 46.96150254352372, 47.02099860672457, 47.08049466992542, 47.13999073312627, 47.272943294715915, 47.127996386300175, 47.05836229965459, 46.99836354485242, 46.783300834708314, 46.52946840902519, 46.258311159734966, 46.141816359247514, 46.0371796618298, 45.932542964412086, 45.827906266994376, 45.74207242065543, 45.735716767296175, 45.78124509629053, 45.905560885971575, 45.98031336890583, 46.045659429300564, 46.1110054896953, 46.138890613093366, 46.00597022956027, 45.66481586820903, 45.288237381734376, 44.91165889525972, 44.74369331870811, 44.672498098876126, 44.60130287904414, 44.51735362607096, 44.55258228173068
2OAR.pdb, 50, 50, 0.21020155219363218, 1.5596884362010313, 0.9389318337572274, -, -, -, 1.6780486640149428, 75.35650000403307, , Y, 158.9692796110366, 158.79262353428777, 158.49390437980227, 158.13585826854705, 157.77781215729183, 157.3968202586127, 156.97244963081218, 156.55357555506427, 156.12507366634134, 155.69657177761837, 155.26806988889544, 154.83956800017248, 154.45335572075635, 154.1184480187613, 153.78354031676628, 153.4546378358747, 153.24237382021354, 152.86262766270693, 152.4828815052003, 152.1031353476937, 151.74445603929288, 151.3863684456239, 150.9107448113621, 150.43512117710029, 149.95949754283848, 149.47926745446372, 148.98653986141446, 148.49381226836522, 148.00108467531595, 147.5087468519638, 147.01777861405162, 146.52681037613948, 146.0358421382273, 145.54478462822692, 145.0526103168433, 144.6670334609746, 144.87430521657038, 145.08157697216618, 145.28884872776194, 145.49522203179131, 145.69884337568828, 145.90246471958525, 146.10608606348222, 146.21531635192406, 146.13605646319576, 146.05463662387606, 145.9732167845564, 145.8917969452367, 145.810377105917, 145.72306139955262, 145.44727797523913, 145.07316089421786, 144.67143935574055, 144.26971781726326, 143.86799627878594, 143.46627474030865, 143.06455320183133, 142.66283166335404, 142.26520365530297, 142.26626744997776, 142.38133810074885, 142.20844924248468, 142.03556038422053, 141.8626715259564, 141.73060016936, 141.92957491042947, 142.1285496514989, 142.32752439256836, 142.52649913363783, 142.72547387470726, 142.92444861577673, 143.09811117327268, 142.93548817605017, 142.73107027416222, 142.48275575588198, 142.20844883379516, 141.9341419117083, 141.91818366277022, 141.98852323342038, 142.045824966873, 142.07618813024212, 141.97856501009215, 141.8615391246204, 141.74451323914866, 141.6274873536769, 141.51046146820516, 141.39668355838708, 141.06316843187813, 140.73261276728059, 140.41989905248252, 140.35147490138385, 140.28305075028518, 140.10295858005765, 140.23125601949062, 140.3595534589236, 140.4878508983566, 140.6161483377896, 140.7444457772226, 140.87274321665558, 141.0395051053668, 141.13735097766775, 141.0074183794501, 140.87189670128464, 140.60271523850722, 140.21274359182692, 139.82277194514663, 139.43280029846633, 139.04282865178604, 138.65285700510574, 138.47691467071584, 138.3695202423356, 138.4098016129145, 138.57454722149345, 138.7392928300724, 138.90403843865136, 138.98540690630918, 138.72757678111202, 138.46974665591486, 138.2119165307177, 137.95408640552054, 137.69789205583848, 137.41789432374392, 136.99698697388965, 136.57700656862144, 136.83118093727063, 137.13839819327728, 137.06564726063914, 136.5863382189489, 136.10702917725865, 135.62772013556844, 135.21993587183087, 134.78886952703388, 134.2992322724908, 133.80341818869056, 133.36194887813386, 132.93481289336927, 132.61263225464003, 132.3389199319133, 132.01444540116427, 131.68997087041527, 131.36549633966624, 131.07138281747274, 130.9056054066879, 130.6298690044459, 130.19424704211283, 129.7977830271196, 129.40269672850727, 129.00761042989492, 128.62284898589792, 128.44027908415288, 128.22532099364696, 127.9882303758327, 127.75113975801844, 127.43376240805301, 127.07914203361233, 126.72452165917164, 126.36120613719379, 126.03103841548943
2OAR.pdb, 50, 50, 0.21020155219363218, 1.5596884362010313, 0.9389318337572274, -, -, -, 1.6780486640149428, 75.35650000403307, , Z, -0.5904458934469397, -0.1659630860315761, 0.09104575748972707, 0.29575044282826235, 0.5004551281667976, 0.6523106312096345, 0.7042554046384275, 0.8185262741184406, 1.0714253872262316, 1.3243245003340225, 1.5772236134418134, 1.8301227265496043, 2.128461918645103, 2.485783690526136, 2.8431054624071694, 3.1956944763466377, 3.3518518546804925, 3.4255740544357436, 3.4992962541909947, 3.5730184539462453, 3.750959802708636, 3.8698792625969047, 3.8992080687113133, 3.9285368748257214, 3.9578656809401296, 3.9777615160914275, 4.040828101269908, 4.103894686448388, 4.166961271626869, 4.250676545681401, 4.339587687846082, 4.4284988300107635, 4.517409972175444, 4.604696124382244, 4.671653514612535, 4.7449446723610915, 4.853461485922936, 4.961978299484781, 5.070495113046626, 5.183409203755479, 5.309792168972679, 5.436175134189879, 5.56255809940708, 5.811248792036324, 6.303157665379892, 6.794317631874545, 7.285477598369199, 7.776637564863853, 8.267797531358505, 8.757192050190504, 8.927374041634915, 9.188566817993127, 9.483113587060055, 9.777660356126983, 10.072207125193913, 10.36675389426084, 10.661300663327768, 10.955847432394698, 11.249151888822531, 11.303256588098062, 11.291505029854015, 11.50315530702351, 11.714805584193003, 11.926455861362498, 12.097167376952692, 11.771768451201542, 11.44636952545039, 11.12097059969924, 10.795571673948087, 10.470172748196937, 10.144773822445785, 9.854974956432681, 10.057761827602896, 10.325890343255356, 10.672533924337761, 11.06566845286169, 11.45880298138562, 11.670975403537156, 11.821248847156614, 11.806276284002482, 11.648734955206104, 11.680940614232654, 11.30225308336543, 10.923565552498209, 10.544878021630987, 10.166190490763764, 9.78785384455391, 9.816228122518591, 9.738265394276373, 10.029205462332351, 10.066469034026177, 10.103732605720003, 10.349811832781201, 10.773342891421876, 11.19687395006255, 11.620405008703225, 12.0439360673439, 12.467467125984573, 12.890998184625248, 12.856834794214999, 12.985052870792524, 13.32205988739518, 13.58402212948856, 13.590789618932853, 13.814811212185532, 14.038832805438213, 14.262854398690893, 14.486875991943574, 14.710897585196253, 14.978483823881849, 15.260022661809675, 15.30128365260267, 15.140033471201548, 14.978783289800427, 14.817533108399305, 14.758399777636082, 15.114702760237423, 15.471005742838763, 15.827308725440103, 16.183611708041443, 16.53557854189298, 16.584503433285807, 16.442273050302553, 16.25288045050495, 16.289758115988228, 16.344832014713514, 16.435772830029727, 16.565090504837112, 16.6944081796445, 16.823725854451887, 17.014706343207955, 17.026916611500205, 17.031774908711117, 17.05051541251277, 17.097363818251665, 17.15264006028627, 17.22147654648933, 17.56806009093775, 17.933802405209317, 18.299544719480885, 18.66528703375245, 19.05129756094161, 19.522972610142084, 19.806420965942056, 19.76289791806515, 19.999944275678146, 20.29933817848796, 20.59873208129778, 20.886505795647192, 21.32214868284186, 21.58874233507439, 21.816726287292322, 22.044710239510255, 22.352779081195784, 22.697997317540015, 23.043215553884245, 23.374647911669392, 23.676805849913222
2OAR.pdb, 50, 50, 0.21020155219363218, 1.5596884362010313, 0.9389318337572274, -, -, -, 1.6780486640149428, 75.35650000403307, , distance, 0.0, 0.4752601869092499, 0.9180637861121151, 1.3903160502314802, 1.8769966232500357, 2.351753235401295, 2.8075585250275994, 3.2712796650487945, 3.728465699330776, 4.1954311214952185, 4.669242777938944, 5.1480106782581085, 5.6282036667512365, 6.106730736461788, 6.588447773251472, 7.06870485953693, 7.453100677532255, 7.901312401485296, 8.355403378790218, 8.81446501942872, 9.283281138729079, 9.65542513721981, 10.107270768745112, 10.563456356941256, 11.023443110810513, 11.478216175391454, 11.891509746635114, 12.311237205887036, 12.736762501708084, 13.186746645244021, 13.637156291425496, 14.09091112553326, 14.547698133333279, 15.006235614894601, 15.455141896701445, 15.797547425192658, 15.538568679526174, 15.291557427727616, 15.057102660293987, 14.838442951504602, 14.641813068702914, 14.459806037863105, 14.292980492759552, 14.287854103839475, 14.586685814793146, 14.898049545702905, 15.219472969618522, 15.550332301262241, 15.890038133573212, 16.24220056670064, 16.547253467264866, 16.999260907880643, 17.495935645949814, 17.992794581171513, 18.489822864301686, 18.987007196139967, 19.484335630944393, 19.981797408949646, 20.475233137796582, 20.505417570245456, 20.411141294633662, 20.68981657722623, 20.976709252145113, 21.271486833289188, 21.516492328661283, 21.20166584934237, 20.894062014002976, 20.594004469816767, 20.3018278182203, 20.017877145653962, 19.742507390813508, 19.520357427206935, 19.85706523140278, 20.258914183901865, 20.704325522423982, 21.174908528104023, 21.64681055048639, 21.884893860368727, 22.051941761699076, 22.147193487542864, 22.193229724553312, 22.35008153157919, 22.342576122877087, 22.34625854913698, 22.36112328312685, 22.387148050198757, 22.42257670626596, 22.831452087722905, 23.211918075100012, 23.669307450084002, 23.955362505650047, 24.248353972746397, 24.630886810346027, 24.833144735679646, 25.043753110553308, 25.2625030878075, 25.489185052892886, 25.723589311364638, 25.965506724477553, 26.054790873726954, 26.174025234363235, 26.577542071162952, 26.89644410947753, 27.260319117612678, 27.75437641260971, 28.248642829551535, 28.743107580258616, 29.237760602157405, 29.732592498600166, 30.17505150426676, 30.602678752170117, 30.822537138869087, 30.87214454579643, 30.929756255685763, 30.995327635237494, 31.093458906452483, 31.299040966674678, 31.51121616345377, 31.72985223360236, 31.954816560771736, 32.17856323942671, 32.48085264023881, 32.74474952828989, 32.82910425664795, 32.47867828603594, 32.09833023260275, 32.07942614874341, 32.44724644986139, 32.8185621611216, 33.19325597871894, 33.518136008428115, 33.89920946400349, 34.28514888241209, 34.680922414008066, 35.12541266184998, 35.582902002724545, 35.97933523687378, 36.406217036348316, 36.87505000366886, 37.34469154576669, 37.81511153657805, 38.26601982817292, 38.63336944878118, 38.9614683986743, 39.202297168991514, 39.58458103630084, 40.00419458896918, 40.425636836106285, 40.85057651807915, 41.27110564064701, 41.71316361810864, 42.16677326101057, 42.62142085219414, 43.089105023395035, 43.5630271116716, 44.03752593581187, 44.51684090575209, 44.907219689167505
2OAR.pdb, 50, 50, 0.21020155219363218, 1.5596884362010313, 0.9389318337572274, -, -, -, 1.6780486640149428, 75.35650000403307, , length, 0.0, 0.5, 1.0, 1.5, 2.0, 2.5, 3.0, 3.5, 4.0, 4.5, 5.0, 5.5, 6.0, 6.5, 7.0, 7.5, 8.0, 8.5, 9.0, 9.5, 10.0, 10.5, 11.0, 11.5, 12.0, 12.5, 13.0, 13.5, 14.0, 14.5, 15.0, 15.5, 16.0, 16.5, 17.0, 17.5, 18.0, 18.5, 19.0, 19.5, 20.0, 20.5, 21.0, 21.5, 22.0, 22.5, 23.0, 23.5, 24.0, 24.5, 25.0, 25.5, 26.0, 26.5, 27.0, 27.5, 28.0, 28.5, 29.0, 29.5, 30.0, 30.5, 31.0, 31.5, 32.0, 32.5, 33.0, 33.5, 34.0, 34.5, 35.0, 35.5, 36.0, 36.5, 37.0, 37.5, 38.0, 38.5, 39.0, 39.5, 40.0, 40.5, 41.0, 41.5, 42.0, 42.5, 43.0, 43.5, 44.0, 44.5, 45.0, 45.5, 46.0, 46.5, 47.0, 47.5, 48.0, 48.5, 49.0, 49.5, 50.0, 50.5, 51.0, 51.5, 52.0, 52.5, 53.0, 53.5, 54.0, 54.5, 55.0, 55.5, 56.0, 56.5, 57.0, 57.5, 58.0, 58.5, 59.0, 59.5, 60.0, 60.5, 61.0, 61.5, 62.0, 62.5, 63.0, 63.5, 64.0, 64.5, 65.0, 65.5, 66.0, 66.5, 67.0, 67.5, 68.0, 68.5, 69.0, 69.5, 70.0, 70.5, 71.0, 71.5, 72.0, 72.5, 73.0, 73.5, 74.0, 74.5, 75.0, 75.5, 76.0, 76.5, 77.0, 77.5, 78.0, 78.5
2OAR.pdb, 50, 50, 0.21020155219363218, 1.5596884362010313, 0.9389318337572274, -, -, -, 1.6780486640149428, 75.35650000403307, , R, 3.1899092912527345, 3.1190929442843935, 2.861505267454812, 2.5917676081649437, 2.3678885424320804, 2.1701375265136966, 1.9765803995267537, 1.7967174664326442, 1.577447328131976, 1.4274981168720888, 1.3577265935764355, 1.3739377232051244, 1.4090979639188688, 1.448034695236815, 1.5685020676737977, 1.7565099387381515, 1.7954070995281457, 1.800358024340119, 1.8796515386136372, 2.0283071679599893, 2.1450105639457684, 2.099237079642275, 1.979599025911551, 1.9289867563770997, 1.9504215808987961, 2.020384290822193, 1.9745296932884342, 1.9998230961013546, 2.0947712899189788, 2.2692213910174766, 2.4878784321577343, 2.7541057899595587, 3.05961473058341, 3.3957125744273573, 3.741777826680582, 3.992064349573924, 3.5993153829067226, 3.2267806548741107, 2.8795980704274213, 2.5641051899124627, 2.2878924836228003, 2.0605272141672275, 1.8917891341572153, 1.8136852665205567, 1.855332275856215, 1.969723575773576, 2.1492605928419946, 2.3849681126811277, 2.667371326253457, 2.986682061789337, 2.814390019404859, 2.8287153696884793, 2.9460612668726713, 3.114660841135612, 3.329170958550695, 3.583806114866334, 3.8728855662847654, 4.191181366752247, 4.526354250868312, 4.404762838050354, 4.174815362698363, 4.241539559006103, 4.350243109510801, 4.498651862296562, 4.630001314438543, 4.210994774028679, 3.80598216597579, 3.4184077357626497, 3.052707720485594, 2.714553203035321, 2.411059114498904, 2.1584045243886454, 2.1404633079277744, 2.2272481434784206, 2.4334506832835983, 2.720423159633913, 3.0442748427722637, 3.1107343741117464, 3.131551835303241, 3.0427086923797924, 2.863814981053857, 2.8430708238058773, 2.4580688881417587, 2.101281146784475, 1.7818664735739982, 1.5116608112662044, 1.3014153893719587, 1.3794651992141795, 1.481758532586034, 1.768545908601749, 1.7338900782882054, 1.7756133101721052, 2.027145236322761, 2.0797265845275774, 2.199384846872135, 2.379950742628622, 2.6134498848682104, 2.891485022813122, 3.2062027318230633, 3.2568984020182152, 3.4025042005890263, 3.53154432125624, 3.63082012852364, 3.4905538201509922, 3.4606778003828063, 3.480865236918753, 3.550518206694347, 3.6676446149495647, 3.829126883670978, 3.7750950425901313, 3.6832320878617613, 3.492660035318822, 3.216079830959598, 2.978237843952018, 2.7855586439278563, 2.702641973232701, 2.9087326412961025, 3.1593846157434586, 3.447857481453305, 3.76796515968161, 4.113728975561747, 4.041147742390166, 3.816878699366027, 3.6944791116705713, 3.900333100393389, 4.163030854947765, 4.118782966938097, 3.733850700108761, 3.3697874196978588, 3.031603546074473, 2.7470589844570212, 2.4825016818706263, 2.167085639710865, 1.8771912000850608, 1.70258463611977, 1.6143137467899127, 1.624756773103611, 1.3848639241203564, 1.1560173291658868, 1.0066386908967133, 0.9511813779398111, 0.9642324070691237, 0.9432411981338888, 1.0099462004504351, 1.135636180333301, 1.3334376491190416, 1.6019806771364054, 1.9225891824927648, 2.2438116819558442, 2.4539100249218357, 2.5041938369222794, 2.582492996606009, 2.7187216866974713, 2.825203075538551, 2.9476356294088055, 3.120985505973525, 3.3313894349232416, 3.5105757305125196
2OAR.pdb, 50, 50, 0.21020155219363218, 1.5596884362010313, 0.9389318337572274, -, -, -, 1.6780486640149428, 75.35650000403307, , Upper limit of R overestimation, -, -, -, -, -, -, -, -, -, -, -, -, -, -, -, -, -, -, -, -, -, -, -, -, -, -, -, -, -, -, -, -, -, -, -, -, -, -, -, -, -, -, -, -, -, -, -, -, -, -, -, -, -, -, -, -, -, -, -, -, -, -, -, -, -, -, -, -, -, -, -, -, -, -, -, -, -, -, -, -, -, -, -, -, -, -, -, -, -, -, -, -, -, -, -, -, -, -, -, -, -, -, -, -, -, -, -, -, -, -, -, -, -, -, -, -, -, -, -, -, -, -, -, -, -, -, -, -, -, -, -, -, -, -, -, -, -, -, -, -, -, -, -, -, -, -, -, -, -, -, -, -, -, -, -, -, -, -
2OAR.pdb, 51, 51, 0.21010752983467218, 1.5601358324841408, 1.0070965579790108, -, -, -, 1.2376096213837855, 63.314336653706256, , X, 63.068282105920325, 62.79374789385973, 62.403422282203735, 62.01455499107009, 61.6318213213522, 61.25086628976528, 60.86615262523272, 60.47446739312172, 60.0885964226243, 59.70563499791301, 59.32267357320171, 58.93971214849042, 58.55675072377913, 58.17378929906784, 57.826140850037795, 57.443996606509145, 57.05421356598525, 56.6613398266591, 56.26432612755236, 55.86830890765192, 55.47229168775148, 55.076274467851036, 54.6802572479506, 54.428679366667886, 54.021937714905505, 53.62890682471425, 53.246536538581545, 52.87095819103486, 52.496298609227274, 52.12163902741969, 51.74444596902282, 51.366860471219574, 50.98811607188813, 50.61300530579921, 50.25588619420719, 49.940931426090955, 49.54746105815216, 49.247575309091864, 48.85265758871987, 48.457739868347886, 48.06282214797589, 47.6679044276039, 47.27298670723191, 46.87806898685992, 46.48315126648793, 46.08823354611594, 45.69331582574395, 45.374619940590826, 45.08129618566133, 44.78761353452235, 44.4660145164771, 44.07198718846425, 43.67795986045139, 43.283932532438534, 42.88990520442567, 42.49587787641282, 42.1411379583235, 41.75413971458738, 41.367141470851266, 41.082065967085995, 40.89586161411496, 40.831367907656954, 40.71170217290538, 40.54441381237013, 40.56648334949563, 40.49041332066662, 40.357815427229035, 40.30198426141086, 40.25467912223094, 40.20737398305101, 40.160068843871095, 40.11276370469117, 40.06545856551125, 39.97557293252214, 39.694813569196725, 39.37447905359739, 39.040511694789835, 38.632306894814825, 38.224102094839814, 37.93286955595273, 38.143730292086055, 38.10610068810656, 38.076609110178026, 38.05093295851216, 38.03059004944005, 38.29627136756455, 38.30754084411666, 38.042568435622, 37.736472407249686, 37.38591908712291, 37.037678682197765, 36.68943827727262, 36.34119787234748, 36.02104490374291, 35.58187333055084, 35.11505457849384, 34.65424282905464, 34.246039932280524, 33.952687943795425, 33.68845963375924, 33.424231323723056, 33.187811457670534, 32.96837696814411, 32.75968935708353, 32.55376800863662, 32.324401916910766, 31.876395612105913, 31.443118276751285, 31.06244259553538, 30.671201218552135, 30.291811609254854, 29.98496598903142, 29.697784233635016, 29.43936669770758, 29.21339723371445, 29.22443607274526, 29.093294771935952, 28.99010068983087, 28.961804015617428, 28.939670912559748, 28.921920214072635, 28.90394099588641, 28.884675565648575, 28.865410135410738, 28.86041188400739, 28.906990819469573, 28.942852790815383, 28.856858506362318, 28.703637338054115, 28.550416169745912, 28.39719500143771
2OAR.pdb, 51, 51, 0.21010752983467218, 1.5601358324841408, 1.0070965579790108, -, -, -, 1.2376096213837855, 63.314336653706256, , Y, 158.9692796110366, 158.80511158423258, 158.50055374051826, 158.18783964722232, 157.86760216059088, 157.54691322785456, 157.2301142553982, 156.9205304383884, 156.60345829277466, 156.28263887254843, 155.96181945232223, 155.641000032096, 155.3201806118698, 154.9993611916436, 154.69769250130008, 154.48221700426683, 154.17173504359323, 153.86441648535185, 153.56255339665796, 153.26005245365207, 152.9575515106462, 152.6550505676403, 152.35254962463443, 152.01469327282234, 151.79540418427982, 151.50050744395983, 151.1806385042043, 150.85163728605102, 150.5215533512378, 150.1914694164246, 149.8636728266321, 149.5362305500888, 149.21066933418555, 149.12580761916817, 148.85056699721102, 148.53833774370523, 148.23021221158146, 147.94795958652614, 147.65177335324876, 147.3555871199714, 147.05940088669402, 146.76321465341667, 146.4670284201393, 146.17084218686193, 145.87465595358455, 145.5784697203072, 145.28228348702982, 144.93566037912518, 144.66647192030055, 144.39073824339104, 144.2157233991542, 143.91304429291574, 143.6103651866773, 143.30768608043886, 143.00500697420043, 142.70232786796197, 142.39263757176576, 142.0766868778498, 141.76073618393386, 141.45635188217298, 141.02045863992348, 140.99004384927048, 140.823656972039, 140.76393780817253, 140.82240469241282, 140.96132515368214, 141.11425740993243, 141.0509276646622, 140.9635789772932, 140.87623028992417, 140.78888160255514, 140.7015329151861, 140.61418422781708, 140.52336257494514, 140.477399462176, 140.45317513635146, 140.46606275539264, 140.5568101104776, 140.6475574655626, 140.70417705249054, 140.61438510486963, 140.57184472576105, 140.5737673935003, 140.57281467133956, 140.5611810674866, 140.32968080163533, 140.07547396313348, 139.82481766784485, 139.62695461709305, 139.48926453036322, 139.35906861899088, 139.2288727076185, 139.09867679624617, 138.9347998796753, 138.74896081854828, 138.58683241680674, 138.4065733363029, 138.2814740073735, 138.26066374823714, 138.2625864151084, 138.26450908197967, 138.17975039839214, 138.0763253250125, 137.97023245605817, 137.8575203174353, 137.74963516792886, 137.6867653942102, 137.637556898563, 137.33527936270664, 137.02776206131438, 136.7257035080761, 136.45705763866098, 136.0982351169245, 135.69954211501923, 135.29019738263153, 134.9188814745881, 134.51170078204618, 134.2068127845911, 133.99692288615182, 133.81536696130794, 133.65395697657715, 133.45515982611593, 133.04593082525088, 132.6367018243858, 132.2623231737479, 132.01393180110287, 131.74351304104596, 131.38088735361265, 131.09819753013056, 130.81550770664845, 130.53281788316636
2OAR.pdb, 51, 51, 0.21010752983467218, 1.5601358324841408, 1.0070965579790108, -, -, -, 1.2376096213837855, 63.314336653706256, , Z, -0.5904458934469397, -0.3406510453511297, -0.3082696882501119, -0.2776110252759299, -0.24759703951137008, -0.20252074497597175, -0.1637017549450837, -0.13648890518999054, -0.11382835350169089, -0.09344584166397113, -0.07306332982625136, -0.05268081798853161, -0.03229830615081185, -0.011915794313092087, -0.08282927819459815, -0.14320226898905009, -0.10273542594718792, -0.06879356732210704, -0.0335109183509031, 0.007275611568648248, 0.04806214148819961, 0.08884867140775095, 0.12963520132730233, 0.06792440495630259, 0.019813296007875195, 0.05535362181216626, 0.0934766991233858, 0.11949995802966873, 0.1454767503258086, 0.17145354262194845, 0.18750771290887966, 0.20202485383960675, 0.22386115676223306, 0.4108033686540404, 0.4393533977788709, 0.3787762712770532, 0.3942593590683008, 0.2383041567589102, 0.317763009967068, 0.3972218631752258, 0.4766807163833836, 0.5561395695915414, 0.6355984227996991, 0.715057276007857, 0.7945161292160148, 0.8739749824241726, 0.9534338356323303, 0.828533005063545, 0.603481729477974, 0.546236817136218, 0.7449541950175178, 0.8008811422410497, 0.8568080894645816, 0.9127350366881135, 0.9686619839116455, 1.0245889311351775, 1.0008535420120923, 1.0210406259815197, 1.0412277099509468, 0.9085596730341857, 0.8992304672862779, 1.3297347930538692, 1.7467093815486976, 2.214093833468654, 2.697434995149653, 3.1611176507626237, 3.6183151175689363, 4.105065897172021, 4.595098988526141, 5.085132079880262, 5.575165171234383, 6.065198262588503, 6.555231353942624, 7.01700314562973, 7.42817412243826, 7.8108119392236395, 8.161928876276972, 8.436034255323866, 8.710139634370758, 9.016621918363803, 9.46100141796635, 9.951835578159, 10.45096136408881, 10.950299648942968, 11.438943219580164, 11.793641088934505, 12.085535880139927, 12.42753155901427, 12.761967396350359, 13.090725054914401, 13.425056694218098, 13.759388333521796, 14.093719972825493, 14.426899007090276, 14.493671616002471, 14.569676816922035, 14.641504356728833, 14.831024144259947, 15.218753884022924, 15.64322968254096, 16.067705481058997, 16.497196857683427, 16.93425270221337, 17.375985889166895, 17.81745205101949, 18.236785275993533, 18.44971188872116, 18.686531864364586, 18.665630819318718, 18.61701709408928, 18.615852188547446, 18.90511878218711, 18.965168096797505, 19.11708731630131, 19.207724081858743, 18.89877350871326, 18.80456460271352, 19.082681060785916, 19.535610998813432, 20.00021073706375, 20.473107902980846, 20.91790488724913, 21.2045413609379, 21.49117783462667, 21.80918828854384, 22.240618617527247, 22.64112871584932, 22.88772997788225, 23.270626487767007, 23.653522997651766, 24.036419507536525
2OAR.pdb, 51, 51, 0.21010752983467218, 1.5601358324841408, 1.0070965579790108, -, -, -, 1.2376096213837855, 63.314336653706256, , distance, 0.0, 0.405854211203562, 0.8610260958094789, 1.3486492888665422, 1.842459803379057, 2.3402162929167662, 2.8383412310206744, 3.336364021497731, 3.8344232370156286, 4.332717747807544, 4.831364673026394, 5.330265108357043, 5.829353964803426, 6.328586664380153, 6.7811633228210235, 7.208768624083908, 7.708652007955151, 8.208572229755443, 8.708425912833132, 9.208265840426117, 9.708122253897157, 10.20799273144668, 10.707875303435452, 11.110466150328445, 11.561714914223758, 12.05410388195878, 12.553778968629526, 13.053181798072117, 13.55258263772857, 14.052026090617755, 14.551513721298589, 15.051036268131043, 15.550690721548941, 15.906928085183234, 16.35867722463786, 16.794977693211006, 17.294791552665266, 17.696560628898823, 18.193261712000353, 18.69013871939915, 19.18717798373251, 19.684367213819073, 20.18169532614942, 20.679152300482887, 21.176729055631156, 21.67441734221842, 22.17220964977791, 22.627895409902894, 23.011463089133567, 23.409586912416653, 23.78014032260311, 24.2793169892778, 24.77852685631195, 25.277767956686997, 25.777038475652134, 26.27633673628023, 26.744394877538536, 27.24425157587617, 27.744113438593633, 28.14859419985802, 28.565635655070377, 28.660432053737562, 28.888450668695064, 29.096813504989743, 29.093816822899186, 29.122513827767825, 29.193848389921417, 29.349948637006115, 29.522120725522853, 29.70171273293505, 29.888590907020788, 30.082619459493475, 30.2836609524368, 30.518819655282645, 30.863683024489916, 31.22216458176357, 31.564328743800083, 31.90005112069463, 32.240032164363235, 32.52227986276492, 32.54484642008847, 32.75234052888994, 32.93768757970731, 33.128333618143536, 33.32341996159455, 33.38342058842737, 33.626636965641225, 34.092000597718844, 34.55594101515039, 35.01755554419586, 35.47656976851783, 35.936677765065944, 36.39783805447593, 36.85721186197984, 37.30810314764666, 37.77110540372213, 38.23865617136759, 38.68499299127229, 39.070390220351065, 39.43948952905485, 39.811446553150375, 40.212368567824655, 40.61569756842492, 41.01662403015595, 41.42092053296472, 41.83209429224932, 42.2895590282315, 42.74102540392315, 43.16480302141056, 43.588159823798705, 44.02221691466025, 44.51272835319514, 44.9343614957562, 45.39572116267804, 45.81287700266136, 45.86564332639938, 46.13717978666288, 46.49230190167057, 46.81803727357343, 47.13233034821586, 47.43957091996944, 47.75752993180764, 48.12027054982552, 48.48545359578798, 48.8383406633506, 49.14104297444754, 49.45192969026731, 49.827358291434116, 50.270038806069834, 50.71378480082696, 51.158568550003494
2OAR.pdb, 51, 51, 0.21010752983467218, 1.5601358324841408, 1.0070965579790108, -, -, -, 1.2376096213837855, 63.314336653706256, , length, 0.0, 0.5, 1.0, 1.5, 2.0, 2.5, 3.0, 3.5, 4.0, 4.5, 5.0, 5.5, 6.0, 6.5, 7.0, 7.5, 8.0, 8.5, 9.0, 9.5, 10.0, 10.5, 11.0, 11.5, 12.0, 12.5, 13.0, 13.5, 14.0, 14.5, 15.0, 15.5, 16.0, 16.5, 17.0, 17.5, 18.0, 18.5, 19.0, 19.5, 20.0, 20.5, 21.0, 21.5, 22.0, 22.5, 23.0, 23.5, 24.0, 24.5, 25.0, 25.5, 26.0, 26.5, 27.0, 27.5, 28.0, 28.5, 29.0, 29.5, 30.0, 30.5, 31.0, 31.5, 32.0, 32.5, 33.0, 33.5, 34.0, 34.5, 35.0, 35.5, 36.0, 36.5, 37.0, 37.5, 38.0, 38.5, 39.0, 39.5, 40.0, 40.5, 41.0, 41.5, 42.0, 42.5, 43.0, 43.5, 44.0, 44.5, 45.0, 45.5, 46.0, 46.5, 47.0, 47.5, 48.0, 48.5, 49.0, 49.5, 50.0, 50.5, 51.0, 51.5, 52.0, 52.5, 53.0, 53.5, 54.0, 54.5, 55.0, 55.5, 56.0, 56.5, 57.0, 57.5, 58.0, 58.5, 59.0, 59.5, 60.0, 60.5, 61.0, 61.5, 62.0, 62.5, 63.0, 63.5, 64.0, 64.5, 65.0
2OAR.pdb, 51, 51, 0.21010752983467218, 1.5601358324841408, 1.0070965579790108, -, -, -, 1.2376096213837855, 63.314336653706256, , R, 3.1899092912527345, 3.102958534162822, 2.7785521980303085, 2.4815840719347784, 2.219640550972948, 2.005951689077987, 1.850526456633565, 1.759137741058678, 1.734120159834271, 1.7812054664407841, 1.901493394510252, 2.0876691319598595, 2.3301864997315054, 2.6191539714938687, 2.825050506523764, 2.700413713081089, 2.536828676991133, 2.4231641228522287, 2.3668280448888983, 2.3698533332575016, 2.4365749908189662, 2.5638722264162177, 2.746326178975694, 2.865182541911182, 2.6659211337694253, 2.4021910437617664, 2.1684734096039096, 1.9765664750123615, 1.848074095469339, 1.7908713522217852, 1.8002240657252266, 1.8825348438436227, 2.036137778299302, 2.1422744789228627, 2.129387953912286, 2.188220396072182, 2.2818289808955465, 2.2485338435290654, 1.8940702308497674, 1.5799844761748827, 1.3197063164834346, 1.1291432908067738, 1.0240102960831785, 1.0149588947215409, 1.1029839513955397, 1.278941410717481, 1.5276386321182973, 1.747088733452181, 1.9017840909133485, 1.9523347540900824, 2.1022585604560575, 2.300126860630893, 2.5501328459682866, 2.8433236799882677, 3.1716101382001685, 3.528149942442188, 3.8661066453558157, 4.256018011134325, 4.661797742950659, 4.976322890147367, 5.228935919151494, 5.253317106205589, 5.145992955387758, 4.944220293721747, 4.703343365667902, 4.401168464793317, 4.101247895249493, 3.748153837676402, 3.4105550188269107, 3.1024777695445604, 2.8301986927252103, 2.600819894443648, 2.421837710852265, 2.2274455856453415, 1.9994005728832551, 1.8274681805058433, 1.7043995894138653, 1.6245096877686134, 1.6231082769655258, 1.6621756411581843, 1.614684419207998, 1.6147667037629634, 1.6476409904751015, 1.7563425992967443, 1.923005673764076, 2.0146617279795, 1.9999196842378133, 1.7944281153022268, 1.5926720554894551, 1.3870735448742182, 1.2521422683449401, 1.2036866406732054, 1.2462547021593604, 1.3526966115936805, 1.2314003601266537, 1.1569075019534116, 1.1645480972123945, 1.1858102652231208, 1.1546053963140568, 1.1874861620387027, 1.3097435589236532, 1.4469276660084431, 1.635345651722886, 1.8778265051222784, 2.16811132766186, 2.4868717696391243, 2.727024196587758, 3.0081367198992086, 2.944218353540831, 2.9062164581114245, 2.9069671707993705, 2.856399814773472, 2.836304352304421, 2.80407443279952, 2.804730752017828, 2.721399846348372, 2.743573298094008, 2.7055654268950984, 2.6255848078756805, 2.6014924013314187, 2.635291618241236, 2.721712931375731, 2.828963776115337, 2.9894171751709435, 3.188178582622615, 3.396948504210467, 3.645530904271706, 3.855641902243654, 4.023832537999599, 4.230707135440673, 4.47226050049842
2OAR.pdb, 51, 51, 0.21010752983467218, 1.5601358324841408, 1.0070965579790108, -, -, -, 1.2376096213837855, 63.314336653706256, , Upper limit of R overestimation, -, -, -, -, -, -, -, -, -, -, -, -, -, -, -, -, -, -, -, -, -, -, -, -, -, -, -, -, -, -, -, -, -, -, -, -, -, -, -, -, -, -, -, -, -, -, -, -, -, -, -, -, -, -, -, -, -, -, -, -, -, -, -, -, -, -, -, -, -, -, -, -, -, -, -, -, -, -, -, -, -, -, -, -, -, -, -, -, -, -, -, -, -, -, -, -, -, -, -, -, -, -, -, -, -, -, -, -, -, -, -, -, -, -, -, -, -, -, -, -, -, -, -, -, -, -, -, -, -, -, -
2OAR.pdb, 52, 52, 0.20913750001801285, 1.564763348512226, 1.0723674037754236, -, -, -, 1.5950487988842814, 92.67133440006977, , X, 63.068282105920325, 62.79374789385973, 62.403422282203735, 62.01455499107009, 61.6318213213522, 61.25086628976528, 60.86615262523272, 60.47446739312172, 60.0885964226243, 59.70563499791301, 59.32267357320171, 58.93971214849042, 58.55675072377913, 58.17378929906784, 57.826140850037795, 57.443996606509145, 57.05421356598525, 56.6613398266591, 56.26432612755236, 55.86830890765192, 55.47229168775148, 55.076274467851036, 54.6802572479506, 54.428679366667886, 54.021937714905505, 53.62890682471425, 53.246536538581545, 52.87095819103486, 52.496298609227274, 52.12163902741969, 51.74444596902282, 51.366860471219574, 50.98811607188813, 50.61300530579921, 50.25588619420719, 49.940931426090955, 49.54746105815216, 49.24785371146132, 49.45779628068663, 49.56368985459679, 49.66958342850694, 49.77547700241709, 49.88137057632725, 49.9872641502374, 50.135593702527416, 49.97144980091777, 49.80730589930812, 49.9174403914419, 50.04497117062683, 49.93984996003906, 49.81590463577635, 49.737556319663, 50.067652220278866, 50.216939469677136, 50.30468911905832, 50.38384813898323, 50.567180996761294, 50.75030276646965, 50.942597172504755, 51.1371810521987, 51.32705032353638, 51.51691959487407, 51.69792426513809, 51.870365803961725, 51.6317049371434, 51.287665783977666, 50.935944612295785, 50.57855478082857, 50.22116494936135, 49.85059419849173, 49.47147954717539, 49.092364895859056, 48.707112409038075, 48.269744138766754, 48.01334092188323, 47.75693770499969, 47.500534488116166, 47.24413127123263, 47.0912428699034, 47.00289874933795, 47.01752437657526, 47.15041744449085, 47.10942474597329, 47.00879389693422, 46.93171972769474, 46.9272912845836, 47.016020073367535, 47.11810237051559, 47.22018466766363, 47.33004046405324, 47.44757980578476, 47.56511914751629, 47.687429576406814, 47.82508676804967, 48.08170682829023, 48.33832688853078, 48.367977362278694, 48.07595211413599, 47.78392686599329, 47.49312198492372, 47.37405561694189, 47.33526440983086, 47.29647320271984, 47.257681995608806, 47.21889078849778, 47.18987909912839, 47.176559104953036, 47.16323911077769, 47.14996912247064, 47.13675772513702, 47.123546327803396, 47.110334930469776, 47.10467365257162, 46.91105289749769, 46.5314651245022, 46.152789722447, 45.77198459530809, 45.38414923284103, 44.99631387037397, 44.6084785079069, 44.231185217156465, 43.901460703312154, 43.66416701027256, 43.48031477557567, 43.296084942055394, 43.11185510853511, 42.97828846689663, 42.95036128455294, 42.91666283220427, 42.822646412454894, 42.66126263732132, 42.4705551298568, 42.26605144815737, 42.05222263591691, 41.837938699523704, 41.62365476313049, 41.41047526218177, 41.23979168170978, 41.0691081012378, 40.89842452076582, 40.78880990450674, 40.54723050741084, 40.15012734990842, 39.66719466631066, 39.18426198271289, 38.70132929911512, 38.272670074466, 37.79712563887806, 37.32158120329012, 37.033456034126985, 36.82274045111664, 36.5004776215723, 36.06972975376154, 35.63898188595078, 35.20823401814002, 34.77748615032925, 34.512294847754475, 34.400811060462004, 34.23136295416942, 34.061914847876835, 33.8946200359002, 33.72743497163539, 33.561322321605836, 33.39853610257969, 33.28567403549219, 33.17281196840469, 33.054845950981424, 32.94774146942776, 32.846392233847595, 32.74504299826743, 32.60783521907981, 32.48703322100568, 32.36623122293155, 32.245429224857425, 32.12462722678329, 31.993615849558296, 31.85287116929267, 31.717405883389535, 31.706224305444145, 31.695042727498755, 31.259350471459523, 31.247411704548213, 31.33196668811857, 31.42674200871825, 31.770009596237475, 32.1132771837567, 32.348799564498464, 32.633190777736, 32.96965972915939, 33.35282239217659, 33.46859680000131, 33.74748040282201
2OAR.pdb, 52, 52, 0.20913750001801285, 1.564763348512226, 1.0723674037754236, -, -, -, 1.5950487988842814, 92.67133440006977, , Y, 158.9692796110366, 158.80511158423258, 158.50055374051826, 158.18783964722232, 157.86760216059088, 157.54691322785456, 157.2301142553982, 156.9205304383884, 156.60345829277466, 156.28263887254843, 155.96181945232223, 155.641000032096, 155.3201806118698, 154.9993611916436, 154.69769250130008, 154.48221700426683, 154.17173504359323, 153.86441648535185, 153.56255339665796, 153.26005245365207, 152.9575515106462, 152.6550505676403, 152.35254962463443, 152.01469327282234, 151.79540418427982, 151.50050744395983, 151.1806385042043, 150.85163728605102, 150.5215533512378, 150.1914694164246, 149.8636728266321, 149.5362305500888, 149.21066933418555, 149.12580761916817, 148.85056699721102, 148.53833774370523, 148.23021221158146, 147.9479481621797, 147.65102075519567, 147.41476987647243, 147.1785189977492, 146.94226811902593, 146.70601724030269, 146.46976636157945, 146.36990372144183, 146.34817895510778, 146.3264541887737, 146.20922197791788, 146.10045161930168, 146.1390778678239, 146.04177200236003, 145.72704226816057, 145.65452361711613, 145.34113005834138, 144.949071889808, 144.58365381420066, 144.37396523070188, 144.15474459517222, 144.0401492200482, 143.98232272840406, 143.92108202308708, 143.8598413177701, 143.86142464447448, 143.92369546736097, 143.82897496594467, 143.6940127230562, 143.56609344252757, 143.4433712540673, 143.320649065607, 143.18825536307298, 143.04959256421174, 142.91092976535052, 142.7697649814625, 142.60597276683262, 142.5069170069675, 142.40786124710237, 142.30880548723724, 142.20974972737213, 141.9572331282026, 141.60902955470706, 141.44648499000937, 141.49718185085587, 141.41731557210917, 141.2926696410002, 141.10890165170275, 140.74280895094998, 140.27226092355707, 139.78673987636105, 139.30121882916504, 138.81548561314537, 138.32954268349147, 137.84359975383757, 137.359537002929, 136.88329678177192, 136.4796729237218, 136.07604906567173, 135.70951923766455, 135.39556142635917, 135.08160361505375, 134.76195122568484, 134.35911837577913, 133.91970543528075, 133.48029249478236, 133.04087955428395, 132.60146661378556, 132.1529401616226, 131.6960545868318, 131.23916901204097, 130.78265600886706, 130.32657954113293, 129.87050307339877, 129.41442660566463, 129.02858406751375, 128.7519560838857, 128.57548648619394, 128.38677828977308, 128.19891476083737, 128.01877811107536, 127.83864146131337, 127.65850481155137, 127.48307734959428, 127.18979889676459, 126.80693209617607, 126.34610116535201, 125.88410855180321, 125.42211593825442, 124.9612332661598, 124.50376176441499, 124.04936462283044, 123.64732116329789, 123.30374998418947, 122.94433678921789, 122.57747027252675, 122.53410621203203, 122.50653107595421, 122.4789559398764, 122.44349958301535, 122.10479351306674, 121.76608744311811, 121.4273813731695, 121.13368256288643, 121.1055521672798, 121.12086534899703, 121.09346469571574, 121.06606404243446, 121.03866338915317, 121.04583976638034, 121.16834432093724, 121.29084887549415, 121.44577799096217, 121.61673546782025, 121.69733568131676, 121.70088529896022, 121.70443491660366, 121.70798453424712, 121.71153415189056, 121.5956124266628, 121.28581172216944, 120.88567783549858, 120.48554394882774, 120.09629746578574, 119.71482573309089, 119.31861571951333, 118.91689379651669, 118.43244735495055, 117.94800091338442, 117.46457341390061, 116.99114182825629, 116.52038100590727, 116.04962018355825, 115.71801321115485, 115.36209591607354, 115.00617862099224, 114.65026132591095, 114.29434403082965, 113.94154873248523, 113.59172984826778, 113.21176194847745, 112.72028453849548, 112.22880712851351, 112.24799055421275, 112.04905728595676, 111.79817622455185, 111.55618977846429, 111.30920880163386, 111.06222782480343, 110.69047703097426, 110.33148765084087, 109.99944197543338, 109.69865126224825, 109.27939704080872, 109.43253343324542
2OAR.pdb, 52, 52, 0.20913750001801285, 1.564763348512226, 1.0723674037754236, -, -, -, 1.5950487988842814, 92.67133440006977, , Z, -0.5904458934469397, -0.3406510453511297, -0.3082696882501119, -0.2776110252759299, -0.24759703951137008, -0.20252074497597175, -0.1637017549450837, -0.13648890518999054, -0.11382835350169089, -0.09344584166397113, -0.07306332982625136, -0.05268081798853161, -0.03229830615081185, -0.011915794313092087, -0.08282927819459815, -0.14320226898905009, -0.10273542594718792, -0.06879356732210704, -0.0335109183509031, 0.007275611568648248, 0.04806214148819961, 0.08884867140775095, 0.12963520132730233, 0.06792440495630259, 0.019813296007875195, 0.05535362181216626, 0.0934766991233858, 0.11949995802966873, 0.1454767503258086, 0.17145354262194845, 0.18750771290887966, 0.20202485383960675, 0.22386115676223306, 0.4108033686540404, 0.4393533977788709, 0.3787762712770532, 0.3942593590683008, 0.23786127734565857, -0.04080354545166059, -0.46855589589175795, -0.8963082463318554, -1.3240605967719528, -1.7518129472120503, -2.1795652976521476, -2.603064726762511, -3.074853677557347, -3.546642628352183, -3.9984958599079725, -4.4599336243964744, -4.94715686689288, -5.379726400065034, -5.722081633365136, -6.090468084612645, -6.407398900490962, -6.705040281215722, -7.028537628275064, -7.441245994455462, -7.85140960989925, -8.282258669533368, -8.739136408469765, -9.197611310524366, -9.656086212578964, -10.11796828245589, -10.583141648315518, -10.946119684090322, -11.282901889801254, -11.61430401151498, -11.941736100387391, -12.269168189259801, -12.218936962765866, -11.923903558946462, -11.628870155127057, -11.359134973496095, -11.466054138902495, -11.88372068868751, -12.301387238472527, -12.719053788257543, -13.13672033804256, -13.511339573008598, -13.859117645587151, -14.268129360958216, -14.747471890680222, -15.222569774615192, -15.696211858978117, -16.13725785052662, -16.47778174593948, -16.574732811845724, -16.63676923129971, -16.698805650753698, -16.732978221415948, -16.73960938003982, -16.74624053866369, -16.733987664286776, -16.705476637461278, -16.85119529067661, -16.996913943891947, -16.97594888041007, -16.718749060877627, -16.461549241345185, -16.210173239122376, -16.291578340295647, -16.52697483554021, -16.762371330784767, -16.997767826029328, -17.233164321273886, -17.180632634689253, -16.977955183296054, -16.775277731902857, -16.57176164967109, -16.367262958820426, -16.16276426796976, -15.958265577119096, -15.6438033271493, -15.344250581228165, -15.070806613141764, -14.804409373304798, -14.540491993477632, -14.281388695481319, -14.022285397485007, -13.763182099488693, -13.490870732556449, -13.294623327000993, -13.346222075497371, -13.407296130014625, -13.458503487566455, -13.509710845118287, -13.607805260477171, -13.807586362518956, -14.013468979631481, -14.275832087564767, -14.60127658668817, -14.889879404617512, -15.161149017921876, -14.74384334315169, -14.29293092762721, -13.842018512102731, -13.41078089396032, -13.736580392942782, -14.062379891925245, -14.388179390907707, -14.762149683175625, -14.629588277030214, -14.475166963839257, -14.601757750679447, -14.728348537519638, -14.85493932435983, -14.993759948789082, -14.899684851690223, -14.805609754591364, -14.47876018011137, -14.058843746765136, -13.724876714556693, -13.471019127332937, -13.217161540109181, -12.963303952885425, -12.70944636566167, -12.771423913898943, -12.936908544922494, -12.689562204720058, -12.442215864517623, -12.178233658662469, -11.90275974068146, -11.64697816855197, -11.410343773154072, -11.46107639645163, -11.511809019749185, -11.560116802300817, -11.673234745511403, -11.807817733249793, -11.942400720988182, -11.918062658457583, -11.588320704312666, -11.258578750167752, -10.928836796022837, -10.599094841877923, -10.270062391737492, -9.941706360543023, -9.904428753119875, -9.99566979537645, -10.086910837633026, -9.870944795085471, -9.493018988768243, -9.069329281398382, -8.654159624624613, -8.387386761606992, -8.12061389858937, -7.888094798888938, -7.862779374881649, -8.025672941885476, -8.098248851853057, -8.201517257129579, -8.460544760789814
2OAR.pdb, 52, 52, 0.20913750001801285, 1.564763348512226, 1.0723674037754236, -, -, -, 1.5950487988842814, 92.67133440006977, , distance, 0.0, 0.405854211203562, 0.8610260958094789, 1.3486492888665422, 1.842459803379057, 2.3402162929167662, 2.8383412310206744, 3.336364021497731, 3.8344232370156286, 4.332717747807544, 4.831364673026394, 5.330265108357043, 5.829353964803426, 6.328586664380153, 6.7811633228210235, 7.208768624083908, 7.708652007955151, 8.208572229755443, 8.708425912833132, 9.208265840426117, 9.708122253897157, 10.20799273144668, 10.707875303435452, 11.110466150328445, 11.561714914223758, 12.05410388195878, 12.553778968629526, 13.053181798072117, 13.55258263772857, 14.052026090617755, 14.551513721298589, 15.051036268131043, 15.550690721548941, 15.906928085183234, 16.35867722463786, 16.794977693211006, 17.294791552665266, 17.696329582179388, 17.710178277968254, 17.773451106978342, 17.850510185058607, 17.94117787330623, 18.045249045007502, 18.162493295554864, 18.167260022215014, 18.357327698502136, 18.55892302224502, 18.63809306698709, 18.713265265531945, 18.86665677555754, 19.122844175348032, 19.47816175106501, 19.40487950759783, 19.61429096528619, 19.921440585650533, 20.2309198954037, 20.401818370581598, 20.589430706919565, 20.71412931112388, 20.817329465270685, 20.93771885689953, 21.06928892477164, 21.173237872162595, 21.25127996567412, 21.616292506852332, 22.055505314044048, 22.49393707220348, 22.932485873239624, 23.373502340137655, 23.642542259288227, 23.806653232783603, 23.980068219456363, 24.17916735123864, 24.597426522940957, 25.003973527491276, 25.41385434709759, 25.826910256310125, 26.2429913310107, 26.676300376211564, 27.120701954010833, 27.41813596972381, 27.55129762111463, 27.872129791833117, 28.258695422343084, 28.65458267477332, 29.071347713984117, 29.372624200969664, 29.66247725539862, 29.95787144312313, 30.239858009699056, 30.509024273228327, 30.783958675942085, 31.05101513687039, 31.302393798615196, 31.540320519324034, 31.78433229438368, 32.02499212050486, 32.258523070557686, 32.49806918986122, 32.74990446862679, 33.14354147079347, 33.600326887313685, 34.0583263335482, 34.51749148403737, 34.977776431024324, 35.3054392356417, 35.56579991909749, 35.83124625447685, 36.10098186517344, 36.374794749994294, 36.653383125965945, 36.93663893823416, 37.11988166075638, 37.307069700034184, 37.50906321097786, 37.728769227834114, 37.95498711346071, 38.185128170275966, 38.42039796745782, 38.66070287223542, 38.89264857366551, 39.22624837288789, 39.66920854161784, 40.15260746228362, 40.63440944508804, 41.11664597072438, 41.588540555082126, 42.03921337025446, 42.493126160693244, 42.95132487477484, 43.414050995846495, 43.892330316766625, 44.3779447114308, 44.3792212147933, 44.36234448265911, 44.35109852489194, 44.357121113317, 44.81399537807469, 45.2717811669778, 45.7304511055309, 46.1383189319611, 46.23804861695996, 46.37380466140413, 46.67445884867358, 46.97851060707415, 47.2858943967589, 47.54434899588468, 47.66860998132963, 47.79777854316825, 47.73584204919219, 47.59662542092903, 47.618896589623326, 47.788745647340086, 47.963205779838084, 48.14222685763527, 48.32575819317216, 48.58612592738388, 48.93161338314683, 49.27795902709543, 49.62692518658028, 49.96486890538593, 50.29677827049738, 50.646645779381466, 51.00546664295107, 51.46269639620183, 51.92071468373771, 52.381109822012434, 52.84164294081072, 53.301979805825646, 53.763025154441955, 54.10014576056631, 54.385223209276425, 54.67338690561539, 54.964588308650264, 55.25877939429816, 55.55921531635874, 55.865642167065154, 56.24391646453988, 56.665743190624156, 57.088832212801435, 57.27839595100759, 57.387549728607326, 57.48215527016286, 57.56918990512896, 57.54873151120915, 57.532611367516346, 57.68695750101971, 57.83438791223953, 57.95907753146203, 58.02560184216795, 58.33655978334294, 58.0993725489103
2OAR.pdb, 52, 52, 0.20913750001801285, 1.564763348512226, 1.0723674037754236, -, -, -, 1.5950487988842814, 92.67133440006977, , length, 0.0, 0.5, 1.0, 1.5, 2.0, 2.5, 3.0, 3.5, 4.0, 4.5, 5.0, 5.5, 6.0, 6.5, 7.0, 7.5, 8.0, 8.5, 9.0, 9.5, 10.0, 10.5, 11.0, 11.5, 12.0, 12.5, 13.0, 13.5, 14.0, 14.5, 15.0, 15.5, 16.0, 16.5, 17.0, 17.5, 18.0, 18.5, 19.0, 19.5, 20.0, 20.5, 21.0, 21.5, 22.0, 22.5, 23.0, 23.5, 24.0, 24.5, 25.0, 25.5, 26.0, 26.5, 27.0, 27.5, 28.0, 28.5, 29.0, 29.5, 30.0, 30.5, 31.0, 31.5, 32.0, 32.5, 33.0, 33.5, 34.0, 34.5, 35.0, 35.5, 36.0, 36.5, 37.0, 37.5, 38.0, 38.5, 39.0, 39.5, 40.0, 40.5, 41.0, 41.5, 42.0, 42.5, 43.0, 43.5, 44.0, 44.5, 45.0, 45.5, 46.0, 46.5, 47.0, 47.5, 48.0, 48.5, 49.0, 49.5, 50.0, 50.5, 51.0, 51.5, 52.0, 52.5, 53.0, 53.5, 54.0, 54.5, 55.0, 55.5, 56.0, 56.5, 57.0, 57.5, 58.0, 58.5, 59.0, 59.5, 60.0, 60.5, 61.0, 61.5, 62.0, 62.5, 63.0, 63.5, 64.0, 64.5, 65.0, 65.5, 66.0, 66.5, 67.0, 67.5, 68.0, 68.5, 69.0, 69.5, 70.0, 70.5, 71.0, 71.5, 72.0, 72.5, 73.0, 73.5, 74.0, 74.5, 75.0, 75.5, 76.0, 76.5, 77.0, 77.5, 78.0, 78.5, 79.0, 79.5, 80.0, 80.5, 81.0, 81.5, 82.0, 82.5, 83.0, 83.5, 84.0, 84.5, 85.0, 85.5, 86.0, 86.5, 87.0, 87.5, 88.0, 88.5, 89.0, 89.5, 90.0, 90.5, 91.0, 91.5, 92.0, 92.5, 93.0, 93.5, 94.0, 94.5, 95.0, 95.5
2OAR.pdb, 52, 52, 0.20913750001801285, 1.564763348512226, 1.0723674037754236, -, -, -, 1.5950487988842814, 92.67133440006977, , R, 3.1899092912527345, 3.102958534162822, 2.7785521980303085, 2.4815840719347784, 2.219640550972948, 2.005951689077987, 1.850526456633565, 1.759137741058678, 1.734120159834271, 1.7812054664407841, 1.901493394510252, 2.0876691319598595, 2.3301864997315054, 2.6191539714938687, 2.825050506523764, 2.700413713081089, 2.536828676991133, 2.4231641228522287, 2.3668280448888983, 2.3698533332575016, 2.4365749908189662, 2.5638722264162177, 2.746326178975694, 2.865182541911182, 2.6659211337694253, 2.4021910437617664, 2.1684734096039096, 1.9765664750123615, 1.848074095469339, 1.7908713522217852, 1.8002240657252266, 1.8825348438436227, 2.036137778299302, 2.1422744789228627, 2.129387953912286, 2.188220396072182, 2.2818289808955465, 2.24865147425619, 2.048582951500206, 1.7524547873484542, 1.5103690185754126, 1.336100915976834, 1.2425148860676924, 1.2378369330414514, 1.171289036072395, 1.0818964552059915, 1.0870469216229393, 1.0974556866375558, 1.1802092478904882, 1.3285527017093495, 1.4198367011711759, 1.3457777564660676, 1.4000564422900625, 1.371490350205153, 1.3728006165926208, 1.4404258829691972, 1.3900012769794037, 1.415477345116929, 1.4376746055918748, 1.486099178869496, 1.6099945692981397, 1.8052217571873057, 2.016695298358317, 2.243073255658295, 2.2530216432806953, 2.2586409974716495, 2.318228418857958, 2.4322794842424145, 2.6042003888994354, 2.5567196949517697, 2.3856008047609807, 2.2731242823154933, 2.2395457014636513, 2.4712128948011456, 2.8160930552656516, 3.188887936256213, 3.5834839285056606, 3.995203606469271, 4.2797733062233565, 4.507204082890102, 4.776339730550777, 5.083509377084413, 5.3461438346145815, 5.611923198989604, 5.835865856833864, 5.885636557813026, 5.693435800001444, 5.4902858176452, 5.3177305042983605, 5.151005102912659, 4.990879838358586, 4.865984924504753, 4.759531119956083, 4.669918433804343, 4.721170476981019, 4.811613351139515, 4.750865943606657, 4.451009255077754, 4.17931077988932, 3.9388246164208174, 3.7816595867161484, 3.690924614748915, 3.6471923041215537, 3.6516551774987733, 3.704189721107642, 3.563619180071695, 3.3300179152448774, 3.1385581018593895, 2.9939091453969193, 2.9005466378266163, 2.8625893466650933, 2.88147091161632, 2.8547287231784915, 2.7206331064146227, 2.482869229144852, 2.2894202773661645, 2.151261669164426, 2.071170402622423, 2.059783160732868, 2.1177451938064475, 2.234265689006314, 2.3162541540139294, 2.35567258330354, 2.374626176808165, 2.455594708721471, 2.596138180254505, 2.748018702002159, 2.8614851533137444, 3.0212717751463614, 3.1567429281094737, 3.2616964063358407, 3.3947405843234235, 3.5642296422055533, 3.348763488538539, 3.1542424530700175, 3.00683411589579, 2.9169155876020114, 3.096919685873137, 3.3220734030062222, 3.58640796396033, 3.873621726383407, 3.789809559385564, 3.6233448305006566, 3.5591111378540945, 3.5436690112910294, 3.577461894035577, 3.6247086131420247, 3.546059002952544, 3.516058074392626, 3.3936091991710033, 3.25736453957462, 3.147811370573135, 3.0756002971414413, 3.057184854353301, 3.0932093265703755, 3.1824227150045377, 3.2349251885410557, 3.1118002429740677, 2.8269036336431204, 2.583360684797882, 2.387306615566136, 2.235015408920385, 2.1412409613198964, 2.1116752420852754, 2.109160010893033, 2.174934330316991, 2.3016341863978944, 2.471564271111178, 2.691251775158116, 2.9562370018949475, 3.060014736552288, 2.930634413504912, 2.8549009564002996, 2.8356136277165693, 2.8735158779260535, 2.956726089097422, 3.0832613462531637, 3.1862294029705835, 3.446046123399698, 3.7406684942202415, 3.4792348047221737, 3.2652803205402816, 3.091297894676925, 2.96767230461993, 3.0423864536142884, 3.1695135771840532, 3.181964501971725, 3.243048962196013, 3.365286658412655, 3.447884146116152, 3.3753306325267896, 3.647429811470627
2OAR.pdb, 52, 52, 0.20913750001801285, 1.564763348512226, 1.0723674037754236, -, -, -, 1.5950487988842814, 92.67133440006977, , Upper limit of R overestimation, -, -, -, -, -, -, -, -, -, -, -, -, -, -, -, -, -, -, -, -, -, -, -, -, -, -, -, -, -, -, -, -, -, -, -, -, -, -, -, -, -, -, -, -, -, -, -, -, -, -, -, -, -, -, -, -, -, -, -, -, -, -, -, -, -, -, -, -, -, -, -, -, -, -, -, -, -, -, -, -, -, -, -, -, -, -, -, -, -, -, -, -, -, -, -, -, -, -, -, -, -, -, -, -, -, -, -, -, -, -, -, -, -, -, -, -, -, -, -, -, -, -, -, -, -, -, -, -, -, -, -, -, -, -, -, -, -, -, -, -, -, -, -, -, -, -, -, -, -, -, -, -, -, -, -, -, -, -, -, -, -, -, -, -, -, -, -, -, -, -, -, -, -, -, -, -, -, -, -, -, -, -, -, -, -, -, -, -, -, -, -, -
2OAR.pdb, 53, 53, 0.2052151550031786, 1.5836963136213347, 1.0070965579790108, -, -, -, 1.4314651279443176, 85.81248909977556, , X, 63.068282105920325, 62.79374789385973, 62.403422282203735, 62.01455499107009, 61.6318213213522, 61.25086628976528, 60.86615262523272, 60.47446739312172, 60.0885964226243, 59.70563499791301, 59.32267357320171, 58.93971214849042, 58.55675072377913, 58.17378929906784, 57.826140850037795, 57.443996606509145, 57.05421356598525, 56.6613398266591, 56.26432612755236, 55.86830890765192, 55.47229168775148, 55.076274467851036, 54.6802572479506, 54.428679366667886, 54.021937714905505, 53.62890682471425, 53.246536538581545, 52.87095819103486, 52.496298609227274, 52.12163902741969, 51.74444596902282, 51.366860471219574, 50.98811607188813, 50.61300530579921, 50.25588619420719, 49.940931426090955, 49.54746105815216, 49.247575309091864, 48.85265758871987, 48.457739868347886, 48.06282214797589, 47.6679044276039, 47.27298670723191, 46.87806898685992, 46.48315126648793, 46.08823354611594, 45.69331582574395, 45.374619940590826, 45.08129618566133, 44.78761353452235, 44.4660145164771, 44.07198718846425, 43.67795986045139, 43.283932532438534, 42.88990520442567, 42.49587787641282, 42.1411379583235, 41.75413971458738, 41.367141470851266, 41.082065967085995, 40.89586161411496, 40.62273813983697, 40.3704248212961, 39.99525703076441, 39.62008924023271, 39.27489080372531, 38.91077465652104, 38.523805108881696, 38.13683556124235, 37.74992145011914, 37.36209033708711, 36.97742187252433, 36.59338752003669, 36.20935316754905, 35.90018892222992, 35.59130441546201, 35.204462390736516, 34.82099584307477, 34.54748763722924, 34.15884829168988, 33.77020894615052, 33.39622606987176, 32.99057301908144, 32.595264111108776, 32.219259258365746, 31.83973772692892, 31.43417422385689, 31.04128238384504, 30.66908323472897, 30.48217036024188, 30.134781716516446, 29.782297864838533, 29.468354202941402, 29.09291449156953, 28.71145817750356, 28.329828357534296, 27.94727796681399, 27.56273596179537, 27.178193956776745, 26.791087173113723, 26.456946192027644, 26.1296235567806, 25.735445357656836, 25.344235916041857, 25.131215043020127, 24.92442811913607, 24.582085622757816, 24.1951487423424, 23.806708412873288, 23.418268083404172, 23.030890766583607, 22.64572694793248, 22.26056312928135, 21.875399310630225, 21.491608706677134, 21.111482077706214, 20.731355448735293, 20.35122881976437, 19.97110219079345, 19.59097556182253, 19.206967637205853, 18.82208907951126, 18.437210521816667, 18.052331964122075, 17.69364240863559, 17.312117097443387, 17.07517904073274, 17.05072452588645, 17.431135335209508, 17.760571921504773, 18.128237713807057, 18.495903506109336, 18.86356929841162, 19.231235090713902, 19.598900883016185, 19.966566675318468, 20.33423246762075, 20.701898259923034, 21.069564052225314, 21.437229844527597, 21.795260961599627, 22.143259443917305, 22.489315102263227, 22.83143785779191, 23.181522700390456, 23.533025650191227, 23.884528599992, 24.266511313745518, 24.68211825849919, 25.052063419411613, 25.422008580324032, 25.795532865137137, 25.92467321584426, 25.9619832581638, 25.99983711883669, 26.033497885428975, 26.041661059187874, 26.219957918068882, 26.3802963077839, 26.535629680138175, 26.641597881756727, 26.863084766784635, 27.079435006278743, 27.39455885218796, 27.78924313921451, 28.17873441416593, 28.575946965020336, 29.034190820602678, 29.286774035033204, 29.56784890926985, 29.92102300428216, 30.263156288843927, 30.598627224704764, 30.937920286366342, 31.27721334802792, 31.616506409689496, 31.976413265878147
2OAR.pdb, 53, 53, 0.2052151550031786, 1.5836963136213347, 1.0070965579790108, -, -, -, 1.4314651279443176, 85.81248909977556, , Y, 158.9692796110366, 158.80511158423258, 158.50055374051826, 158.18783964722232, 157.86760216059088, 157.54691322785456, 157.2301142553982, 156.9205304383884, 156.60345829277466, 156.28263887254843, 155.96181945232223, 155.641000032096, 155.3201806118698, 154.9993611916436, 154.69769250130008, 154.48221700426683, 154.17173504359323, 153.86441648535185, 153.56255339665796, 153.26005245365207, 152.9575515106462, 152.6550505676403, 152.35254962463443, 152.01469327282234, 151.79540418427982, 151.50050744395983, 151.1806385042043, 150.85163728605102, 150.5215533512378, 150.1914694164246, 149.8636728266321, 149.5362305500888, 149.21066933418555, 149.12580761916817, 148.85056699721102, 148.53833774370523, 148.23021221158146, 147.94795958652614, 147.65177335324876, 147.3555871199714, 147.05940088669402, 146.76321465341667, 146.4670284201393, 146.17084218686193, 145.87465595358455, 145.5784697203072, 145.28228348702982, 144.93566037912518, 144.66647192030055, 144.39073824339104, 144.2157233991542, 143.91304429291574, 143.6103651866773, 143.30768608043886, 143.00500697420043, 142.70232786796197, 142.39263757176576, 142.0766868778498, 141.76073618393386, 141.45635188217298, 141.02045863992348, 140.62757476045954, 140.22122768376582, 139.89069913820086, 139.5601705926359, 139.2054180641382, 138.86837484232618, 138.55186812823274, 138.23536141413928, 137.91880551704534, 137.60338191293454, 137.2862451411739, 136.96876487254661, 136.65128460391932, 136.3344495838101, 135.99778167780946, 135.68114571745542, 135.361038321438, 135.07101405908054, 134.759124207312, 134.4472343555435, 134.1276301169384, 133.83629808393255, 133.53278531752477, 133.2044556151333, 132.87979994628373, 132.60024290798734, 132.2961037627456, 132.07961163620467, 131.78584408157246, 131.4993415664634, 131.24656766846886, 130.89700573612825, 130.56687633289243, 130.24391648884514, 129.92116339949087, 129.59944566457213, 129.27996787340052, 128.96049008222892, 128.64895681695398, 128.30176112134797, 128.50341566075414, 128.30370621918377, 127.99245202119228, 127.55521658549824, 127.1134769399096, 126.76170889854711, 126.44517467195939, 126.13038841925149, 125.81560216654357, 125.49950597840196, 125.18068212781104, 124.86185827722011, 124.54303442662918, 124.22265661243776, 123.89813255384362, 123.57360849524949, 123.24908443665537, 122.92456037806123, 122.6000363194671, 122.28002231640916, 121.96101998674366, 121.64201765707818, 121.3230153274127, 121.06129036242483, 120.7381228583891, 120.43750235213794, 120.0663845923021, 119.75008467866634, 119.59507356079298, 119.25907664086255, 118.92307972093211, 118.58708280100167, 118.25108588107125, 117.91508896114081, 117.57909204121037, 117.24309512127994, 116.9070982013495, 116.57110128141908, 116.23510436148864, 115.91285051937264, 115.60372420917639, 115.2907257457713, 114.96988879443046, 114.6562830188069, 114.34396516961209, 114.03164732041729, 113.75890271745098, 113.62144063138727, 113.55269695369182, 113.48395327599637, 113.40793271787834, 113.1967131011553, 113.01015007554179, 112.83068254441483, 112.64389513681917, 112.4365445569321, 112.21810147503956, 112.02171504520263, 111.80240707633517, 111.37442508324052, 111.0217102509219, 110.66723204672607, 110.50060108206051, 110.24510728366111, 109.93936836150472, 109.65498153529657, 109.50311013506523, 109.3993405775936, 109.40178378289839, 109.44192022476219, 109.45829217023142, 109.38573430245181, 109.3106920298777, 109.23564975730359, 109.16060748472948, 109.08998032595895
2OAR.pdb, 53, 53, 0.2052151550031786, 1.5836963136213347, 1.0070965579790108, -, -, -, 1.4314651279443176, 85.81248909977556, , Z, -0.5904458934469397, -0.3406510453511297, -0.3082696882501119, -0.2776110252759299, -0.24759703951137008, -0.20252074497597175, -0.1637017549450837, -0.13648890518999054, -0.11382835350169089, -0.09344584166397113, -0.07306332982625136, -0.05268081798853161, -0.03229830615081185, -0.011915794313092087, -0.08282927819459815, -0.14320226898905009, -0.10273542594718792, -0.06879356732210704, -0.0335109183509031, 0.007275611568648248, 0.04806214148819961, 0.08884867140775095, 0.12963520132730233, 0.06792440495630259, 0.019813296007875195, 0.05535362181216626, 0.0934766991233858, 0.11949995802966873, 0.1454767503258086, 0.17145354262194845, 0.18750771290887966, 0.20202485383960675, 0.22386115676223306, 0.4108033686540404, 0.4393533977788709, 0.3787762712770532, 0.3942593590683008, 0.2383041567589102, 0.317763009967068, 0.3972218631752258, 0.4766807163833836, 0.5561395695915414, 0.6355984227996991, 0.715057276007857, 0.7945161292160148, 0.8739749824241726, 0.9534338356323303, 0.828533005063545, 0.603481729477974, 0.546236817136218, 0.7449541950175178, 0.8008811422410497, 0.8568080894645816, 0.9127350366881135, 0.9686619839116455, 1.0245889311351775, 1.0008535420120923, 1.0210406259815197, 1.0412277099509468, 0.9085596730341857, 0.8992304672862779, 0.868464237037524, 0.8971881966762967, 0.8972857378368999, 0.8973832789975031, 0.9577720030004422, 0.9976255129651869, 1.0064611868822817, 1.0152968607993766, 1.0247099382630662, 1.0344555767130381, 1.070668716654703, 1.112188532908371, 1.1537083491620388, 1.0594370368828443, 0.995676431736212, 0.9876742391446302, 0.965659202480312, 0.8317652562495294, 0.8728040118659592, 0.9138427674823892, 0.9883756830089289, 1.0122764974128988, 1.045639291647937, 1.0742741871641037, 1.0955341948699688, 1.0714876972270275, 1.107134557130132, 1.0108981751700705, 1.2341479274479805, 1.3611036477568657, 1.4319449865897929, 1.3016359915870437, 1.2939158721466246, 1.3070662417819605, 1.320818471510659, 1.3277467605264144, 1.3199117541851089, 1.3120767478438031, 1.2862143404838515, 1.2998814622591734, 1.5387251434480902, 1.5830584926673366, 1.5792323153320968, 1.4726504723881968, 1.3626265948625136, 1.3292040371377427, 1.323189636279079, 1.3183187484711418, 1.3134478606632047, 1.3102968370248183, 1.3107270654027492, 1.3111572937806804, 1.3115875221586113, 1.3081637316145376, 1.294456750152661, 1.2807497686907843, 1.2670427872289078, 1.2533358057670312, 1.2396288243051548, 1.228707800738957, 1.2184117094940903, 1.2081156182492239, 1.1978195270043572, 1.322960419359602, 1.3218644015585816, 1.2295524602911176, 0.9678445029089265, 0.9002173901424783, 0.936337192024914, 0.9802454482872167, 1.0241537045495195, 1.068061960811822, 1.1119702170741248, 1.1558784733364276, 1.1997867295987303, 1.2436949858610329, 1.2876032421233359, 1.3315114983856384, 1.3754197546479412, 1.496451727486189, 1.6790386400759139, 1.8585383821768373, 2.0317886947415706, 2.2022881621812194, 2.3722976835489553, 2.5423072049166913, 2.696298455707377, 2.9031012435097425, 3.232365399916702, 3.5616295563236617, 3.88509543782602, 4.2291913647945085, 4.6915781582782765, 5.156721674306774, 5.598332851811921, 6.027059317606644, 6.438531495346786, 6.869264702588433, 7.287241557067033, 7.509952858673602, 7.786408712339068, 8.064864771028647, 8.334058200517854, 8.311866546058251, 8.242438466613638, 8.159664088669928, 8.029893244990236, 8.34744107644293, 8.737141842087448, 9.088790992017815, 9.44809062479925, 9.788892863834974, 10.148404860345835, 10.507916856856697, 10.867428853367558, 11.200721001464823
2OAR.pdb, 53, 53, 0.2052151550031786, 1.5836963136213347, 1.0070965579790108, -, -, -, 1.4314651279443176, 85.81248909977556, , distance, 0.0, 0.405854211203562, 0.8610260958094789, 1.3486492888665422, 1.842459803379057, 2.3402162929167662, 2.8383412310206744, 3.336364021497731, 3.8344232370156286, 4.332717747807544, 4.831364673026394, 5.330265108357043, 5.829353964803426, 6.328586664380153, 6.7811633228210235, 7.208768624083908, 7.708652007955151, 8.208572229755443, 8.708425912833132, 9.208265840426117, 9.708122253897157, 10.20799273144668, 10.707875303435452, 11.110466150328445, 11.561714914223758, 12.05410388195878, 12.553778968629526, 13.053181798072117, 13.55258263772857, 14.052026090617755, 14.551513721298589, 15.051036268131043, 15.550690721548941, 15.906928085183234, 16.35867722463786, 16.794977693211006, 17.294791552665266, 17.696560628898823, 18.193261712000353, 18.69013871939915, 19.18717798373251, 19.684367213819073, 20.18169532614942, 20.679152300482887, 21.176729055631156, 21.67441734221842, 22.17220964977791, 22.627895409902894, 23.011463089133567, 23.409586912416653, 23.78014032260311, 24.2793169892778, 24.77852685631195, 25.277767956686997, 25.777038475652134, 26.27633673628023, 26.744394877538536, 27.24425157587617, 27.744113438593633, 28.14859419985802, 28.565635655070377, 29.023249293073533, 29.477028879568365, 29.97615826592803, 30.475316195259136, 30.969867154368266, 31.46670477632526, 31.966422304341393, 32.466148530409015, 32.965900173356786, 33.46565679154556, 33.96536873475321, 34.46507879117609, 34.964797137638314, 35.40004140227681, 35.84954399052583, 36.348591341598386, 36.846705430372225, 37.236883570882384, 37.736296697175575, 38.235725163295605, 38.730235431305054, 39.228867730491885, 39.72778426226229, 40.22759822728183, 40.727453419854164, 41.216561008902694, 41.714131902963615, 42.134625121363115, 42.47496896405722, 42.93042615305988, 43.36583412341782, 43.82451014504232, 44.32350319828344, 44.8234134047523, 45.32335110890387, 45.82304595768136, 46.32222473920039, 46.821421045694436, 47.31679089037877, 47.79602436633211, 47.92876725883325, 48.361577853085635, 48.86077170897605, 49.29828374012837, 49.734899747878146, 50.221509204688324, 50.7208034294731, 51.22018475189934, 51.71957802908056, 52.21907003391043, 52.71875135095166, 53.21843865429064, 53.71813177687328, 54.217638267103354, 54.71664538776707, 55.21567047241963, 55.714713038361914, 56.213772620018986, 56.71284876818813, 57.21211259792723, 57.71142732229933, 58.210753810925446, 58.71009176364234, 59.15686519964662, 59.65655800993599, 60.028124927420116, 60.27834698654058, 60.192329191847186, 60.04538092836215, 59.991456735009606, 59.94165489494717, 59.89598569104074, 59.85445858294743, 59.81708219743072, 59.78386431948504, 59.754811884291044, 59.729930970020575, 59.70922679150883, 59.69270369480887, 59.6797578931524, 59.67059104152704, 59.66964181916149, 59.68103669940797, 59.685799034301716, 59.692822361815914, 59.70403233179119, 59.66873791094654, 59.51578737312816, 59.350760312539826, 59.18949697969821, 59.03494420165855, 59.143929777970236, 59.30445834777021, 59.46317926320763, 59.631514078549, 59.83358148207524, 59.940622082932194, 60.047726041574734, 60.17812324703857, 60.47966568221385, 60.66265255488954, 60.85391784564805, 60.839741143863414, 60.810416263767664, 60.821316833741605, 60.8127092216277, 60.659142254935716, 60.64861883678138, 60.54931510760325, 60.37704646977409, 60.235258550669, 60.17089933275171, 60.11371213561276, 60.06063308802607, 60.01167309070519, 59.94731371696648
2OAR.pdb, 53, 53, 0.2052151550031786, 1.5836963136213347, 1.0070965579790108, -, -, -, 1.4314651279443176, 85.81248909977556, , length, 0.0, 0.5, 1.0, 1.5, 2.0, 2.5, 3.0, 3.5, 4.0, 4.5, 5.0, 5.5, 6.0, 6.5, 7.0, 7.5, 8.0, 8.5, 9.0, 9.5, 10.0, 10.5, 11.0, 11.5, 12.0, 12.5, 13.0, 13.5, 14.0, 14.5, 15.0, 15.5, 16.0, 16.5, 17.0, 17.5, 18.0, 18.5, 19.0, 19.5, 20.0, 20.5, 21.0, 21.5, 22.0, 22.5, 23.0, 23.5, 24.0, 24.5, 25.0, 25.5, 26.0, 26.5, 27.0, 27.5, 28.0, 28.5, 29.0, 29.5, 30.0, 30.5, 31.0, 31.5, 32.0, 32.5, 33.0, 33.5, 34.0, 34.5, 35.0, 35.5, 36.0, 36.5, 37.0, 37.5, 38.0, 38.5, 39.0, 39.5, 40.0, 40.5, 41.0, 41.5, 42.0, 42.5, 43.0, 43.5, 44.0, 44.5, 45.0, 45.5, 46.0, 46.5, 47.0, 47.5, 48.0, 48.5, 49.0, 49.5, 50.0, 50.5, 51.0, 51.5, 52.0, 52.5, 53.0, 53.5, 54.0, 54.5, 55.0, 55.5, 56.0, 56.5, 57.0, 57.5, 58.0, 58.5, 59.0, 59.5, 60.0, 60.5, 61.0, 61.5, 62.0, 62.5, 63.0, 63.5, 64.0, 64.5, 65.0, 65.5, 66.0, 66.5, 67.0, 67.5, 68.0, 68.5, 69.0, 69.5, 70.0, 70.5, 71.0, 71.5, 72.0, 72.5, 73.0, 73.5, 74.0, 74.5, 75.0, 75.5, 76.0, 76.5, 77.0, 77.5, 78.0, 78.5, 79.0, 79.5, 80.0, 80.5, 81.0, 81.5, 82.0, 82.5, 83.0, 83.5, 84.0, 84.5, 85.0, 85.5, 86.0, 86.5, 87.0, 87.5, 88.0
2OAR.pdb, 53, 53, 0.2052151550031786, 1.5836963136213347, 1.0070965579790108, -, -, -, 1.4314651279443176, 85.81248909977556, , R, 3.1899092912527345, 3.102958534162822, 2.7785521980303085, 2.4815840719347784, 2.219640550972948, 2.005951689077987, 1.850526456633565, 1.759137741058678, 1.734120159834271, 1.7812054664407841, 1.901493394510252, 2.0876691319598595, 2.3301864997315054, 2.6191539714938687, 2.825050506523764, 2.700413713081089, 2.536828676991133, 2.4231641228522287, 2.3668280448888983, 2.3698533332575016, 2.4365749908189662, 2.5638722264162177, 2.746326178975694, 2.865182541911182, 2.6659211337694253, 2.4021910437617664, 2.1684734096039096, 1.9765664750123615, 1.848074095469339, 1.7908713522217852, 1.8002240657252266, 1.8825348438436227, 2.036137778299302, 2.1422744789228627, 2.129387953912286, 2.188220396072182, 2.2818289808955465, 2.2485338435290654, 1.8940702308497674, 1.5799844761748827, 1.3197063164834346, 1.1291432908067738, 1.0240102960831785, 1.0149588947215409, 1.1029839513955397, 1.278941410717481, 1.5276386321182973, 1.747088733452181, 1.9017840909133485, 1.9523347540900824, 2.1022585604560575, 2.300126860630893, 2.5501328459682866, 2.8433236799882677, 3.1716101382001685, 3.528149942442188, 3.8661066453558157, 4.256018011134325, 4.661797742950659, 4.976322890147367, 5.228935919151494, 5.2307455198032535, 5.02558733953575, 4.725563350662753, 4.452387254255429, 4.228257382841319, 4.021784558945662, 3.833399956098664, 3.686381284745283, 3.584205355878193, 3.5282070412068713, 3.516832803499748, 3.55402343807886, 3.6396262471167486, 3.7127520066203537, 3.458119106261559, 3.1360522932647243, 2.8440627404626952, 2.6044090018653088, 2.3944796198750917, 2.2397276196777214, 2.126382807893719, 2.0343159506786344, 1.9928959737380212, 1.9954011563481817, 2.065503679193269, 2.164158780987805, 2.186809322493313, 2.198016977235675, 2.2643035606447786, 2.0894774040433934, 1.9287924858484207, 1.8712204390448832, 1.8368063295936836, 1.8690619441433807, 1.973119793109428, 2.14118877833227, 2.362914046675627, 2.6332805969685746, 2.9053168983088287, 3.061468435422792, 2.953496251741378, 2.7136836735651175, 2.489817800936534, 2.3736913200972123, 2.3217506542975483, 2.272118350391927, 2.266471208981557, 2.3255623010433557, 2.4472830256947318, 2.6243502049884007, 2.8482230024471655, 3.1154186193514124, 3.4189107457162033, 3.7513557260411505, 4.105937661156499, 4.481263029060742, 4.873679794979058, 5.280229753285965, 5.698525339307741, 6.125691208023532, 6.561016522499157, 7.003441911889835, 7.451917075732258, 7.7215408429959, 7.918096404448189, 8.048173927414448, 7.90880790819714, 7.56515788552068, 7.301539837963709, 6.875746919170579, 6.45856926702675, 6.051431091063646, 5.656041386774936, 5.27445150123895, 4.909119101453145, 4.56297407841355, 4.239476960335258, 3.9426528422199936, 3.677073916406775, 3.4031707895941365, 3.130475216128779, 2.896611548176361, 2.7068445882517485, 2.562690412049198, 2.4750276269168143, 2.448895372646986, 2.4512383298090485, 2.366090234127332, 2.2355404724778807, 2.16869505015784, 2.1608994485563513, 1.9779472894652792, 1.7050085485199613, 1.4913719070544933, 1.3390598738950987, 1.2285007947198179, 1.1165928015355724, 1.0725913658937478, 1.123635318207267, 1.2255044410725033, 1.3180053052245961, 1.4918163832675542, 1.5828154614199348, 1.5350424531903535, 1.5610059896216106, 1.6406464763448017, 1.6453557234570138, 1.8070937455772516, 1.9446120674699028, 2.096246330688594, 2.287470577577762, 2.499411400048156, 2.757398850770921, 3.0556544727848194, 3.386840814623502, 3.7255918197072773
2OAR.pdb, 53, 53, 0.2052151550031786, 1.5836963136213347, 1.0070965579790108, -, -, -, 1.4314651279443176, 85.81248909977556, , Upper limit of R overestimation, -, -, -, -, -, -, -, -, -, -, -, -, -, -, -, -, -, -, -, -, -, -, -, -, -, -, -, -, -, -, -, -, -, -, -, -, -, -, -, -, -, -, -, -, -, -, -, -, -, -, -, -, -, -, -, -, -, -, -, -, -, -, -, -, -, -, -, -, -, -, -, -, -, -, -, -, -, -, -, -, -, -, -, -, -, -, -, -, -, -, -, -, -, -, -, -, -, -, -, -, -, -, -, -, -, -, -, -, -, -, -, -, -, -, -, -, -, -, -, -, -, -, -, -, -, -, -, -, -, -, -, -, -, -, -, -, -, -, -, -, -, -, -, -, -, -, -, -, -, -, -, -, -, -, -, -, -, -, -, -, -, -, -, -, -, -, -, -, -, -, -, -, -, -, -, -, -
2OAR.pdb, 54, 54, 0.2014316752119797, 1.6023050359301518, 1.2795908073446225, -, -, -, 1.7488547467410305, 84.07614880405455, , X, 63.068282105920325, 63.18861174490216, 63.458703204995466, 63.741367270655516, 64.02403133631557, 64.29859551542971, 64.55784695857635, 64.76546859889825, 64.81474506336316, 64.86402152782806, 64.91329799229297, 64.96257445675786, 65.04075472701625, 65.14154154403221, 65.24232836104818, 65.353113737157, 65.75334229846322, 66.07013543778635, 66.38692857710949, 66.70372171643261, 66.95845300695377, 67.04725085928823, 67.19865092422712, 67.35005098916602, 67.5014510541049, 67.63124133218521, 67.57430167217738, 67.51736201216956, 67.46042235216173, 67.43978179063284, 67.4074553593358, 67.37512892803878, 67.34280249674174, 67.3086289314565, 67.25134756356427, 67.13545154233859, 66.69356635305677, 66.25168116377495, 65.80979597449313, 65.36866444213076, 64.92984136341623, 64.4910182847017, 64.05219520598716, 63.773619778007514, 63.81528724040043, 63.86146837375733, 63.90764950711424, 63.953830640471146, 64.00001177382805, 64.05237926441141, 63.6832396286471, 63.56190788702647, 63.51875691536114, 63.475605943695804, 63.43245497203048, 63.389304000365144, 63.34615302869981, 63.303002057034476, 63.249783803666425, 62.92207759798052, 62.54471008886846, 62.12600541626235, 61.70730074365623, 61.28859607105012, 60.87469081827449, 60.551388186772144, 60.2280855552698, 59.904782923767456, 59.581480292265105, 59.25817766076276, 58.93487502926042, 58.59127978573558, 58.186044488503946, 57.81682853478344, 57.59024302828594, 57.448112964690964, 57.30598290109598, 56.91472589666348, 56.443187240826845, 55.96784961650588, 55.49428989690201, 55.30588331452667, 55.00108715953905, 54.69629100455142, 54.3914948495638, 54.08669869457617, 53.7802947745875, 53.458520256684395, 53.09156690051019, 52.900706134124825, 52.40681387687528, 51.91292161962575, 51.6204317966341, 51.387706186952556, 51.15498057727101, 50.92225496758947, 50.68952935790792, 50.45680374822637, 50.224078138544826, 49.781222395182475, 49.54764042419322, 49.27772495474979, 49.10447553969902, 48.76140016448277, 48.54291345884147, 48.32442675320016, 48.10594004755885, 47.88745334191754, 47.66896663627623, 47.313754506060626, 46.9147528525664, 46.491503403261866, 46.04781740680485, 45.60413141034784, 45.16044541389082, 44.787575347923266, 44.772366751424386, 44.75715815492551, 44.74194955842663, 44.39167955616658, 44.40936766928022, 44.39321203248317, 44.15875400214693, 43.73832979771906, 43.34563673220126, 42.967338423231176, 42.60729320894104, 42.259857306168875, 41.91163641576329, 41.58119873867567, 41.654678270303876, 41.744224484631104, 41.571175610042175, 41.233697612859565, 40.888239944180974, 40.44248501555226, 40.107843234792945, 39.64194967843036, 39.186780398595495, 38.73235413875073, 38.277927878905956, 37.82350161906118, 37.484103210818006, 37.62980104903003, 37.78271527484314, 37.935629500656255, 38.08854372646937, 37.96453886500996, 37.78189999356792, 37.599261122125874, 37.394673923483666, 37.05933596574696, 36.73032876855142, 36.401321571355886, 36.07231437416034, 35.77005157681555, 35.36798134850517, 34.98731488478041, 34.65487958776517, 34.24617622273724, 34.101945198652516, 34.18543197682264, 33.90138472227376, 33.73562828075561, 33.569871839237464, 33.404115397719316, 33.23835895620117, 33.28926421106935, 33.54348068492455, 33.201161563898374, 32.858842442872195, 32.55384490627316, 32.126760531821255, 31.697285694274743, 31.267810856728232, 30.83833601918172
2OAR.pdb, 54, 54, 0.2014316752119797, 1.6023050359301518, 1.2795908073446225, -, -, -, 1.7488547467410305, 84.07614880405455, , Y, 158.9692796110366, 158.79262353428777, 158.49390437980227, 158.13585826854705, 157.77781215729183, 157.3968202586127, 156.97244963081218, 156.55357555506427, 156.12507366634134, 155.69657177761837, 155.26806988889544, 154.83956800017248, 154.45335572075635, 154.1184480187613, 153.78354031676628, 153.4546378358747, 153.24237382021354, 152.86262766270693, 152.4828815052003, 152.1031353476937, 151.74445603929288, 151.3863684456239, 150.9107448113621, 150.43512117710029, 149.95949754283848, 149.47926745446372, 148.98653986141446, 148.49381226836522, 148.00108467531595, 147.5087468519638, 147.01777861405162, 146.52681037613948, 146.0358421382273, 145.54478462822692, 145.0526103168433, 144.6670334609746, 144.87430521657038, 145.08157697216618, 145.28884872776194, 145.49522203179131, 145.69884337568828, 145.90246471958525, 146.10608606348222, 146.21531635192406, 146.13605646319576, 146.05463662387606, 145.9732167845564, 145.8917969452367, 145.810377105917, 145.72306139955262, 145.44727797523913, 145.07316089421786, 144.67143935574055, 144.26971781726326, 143.86799627878594, 143.46627474030865, 143.06455320183133, 142.66283166335404, 142.26520365530297, 142.26626744997776, 142.38133810074885, 142.20844924248468, 142.03556038422053, 141.8626715259564, 141.73060016936, 141.92957491042947, 142.1285496514989, 142.32752439256836, 142.52649913363783, 142.72547387470726, 142.92444861577673, 143.09811117327268, 142.93548817605017, 142.73107027416222, 142.48275575588198, 142.20844883379516, 141.9341419117083, 141.91818366277022, 141.98852323342038, 142.045824966873, 142.07618813024212, 141.97856501009215, 141.8615391246204, 141.74451323914866, 141.6274873536769, 141.51046146820516, 141.39668355838708, 141.06316843187813, 140.73261276728059, 140.41989905248252, 140.35147490138385, 140.28305075028518, 140.10295858005765, 140.23125601949062, 140.3595534589236, 140.4878508983566, 140.6161483377896, 140.7444457772226, 140.87274321665558, 141.0395051053668, 141.13735097766775, 141.0074183794501, 140.87189670128464, 140.60271523850722, 140.21274359182692, 139.82277194514663, 139.43280029846633, 139.04282865178604, 138.65285700510574, 138.47691467071584, 138.3695202423356, 138.4098016129145, 138.57454722149345, 138.7392928300724, 138.90403843865136, 139.00670734012274, 138.70577458035785, 138.40484182059296, 138.10390906082807, 138.10394635409773, 137.97687090785848, 137.87849331625642, 137.91073771536855, 138.10608625506643, 138.34611835947157, 138.60934493265535, 138.9336406848807, 139.29179556779394, 139.6503973067126, 140.01563568124658, 140.19650484243414, 140.36787777596675, 140.58536115033795, 140.84056860876996, 141.08346659798136, 141.17144084604746, 141.3621728692594, 141.40860630545637, 141.44698793137698, 141.4848116962637, 141.5226354611504, 141.5604592260371, 141.553927328045, 141.4260123592073, 141.29732721426444, 141.16864206932158, 141.0399569243787, 140.75303129126462, 140.35297151843926, 139.9529117456139, 139.57459956947258, 139.3306376910728, 139.08531547190051, 138.83999325272822, 138.59467103355593, 138.43294629644336, 138.24205502137565, 138.03271797732899, 137.84010377163136, 137.75378391360442, 137.46593466292174, 136.99964389953396, 136.7133022180847, 136.3802582291201, 136.04721424015554, 135.71417025119095, 135.3811262622264, 135.00839794759736, 134.6057142088465, 134.53297357871972, 134.46023294859293, 134.28508160175187, 134.33261724077664, 134.38516039867912, 134.43770355658157, 134.49024671448404
2OAR.pdb, 54, 54, 0.2014316752119797, 1.6023050359301518, 1.2795908073446225, -, -, -, 1.7488547467410305, 84.07614880405455, , Z, -0.5904458934469397, -0.1659630860315761, 0.09104575748972707, 0.29575044282826235, 0.5004551281667976, 0.6523106312096345, 0.7042554046384275, 0.8185262741184406, 1.0714253872262316, 1.3243245003340225, 1.5772236134418134, 1.8301227265496043, 2.128461918645103, 2.485783690526136, 2.8431054624071694, 3.1956944763466377, 3.3518518546804925, 3.4255740544357436, 3.4992962541909947, 3.5730184539462453, 3.750959802708636, 3.8698792625969047, 3.8992080687113133, 3.9285368748257214, 3.9578656809401296, 3.9777615160914275, 4.040828101269908, 4.103894686448388, 4.166961271626869, 4.250676545681401, 4.339587687846082, 4.4284988300107635, 4.517409972175444, 4.604696124382244, 4.671653514612535, 4.7449446723610915, 4.853461485922936, 4.961978299484781, 5.070495113046626, 5.183409203755479, 5.309792168972679, 5.436175134189879, 5.56255809940708, 5.811248792036324, 6.303157665379892, 6.794317631874545, 7.285477598369199, 7.776637564863853, 8.267797531358505, 8.757192050190504, 8.927374041634915, 9.188566817993127, 9.483113587060055, 9.777660356126983, 10.072207125193913, 10.36675389426084, 10.661300663327768, 10.955847432394698, 11.249151888822531, 11.303256588098062, 11.291505029854015, 11.50315530702351, 11.714805584193003, 11.926455861362498, 12.097167376952692, 11.771768451201542, 11.44636952545039, 11.12097059969924, 10.795571673948087, 10.470172748196937, 10.144773822445785, 9.854974956432681, 10.057761827602896, 10.325890343255356, 10.672533924337761, 11.06566845286169, 11.45880298138562, 11.670975403537156, 11.821248847156614, 11.806276284002482, 11.648734955206104, 11.680940614232654, 11.30225308336543, 10.923565552498209, 10.544878021630987, 10.166190490763764, 9.78785384455391, 9.816228122518591, 9.738265394276373, 10.029205462332351, 10.066469034026177, 10.103732605720003, 10.349811832781201, 10.773342891421876, 11.19687395006255, 11.620405008703225, 12.0439360673439, 12.467467125984573, 12.890998184625248, 12.856834794214999, 12.985052870792524, 13.32205988739518, 13.58402212948856, 13.590789618932853, 13.814811212185532, 14.038832805438213, 14.262854398690893, 14.486875991943574, 14.710897585196253, 14.978483823881849, 15.260022661809675, 15.30128365260267, 15.140033471201548, 14.978783289800427, 14.817533108399305, 14.726430511045725, 15.125439499281352, 15.52444848751698, 15.923457475752606, 15.90547118577043, 16.143424620117145, 16.589465272305898, 17.011787992800187, 17.199091053023754, 17.13544279455635, 16.941530029117114, 16.890013937442248, 16.921847462385, 16.92211062587073, 16.97375716190701, 17.410177224462082, 17.871276772447214, 18.197157246921346, 18.463572715856717, 18.69553880132081, 18.486821108538397, 18.718344761697303, 18.893807379205324, 19.09698732396013, 19.302087633987412, 19.5071879440147, 19.712288254041983, 20.023646444070867, 20.48445269159959, 20.942772855911624, 21.40109302022366, 21.859413184535693, 22.034294908587754, 22.272192409216288, 22.510089909844826, 22.676853865714204, 22.397643562762774, 22.112036712400396, 21.826429862038015, 21.540823011675638, 21.187782929293736, 20.96539437664417, 21.005863311555107, 21.289315279550834, 21.460598950817136, 21.57309082710957, 21.62352102800087, 21.882870546494686, 22.21694614199637, 22.55102173749805, 22.88509733299973, 23.219172928501415, 23.357714806225488, 23.30841629273019, 23.665524707792933, 24.022633122855673, 24.352949312773895, 24.604118290159885, 24.854698777173606, 25.105279264187327, 25.355859751201052
2OAR.pdb, 54, 54, 0.2014316752119797, 1.6023050359301518, 1.2795908073446225, -, -, -, 1.7488547467410305, 84.07614880405455, , distance, 0.0, 0.4752601869092499, 0.9180637861121151, 1.3903160502314802, 1.8769966232500357, 2.351753235401295, 2.8075585250275994, 3.2712796650487945, 3.728465699330776, 4.1954311214952185, 4.669242777938944, 5.1480106782581085, 5.6282036667512365, 6.106730736461788, 6.588447773251472, 7.06870485953693, 7.453100677532255, 7.901312401485296, 8.355403378790218, 8.81446501942872, 9.283281138729079, 9.65542513721981, 10.107270768745112, 10.563456356941256, 11.023443110810513, 11.478216175391454, 11.891509746635114, 12.311237205887036, 12.736762501708084, 13.186746645244021, 13.637156291425496, 14.09091112553326, 14.547698133333279, 15.006235614894601, 15.455141896701445, 15.797547425192658, 15.538568679526174, 15.291557427727616, 15.057102660293987, 14.838442951504602, 14.641813068702914, 14.459806037863105, 14.292980492759552, 14.287854103839475, 14.586685814793146, 14.898049545702905, 15.219472969618522, 15.550332301262241, 15.890038133573212, 16.24220056670064, 16.547253467264866, 16.999260907880643, 17.495935645949814, 17.992794581171513, 18.489822864301686, 18.987007196139967, 19.484335630944393, 19.981797408949646, 20.475233137796582, 20.505417570245456, 20.411141294633662, 20.68981657722623, 20.976709252145113, 21.271486833289188, 21.516492328661283, 21.20166584934237, 20.894062014002976, 20.594004469816767, 20.3018278182203, 20.017877145653962, 19.742507390813508, 19.520357427206935, 19.85706523140278, 20.258914183901865, 20.704325522423982, 21.174908528104023, 21.64681055048639, 21.884893860368727, 22.051941761699076, 22.147193487542864, 22.193229724553312, 22.35008153157919, 22.342576122877087, 22.34625854913698, 22.36112328312685, 22.387148050198757, 22.42257670626596, 22.831452087722905, 23.211918075100012, 23.669307450084002, 23.955362505650047, 24.248353972746397, 24.630886810346027, 24.833144735679646, 25.043753110553308, 25.2625030878075, 25.489185052892886, 25.723589311364638, 25.965506724477553, 26.054790873726954, 26.174025234363235, 26.577542071162952, 26.89644410947753, 27.260319117612678, 27.75437641260971, 28.248642829551535, 28.743107580258616, 29.237760602157405, 29.732592498600166, 30.17505150426676, 30.602678752170117, 30.822537138869087, 30.87214454579643, 30.929756255685763, 30.995327635237494, 31.101370291899393, 31.501415975549314, 31.904281576229614, 32.30986161106382, 32.50065991651558, 32.69340504566409, 32.99589150853534, 33.3297326371687, 33.5467959426199, 33.593223279777995, 33.555104779928165, 33.55063888692634, 33.56894903775952, 33.578453004709125, 33.60709149596099, 33.689492937329966, 33.78702099117637, 33.95685611809078, 34.18266911392384, 34.40647879515321, 34.534502674051886, 34.78536125348274, 35.16825875049042, 35.566161673617394, 35.96744220021893, 36.371169085668534, 36.777261764444766, 37.185824016377666, 37.40366151489542, 37.620968902865584, 37.84363496890711, 38.0715656905439, 38.39151630129242, 38.84157923525773, 39.292849617522116, 39.70711534602559, 39.8822490919168, 40.055742813692426, 40.23470233621278, 40.41905505835856, 40.51204298333858, 40.762467430114945, 41.14949458249552, 41.62316017914345, 42.036408314137944, 42.33987337896063, 42.54814039723978, 43.02425344516167, 43.48385446206481, 43.944337669858676, 44.40567562381061, 44.867841958039556, 45.104635657197456, 45.127074266452446, 45.57993036178236, 46.03376230246603, 46.50390815175115, 46.89465805897837, 47.28608379444943, 47.67953949822589, 48.07497532927159
2OAR.pdb, 54, 54, 0.2014316752119797, 1.6023050359301518, 1.2795908073446225, -, -, -, 1.7488547467410305, 84.07614880405455, , length, 0.0, 0.5, 1.0, 1.5, 2.0, 2.5, 3.0, 3.5, 4.0, 4.5, 5.0, 5.5, 6.0, 6.5, 7.0, 7.5, 8.0, 8.5, 9.0, 9.5, 10.0, 10.5, 11.0, 11.5, 12.0, 12.5, 13.0, 13.5, 14.0, 14.5, 15.0, 15.5, 16.0, 16.5, 17.0, 17.5, 18.0, 18.5, 19.0, 19.5, 20.0, 20.5, 21.0, 21.5, 22.0, 22.5, 23.0, 23.5, 24.0, 24.5, 25.0, 25.5, 26.0, 26.5, 27.0, 27.5, 28.0, 28.5, 29.0, 29.5, 30.0, 30.5, 31.0, 31.5, 32.0, 32.5, 33.0, 33.5, 34.0, 34.5, 35.0, 35.5, 36.0, 36.5, 37.0, 37.5, 38.0, 38.5, 39.0, 39.5, 40.0, 40.5, 41.0, 41.5, 42.0, 42.5, 43.0, 43.5, 44.0, 44.5, 45.0, 45.5, 46.0, 46.5, 47.0, 47.5, 48.0, 48.5, 49.0, 49.5, 50.0, 50.5, 51.0, 51.5, 52.0, 52.5, 53.0, 53.5, 54.0, 54.5, 55.0, 55.5, 56.0, 56.5, 57.0, 57.5, 58.0, 58.5, 59.0, 59.5, 60.0, 60.5, 61.0, 61.5, 62.0, 62.5, 63.0, 63.5, 64.0, 64.5, 65.0, 65.5, 66.0, 66.5, 67.0, 67.5, 68.0, 68.5, 69.0, 69.5, 70.0, 70.5, 71.0, 71.5, 72.0, 72.5, 73.0, 73.5, 74.0, 74.5, 75.0, 75.5, 76.0, 76.5, 77.0, 77.5, 78.0, 78.5, 79.0, 79.5, 80.0, 80.5, 81.0, 81.5, 82.0, 82.5, 83.0, 83.5, 84.0, 84.5, 85.0, 85.5, 86.0, 86.5, 87.0, 87.5
2OAR.pdb, 54, 54, 0.2014316752119797, 1.6023050359301518, 1.2795908073446225, -, -, -, 1.7488547467410305, 84.07614880405455, , R, 3.1899092912527345, 3.1190929442843935, 2.861505267454812, 2.5917676081649437, 2.3678885424320804, 2.1701375265136966, 1.9765803995267537, 1.7967174664326442, 1.577447328131976, 1.4274981168720888, 1.3577265935764355, 1.3739377232051244, 1.4090979639188688, 1.448034695236815, 1.5685020676737977, 1.7565099387381515, 1.7954070995281457, 1.800358024340119, 1.8796515386136372, 2.0283071679599893, 2.1450105639457684, 2.099237079642275, 1.979599025911551, 1.9289867563770997, 1.9504215808987961, 2.020384290822193, 1.9745296932884342, 1.9998230961013546, 2.0947712899189788, 2.2692213910174766, 2.4878784321577343, 2.7541057899595587, 3.05961473058341, 3.3957125744273573, 3.741777826680582, 3.992064349573924, 3.5993153829067226, 3.2267806548741107, 2.8795980704274213, 2.5641051899124627, 2.2878924836228003, 2.0605272141672275, 1.8917891341572153, 1.8136852665205567, 1.855332275856215, 1.969723575773576, 2.1492605928419946, 2.3849681126811277, 2.667371326253457, 2.986682061789337, 2.814390019404859, 2.8287153696884793, 2.9460612668726713, 3.114660841135612, 3.329170958550695, 3.583806114866334, 3.8728855662847654, 4.191181366752247, 4.526354250868312, 4.404762838050354, 4.174815362698363, 4.241539559006103, 4.350243109510801, 4.498651862296562, 4.630001314438543, 4.210994774028679, 3.80598216597579, 3.4184077357626497, 3.052707720485594, 2.714553203035321, 2.411059114498904, 2.1584045243886454, 2.1404633079277744, 2.2272481434784206, 2.4334506832835983, 2.720423159633913, 3.0442748427722637, 3.1107343741117464, 3.131551835303241, 3.0427086923797924, 2.863814981053857, 2.8430708238058773, 2.4580688881417587, 2.101281146784475, 1.7818664735739982, 1.5116608112662044, 1.3014153893719587, 1.3794651992141795, 1.481758532586034, 1.768545908601749, 1.7338900782882054, 1.7756133101721052, 2.027145236322761, 2.0797265845275774, 2.199384846872135, 2.379950742628622, 2.6134498848682104, 2.891485022813122, 3.2062027318230633, 3.2568984020182152, 3.4025042005890263, 3.53154432125624, 3.63082012852364, 3.4905538201509922, 3.4606778003828063, 3.480865236918753, 3.550518206694347, 3.6676446149495647, 3.829126883670978, 3.7750950425901313, 3.6832320878617613, 3.492660035318822, 3.216079830959598, 2.978237843952018, 2.7855586439278563, 2.675863024487049, 2.829016613748689, 3.03221094558091, 3.2790940269462463, 3.207796036966196, 3.3191037365577, 3.4137853659483395, 3.3841512771736544, 3.1837754280325954, 2.9344559515786224, 2.6768336157831114, 2.418987935591964, 2.183289361137502, 1.9979697479623018, 1.8614619502689216, 1.795852938191778, 1.7989485724951964, 1.7233762996011817, 1.6239120853314404, 1.588318870185904, 1.453654230782297, 1.465754537751904, 1.3760479391353768, 1.3649929484011287, 1.4391826291621008, 1.5929309907457063, 1.8152536445606908, 2.033828691743424, 2.036688214147958, 2.104542614325624, 2.2382691858707875, 2.4311853137848787, 2.419070884585012, 2.4466484727152373, 2.536146049934955, 2.6339084156414923, 2.4710137417890645, 2.3570587413616377, 2.3055690139884075, 2.3190587489133048, 2.3347425809033444, 2.391189672005291, 2.494235141580264, 2.532794501496578, 2.6366167413003603, 2.5305404489352603, 2.2433055397149677, 2.207573385090675, 2.086666182939974, 2.03264388436124, 2.0485453875515995, 2.1334577863911717, 2.0878656667369224, 1.914290376429892, 2.2160844252309144, 2.557045900559259, 2.8782488660129064, 3.2078997183138633, 3.565946359805587, 3.9463209751355772, 4.344680693063738
2OAR.pdb, 54, 54, 0.2014316752119797, 1.6023050359301518, 1.2795908073446225, -, -, -, 1.7488547467410305, 84.07614880405455, , Upper limit of R overestimation, -, -, -, -, -, -, -, -, -, -, -, -, -, -, -, -, -, -, -, -, -, -, -, -, -, -, -, -, -, -, -, -, -, -, -, -, -, -, -, -, -, -, -, -, -, -, -, -, -, -, -, -, -, -, -, -, -, -, -, -, -, -, -, -, -, -, -, -, -, -, -, -, -, -, -, -, -, -, -, -, -, -, -, -, -, -, -, -, -, -, -, -, -, -, -, -, -, -, -, -, -, -, -, -, -, -, -, -, -, -, -, -, -, -, -, -, -, -, -, -, -, -, -, -, -, -, -, -, -, -, -, -, -, -, -, -, -, -, -, -, -, -, -, -, -, -, -, -, -, -, -, -, -, -, -, -, -, -, -, -, -, -, -, -, -, -, -, -, -, -, -, -, -, -, -, -
2OAR.pdb, 55, 55, 0.19225151215945974, 1.64895080503845, 1.0070965579790108, -, -, -, 1.6201770326422607, 93.61947689889145, , X, 63.068282105920325, 62.79374789385973, 62.403422282203735, 62.01455499107009, 61.6318213213522, 61.25086628976528, 60.86615262523272, 60.47446739312172, 60.0885964226243, 59.70563499791301, 59.32267357320171, 58.93971214849042, 58.55675072377913, 58.17378929906784, 57.826140850037795, 57.443996606509145, 57.05421356598525, 56.6613398266591, 56.26432612755236, 55.86830890765192, 55.47229168775148, 55.076274467851036, 54.6802572479506, 54.428679366667886, 54.021937714905505, 53.62890682471425, 53.246536538581545, 52.87095819103486, 52.496298609227274, 52.12163902741969, 51.74444596902282, 51.366860471219574, 50.98811607188813, 50.61300530579921, 50.25588619420719, 49.940931426090955, 49.54746105815216, 49.247575309091864, 48.85265758871987, 48.457739868347886, 48.06282214797589, 47.6679044276039, 47.27298670723191, 46.87806898685992, 46.48315126648793, 46.08823354611594, 45.69331582574395, 45.374619940590826, 45.08129618566133, 44.78761353452235, 44.4660145164771, 44.07198718846425, 43.67795986045139, 43.283932532438534, 42.88990520442567, 42.49587787641282, 42.1411379583235, 41.75413971458738, 41.367141470851266, 41.082065967085995, 40.89586161411496, 40.831367907656954, 40.455024786696946, 40.074578405271424, 39.69413202384591, 39.31368564242039, 38.933239260994874, 38.55279287956935, 38.17234649814384, 37.79190011671832, 37.42729748397065, 37.082566959378234, 36.815896678654596, 36.59833273601397, 36.34848315406818, 36.000743568277564, 35.6617659587626, 35.319044273623696, 34.88128495893912, 34.575655785803185, 34.407710724534574, 34.23976566326597, 34.06996737008211, 33.88575541696817, 33.80853516340233, 33.80068418855958, 33.792833213716825, 33.813467530701644, 33.90126939145059, 33.99612661317746, 34.025231419087675, 33.982756940544014, 33.93432339207535, 33.885889843606684, 33.83745629513802, 33.77860393491584, 33.69690063032021, 33.53683050709607, 33.1462783781075, 32.75230484751887, 32.524436171509194, 32.318446956804394, 32.11809249123104, 31.917738025657677, 31.717383560084315, 31.517029094510956, 31.120016680337272, 30.629492133563282, 30.13892797149876, 29.647839803439624, 29.15675163538049, 28.666347493561396, 28.31225625472265, 28.007770526378582, 27.70328479803451, 27.398799069690437, 27.09544534183179, 26.79211508773612, 26.617243342185507, 26.443700614267975, 26.301085761041453, 26.17158031402606, 26.05013140729102, 25.92538802389414, 25.79530239510668, 25.539645796435906, 25.220038386949323, 24.90545202737878, 24.610264450745685, 24.174065116520048, 23.704729272346786, 23.234040360187063, 22.748912181128336, 22.263191412183776, 21.77747064323922, 21.293371847581213, 20.86264542725945, 20.43445558792054, 19.959833466395605, 19.484668628082947, 19.009503789770285, 18.534338951457624, 18.079841462253615, 17.655840120629172, 17.429993828077986, 17.2428240219123, 17.08905322213546, 16.993303320538853, 17.12018113483681, 17.247058949134765, 17.37393676343272, 17.576997544493775, 17.80652793341614, 18.01258267901842, 17.588159910811992, 17.163737142605562, 16.739314374399136, 16.547116171933684, 16.38274519808506, 16.218374224236438, 16.05400325038782, 15.890326162592444, 16.0736395079122, 16.39862222565042, 16.464066449709794, 16.190743639237294, 15.91724812827547, 15.631387846040838, 15.345527563806204, 14.961258971664687, 14.494449501320343, 14.027640030975999, 13.560830560631654, 13.36784892971182, 13.187948096428808, 12.705280960237284, 12.21960347746996, 11.733925994702636, 11.248248511935312, 10.85890371114597, 10.634836077759937, 10.410768444373904, 10.186700810987869, 9.917201591775791, 9.687320362222632, 9.779589317839157, 9.36438190703769, 9.289815590181462, 9.240310768233606, 9.148917725707273, 8.97180568629955, 8.790541029133504, 8.57510417525417
2OAR.pdb, 55, 55, 0.19225151215945974, 1.64895080503845, 1.0070965579790108, -, -, -, 1.6201770326422607, 93.61947689889145, , Y, 158.9692796110366, 158.80511158423258, 158.50055374051826, 158.18783964722232, 157.86760216059088, 157.54691322785456, 157.2301142553982, 156.9205304383884, 156.60345829277466, 156.28263887254843, 155.96181945232223, 155.641000032096, 155.3201806118698, 154.9993611916436, 154.69769250130008, 154.48221700426683, 154.17173504359323, 153.86441648535185, 153.56255339665796, 153.26005245365207, 152.9575515106462, 152.6550505676403, 152.35254962463443, 152.01469327282234, 151.79540418427982, 151.50050744395983, 151.1806385042043, 150.85163728605102, 150.5215533512378, 150.1914694164246, 149.8636728266321, 149.5362305500888, 149.21066933418555, 149.12580761916817, 148.85056699721102, 148.53833774370523, 148.23021221158146, 147.94795958652614, 147.65177335324876, 147.3555871199714, 147.05940088669402, 146.76321465341667, 146.4670284201393, 146.17084218686193, 145.87465595358455, 145.5784697203072, 145.28228348702982, 144.93566037912518, 144.66647192030055, 144.39073824339104, 144.2157233991542, 143.91304429291574, 143.6103651866773, 143.30768608043886, 143.00500697420043, 142.70232786796197, 142.39263757176576, 142.0766868778498, 141.76073618393386, 141.45635188217298, 141.02045863992348, 140.99004384927048, 141.1818912603422, 141.45772460417516, 141.7335579480081, 142.00939129184104, 142.285224635674, 142.56105797950696, 142.8368913233399, 143.11272466717284, 143.41201634586739, 143.68793753231023, 143.85106447129397, 144.11284216823276, 144.37819712785173, 144.65324340219945, 144.91801918040267, 145.18202071921164, 145.42286517064997, 145.7748463017482, 146.23949416539483, 146.70414202904144, 147.14367740273548, 147.40866276301705, 147.72823282857996, 148.08264318826525, 148.43705354795054, 148.799086333224, 149.1778937385258, 149.55794330787657, 149.91821188757888, 150.14593717503215, 150.35820536532572, 150.57047355561932, 150.78274174591292, 150.99889487773777, 151.22150113348772, 151.45735221557806, 151.67846725627115, 151.89637706129062, 152.3332892465833, 152.78820698872119, 153.2459881159097, 153.70376924309824, 154.16155037028676, 154.6193314974753, 154.83088909674206, 154.92536580832433, 155.0192942952343, 155.10597121309544, 155.1926481309566, 155.28311774721513, 155.22980075006555, 155.11217809390334, 154.9945554377411, 154.87693278157886, 154.75864393670562, 154.64034127738964, 154.4604184135913, 154.27985803391923, 153.89557315410187, 153.42493551793623, 152.95452942707695, 152.48610865346382, 152.01804270238748, 151.61972315229545, 151.2575594440058, 150.89227304169268, 150.51492213801936, 150.3428593525931, 150.2165300211774, 150.0945670993729, 150.16973993348245, 150.26046882523445, 150.35119771698646, 150.42995108644956, 150.54602672216993, 150.38956929427758, 150.33172127140148, 150.26298643339967, 150.19425159539787, 150.12551675739607, 149.97750910094695, 149.71252874723945, 149.40293349422024, 149.0864149053044, 148.70889405394453, 148.31542457883296, 147.86075981394012, 147.40609504904728, 146.9514302841544, 146.51120955331106, 146.07633686635748, 145.6605510940944, 145.66536648265858, 145.67018187122278, 145.674997259787, 145.25901931909988, 144.79261815063683, 144.3262169821738, 143.85981581371078, 143.39325108125155, 143.03497121837796, 142.72307759410432, 142.44418953125873, 142.20838253900706, 141.9726914084399, 141.74529558284598, 141.51789975725205, 141.40648029035503, 141.39233706472936, 141.3781938391037, 141.364050613478, 141.12311879328746, 140.86786023442397, 140.9181243802776, 140.98214176143767, 141.04615914259776, 141.11017652375784, 141.170633632905, 140.9246389815414, 140.67864433017778, 140.43264967881416, 140.3222052321834, 140.32791959424898, 139.8844482291864, 139.82183014673086, 139.63566477204324, 139.44683968931002, 139.3395201689235, 139.40314182293938, 139.47694104960658, 139.7570274102865
2OAR.pdb, 55, 55, 0.19225151215945974, 1.64895080503845, 1.0070965579790108, -, -, -, 1.6201770326422607, 93.61947689889145, , Z, -0.5904458934469397, -0.3406510453511297, -0.3082696882501119, -0.2776110252759299, -0.24759703951137008, -0.20252074497597175, -0.1637017549450837, -0.13648890518999054, -0.11382835350169089, -0.09344584166397113, -0.07306332982625136, -0.05268081798853161, -0.03229830615081185, -0.011915794313092087, -0.08282927819459815, -0.14320226898905009, -0.10273542594718792, -0.06879356732210704, -0.0335109183509031, 0.007275611568648248, 0.04806214148819961, 0.08884867140775095, 0.12963520132730233, 0.06792440495630259, 0.019813296007875195, 0.05535362181216626, 0.0934766991233858, 0.11949995802966873, 0.1454767503258086, 0.17145354262194845, 0.18750771290887966, 0.20202485383960675, 0.22386115676223306, 0.4108033686540404, 0.4393533977788709, 0.3787762712770532, 0.3942593590683008, 0.2383041567589102, 0.317763009967068, 0.3972218631752258, 0.4766807163833836, 0.5561395695915414, 0.6355984227996991, 0.715057276007857, 0.7945161292160148, 0.8739749824241726, 0.9534338356323303, 0.828533005063545, 0.603481729477974, 0.546236817136218, 0.7449541950175178, 0.8008811422410497, 0.8568080894645816, 0.9127350366881135, 0.9686619839116455, 1.0245889311351775, 1.0008535420120923, 1.0210406259815197, 1.0412277099509468, 0.9085596730341857, 0.8992304672862779, 1.3297347930538692, 1.4981835611712317, 1.6689949111751552, 1.8398062611790784, 2.010617611183002, 2.181428961186925, 2.3522403111908483, 2.5230516611947715, 2.693863011198695, 2.859315334548069, 3.0663001783234165, 3.456078930799665, 3.8223279830142545, 4.155322134985958, 4.386388498144732, 4.641315875106099, 4.888876489578962, 4.905725283195713, 4.952218761348, 5.029009510817696, 5.105800260287392, 5.221060193770543, 5.602957402752813, 5.966654676875602, 6.3192616239735955, 6.671868571071588, 7.013367927221128, 7.327500458335673, 7.6382486398630425, 7.981267099039602, 8.420548354197031, 8.870655460086528, 9.320762565976025, 9.77086967186552, 10.21783593255755, 10.652966439945818, 10.75497549085726, 10.534573192044887, 10.317144433496086, 10.275692698390568, 10.253925901357787, 10.23676409158098, 10.219602281804173, 10.202440472027366, 10.185278662250559, 10.165215066757735, 10.143771653298819, 10.121282239768233, 10.08495699919898, 10.048631758629726, 10.01411230246058, 9.733126153168904, 9.354373790810437, 8.975621428451968, 8.596869066093499, 8.217416540694277, 7.837949496342568, 7.4057356099741, 6.972976010566273, 6.768089102571307, 6.659790650976883, 6.5418564502767556, 6.419489580135377, 6.3013900854716, 6.178365375435187, 6.049181196066455, 5.917140778337192, 5.774065308397712, 5.641703555888557, 5.524564280624399, 5.4080439232836515, 5.328570369425828, 5.2521269078522, 5.175683446278573, 5.10316682591016, 5.236785259034726, 5.404431804819365, 5.550657861222764, 5.690278412991369, 5.829898964759974, 5.969519516528579, 6.0515787752678225, 6.048702240942082, 6.323746403853412, 6.662355072278993, 6.951893580813734, 7.147488406919222, 6.982618846951633, 6.817749286984044, 6.652879727016455, 6.544064693061097, 6.453533553793169, 6.372521740064344, 6.636798348679197, 6.9010749572940515, 7.165351565908905, 7.259568232656964, 7.333406793127624, 7.407245353598285, 7.481083914068946, 7.55536425486188, 7.426227368871187, 7.209182211567594, 6.936214317594843, 6.590252320143323, 6.244352737850821, 5.902921869968039, 5.561491002085257, 5.308628700342269, 5.130054100900651, 4.9514795014590325, 4.772904902017414, 4.4384410710208035, 4.102416844728559, 3.9886286714642174, 3.888532929086229, 3.7884371867082405, 3.688341444330252, 3.4256413342731142, 3.0524385379689143, 2.679235741664714, 2.3060329453605135, 1.9748770769597233, 1.7492291522095873, 1.5375227796107551, 1.369701636930995, 0.9347285024332834, 0.47452806196679337, 0.011178277687626609, -0.4519723957886551, -0.9120775991995704, -1.1509633531183634
2OAR.pdb, 55, 55, 0.19225151215945974, 1.64895080503845, 1.0070965579790108, -, -, -, 1.6201770326422607, 93.61947689889145, , distance, 0.0, 0.405854211203562, 0.8610260958094789, 1.3486492888665422, 1.842459803379057, 2.3402162929167662, 2.8383412310206744, 3.336364021497731, 3.8344232370156286, 4.332717747807544, 4.831364673026394, 5.330265108357043, 5.829353964803426, 6.328586664380153, 6.7811633228210235, 7.208768624083908, 7.708652007955151, 8.208572229755443, 8.708425912833132, 9.208265840426117, 9.708122253897157, 10.20799273144668, 10.707875303435452, 11.110466150328445, 11.561714914223758, 12.05410388195878, 12.553778968629526, 13.053181798072117, 13.55258263772857, 14.052026090617755, 14.551513721298589, 15.051036268131043, 15.550690721548941, 15.906928085183234, 16.35867722463786, 16.794977693211006, 17.294791552665266, 17.696560628898823, 18.193261712000353, 18.69013871939915, 19.18717798373251, 19.684367213819073, 20.18169532614942, 20.679152300482887, 21.176729055631156, 21.67441734221842, 22.17220964977791, 22.627895409902894, 23.011463089133567, 23.409586912416653, 23.78014032260311, 24.2793169892778, 24.77852685631195, 25.277767956686997, 25.777038475652134, 26.27633673628023, 26.744394877538536, 27.24425157587617, 27.744113438593633, 28.14859419985802, 28.565635655070377, 28.660432053737562, 28.846368296936905, 28.990861342518965, 29.14321737282611, 29.303313742620087, 29.47102430790385, 29.64621984698375, 29.828768473980396, 30.018536042468167, 30.189226310308467, 30.366899730425033, 30.563418211752776, 30.673189048778866, 30.811842824443318, 31.0220794883393, 31.239820393478723, 31.466357936702774, 31.75248100475929, 31.884854656193813, 31.85991318946271, 31.842804217493093, 31.851542005207126, 31.994155251350143, 32.023264852211646, 31.982107473245232, 31.948723058449822, 31.89192674891052, 31.769163388735166, 31.64608806358098, 31.60529834945576, 31.702005665569622, 31.819028722244205, 31.94345025876501, 32.07518417782487, 32.22159580449358, 32.39012877438254, 32.51544668485683, 32.74520272547114, 32.98575380903912, 33.09132606105686, 33.186720538252935, 33.28511347108945, 33.39070435738819, 33.50342514104647, 33.62320411383939, 33.96324752498176, 34.40714693280051, 34.852343784961064, 35.29610945120378, 35.741360039562004, 36.18753305890995, 36.44915876837816, 36.64718465155332, 36.8509309359703, 37.06030327466655, 37.27402417631432, 37.49317070446748, 37.589186941044346, 37.6902639293588, 37.83803987472977, 38.008844819236074, 38.175783392671306, 38.350557776876194, 38.53689289814641, 38.835954081025506, 39.192407790706326, 39.54729218310203, 39.88736999459469, 40.3238754146063, 40.785944472248175, 41.24935414892722, 41.69074529424033, 42.13115793288204, 42.572886845287755, 43.017211491926545, 43.4306755598549, 43.899808100988025, 44.39210417971601, 44.886283010447414, 45.38058936908159, 45.87501913325402, 46.35653373748576, 46.81939354126883, 47.139944739914746, 47.43676575452229, 47.710081589457076, 47.919556804684106, 47.874612316901725, 47.834852196175234, 47.800289379523875, 47.702848153133154, 47.58646876836854, 47.493380842495576, 47.934003366553476, 48.37578044475556, 48.818680733236015, 49.130569291533824, 49.429793929715785, 49.73224524348492, 50.03786472244882, 50.346066526825666, 50.26594937988974, 50.02829631210303, 50.016818501458395, 50.29904283571581, 50.58476537476534, 50.88308547776274, 51.18455125772386, 51.551301398523684, 51.97201403987743, 52.39412000254422, 52.81758588122702, 53.046283733520156, 53.27036760738375, 53.69584726434667, 54.121959476469435, 54.54932613432684, 54.97791798391158, 55.30587624876987, 55.571088929553014, 55.83951917762483, 56.111120815399644, 56.38556220039004, 56.590648160953876, 56.643126843507346, 57.048890400256994, 57.16850776839325, 57.26875525409956, 57.38455595859141, 57.52635642791003, 57.67259215560082, 57.78348600968156
2OAR.pdb, 55, 55, 0.19225151215945974, 1.64895080503845, 1.0070965579790108, -, -, -, 1.6201770326422607, 93.61947689889145, , length, 0.0, 0.5, 1.0, 1.5, 2.0, 2.5, 3.0, 3.5, 4.0, 4.5, 5.0, 5.5, 6.0, 6.5, 7.0, 7.5, 8.0, 8.5, 9.0, 9.5, 10.0, 10.5, 11.0, 11.5, 12.0, 12.5, 13.0, 13.5, 14.0, 14.5, 15.0, 15.5, 16.0, 16.5, 17.0, 17.5, 18.0, 18.5, 19.0, 19.5, 20.0, 20.5, 21.0, 21.5, 22.0, 22.5, 23.0, 23.5, 24.0, 24.5, 25.0, 25.5, 26.0, 26.5, 27.0, 27.5, 28.0, 28.5, 29.0, 29.5, 30.0, 30.5, 31.0, 31.5, 32.0, 32.5, 33.0, 33.5, 34.0, 34.5, 35.0, 35.5, 36.0, 36.5, 37.0, 37.5, 38.0, 38.5, 39.0, 39.5, 40.0, 40.5, 41.0, 41.5, 42.0, 42.5, 43.0, 43.5, 44.0, 44.5, 45.0, 45.5, 46.0, 46.5, 47.0, 47.5, 48.0, 48.5, 49.0, 49.5, 50.0, 50.5, 51.0, 51.5, 52.0, 52.5, 53.0, 53.5, 54.0, 54.5, 55.0, 55.5, 56.0, 56.5, 57.0, 57.5, 58.0, 58.5, 59.0, 59.5, 60.0, 60.5, 61.0, 61.5, 62.0, 62.5, 63.0, 63.5, 64.0, 64.5, 65.0, 65.5, 66.0, 66.5, 67.0, 67.5, 68.0, 68.5, 69.0, 69.5, 70.0, 70.5, 71.0, 71.5, 72.0, 72.5, 73.0, 73.5, 74.0, 74.5, 75.0, 75.5, 76.0, 76.5, 77.0, 77.5, 78.0, 78.5, 79.0, 79.5, 80.0, 80.5, 81.0, 81.5, 82.0, 82.5, 83.0, 83.5, 84.0, 84.5, 85.0, 85.5, 86.0, 86.5, 87.0, 87.5, 88.0, 88.5, 89.0, 89.5, 90.0, 90.5, 91.0, 91.5, 92.0, 92.5, 93.0, 93.5, 94.0, 94.5, 95.0, 95.5, 96.0
2OAR.pdb, 55, 55, 0.19225151215945974, 1.64895080503845, 1.0070965579790108, -, -, -, 1.6201770326422607, 93.61947689889145, , R, 3.1899092912527345, 3.102958534162822, 2.7785521980303085, 2.4815840719347784, 2.219640550972948, 2.005951689077987, 1.850526456633565, 1.759137741058678, 1.734120159834271, 1.7812054664407841, 1.901493394510252, 2.0876691319598595, 2.3301864997315054, 2.6191539714938687, 2.825050506523764, 2.700413713081089, 2.536828676991133, 2.4231641228522287, 2.3668280448888983, 2.3698533332575016, 2.4365749908189662, 2.5638722264162177, 2.746326178975694, 2.865182541911182, 2.6659211337694253, 2.4021910437617664, 2.1684734096039096, 1.9765664750123615, 1.848074095469339, 1.7908713522217852, 1.8002240657252266, 1.8825348438436227, 2.036137778299302, 2.1422744789228627, 2.129387953912286, 2.188220396072182, 2.2818289808955465, 2.2485338435290654, 1.8940702308497674, 1.5799844761748827, 1.3197063164834346, 1.1291432908067738, 1.0240102960831785, 1.0149588947215409, 1.1029839513955397, 1.278941410717481, 1.5276386321182973, 1.747088733452181, 1.9017840909133485, 1.9523347540900824, 2.1022585604560575, 2.300126860630893, 2.5501328459682866, 2.8433236799882677, 3.1716101382001685, 3.528149942442188, 3.8661066453558157, 4.256018011134325, 4.661797742950659, 4.976322890147367, 5.228935919151494, 5.253317106205589, 4.917809599621446, 4.523455169212001, 4.145801648802447, 3.788414665874335, 3.45566319259725, 3.152813087152563, 2.886034508348921, 2.662236008412092, 2.4670167288345968, 2.314337704670394, 2.1762605100344743, 2.0094508225765306, 1.8863525043277973, 1.7657054891866313, 1.7176724986753897, 1.7427524053522885, 1.7251150736012928, 1.6820162714242448, 1.6094624040666394, 1.615946695093438, 1.6647202152198481, 1.5348752112047381, 1.44429430780335, 1.411625433782452, 1.4635908943293425, 1.587014909393993, 1.7619001719104972, 1.9974863218667593, 2.2213096877159484, 2.3545215455873256, 2.5309649438272275, 2.7588686290904083, 3.030507280942525, 3.334819884723832, 3.6580764203041336, 3.694060086942627, 3.482980182712194, 3.309646634157288, 3.241970479531204, 3.2344332247413825, 3.281345363428841, 3.379101888031568, 3.52474789456414, 3.7142872800510474, 3.6874285651407352, 3.582874766169468, 3.5248662444423, 3.502034457177991, 3.528859747888897, 3.6063928461293417, 3.4421137776455732, 3.2027153445852625, 3.0060918361940163, 2.858010323576585, 2.7622501488698767, 2.7235992791808754, 2.614704260771419, 2.563163115425539, 2.3791087525321495, 2.164933844477815, 2.0039320512002456, 1.9031979155640921, 1.8671132178648424, 1.8209473444085589, 1.808953386230189, 1.8716711528854635, 2.005724769431381, 2.062956075251579, 2.145506833533946, 2.2897534539945426, 2.368084964209702, 2.4977554406229596, 2.683274065820265, 2.9052550138470177, 2.9619330805518236, 3.0934374407764973, 3.247536225215535, 3.4414791087380503, 3.6764553528483117, 3.9471767414130317, 4.194483589805724, 4.396371345214629, 4.397375140812057, 4.383066231491977, 4.3578536111345265, 4.312977631387289, 4.065945919858121, 3.8541934828302105, 3.682030311542762, 3.47158289799845, 3.2743238443709264, 3.1262778367484807, 3.1586392275140533, 3.2435524880289157, 3.378285372574742, 3.2928397280355255, 3.2253469970345328, 3.2100327691013235, 3.247399906791959, 3.33541365721806, 3.2527557723582645, 3.130751138756159, 2.947314167407096, 2.6572210452740097, 2.4095578663386235, 2.212491918632827, 2.0746580950648097, 2.009612810498797, 2.020309716120562, 2.100693190547646, 2.246303954024228, 2.34435137436875, 2.4783742356749414, 2.711984921004117, 2.9867783095647433, 3.297925392896849, 3.638852532441423, 3.855776348750394, 3.8069894845771377, 3.804909631703309, 3.849591064766289, 4.020812153372594, 4.217565874555561, 4.022430639142581, 4.20779056607404, 4.006914651742116, 3.8075376762417315, 3.666131874459365, 3.608220200014585, 3.6017021102451845, 3.6986512014686803
2OAR.pdb, 55, 55, 0.19225151215945974, 1.64895080503845, 1.0070965579790108, -, -, -, 1.6201770326422607, 93.61947689889145, , Upper limit of R overestimation, -, -, -, -, -, -, -, -, -, -, -, -, -, -, -, -, -, -, -, -, -, -, -, -, -, -, -, -, -, -, -, -, -, -, -, -, -, -, -, -, -, -, -, -, -, -, -, -, -, -, -, -, -, -, -, -, -, -, -, -, -, -, -, -, -, -, -, -, -, -, -, -, -, -, -, -, -, -, -, -, -, -, -, -, -, -, -, -, -, -, -, -, -, -, -, -, -, -, -, -, -, -, -, -, -, -, -, -, -, -, -, -, -, -, -, -, -, -, -, -, -, -, -, -, -, -, -, -, -, -, -, -, -, -, -, -, -, -, -, -, -, -, -, -, -, -, -, -, -, -, -, -, -, -, -, -, -, -, -, -, -, -, -, -, -, -, -, -, -, -, -, -, -, -, -, -, -, -, -, -, -, -, -, -, -, -, -, -, -, -, -, -, -
2OAR.pdb, 56, 56, 0.18810807813024416, 1.6707385976629903, 0.8870246457242339, -, -, -, 1.4195100465534922, 63.82187580253519, , X, 63.068282105920325, 62.79374789385973, 62.403422282203735, 62.01455499107009, 61.6318213213522, 61.25086628976528, 60.86615262523272, 60.47446739312172, 60.0885964226243, 59.70563499791301, 59.32267357320171, 58.93971214849042, 58.55675072377913, 58.17378929906784, 57.826140850037795, 57.443996606509145, 57.05421356598525, 56.6613398266591, 56.26432612755236, 55.86830890765192, 55.47229168775148, 55.076274467851036, 54.6802572479506, 54.428679366667886, 54.021937714905505, 53.62890682471425, 53.246536538581545, 52.87095819103486, 52.496298609227274, 52.12163902741969, 51.74444596902282, 51.366860471219574, 50.98811607188813, 50.61300530579921, 50.25588619420719, 49.940931426090955, 49.54746105815216, 49.247575309091864, 48.85265758871987, 48.457739868347886, 48.06282214797589, 47.6679044276039, 47.27298670723191, 46.87806898685992, 46.48315126648793, 46.08823354611594, 45.69331582574395, 45.374619940590826, 45.08129618566133, 44.78761353452235, 44.4660145164771, 44.07198718846425, 43.67795986045139, 43.283932532438534, 42.88990520442567, 42.49587787641282, 42.1411379583235, 41.75413971458738, 41.367141470851266, 41.082065967085995, 40.931788976948, 40.78501158678311, 40.50100366355541, 40.14290954512411, 39.80196081278075, 39.461012080437385, 39.12681845361, 38.81330255627788, 38.499786658945766, 38.18627076161365, 37.87275486428153, 37.58468538363327, 37.3737984493744, 37.00753232201315, 36.64052322344871, 36.27608820388208, 35.97414020090387, 35.865504412718444, 35.633893873955266, 35.53192015675402, 35.65667279092314, 35.435803161798425, 35.373488468040705, 35.311173774282985, 35.1956614386687, 35.076668196556376, 35.024185496559454, 34.97399099777529, 34.921005506621746, 34.86776684213209, 34.814127026727036, 34.6092473770542, 34.309946807197555, 34.00825195587114, 33.715887761794164, 33.42742797146257, 33.26094587981826, 33.041522677582755, 32.74416424623199, 32.29486003448391, 31.845074239532188, 31.39528844458047, 30.94589045379783, 30.497490589725402, 30.138781742977898, 29.780750704830133, 29.418800315302896, 28.983849280940383, 28.568366240730573, 28.10270888965745, 27.655040681951892, 27.215098421996316, 26.788454739014405, 26.408367251548803, 25.95933286600451, 25.51029848046021, 25.061264094915913, 24.61222970937162, 24.163339769549594, 23.71504769565345, 23.30796873209423, 23.07339312522669, 22.786191489476003, 22.380058326130214, 21.973925162784425, 21.567791999438633, 21.161658836092844, 20.79091533815958, 20.532167273989533, 20.208175432700124, 19.867527869460588, 19.4906225532533, 19.13805981327597
2OAR.pdb, 56, 56, 0.18810807813024416, 1.6707385976629903, 0.8870246457242339, -, -, -, 1.4195100465534922, 63.82187580253519, , Y, 158.9692796110366, 158.80511158423258, 158.50055374051826, 158.18783964722232, 157.86760216059088, 157.54691322785456, 157.2301142553982, 156.9205304383884, 156.60345829277466, 156.28263887254843, 155.96181945232223, 155.641000032096, 155.3201806118698, 154.9993611916436, 154.69769250130008, 154.48221700426683, 154.17173504359323, 153.86441648535185, 153.56255339665796, 153.26005245365207, 152.9575515106462, 152.6550505676403, 152.35254962463443, 152.01469327282234, 151.79540418427982, 151.50050744395983, 151.1806385042043, 150.85163728605102, 150.5215533512378, 150.1914694164246, 149.8636728266321, 149.5362305500888, 149.21066933418555, 149.12580761916817, 148.85056699721102, 148.53833774370523, 148.23021221158146, 147.94795958652614, 147.65177335324876, 147.3555871199714, 147.05940088669402, 146.76321465341667, 146.4670284201393, 146.17084218686193, 145.87465595358455, 145.5784697203072, 145.28228348702982, 144.93566037912518, 144.66647192030055, 144.39073824339104, 144.2157233991542, 143.91304429291574, 143.6103651866773, 143.30768608043886, 143.00500697420043, 142.70232786796197, 142.39263757176576, 142.0766868778498, 141.76073618393386, 141.45635188217298, 141.48463243800677, 141.6448457903764, 141.58613092033883, 141.59388611312528, 141.73314656960648, 141.87240702608764, 142.01700517421207, 142.17794227421024, 142.33887937420843, 142.4998164742066, 142.6607535742048, 142.8375393544651, 143.06239640207667, 143.36733012528083, 143.669668115635, 143.94238927464698, 144.08801066292338, 144.1181901334122, 144.1555916407503, 144.43076582800617, 144.79807589934165, 144.95767393330019, 145.2913403834947, 145.62500683368927, 145.97044029312798, 146.40496943935207, 146.86173494863758, 147.33740935064108, 147.82899204096455, 148.31281601684864, 148.78175481984732, 149.21578538159756, 149.61561100744586, 150.0138058842218, 150.41916482058303, 150.82648380320822, 151.29503670224886, 151.7416656943644, 151.99431604618732, 151.839801468457, 151.67893052980844, 151.51805959115984, 151.3481070572859, 151.15478039933458, 151.42692345201928, 151.7408376879332, 152.00278412713166, 152.1089408430888, 152.3469435302831, 152.4068392487803, 152.5611934125088, 152.74347846967433, 152.94664047526712, 153.2391840317662, 153.4540831069239, 153.6689821820816, 153.8838812572393, 154.098780332397, 154.3140707920416, 154.53098120584588, 154.52428347750532, 154.11000579180788, 153.75748341646755, 153.54452417278955, 153.33156492911155, 153.11860568543355, 152.90564644175555, 152.789028011868, 152.84272117361513, 152.7201918118051, 153.05433309045853, 153.3266102271243, 153.60779791960368
2OAR.pdb, 56, 56, 0.18810807813024416, 1.6707385976629903, 0.8870246457242339, -, -, -, 1.4195100465534922, 63.82187580253519, , Z, -0.5904458934469397, -0.3406510453511297, -0.3082696882501119, -0.2776110252759299, -0.24759703951137008, -0.20252074497597175, -0.1637017549450837, -0.13648890518999054, -0.11382835350169089, -0.09344584166397113, -0.07306332982625136, -0.05268081798853161, -0.03229830615081185, -0.011915794313092087, -0.08282927819459815, -0.14320226898905009, -0.10273542594718792, -0.06879356732210704, -0.0335109183509031, 0.007275611568648248, 0.04806214148819961, 0.08884867140775095, 0.12963520132730233, 0.06792440495630259, 0.019813296007875195, 0.05535362181216626, 0.0934766991233858, 0.11949995802966873, 0.1454767503258086, 0.17145354262194845, 0.18750771290887966, 0.20202485383960675, 0.22386115676223306, 0.4108033686540404, 0.4393533977788709, 0.3787762712770532, 0.3942593590683008, 0.2383041567589102, 0.317763009967068, 0.3972218631752258, 0.4766807163833836, 0.5561395695915414, 0.6355984227996991, 0.715057276007857, 0.7945161292160148, 0.8739749824241726, 0.9534338356323303, 0.828533005063545, 0.603481729477974, 0.546236817136218, 0.7449541950175178, 0.8008811422410497, 0.8568080894645816, 0.9127350366881135, 0.9686619839116455, 1.0245889311351775, 1.0008535420120923, 1.0210406259815197, 1.0412277099509468, 0.9085596730341857, 0.4330427007663032, -0.009229831783840625, -0.2548719937373819, -0.501372031693336, -0.8395443060951627, -1.1777165804969894, -1.5199569129683292, -1.8746497828772315, -2.2293426527861335, -2.584035522695036, -2.938728392603938, -3.3030823087803514, -3.6967395316256813, -3.8476000759761257, -4.002183584668106, -3.9047837798539584, -3.9518295005694672, -4.398917160209842, -4.802937012731029, -5.176057449972236, -5.39243019751369, -5.749031902466797, -6.116160734018412, -6.4832895655700264, -6.810017025898132, -6.94859234488648, -7.098017007422383, -7.108376760710644, -7.182796691765733, -7.289127033420908, -7.45410936352167, -7.535019532142992, -7.558419297744545, -7.578397873797808, -7.592796163064743, -7.605123757587536, -7.552760660254218, -7.591813858166424, -7.565540497556884, -7.410552971927338, -7.262859777236545, -7.115166582545752, -6.978712086611887, -6.871183647465756, -6.819441750797485, -6.6756498791096925, -6.536489493527411, -6.395299377724328, -6.251325198836946, -6.332236599223037, -6.483301909373274, -6.635692741903783, -6.78686888687859, -6.896794364632347, -6.943554476856546, -6.990314589080744, -7.037074701304942, -7.08383481352914, -7.130163521858484, -7.174706634290835, -7.192366420340753, -7.039564968135968, -6.994759645632569, -7.194018808942152, -7.3932779722517346, -7.592537135561318, -7.7917962988709, -8.045231256822039, -8.426341971029967, -8.681351382767161, -8.638755888976172, -8.509927772677463, -8.51738010640141
2OAR.pdb, 56, 56, 0.18810807813024416, 1.6707385976629903, 0.8870246457242339, -, -, -, 1.4195100465534922, 63.82187580253519, , distance, 0.0, 0.405854211203562, 0.8610260958094789, 1.3486492888665422, 1.842459803379057, 2.3402162929167662, 2.8383412310206744, 3.336364021497731, 3.8344232370156286, 4.332717747807544, 4.831364673026394, 5.330265108357043, 5.829353964803426, 6.328586664380153, 6.7811633228210235, 7.208768624083908, 7.708652007955151, 8.208572229755443, 8.708425912833132, 9.208265840426117, 9.708122253897157, 10.20799273144668, 10.707875303435452, 11.110466150328445, 11.561714914223758, 12.05410388195878, 12.553778968629526, 13.053181798072117, 13.55258263772857, 14.052026090617755, 14.551513721298589, 15.051036268131043, 15.550690721548941, 15.906928085183234, 16.35867722463786, 16.794977693211006, 17.294791552665266, 17.696560628898823, 18.193261712000353, 18.69013871939915, 19.18717798373251, 19.684367213819073, 20.18169532614942, 20.679152300482887, 21.176729055631156, 21.67441734221842, 22.17220964977791, 22.627895409902894, 23.011463089133567, 23.409586912416653, 23.78014032260311, 24.2793169892778, 24.77852685631195, 25.277767956686997, 25.777038475652134, 26.27633673628023, 26.744394877538536, 27.24425157587617, 27.744113438593633, 28.14859419985802, 28.22737578516401, 28.231506590081587, 28.488041781426503, 28.766037968608305, 28.956312589082593, 29.153921470394213, 29.350251806955974, 29.527990486016822, 29.713080674222866, 29.905385872171156, 30.104767814650728, 30.28209276010233, 30.37901387416298, 30.548200608616213, 30.72693452874824, 30.896827068350685, 31.0941086193105, 31.225797448390747, 31.461660642331573, 31.474552352054157, 31.22944753166313, 31.408438290977966, 31.378673341242113, 31.356853882916653, 31.377314600598464, 31.33398100527837, 31.23159416665439, 31.097797693957364, 30.981192297092402, 30.882059621930164, 30.808972992305964, 30.875142273450027, 31.03362078234768, 31.201239316301645, 31.36399888345615, 31.529209678104092, 31.557013864291374, 31.66802548428198, 31.888151176189687, 32.316355381358036, 32.7499466599632, 33.18540624019301, 33.62648155102056, 34.078886787215986, 34.35170330527123, 34.6025985579316, 34.87370239304138, 35.24924301294292, 35.58293248710417, 36.03644119997072, 36.46761561857966, 36.88843164982431, 37.2946874748365, 37.637127726719086, 38.05067009715096, 38.46626582041816, 38.8838490570561, 39.30335645739145, 39.72446870637966, 40.14633284356555, 40.54905504269346, 40.80189730230408, 41.119641032499175, 41.57603517856567, 42.033421508331564, 42.49176798186693, 42.95104386103498, 43.37216936537506, 43.683601621443984, 44.06248510921088, 44.3403546752214, 44.64941570838026, 44.960496022900216
2OAR.pdb, 56, 56, 0.18810807813024416, 1.6707385976629903, 0.8870246457242339, -, -, -, 1.4195100465534922, 63.82187580253519, , length, 0.0, 0.5, 1.0, 1.5, 2.0, 2.5, 3.0, 3.5, 4.0, 4.5, 5.0, 5.5, 6.0, 6.5, 7.0, 7.5, 8.0, 8.5, 9.0, 9.5, 10.0, 10.5, 11.0, 11.5, 12.0, 12.5, 13.0, 13.5, 14.0, 14.5, 15.0, 15.5, 16.0, 16.5, 17.0, 17.5, 18.0, 18.5, 19.0, 19.5, 20.0, 20.5, 21.0, 21.5, 22.0, 22.5, 23.0, 23.5, 24.0, 24.5, 25.0, 25.5, 26.0, 26.5, 27.0, 27.5, 28.0, 28.5, 29.0, 29.5, 30.0, 30.5, 31.0, 31.5, 32.0, 32.5, 33.0, 33.5, 34.0, 34.5, 35.0, 35.5, 36.0, 36.5, 37.0, 37.5, 38.0, 38.5, 39.0, 39.5, 40.0, 40.5, 41.0, 41.5, 42.0, 42.5, 43.0, 43.5, 44.0, 44.5, 45.0, 45.5, 46.0, 46.5, 47.0, 47.5, 48.0, 48.5, 49.0, 49.5, 50.0, 50.5, 51.0, 51.5, 52.0, 52.5, 53.0, 53.5, 54.0, 54.5, 55.0, 55.5, 56.0, 56.5, 57.0, 57.5, 58.0, 58.5, 59.0, 59.5, 60.0, 60.5, 61.0, 61.5, 62.0, 62.5, 63.0, 63.5, 64.0, 64.5, 65.0, 65.5, 66.0
2OAR.pdb, 56, 56, 0.18810807813024416, 1.6707385976629903, 0.8870246457242339, -, -, -, 1.4195100465534922, 63.82187580253519, , R, 3.1899092912527345, 3.102958534162822, 2.7785521980303085, 2.4815840719347784, 2.219640550972948, 2.005951689077987, 1.850526456633565, 1.759137741058678, 1.734120159834271, 1.7812054664407841, 1.901493394510252, 2.0876691319598595, 2.3301864997315054, 2.6191539714938687, 2.825050506523764, 2.700413713081089, 2.536828676991133, 2.4231641228522287, 2.3668280448888983, 2.3698533332575016, 2.4365749908189662, 2.5638722264162177, 2.746326178975694, 2.865182541911182, 2.6659211337694253, 2.4021910437617664, 2.1684734096039096, 1.9765664750123615, 1.848074095469339, 1.7908713522217852, 1.8002240657252266, 1.8825348438436227, 2.036137778299302, 2.1422744789228627, 2.129387953912286, 2.188220396072182, 2.2818289808955465, 2.2485338435290654, 1.8940702308497674, 1.5799844761748827, 1.3197063164834346, 1.1291432908067738, 1.0240102960831785, 1.0149588947215409, 1.1029839513955397, 1.278941410717481, 1.5276386321182973, 1.747088733452181, 1.9017840909133485, 1.9523347540900824, 2.1022585604560575, 2.300126860630893, 2.5501328459682866, 2.8433236799882677, 3.1716101382001685, 3.528149942442188, 3.8661066453558157, 4.256018011134325, 4.661797742950659, 4.976322890147367, 4.859505253374024, 4.671086641966612, 4.591166674659217, 4.342975522861986, 3.9662653904706366, 3.610666027688135, 3.275292426382602, 2.9523669039836418, 2.664411785803838, 2.419103738479089, 2.2248330445863393, 2.0675234901172024, 1.9048345767209613, 1.7526337216166548, 1.6696106721697492, 1.657023425338044, 1.614308108193018, 1.5816470216302898, 1.5660826570245514, 1.4178023811121938, 1.2328834707397256, 1.2632628802383992, 1.2756104489227509, 1.375569599187565, 1.5079678886092962, 1.5064854378227523, 1.5124735601607622, 1.6028174864932643, 1.7555526058987683, 1.9656638049263622, 2.2168807399111063, 2.3910874448468467, 2.5356703163234973, 2.7305608196138516, 2.972769912521913, 3.254698129740303, 3.5550124704928527, 3.8519382406537033, 3.9623114721714194, 3.654046815252609, 3.371582906034089, 3.12590208751585, 2.9140019785088227, 2.7259669936042568, 2.5200974399435387, 2.259114036258267, 2.0551276027281355, 1.8983579015701402, 1.787747918759397, 1.5437566061684436, 1.280271793207881, 1.0829083159366109, 0.970997863355735, 0.9148913855812686, 0.8900075026236762, 0.9674839227273289, 1.1383860458841304, 1.3862788015047696, 1.6930703253808344, 2.042666716451301, 2.2184331813432965, 2.0416699325566876, 1.9775484002748573, 2.0915748330501973, 2.268680606382372, 2.500538359428282, 2.778296949035815, 3.0904577713282158, 3.3806654301686305, 3.4959342423995508, 3.5930581621583317, 3.6270557128445335, 3.696304722885197
2OAR.pdb, 56, 56, 0.18810807813024416, 1.6707385976629903, 0.8870246457242339, -, -, -, 1.4195100465534922, 63.82187580253519, , Upper limit of R overestimation, -, -, -, -, -, -, -, -, -, -, -, -, -, -, -, -, -, -, -, -, -, -, -, -, -, -, -, -, -, -, -, -, -, -, -, -, -, -, -, -, -, -, -, -, -, -, -, -, -, -, -, -, -, -, -, -, -, -, -, -, -, -, -, -, -, -, -, -, -, -, -, -, -, -, -, -, -, -, -, -, -, -, -, -, -, -, -, -, -, -, -, -, -, -, -, -, -, -, -, -, -, -, -, -, -, -, -, -, -, -, -, -, -, -, -, -, -, -, -, -, -, -, -, -, -, -, -, -, -, -, -, -, -
2OAR.pdb, 57, 57, 0.18645434807007322, 1.67956885232848, 1.0070965579790108, -, -, -, 1.5320980037951217, 78.69412215696948, , X, 63.068282105920325, 62.79374789385973, 62.403422282203735, 62.01455499107009, 61.6318213213522, 61.25086628976528, 60.86615262523272, 60.47446739312172, 60.0885964226243, 59.70563499791301, 59.32267357320171, 58.93971214849042, 58.55675072377913, 58.17378929906784, 57.826140850037795, 57.443996606509145, 57.05421356598525, 56.6613398266591, 56.26432612755236, 55.86830890765192, 55.47229168775148, 55.076274467851036, 54.6802572479506, 54.428679366667886, 54.021937714905505, 53.62890682471425, 53.246536538581545, 52.87095819103486, 52.496298609227274, 52.12163902741969, 51.74444596902282, 51.366860471219574, 50.98811607188813, 50.61300530579921, 50.25588619420719, 49.940931426090955, 49.54746105815216, 49.247575309091864, 48.85265758871987, 48.457739868347886, 48.06282214797589, 47.6679044276039, 47.27298670723191, 46.87806898685992, 46.48315126648793, 46.08823354611594, 45.69331582574395, 45.374619940590826, 45.08129618566133, 44.78761353452235, 44.4660145164771, 44.07198718846425, 43.67795986045139, 43.283932532438534, 42.88990520442567, 42.49587787641282, 42.1411379583235, 41.75413971458738, 41.367141470851266, 41.082065967085995, 40.931788976948, 40.78501158678311, 40.50100366355541, 40.14290954512411, 39.80196081278075, 39.461012080437385, 39.12681845361, 38.81330255627788, 38.499786658945766, 38.18627076161365, 37.87275486428153, 37.58468538363327, 37.3737984493744, 37.00753232201315, 36.64052322344871, 36.27608820388208, 35.97414020090387, 35.865504412718444, 35.633893873955266, 35.53192015675402, 35.65667279092314, 35.435803161798425, 35.373488468040705, 35.311173774282985, 35.1956614386687, 35.076668196556376, 35.024185496559454, 34.97399099777529, 34.921005506621746, 34.86776684213209, 34.814127026727036, 34.6092473770542, 34.309946807197555, 34.00825195587114, 33.715887761794164, 33.42537620610626, 33.18437764818007, 32.91955552740727, 32.809004099876006, 32.684626217340806, 32.495051994127884, 32.19717185542607, 31.899291716724257, 31.66822556888198, 31.3548470891551, 31.05222200202143, 30.749763979575135, 30.693231862353077, 30.704891482243656, 30.71655110213424, 30.61117113829914, 30.473105461740833, 30.36090434257417, 30.384696224368916, 30.259964805860122, 30.323856608501945, 30.61697083423011, 30.926847665660866, 31.204447877252438, 31.431852906993736, 31.380628140400447, 31.23063640383118, 31.230894251715675, 31.174302416023767, 31.130148255877614, 30.95144508977229, 30.646649973288575, 30.371748723868365, 30.093744802617508, 29.815740881366654, 29.546044240069683, 29.278540336357473, 29.01103643264526, 28.743532528933045, 28.476028625220835, 28.20852472150862, 28.029783258749152, 27.94277998409716, 27.79933635418092, 27.65576363989289, 27.512190925604862, 27.368618211316836, 27.10052953485694, 26.621444227111542, 26.211221017705533, 25.834954758720354, 25.42357715019283, 24.993178088516572, 24.760917817020676, 24.4844912290125, 24.11404577566904, 23.731548148285672, 23.234260793344735, 22.736339688150213, 22.238418582955692, 21.825434859956044, 21.679266223473583, 21.533097586991122, 21.091651642549596, 20.61854735422549, 20.145443065901386, 19.67233877757728, 19.199234489253175, 18.72613020092907, 18.253025912604965
2OAR.pdb, 57, 57, 0.18645434807007322, 1.67956885232848, 1.0070965579790108, -, -, -, 1.5320980037951217, 78.69412215696948, , Y, 158.9692796110366, 158.80511158423258, 158.50055374051826, 158.18783964722232, 157.86760216059088, 157.54691322785456, 157.2301142553982, 156.9205304383884, 156.60345829277466, 156.28263887254843, 155.96181945232223, 155.641000032096, 155.3201806118698, 154.9993611916436, 154.69769250130008, 154.48221700426683, 154.17173504359323, 153.86441648535185, 153.56255339665796, 153.26005245365207, 152.9575515106462, 152.6550505676403, 152.35254962463443, 152.01469327282234, 151.79540418427982, 151.50050744395983, 151.1806385042043, 150.85163728605102, 150.5215533512378, 150.1914694164246, 149.8636728266321, 149.5362305500888, 149.21066933418555, 149.12580761916817, 148.85056699721102, 148.53833774370523, 148.23021221158146, 147.94795958652614, 147.65177335324876, 147.3555871199714, 147.05940088669402, 146.76321465341667, 146.4670284201393, 146.17084218686193, 145.87465595358455, 145.5784697203072, 145.28228348702982, 144.93566037912518, 144.66647192030055, 144.39073824339104, 144.2157233991542, 143.91304429291574, 143.6103651866773, 143.30768608043886, 143.00500697420043, 142.70232786796197, 142.39263757176576, 142.0766868778498, 141.76073618393386, 141.45635188217298, 141.48463243800677, 141.6448457903764, 141.58613092033883, 141.59388611312528, 141.73314656960648, 141.87240702608764, 142.01700517421207, 142.17794227421024, 142.33887937420843, 142.4998164742066, 142.6607535742048, 142.8375393544651, 143.06239640207667, 143.36733012528083, 143.669668115635, 143.94238927464698, 144.08801066292338, 144.1181901334122, 144.1555916407503, 144.43076582800617, 144.79807589934165, 144.95767393330019, 145.2913403834947, 145.62500683368927, 145.97044029312798, 146.40496943935207, 146.86173494863758, 147.33740935064108, 147.82899204096455, 148.31281601684864, 148.78175481984732, 149.21578538159756, 149.61561100744586, 150.0138058842218, 150.41916482058303, 150.80791627368032, 150.69809479064727, 150.64597805426337, 150.55713957058714, 150.93561239635142, 151.09892049086253, 150.90177752251847, 150.70463455417445, 150.60263595868784, 150.33647695517095, 150.11947925138895, 149.90115877737824, 149.98966303596086, 150.18143968940964, 150.37321634285843, 150.16808794698773, 149.85211564679443, 149.6167136697101, 149.80494159906914, 149.4120071609821, 149.01062373211792, 148.9612356752084, 148.87634674096347, 148.63125074395674, 148.4010851663814, 148.2176079594618, 148.0337153051383, 147.6854715233975, 147.5188137790562, 147.2939847380177, 147.1037957850917, 146.81638605668064, 146.46089774381875, 146.1013425419114, 145.74178734000404, 145.38574269485173, 145.03772842784866, 144.6897141608456, 144.3416998938425, 143.99368562683944, 143.64567135983637, 143.42517940924742, 143.32585997446154, 143.19717291677355, 143.07245445230572, 142.94773598783792, 142.8230175233701, 142.6990646297318, 142.5620890224781, 142.58074443580043, 142.65973090057798, 142.50012216783776, 142.37766750817673, 142.48609391196186, 142.6392401423084, 142.71335284372387, 142.8311703242406, 142.79413101268264, 142.7574090594301, 142.7206871061776, 142.5995309376581, 142.213140288521, 141.8267496393839, 141.65839384900204, 141.51341480431245, 141.36843575962286, 141.22345671493323, 141.07847767024364, 140.93349862555405, 140.78851958086446
2OAR.pdb, 57, 57, 0.18645434807007322, 1.67956885232848, 1.0070965579790108, -, -, -, 1.5320980037951217, 78.69412215696948, , Z, -0.5904458934469397, -0.3406510453511297, -0.3082696882501119, -0.2776110252759299, -0.24759703951137008, -0.20252074497597175, -0.1637017549450837, -0.13648890518999054, -0.11382835350169089, -0.09344584166397113, -0.07306332982625136, -0.05268081798853161, -0.03229830615081185, -0.011915794313092087, -0.08282927819459815, -0.14320226898905009, -0.10273542594718792, -0.06879356732210704, -0.0335109183509031, 0.007275611568648248, 0.04806214148819961, 0.08884867140775095, 0.12963520132730233, 0.06792440495630259, 0.019813296007875195, 0.05535362181216626, 0.0934766991233858, 0.11949995802966873, 0.1454767503258086, 0.17145354262194845, 0.18750771290887966, 0.20202485383960675, 0.22386115676223306, 0.4108033686540404, 0.4393533977788709, 0.3787762712770532, 0.3942593590683008, 0.2383041567589102, 0.317763009967068, 0.3972218631752258, 0.4766807163833836, 0.5561395695915414, 0.6355984227996991, 0.715057276007857, 0.7945161292160148, 0.8739749824241726, 0.9534338356323303, 0.828533005063545, 0.603481729477974, 0.546236817136218, 0.7449541950175178, 0.8008811422410497, 0.8568080894645816, 0.9127350366881135, 0.9686619839116455, 1.0245889311351775, 1.0008535420120923, 1.0210406259815197, 1.0412277099509468, 0.9085596730341857, 0.4330427007663032, -0.009229831783840625, -0.2548719937373819, -0.501372031693336, -0.8395443060951627, -1.1777165804969894, -1.5199569129683292, -1.8746497828772315, -2.2293426527861335, -2.584035522695036, -2.938728392603938, -3.3030823087803514, -3.6967395316256813, -3.8476000759761257, -4.002183584668106, -3.9047837798539584, -3.9518295005694672, -4.398917160209842, -4.802937012731029, -5.176057449972236, -5.39243019751369, -5.749031902466797, -6.116160734018412, -6.4832895655700264, -6.810017025898132, -6.94859234488648, -7.098017007422383, -7.108376760710644, -7.182796691765733, -7.289127033420908, -7.45410936352167, -7.535019532142992, -7.558419297744545, -7.578397873797808, -7.592796163064743, -7.619868923484915, -8.042349131210809, -8.463244712249722, -8.826736223566703, -9.1286470552305, -9.44701199607864, -9.796872072394141, -10.146732148709642, -10.536271876344172, -10.758104855963259, -11.09176644079237, -11.424710767117038, -11.851810810643816, -12.313422951359364, -12.775035092074914, -13.158840656070558, -13.520917132062912, -13.89905803138863, -14.36166390356264, -14.476144810509206, -14.69159088036682, -14.961328585461349, -15.257735633269743, -15.593657718700591, -15.96177351003562, -16.40997472753634, -16.85007241060999, -17.117136600845804, -17.55641820857261, -17.98898413102294, -18.36177974492987, -18.602458621457743, -18.821053882993176, -19.029461840016197, -19.237869797039217, -19.461754778166522, -19.701186880151702, -19.94061898213688, -20.18005108412206, -20.419483186107236, -20.658915288092416, -20.51984266206963, -20.05818192040351, -19.597088311524686, -19.134668393773772, -18.67224847602286, -18.20982855827195, -17.9022470613735, -17.86083509547024, -17.815950999062753, -17.744334360144613, -17.979472940058344, -17.86184408712507, -17.60389062041387, -17.26404793262351, -16.93651553180481, -16.828474018333914, -16.810179504922413, -16.783233797450045, -16.756288089977676, -16.803863140478988, -17.085531377893638, -17.367199615308284, -17.45931038718592, -17.53109763514985, -17.60288488311378, -17.674672131077713, -17.746459379041642, -17.818246627005575, -17.890033874969504
2OAR.pdb, 57, 57, 0.18645434807007322, 1.67956885232848, 1.0070965579790108, -, -, -, 1.5320980037951217, 78.69412215696948, , distance, 0.0, 0.405854211203562, 0.8610260958094789, 1.3486492888665422, 1.842459803379057, 2.3402162929167662, 2.8383412310206744, 3.336364021497731, 3.8344232370156286, 4.332717747807544, 4.831364673026394, 5.330265108357043, 5.829353964803426, 6.328586664380153, 6.7811633228210235, 7.208768624083908, 7.708652007955151, 8.208572229755443, 8.708425912833132, 9.208265840426117, 9.708122253897157, 10.20799273144668, 10.707875303435452, 11.110466150328445, 11.561714914223758, 12.05410388195878, 12.553778968629526, 13.053181798072117, 13.55258263772857, 14.052026090617755, 14.551513721298589, 15.051036268131043, 15.550690721548941, 15.906928085183234, 16.35867722463786, 16.794977693211006, 17.294791552665266, 17.696560628898823, 18.193261712000353, 18.69013871939915, 19.18717798373251, 19.684367213819073, 20.18169532614942, 20.679152300482887, 21.176729055631156, 21.67441734221842, 22.17220964977791, 22.627895409902894, 23.011463089133567, 23.409586912416653, 23.78014032260311, 24.2793169892778, 24.77852685631195, 25.277767956686997, 25.777038475652134, 26.27633673628023, 26.744394877538536, 27.24425157587617, 27.744113438593633, 28.14859419985802, 28.22737578516401, 28.231506590081587, 28.488041781426503, 28.766037968608305, 28.956312589082593, 29.153921470394213, 29.350251806955974, 29.527990486016822, 29.713080674222866, 29.905385872171156, 30.104767814650728, 30.28209276010233, 30.37901387416298, 30.548200608616213, 30.72693452874824, 30.896827068350685, 31.0941086193105, 31.225797448390747, 31.461660642331573, 31.474552352054157, 31.22944753166313, 31.408438290977966, 31.378673341242113, 31.356853882916653, 31.377314600598464, 31.33398100527837, 31.23159416665439, 31.097797693957364, 30.981192297092402, 30.882059621930164, 30.808972992305964, 30.875142273450027, 31.03362078234768, 31.201239316301645, 31.36399888345615, 31.539221769802804, 31.890297989159375, 32.25219410136721, 32.468823260309804, 32.56696536601166, 32.788774226545954, 33.2094613180464, 33.63231967602348, 33.983580314861854, 34.404193509451, 34.83711819625994, 35.271783690218626, 35.43438629223245, 35.5252498126215, 35.62290017097397, 35.90110825560881, 36.23210324655215, 36.52892288145464, 36.63124790061722, 36.88549545771758, 37.01640876709733, 36.87507038666144, 36.743278162259976, 36.70524673234107, 36.72639512632893, 37.01301594945204, 37.38445806772949, 37.60418987394558, 37.89700944436771, 38.197722929509546, 38.57591519596703, 39.02931788285864, 39.46996300743503, 39.91116665620927, 40.35374168415033, 40.796803866363405, 41.24385030867563, 41.692099621611305, 42.14151342123681, 42.592054846017945, 43.04368848716523, 43.202966427175646, 43.09884248157308, 43.057059119533776, 43.01910857253578, 42.98694063001244, 42.9605682816325, 43.10565601204714, 43.54117864232451, 43.86051827548264, 44.12004004996454, 44.6176559191586, 44.98106639101022, 45.04005851495094, 45.09310493239525, 45.264574180691774, 45.51363276196396, 45.950674037894, 46.38638492140122, 46.823380565867, 47.242100074085165, 47.60154079283764, 47.963500208955715, 48.438237583883264, 48.925176321333176, 49.41237593877023, 49.899828794848375, 50.38752754001725, 50.87546510290414, 51.363634677441155
2OAR.pdb, 57, 57, 0.18645434807007322, 1.67956885232848, 1.0070965579790108, -, -, -, 1.5320980037951217, 78.69412215696948, , length, 0.0, 0.5, 1.0, 1.5, 2.0, 2.5, 3.0, 3.5, 4.0, 4.5, 5.0, 5.5, 6.0, 6.5, 7.0, 7.5, 8.0, 8.5, 9.0, 9.5, 10.0, 10.5, 11.0, 11.5, 12.0, 12.5, 13.0, 13.5, 14.0, 14.5, 15.0, 15.5, 16.0, 16.5, 17.0, 17.5, 18.0, 18.5, 19.0, 19.5, 20.0, 20.5, 21.0, 21.5, 22.0, 22.5, 23.0, 23.5, 24.0, 24.5, 25.0, 25.5, 26.0, 26.5, 27.0, 27.5, 28.0, 28.5, 29.0, 29.5, 30.0, 30.5, 31.0, 31.5, 32.0, 32.5, 33.0, 33.5, 34.0, 34.5, 35.0, 35.5, 36.0, 36.5, 37.0, 37.5, 38.0, 38.5, 39.0, 39.5, 40.0, 40.5, 41.0, 41.5, 42.0, 42.5, 43.0, 43.5, 44.0, 44.5, 45.0, 45.5, 46.0, 46.5, 47.0, 47.5, 48.0, 48.5, 49.0, 49.5, 50.0, 50.5, 51.0, 51.5, 52.0, 52.5, 53.0, 53.5, 54.0, 54.5, 55.0, 55.5, 56.0, 56.5, 57.0, 57.5, 58.0, 58.5, 59.0, 59.5, 60.0, 60.5, 61.0, 61.5, 62.0, 62.5, 63.0, 63.5, 64.0, 64.5, 65.0, 65.5, 66.0, 66.5, 67.0, 67.5, 68.0, 68.5, 69.0, 69.5, 70.0, 70.5, 71.0, 71.5, 72.0, 72.5, 73.0, 73.5, 74.0, 74.5, 75.0, 75.5, 76.0, 76.5, 77.0, 77.5, 78.0, 78.5, 79.0, 79.5, 80.0, 80.5, 81.0, 81.5, 82.0
2OAR.pdb, 57, 57, 0.18645434807007322, 1.67956885232848, 1.0070965579790108, -, -, -, 1.5320980037951217, 78.69412215696948, , R, 3.1899092912527345, 3.102958534162822, 2.7785521980303085, 2.4815840719347784, 2.219640550972948, 2.005951689077987, 1.850526456633565, 1.759137741058678, 1.734120159834271, 1.7812054664407841, 1.901493394510252, 2.0876691319598595, 2.3301864997315054, 2.6191539714938687, 2.825050506523764, 2.700413713081089, 2.536828676991133, 2.4231641228522287, 2.3668280448888983, 2.3698533332575016, 2.4365749908189662, 2.5638722264162177, 2.746326178975694, 2.865182541911182, 2.6659211337694253, 2.4021910437617664, 2.1684734096039096, 1.9765664750123615, 1.848074095469339, 1.7908713522217852, 1.8002240657252266, 1.8825348438436227, 2.036137778299302, 2.1422744789228627, 2.129387953912286, 2.188220396072182, 2.2818289808955465, 2.2485338435290654, 1.8940702308497674, 1.5799844761748827, 1.3197063164834346, 1.1291432908067738, 1.0240102960831785, 1.0149588947215409, 1.1029839513955397, 1.278941410717481, 1.5276386321182973, 1.747088733452181, 1.9017840909133485, 1.9523347540900824, 2.1022585604560575, 2.300126860630893, 2.5501328459682866, 2.8433236799882677, 3.1716101382001685, 3.528149942442188, 3.8661066453558157, 4.256018011134325, 4.661797742950659, 4.976322890147367, 4.859505253374024, 4.671086641966612, 4.591166674659217, 4.342975522861986, 3.9662653904706366, 3.610666027688135, 3.275292426382602, 2.9523669039836418, 2.664411785803838, 2.419103738479089, 2.2248330445863393, 2.0675234901172024, 1.9048345767209613, 1.7526337216166548, 1.6696106721697492, 1.657023425338044, 1.614308108193018, 1.5816470216302898, 1.5660826570245514, 1.4178023811121938, 1.2328834707397256, 1.2632628802383992, 1.2756104489227509, 1.375569599187565, 1.5079678886092962, 1.5064854378227523, 1.5124735601607622, 1.6028174864932643, 1.7555526058987683, 1.9656638049263622, 2.2168807399111063, 2.3910874448468467, 2.5356703163234973, 2.7305608196138516, 2.972769912521913, 3.2402770022205947, 3.0947365343574593, 3.0348934337498386, 2.9157453716331, 2.99020006541905, 2.9240699199419153, 2.5685457094604236, 2.2459865352072206, 2.019794450248938, 1.7582504071975, 1.5569267592954672, 1.4264199447695485, 1.4956611967852633, 1.66719224884526, 1.9037664068102407, 1.8820871519944489, 1.8428086213173915, 1.924474533994342, 2.3024947121286448, 2.2029702547585206, 2.119185185932761, 2.167648423042563, 2.2612013617474513, 2.3853400464708323, 2.5073598306789866, 2.3934023729277, 2.247482289322402, 2.1910852166298724, 2.0746994378542234, 1.8959542122402757, 1.8008597078747917, 1.6684255449007606, 1.5288251623378346, 1.461023715711673, 1.4762760081084654, 1.5654972986902704, 1.7294284508587547, 1.9581139909835743, 2.2397564563813206, 2.563412823647196, 2.9199044995756087, 2.971731384091736, 2.7662682455929803, 2.616188097910651, 2.518534270062936, 2.4814330082669156, 2.506558479498747, 2.605410043674064, 2.7950640436035505, 2.863674237371723, 2.9002867187581347, 3.215254594935313, 3.2554940657059936, 3.14678457965416, 3.0294655819744407, 3.0092837654900078, 2.906871221129436, 2.790501407607359, 2.721582903842062, 2.7110316325153243, 2.7942146626388067, 3.037010177707861, 3.319445770347922, 3.516761252868282, 3.741984410590909, 4.003404381014326, 4.296142362005508, 4.615717398480923, 4.958158998737835, 5.320033627975413
2OAR.pdb, 57, 57, 0.18645434807007322, 1.67956885232848, 1.0070965579790108, -, -, -, 1.5320980037951217, 78.69412215696948, , Upper limit of R overestimation, -, -, -, -, -, -, -, -, -, -, -, -, -, -, -, -, -, -, -, -, -, -, -, -, -, -, -, -, -, -, -, -, -, -, -, -, -, -, -, -, -, -, -, -, -, -, -, -, -, -, -, -, -, -, -, -, -, -, -, -, -, -, -, -, -, -, -, -, -, -, -, -, -, -, -, -, -, -, -, -, -, -, -, -, -, -, -, -, -, -, -, -, -, -, -, -, -, -, -, -, -, -, -, -, -, -, -, -, -, -, -, -, -, -, -, -, -, -, -, -, -, -, -, -, -, -, -, -, -, -, -, -, -, -, -, -, -, -, -, -, -, -, -, -, -, -, -, -, -, -, -, -, -, -, -, -, -, -, -, -, -, -, -, -, -
2OAR.pdb, 58, 58, 0.18529388665900823, 1.6858121378216293, 1.0015065842537783, -, -, -, 1.4204649373113327, 69.6411316619386, , X, 63.068282105920325, 62.79374789385973, 62.403422282203735, 62.01455499107009, 61.6318213213522, 61.25086628976528, 60.86615262523272, 60.47446739312172, 60.0885964226243, 59.70563499791301, 59.32267357320171, 58.93971214849042, 58.55675072377913, 58.17378929906784, 57.826140850037795, 57.443996606509145, 57.05421356598525, 56.6613398266591, 56.26432612755236, 55.86830890765192, 55.47229168775148, 55.076274467851036, 54.6802572479506, 54.428679366667886, 54.021937714905505, 53.62890682471425, 53.246536538581545, 52.87095819103486, 52.496298609227274, 52.12163902741969, 51.74444596902282, 51.366860471219574, 50.98811607188813, 50.61300530579921, 50.25588619420719, 49.940931426090955, 49.54746105815216, 49.24785371146132, 49.45779628068663, 49.56368985459679, 49.66958342850694, 49.77547700241709, 49.88137057632725, 49.9872641502374, 50.135593702527416, 49.97144980091777, 49.80730589930812, 49.9174403914419, 50.04497117062683, 49.93984996003906, 49.81590463577635, 49.737556319663, 50.067652220278866, 50.216939469677136, 50.30468911905832, 50.38384813898323, 50.567180996761294, 50.75030276646965, 50.942597172504755, 51.1371810521987, 51.32705032353638, 51.51691959487407, 51.69792426513809, 51.870365803961725, 51.6317049371434, 51.287665783977666, 50.935944612295785, 50.57855478082857, 50.22116494936135, 49.85059419849173, 49.47147954717539, 49.092364895859056, 48.707112409038075, 48.269744138766754, 48.01334092188323, 47.75693770499969, 47.500534488116166, 47.24413127123263, 47.0912428699034, 47.00289874933795, 47.01752437657526, 47.15041744449085, 47.10942474597329, 47.00879389693422, 46.838818997297636, 46.45499609568471, 46.0711731940718, 45.68735029245887, 45.26191218570449, 45.02884381302802, 44.82488604355066, 44.335083764654016, 43.91933765914167, 43.50359155362932, 43.08336184818754, 42.638428625223355, 42.195164440812114, 41.75280939370493, 41.30497620254234, 41.02345116337905, 40.7668902295747, 40.51032929577034, 40.25376836196599, 39.99720742816163, 39.81088546986456, 39.69588386495656, 39.59579625568195, 39.521052096151294, 39.54288346345334, 39.349386207847274, 39.10441032766475, 38.859434447482236, 38.614458567299714, 38.472872449668024, 38.29624314492711, 37.97265172290465, 37.93182209176784, 37.90933580197335, 37.67004032222958, 37.4297184909627, 37.18937802794305, 36.9490375649234, 36.73110196110272, 36.518865295192626, 36.316541974561225, 36.05022501333272, 35.59106346341521, 35.29387049106336, 35.05004931498008, 34.584802292857724, 34.13794234318592, 33.69108239351411, 33.251232362257674, 32.807940319571095, 32.36442073195993, 31.920901144348772, 31.477381556737612, 31.033861969126452, 30.59008411864834, 30.275122078734316, 30.304577151822016, 30.371613373015368, 30.504685268811468, 30.6487626608899
2OAR.pdb, 58, 58, 0.18529388665900823, 1.6858121378216293, 1.0015065842537783, -, -, -, 1.4204649373113327, 69.6411316619386, , Y, 158.9692796110366, 158.80511158423258, 158.50055374051826, 158.18783964722232, 157.86760216059088, 157.54691322785456, 157.2301142553982, 156.9205304383884, 156.60345829277466, 156.28263887254843, 155.96181945232223, 155.641000032096, 155.3201806118698, 154.9993611916436, 154.69769250130008, 154.48221700426683, 154.17173504359323, 153.86441648535185, 153.56255339665796, 153.26005245365207, 152.9575515106462, 152.6550505676403, 152.35254962463443, 152.01469327282234, 151.79540418427982, 151.50050744395983, 151.1806385042043, 150.85163728605102, 150.5215533512378, 150.1914694164246, 149.8636728266321, 149.5362305500888, 149.21066933418555, 149.12580761916817, 148.85056699721102, 148.53833774370523, 148.23021221158146, 147.9479481621797, 147.65102075519567, 147.41476987647243, 147.1785189977492, 146.94226811902593, 146.70601724030269, 146.46976636157945, 146.36990372144183, 146.34817895510778, 146.3264541887737, 146.20922197791788, 146.10045161930168, 146.1390778678239, 146.04177200236003, 145.72704226816057, 145.65452361711613, 145.34113005834138, 144.949071889808, 144.58365381420066, 144.37396523070188, 144.15474459517222, 144.0401492200482, 143.98232272840406, 143.92108202308708, 143.8598413177701, 143.86142464447448, 143.92369546736097, 143.82897496594467, 143.6940127230562, 143.56609344252757, 143.4433712540673, 143.320649065607, 143.18825536307298, 143.04959256421174, 142.91092976535052, 142.7697649814625, 142.60597276683262, 142.5069170069675, 142.40786124710237, 142.30880548723724, 142.20974972737213, 141.9572331282026, 141.60902955470706, 141.44648499000937, 141.49718185085587, 141.41731557210917, 141.2926696410002, 141.13203081252445, 140.86039458598916, 140.58875835945383, 140.31712213291854, 140.1333475665952, 139.87174219084645, 139.47338573340912, 139.37452616323293, 139.10107506251487, 138.82762396179677, 138.56370785899307, 138.35574883162934, 138.14757572305155, 137.93690569385072, 137.73694065361335, 137.79337503618905, 137.91158394863373, 138.02979286107842, 138.1480017735231, 138.2662106859678, 138.06030709126, 137.90945736301646, 137.77870436203287, 137.681998796841, 137.7149313463642, 137.69449625939086, 137.66352608004868, 137.63255590070654, 137.60158572136436, 137.507342812539, 137.47405834532424, 137.4530777717503, 137.15935927079687, 136.81258914710997, 136.40015750124974, 135.98784850504614, 135.57554173534882, 135.16323496565147, 134.7855009690896, 134.58389258492602, 134.37214113715078, 134.17263783176156, 134.0113044402846, 134.0000254220668, 134.07671171576624, 133.94240079378952, 133.77278485446934, 133.60316891514913, 133.4315187755678, 133.2505072801734, 133.06924196416912, 132.88797664816485, 132.70671133216058, 132.52544601615628, 132.34519272248411, 132.18391922455083, 132.113482312705, 132.06477020299468, 132.0478607147679, 132.0365019997267
2OAR.pdb, 58, 58, 0.18529388665900823, 1.6858121378216293, 1.0015065842537783, -, -, -, 1.4204649373113327, 69.6411316619386, , Z, -0.5904458934469397, -0.3406510453511297, -0.3082696882501119, -0.2776110252759299, -0.24759703951137008, -0.20252074497597175, -0.1637017549450837, -0.13648890518999054, -0.11382835350169089, -0.09344584166397113, -0.07306332982625136, -0.05268081798853161, -0.03229830615081185, -0.011915794313092087, -0.08282927819459815, -0.14320226898905009, -0.10273542594718792, -0.06879356732210704, -0.0335109183509031, 0.007275611568648248, 0.04806214148819961, 0.08884867140775095, 0.12963520132730233, 0.06792440495630259, 0.019813296007875195, 0.05535362181216626, 0.0934766991233858, 0.11949995802966873, 0.1454767503258086, 0.17145354262194845, 0.18750771290887966, 0.20202485383960675, 0.22386115676223306, 0.4108033686540404, 0.4393533977788709, 0.3787762712770532, 0.3942593590683008, 0.23786127734565857, -0.04080354545166059, -0.46855589589175795, -0.8963082463318554, -1.3240605967719528, -1.7518129472120503, -2.1795652976521476, -2.603064726762511, -3.074853677557347, -3.546642628352183, -3.9984958599079725, -4.4599336243964744, -4.94715686689288, -5.379726400065034, -5.722081633365136, -6.090468084612645, -6.407398900490962, -6.705040281215722, -7.028537628275064, -7.441245994455462, -7.85140960989925, -8.282258669533368, -8.739136408469765, -9.197611310524366, -9.656086212578964, -10.11796828245589, -10.583141648315518, -10.946119684090322, -11.282901889801254, -11.61430401151498, -11.941736100387391, -12.269168189259801, -12.218936962765866, -11.923903558946462, -11.628870155127057, -11.359134973496095, -11.466054138902495, -11.88372068868751, -12.301387238472527, -12.719053788257543, -13.13672033804256, -13.511339573008598, -13.859117645587151, -14.268129360958216, -14.747471890680222, -15.222569774615192, -15.696211858978117, -16.012252512890033, -15.842270923795493, -15.672289334700954, -15.502307745606416, -15.332510852362585, -15.0103596581868, -14.925194842371708, -14.934405601169173, -14.88562372679573, -14.836841852422289, -14.799325781287404, -14.892819645870597, -14.993719693855176, -15.093379552043388, -15.189604599239951, -15.54464069834359, -15.95719753111222, -16.36975436388085, -16.78231119664948, -17.19486802941811, -17.59748026405935, -18.05634310979752, -18.528451278762514, -19.009019595315323, -19.507455989034344, -19.922563894249677, -20.35733701453233, -20.792110134814983, -21.226883255097636, -21.665120851985815, -21.992511336957666, -22.336707908795745, -22.726341388552317, -23.058145338890046, -23.208604007192005, -23.35775714570925, -23.506886584443695, -23.65601602317814, -23.84682094331225, -24.250771105963736, -24.656019916318282, -24.926041478651552, -24.81167184550247, -24.45631106928782, -24.870149608470836, -24.892464741683757, -24.745677076984585, -24.598889412285413, -24.434957678236813, -24.29109647034709, -24.148151513741077, -24.00520655713506, -23.862261600529045, -23.719316643923033, -23.57614596815217, -23.691513513231527, -24.1851681237343, -24.675095469724482, -25.15668408248395, -25.635341250699877
2OAR.pdb, 58, 58, 0.18529388665900823, 1.6858121378216293, 1.0015065842537783, -, -, -, 1.4204649373113327, 69.6411316619386, , distance, 0.0, 0.405854211203562, 0.8610260958094789, 1.3486492888665422, 1.842459803379057, 2.3402162929167662, 2.8383412310206744, 3.336364021497731, 3.8344232370156286, 4.332717747807544, 4.831364673026394, 5.330265108357043, 5.829353964803426, 6.328586664380153, 6.7811633228210235, 7.208768624083908, 7.708652007955151, 8.208572229755443, 8.708425912833132, 9.208265840426117, 9.708122253897157, 10.20799273144668, 10.707875303435452, 11.110466150328445, 11.561714914223758, 12.05410388195878, 12.553778968629526, 13.053181798072117, 13.55258263772857, 14.052026090617755, 14.551513721298589, 15.051036268131043, 15.550690721548941, 15.906928085183234, 16.35867722463786, 16.794977693211006, 17.294791552665266, 17.696329582179388, 17.710178277968254, 17.773451106978342, 17.850510185058607, 17.94117787330623, 18.045249045007502, 18.162493295554864, 18.167260022215014, 18.357327698502136, 18.55892302224502, 18.63809306698709, 18.713265265531945, 18.86665677555754, 19.122844175348032, 19.47816175106501, 19.40487950759783, 19.61429096528619, 19.921440585650533, 20.2309198954037, 20.401818370581598, 20.589430706919565, 20.71412931112388, 20.817329465270685, 20.93771885689953, 21.06928892477164, 21.173237872162595, 21.25127996567412, 21.616292506852332, 22.055505314044048, 22.49393707220348, 22.932485873239624, 23.373502340137655, 23.642542259288227, 23.806653232783603, 23.980068219456363, 24.17916735123864, 24.597426522940957, 25.003973527491276, 25.41385434709759, 25.826910256310125, 26.2429913310107, 26.676300376211564, 27.120701954010833, 27.41813596972381, 27.55129762111463, 27.872129791833117, 28.258695422343084, 28.625077063680838, 28.923194077844244, 29.226824569693214, 29.535798502674698, 29.819249235540287, 29.96783579808803, 30.305055773004234, 30.66979398154144, 31.076996873809758, 31.486873558982772, 31.901044871646636, 32.3551303411118, 32.81287384594514, 33.27228898412566, 33.728165327569364, 34.02971419379059, 34.30620471760763, 34.58771336965968, 34.87411862910755, 35.165300854285285, 35.59959056229134, 35.9839224963668, 36.356156405441716, 36.699648810397974, 36.91943895022682, 37.268394326561086, 37.66871737557203, 38.071397685945186, 38.47636124690152, 38.85474014724123, 39.16308027715918, 39.56813765582162, 39.968889359862324, 40.35701958532008, 40.816871940015886, 41.27750696898983, 41.73904529355588, 42.20145995649932, 42.65397036435487, 43.11994460299098, 43.58700120689175, 44.01215815061381, 44.32342332866938, 44.322241774263865, 44.65607817125581, 45.03600121785207, 45.33545081208659, 45.63841358960534, 45.93249858390723, 46.247858036905505, 46.56720463451685, 46.88970805991619, 47.21530362515284, 47.54392780247099, 47.8750222461978, 48.23386985072223, 48.4912891968516, 48.71339772515182, 48.87382421213466, 49.02699801499915
2OAR.pdb, 58, 58, 0.18529388665900823, 1.6858121378216293, 1.0015065842537783, -, -, -, 1.4204649373113327, 69.6411316619386, , length, 0.0, 0.5, 1.0, 1.5, 2.0, 2.5, 3.0, 3.5, 4.0, 4.5, 5.0, 5.5, 6.0, 6.5, 7.0, 7.5, 8.0, 8.5, 9.0, 9.5, 10.0, 10.5, 11.0, 11.5, 12.0, 12.5, 13.0, 13.5, 14.0, 14.5, 15.0, 15.5, 16.0, 16.5, 17.0, 17.5, 18.0, 18.5, 19.0, 19.5, 20.0, 20.5, 21.0, 21.5, 22.0, 22.5, 23.0, 23.5, 24.0, 24.5, 25.0, 25.5, 26.0, 26.5, 27.0, 27.5, 28.0, 28.5, 29.0, 29.5, 30.0, 30.5, 31.0, 31.5, 32.0, 32.5, 33.0, 33.5, 34.0, 34.5, 35.0, 35.5, 36.0, 36.5, 37.0, 37.5, 38.0, 38.5, 39.0, 39.5, 40.0, 40.5, 41.0, 41.5, 42.0, 42.5, 43.0, 43.5, 44.0, 44.5, 45.0, 45.5, 46.0, 46.5, 47.0, 47.5, 48.0, 48.5, 49.0, 49.5, 50.0, 50.5, 51.0, 51.5, 52.0, 52.5, 53.0, 53.5, 54.0, 54.5, 55.0, 55.5, 56.0, 56.5, 57.0, 57.5, 58.0, 58.5, 59.0, 59.5, 60.0, 60.5, 61.0, 61.5, 62.0, 62.5, 63.0, 63.5, 64.0, 64.5, 65.0, 65.5, 66.0, 66.5, 67.0, 67.5, 68.0, 68.5, 69.0, 69.5, 70.0, 70.5, 71.0, 71.5
2OAR.pdb, 58, 58, 0.18529388665900823, 1.6858121378216293, 1.0015065842537783, -, -, -, 1.4204649373113327, 69.6411316619386, , R, 3.1899092912527345, 3.102958534162822, 2.7785521980303085, 2.4815840719347784, 2.219640550972948, 2.005951689077987, 1.850526456633565, 1.759137741058678, 1.734120159834271, 1.7812054664407841, 1.901493394510252, 2.0876691319598595, 2.3301864997315054, 2.6191539714938687, 2.825050506523764, 2.700413713081089, 2.536828676991133, 2.4231641228522287, 2.3668280448888983, 2.3698533332575016, 2.4365749908189662, 2.5638722264162177, 2.746326178975694, 2.865182541911182, 2.6659211337694253, 2.4021910437617664, 2.1684734096039096, 1.9765664750123615, 1.848074095469339, 1.7908713522217852, 1.8002240657252266, 1.8825348438436227, 2.036137778299302, 2.1422744789228627, 2.129387953912286, 2.188220396072182, 2.2818289808955465, 2.24865147425619, 2.048582951500206, 1.7524547873484542, 1.5103690185754126, 1.336100915976834, 1.2425148860676924, 1.2378369330414514, 1.171289036072395, 1.0818964552059915, 1.0870469216229393, 1.0974556866375558, 1.1802092478904882, 1.3285527017093495, 1.4198367011711759, 1.3457777564660676, 1.4000564422900625, 1.371490350205153, 1.3728006165926208, 1.4404258829691972, 1.3900012769794037, 1.415477345116929, 1.4376746055918748, 1.486099178869496, 1.6099945692981397, 1.8052217571873057, 2.016695298358317, 2.243073255658295, 2.2530216432806953, 2.2586409974716495, 2.318228418857958, 2.4322794842424145, 2.6042003888994354, 2.5567196949517697, 2.3856008047609807, 2.2731242823154933, 2.2395457014636513, 2.4712128948011456, 2.8160930552656516, 3.188887936256213, 3.5834839285056606, 3.995203606469271, 4.2797733062233565, 4.507204082890102, 4.776339730550777, 5.083509377084413, 5.3461438346145815, 5.611923198989604, 5.774533502243139, 5.570513027985918, 5.3966849707593845, 5.255373566779859, 5.071659436228771, 4.965192193962226, 4.739410584250352, 4.4477835888692905, 4.168404297447303, 3.920721086295121, 3.698102232368749, 3.4223427175146033, 3.178922494432889, 2.9768629483606257, 2.8203219319626682, 2.554025321429489, 2.2838775976591155, 2.0634741852421765, 1.902439144034751, 1.8093981667781232, 1.5542035768915894, 1.3171828106381, 1.1484950074113183, 1.063514856893104, 1.0628846556357656, 1.0087525551600862, 1.0203300462532265, 1.1280113297652457, 1.3208891673617549, 1.5408524988906884, 1.7635925494311606, 2.04734816317687, 2.2215120688775567, 2.373159683324708, 2.4208307784122116, 2.529156966585926, 2.694386444063268, 2.9101731410586127, 3.136840305348557, 3.345290582717594, 3.5866345612965467, 3.7802546240089403, 3.7721917337030493, 3.610205098293672, 3.658230185857542, 3.3473859431549022, 2.9865891413586065, 2.654595244859125, 2.3531884446520617, 2.091976370339089, 1.8845556063719142, 1.7412305122252425, 1.670650408750447, 1.6776359404800472, 1.76072139124877, 1.8513982189136637, 1.8741985498419225, 1.9513186885527016, 2.0722561603367855, 2.2518405820708844
2OAR.pdb, 58, 58, 0.18529388665900823, 1.6858121378216293, 1.0015065842537783, -, -, -, 1.4204649373113327, 69.6411316619386, , Upper limit of R overestimation, -, -, -, -, -, -, -, -, -, -, -, -, -, -, -, -, -, -, -, -, -, -, -, -, -, -, -, -, -, -, -, -, -, -, -, -, -, -, -, -, -, -, -, -, -, -, -, -, -, -, -, -, -, -, -, -, -, -, -, -, -, -, -, -, -, -, -, -, -, -, -, -, -, -, -, -, -, -, -, -, -, -, -, -, -, -, -, -, -, -, -, -, -, -, -, -, -, -, -, -, -, -, -, -, -, -, -, -, -, -, -, -, -, -, -, -, -, -, -, -, -, -, -, -, -, -, -, -, -, -, -, -, -, -, -, -, -, -, -, -, -, -, -, -
2OAR.pdb, 59, 59, 0.16906081023847563, 1.7774968048838513, 1.0070965579790108, -, -, -, 1.3356111640664567, 86.55543878338185, , X, 63.068282105920325, 62.79374789385973, 62.403422282203735, 62.01455499107009, 61.6318213213522, 61.25086628976528, 60.86615262523272, 60.47446739312172, 60.0885964226243, 59.70563499791301, 59.32267357320171, 58.93971214849042, 58.55675072377913, 58.17378929906784, 57.826140850037795, 57.443996606509145, 57.05421356598525, 56.6613398266591, 56.26432612755236, 55.86830890765192, 55.47229168775148, 55.076274467851036, 54.6802572479506, 54.428679366667886, 54.021937714905505, 53.62890682471425, 53.246536538581545, 52.87095819103486, 52.496298609227274, 52.12163902741969, 51.74444596902282, 51.366860471219574, 50.98811607188813, 50.61300530579921, 50.25588619420719, 49.940931426090955, 49.54746105815216, 49.247575309091864, 48.85265758871987, 48.457739868347886, 48.06282214797589, 47.6679044276039, 47.27298670723191, 46.87806898685992, 46.48315126648793, 46.08823354611594, 45.69331582574395, 45.374619940590826, 45.08129618566133, 44.78761353452235, 44.4660145164771, 44.07198718846425, 43.67795986045139, 43.283932532438534, 42.88990520442567, 42.49587787641282, 42.1411379583235, 41.75413971458738, 41.367141470851266, 41.082065967085995, 40.89586161411496, 40.62273813983697, 40.3704248212961, 39.99525703076441, 39.62008924023271, 39.27489080372531, 38.91077465652104, 38.523805108881696, 38.13683556124235, 37.74992145011914, 37.36209033708711, 36.97742187252433, 36.59338752003669, 36.20935316754905, 35.90018892222992, 35.59130441546201, 35.204462390736516, 34.82099584307477, 34.54748763722924, 34.15884829168988, 33.77020894615052, 33.39622606987176, 32.99057301908144, 32.595264111108776, 32.219259258365746, 31.83973772692892, 31.43417422385689, 31.04128238384504, 30.66908323472897, 30.48217036024188, 30.134781716516446, 29.782297864838533, 29.468354202941402, 29.09291449156953, 28.71145817750356, 28.329828357534296, 27.94727796681399, 27.56273596179537, 27.178193956776745, 26.791087173113723, 26.456946192027644, 26.1296235567806, 25.735445357656836, 25.344235916041857, 25.131215043020127, 24.92442811913607, 24.582085622757816, 24.1951487423424, 23.806708412873288, 23.418268083404172, 23.030890766583607, 22.64572694793248, 22.26056312928135, 21.875399310630225, 21.491608706677134, 21.111482077706214, 20.731355448735293, 20.35122881976437, 19.97110219079345, 19.59097556182253, 19.206967637205853, 18.82208907951126, 18.437210521816667, 18.052331964122075, 17.69364240863559, 17.312117097443387, 16.953741570244556, 17.101530322953423, 17.2991098425209, 17.4007206367955, 17.566018872987996, 17.70075670525487, 17.835494537521747, 17.970232369788622, 18.104970202055497, 18.239708034322373, 18.374445866589248, 18.509183698856123, 18.643921531123, 18.760085729377856, 18.821034117232987, 18.862761253771605, 18.90396012500841, 18.94515899624522, 18.986357867482027, 19.034007292017368, 19.086900958017036, 19.11087823939899, 19.165554269224383, 19.224206087784086, 19.28199499857545, 19.32234996293588, 19.113286717380984, 18.78368282762239, 18.421469889276487, 18.044783943346594, 17.83943992805901, 17.6365118366143, 17.42274431120684, 17.208641727390223, 17.07201612711954, 16.93144020586264, 16.789430534857757, 16.86015720561972, 17.081516332137912, 17.30317989248993, 17.48646030931976, 17.406169375530386, 17.235416539307607, 17.067607770726102, 16.90534532742387, 16.79512931677397, 16.753460493846227, 16.66738785625572, 16.581315218665207, 16.47900138717744, 16.217715335935196, 15.895769393608067
2OAR.pdb, 59, 59, 0.16906081023847563, 1.7774968048838513, 1.0070965579790108, -, -, -, 1.3356111640664567, 86.55543878338185, , Y, 158.9692796110366, 158.80511158423258, 158.50055374051826, 158.18783964722232, 157.86760216059088, 157.54691322785456, 157.2301142553982, 156.9205304383884, 156.60345829277466, 156.28263887254843, 155.96181945232223, 155.641000032096, 155.3201806118698, 154.9993611916436, 154.69769250130008, 154.48221700426683, 154.17173504359323, 153.86441648535185, 153.56255339665796, 153.26005245365207, 152.9575515106462, 152.6550505676403, 152.35254962463443, 152.01469327282234, 151.79540418427982, 151.50050744395983, 151.1806385042043, 150.85163728605102, 150.5215533512378, 150.1914694164246, 149.8636728266321, 149.5362305500888, 149.21066933418555, 149.12580761916817, 148.85056699721102, 148.53833774370523, 148.23021221158146, 147.94795958652614, 147.65177335324876, 147.3555871199714, 147.05940088669402, 146.76321465341667, 146.4670284201393, 146.17084218686193, 145.87465595358455, 145.5784697203072, 145.28228348702982, 144.93566037912518, 144.66647192030055, 144.39073824339104, 144.2157233991542, 143.91304429291574, 143.6103651866773, 143.30768608043886, 143.00500697420043, 142.70232786796197, 142.39263757176576, 142.0766868778498, 141.76073618393386, 141.45635188217298, 141.02045863992348, 140.62757476045954, 140.22122768376582, 139.89069913820086, 139.5601705926359, 139.2054180641382, 138.86837484232618, 138.55186812823274, 138.23536141413928, 137.91880551704534, 137.60338191293454, 137.2862451411739, 136.96876487254661, 136.65128460391932, 136.3344495838101, 135.99778167780946, 135.68114571745542, 135.361038321438, 135.07101405908054, 134.759124207312, 134.4472343555435, 134.1276301169384, 133.83629808393255, 133.53278531752477, 133.2044556151333, 132.87979994628373, 132.60024290798734, 132.2961037627456, 132.07961163620467, 131.78584408157246, 131.4993415664634, 131.24656766846886, 130.89700573612825, 130.56687633289243, 130.24391648884514, 129.92116339949087, 129.59944566457213, 129.27996787340052, 128.96049008222892, 128.64895681695398, 128.30176112134797, 128.50341566075414, 128.30370621918377, 127.99245202119228, 127.55521658549824, 127.1134769399096, 126.76170889854711, 126.44517467195939, 126.13038841925149, 125.81560216654357, 125.49950597840196, 125.18068212781104, 124.86185827722011, 124.54303442662918, 124.22265661243776, 123.89813255384362, 123.57360849524949, 123.24908443665537, 122.92456037806123, 122.6000363194671, 122.28002231640916, 121.96101998674366, 121.64201765707818, 121.3230153274127, 121.06129036242483, 120.7381228583891, 120.4397230306148, 120.30295976467264, 120.11053682445835, 119.90983329260868, 119.77907728063342, 119.73508952796097, 119.69110177528853, 119.64711402261608, 119.60312626994363, 119.55913851727118, 119.51515076459873, 119.47116301192628, 119.42717525925384, 119.40581373508921, 119.45051399899158, 119.50432315937594, 119.55361296505848, 119.60290277074103, 119.65219257642357, 119.70484401659903, 119.76022843519972, 120.00881658593171, 120.32542627686328, 120.64309143919067, 120.96168812022388, 121.23390385492438, 121.49452560587189, 121.72057951770267, 121.90007745207967, 122.10210832890861, 122.30830332733562, 122.51455703994085, 122.76086643786503, 122.8560647375854, 122.89635066695477, 122.96680006726349, 123.03696643574402, 123.32790819919308, 123.26079589130849, 123.19177652458445, 123.27247131861488, 123.24330480577373, 123.14623731303571, 123.04126894022187, 122.92141610949724, 122.69430282857357, 122.63058334002753, 122.36194718696954, 122.09331103391156, 121.64925470345433, 121.49075725306018, 121.35877325333578
2OAR.pdb, 59, 59, 0.16906081023847563, 1.7774968048838513, 1.0070965579790108, -, -, -, 1.3356111640664567, 86.55543878338185, , Z, -0.5904458934469397, -0.3406510453511297, -0.3082696882501119, -0.2776110252759299, -0.24759703951137008, -0.20252074497597175, -0.1637017549450837, -0.13648890518999054, -0.11382835350169089, -0.09344584166397113, -0.07306332982625136, -0.05268081798853161, -0.03229830615081185, -0.011915794313092087, -0.08282927819459815, -0.14320226898905009, -0.10273542594718792, -0.06879356732210704, -0.0335109183509031, 0.007275611568648248, 0.04806214148819961, 0.08884867140775095, 0.12963520132730233, 0.06792440495630259, 0.019813296007875195, 0.05535362181216626, 0.0934766991233858, 0.11949995802966873, 0.1454767503258086, 0.17145354262194845, 0.18750771290887966, 0.20202485383960675, 0.22386115676223306, 0.4108033686540404, 0.4393533977788709, 0.3787762712770532, 0.3942593590683008, 0.2383041567589102, 0.317763009967068, 0.3972218631752258, 0.4766807163833836, 0.5561395695915414, 0.6355984227996991, 0.715057276007857, 0.7945161292160148, 0.8739749824241726, 0.9534338356323303, 0.828533005063545, 0.603481729477974, 0.546236817136218, 0.7449541950175178, 0.8008811422410497, 0.8568080894645816, 0.9127350366881135, 0.9686619839116455, 1.0245889311351775, 1.0008535420120923, 1.0210406259815197, 1.0412277099509468, 0.9085596730341857, 0.8992304672862779, 0.868464237037524, 0.8971881966762967, 0.8972857378368999, 0.8973832789975031, 0.9577720030004422, 0.9976255129651869, 1.0064611868822817, 1.0152968607993766, 1.0247099382630662, 1.0344555767130381, 1.070668716654703, 1.112188532908371, 1.1537083491620388, 1.0594370368828443, 0.995676431736212, 0.9876742391446302, 0.965659202480312, 0.8317652562495294, 0.8728040118659592, 0.9138427674823892, 0.9883756830089289, 1.0122764974128988, 1.045639291647937, 1.0742741871641037, 1.0955341948699688, 1.0714876972270275, 1.107134557130132, 1.0108981751700705, 1.2341479274479805, 1.3611036477568657, 1.4319449865897929, 1.3016359915870437, 1.2939158721466246, 1.3070662417819605, 1.320818471510659, 1.3277467605264144, 1.3199117541851089, 1.3120767478438031, 1.2862143404838515, 1.2998814622591734, 1.5387251434480902, 1.5830584926673366, 1.5792323153320968, 1.4726504723881968, 1.3626265948625136, 1.3292040371377427, 1.323189636279079, 1.3183187484711418, 1.3134478606632047, 1.3102968370248183, 1.3107270654027492, 1.3111572937806804, 1.3115875221586113, 1.3081637316145376, 1.294456750152661, 1.2807497686907843, 1.2670427872289078, 1.2533358057670312, 1.2396288243051548, 1.228707800738957, 1.2184117094940903, 1.2081156182492239, 1.1978195270043572, 1.322960419359602, 1.3218644015585816, 1.3920167653481745, 1.8292973225852376, 2.246353368611159, 2.6899459350766417, 3.1338039362635293, 3.6132940760691885, 4.092784215874848, 4.572274355680507, 5.051764495486167, 5.531254635291827, 6.010744775097486, 6.490234914903146, 6.969725054708805, 7.453982860592574, 7.947272767930959, 8.442559570476448, 8.938415565765997, 9.434271561055548, 9.930127556345097, 10.425014998084873, 10.919115014552569, 11.33328429554311, 11.716316449927026, 12.097956082071226, 12.47894862086046, 12.886798799110426, 13.192484160193363, 13.478788061163732, 13.768350763257562, 14.027756281600237, 14.433467323250117, 14.84124127501649, 15.217649680501756, 15.620957335631676, 16.095654281344913, 16.570241377706566, 17.044488079408687, 17.388806505217097, 17.83100543054737, 18.273839025737576, 18.718948435752676, 19.175089826939146, 19.63489562374409, 20.09390185948578, 20.551401803158875, 20.970633942534228, 21.391865527830586, 21.80469251135809, 22.217519494885593, 22.35369962773756, 22.71489204095274, 23.073961719477463
2OAR.pdb, 59, 59, 0.16906081023847563, 1.7774968048838513, 1.0070965579790108, -, -, -, 1.3356111640664567, 86.55543878338185, , distance, 0.0, 0.405854211203562, 0.8610260958094789, 1.3486492888665422, 1.842459803379057, 2.3402162929167662, 2.8383412310206744, 3.336364021497731, 3.8344232370156286, 4.332717747807544, 4.831364673026394, 5.330265108357043, 5.829353964803426, 6.328586664380153, 6.7811633228210235, 7.208768624083908, 7.708652007955151, 8.208572229755443, 8.708425912833132, 9.208265840426117, 9.708122253897157, 10.20799273144668, 10.707875303435452, 11.110466150328445, 11.561714914223758, 12.05410388195878, 12.553778968629526, 13.053181798072117, 13.55258263772857, 14.052026090617755, 14.551513721298589, 15.051036268131043, 15.550690721548941, 15.906928085183234, 16.35867722463786, 16.794977693211006, 17.294791552665266, 17.696560628898823, 18.193261712000353, 18.69013871939915, 19.18717798373251, 19.684367213819073, 20.18169532614942, 20.679152300482887, 21.176729055631156, 21.67441734221842, 22.17220964977791, 22.627895409902894, 23.011463089133567, 23.409586912416653, 23.78014032260311, 24.2793169892778, 24.77852685631195, 25.277767956686997, 25.777038475652134, 26.27633673628023, 26.744394877538536, 27.24425157587617, 27.744113438593633, 28.14859419985802, 28.565635655070377, 29.023249293073533, 29.477028879568365, 29.97615826592803, 30.475316195259136, 30.969867154368266, 31.46670477632526, 31.966422304341393, 32.466148530409015, 32.965900173356786, 33.46565679154556, 33.96536873475321, 34.46507879117609, 34.964797137638314, 35.40004140227681, 35.84954399052583, 36.348591341598386, 36.846705430372225, 37.236883570882384, 37.736296697175575, 38.235725163295605, 38.730235431305054, 39.228867730491885, 39.72778426226229, 40.22759822728183, 40.727453419854164, 41.216561008902694, 41.714131902963615, 42.134625121363115, 42.47496896405722, 42.93042615305988, 43.36583412341782, 43.82451014504232, 44.32350319828344, 44.8234134047523, 45.32335110890387, 45.82304595768136, 46.32222473920039, 46.821421045694436, 47.31679089037877, 47.79602436633211, 47.92876725883325, 48.361577853085635, 48.86077170897605, 49.29828374012837, 49.734899747878146, 50.221509204688324, 50.7208034294731, 51.22018475189934, 51.71957802908056, 52.21907003391043, 52.71875135095166, 53.21843865429064, 53.71813177687328, 54.217638267103354, 54.71664538776707, 55.21567047241963, 55.714713038361914, 56.213772620018986, 56.71284876818813, 57.21211259792723, 57.71142732229933, 58.210753810925446, 58.71009176364234, 59.15686519964662, 59.65655800993599, 60.124934405734905, 60.11556967350259, 60.10712479135391, 60.182451659824316, 60.16808086361989, 60.126578666894424, 60.08920842848058, 60.05597786179592, 60.02689384194107, 60.00196239863162, 59.98118870997759, 59.964577097125286, 59.95213101977461, 59.94328095990677, 59.937003845812875, 59.94335700686522, 59.957329109037246, 59.97546647193594, 59.99776531807846, 60.01711122329141, 60.03483633759227, 59.9361858599199, 59.768330338000766, 59.60029569020765, 59.435890020676425, 59.32369920206129, 59.38322968833596, 59.552789489260114, 59.77991829400959, 59.99996283308513, 60.128140792534204, 60.25885425731123, 60.36936467085617, 60.581189314835555, 60.78929696616463, 60.985866407136086, 61.187042166546355, 61.06350530172358, 61.0674078766825, 61.076472992626194, 61.03128140489502, 61.25398123471628, 61.587388035364555, 61.92516638668827, 62.26911689648048, 62.62554409591559, 62.83936316559011, 63.203496727199216, 63.56947722007192, 63.95138114763182, 64.36422935950326, 64.80586649175018
2OAR.pdb, 59, 59, 0.16906081023847563, 1.7774968048838513, 1.0070965579790108, -, -, -, 1.3356111640664567, 86.55543878338185, , length, 0.0, 0.5, 1.0, 1.5, 2.0, 2.5, 3.0, 3.5, 4.0, 4.5, 5.0, 5.5, 6.0, 6.5, 7.0, 7.5, 8.0, 8.5, 9.0, 9.5, 10.0, 10.5, 11.0, 11.5, 12.0, 12.5, 13.0, 13.5, 14.0, 14.5, 15.0, 15.5, 16.0, 16.5, 17.0, 17.5, 18.0, 18.5, 19.0, 19.5, 20.0, 20.5, 21.0, 21.5, 22.0, 22.5, 23.0, 23.5, 24.0, 24.5, 25.0, 25.5, 26.0, 26.5, 27.0, 27.5, 28.0, 28.5, 29.0, 29.5, 30.0, 30.5, 31.0, 31.5, 32.0, 32.5, 33.0, 33.5, 34.0, 34.5, 35.0, 35.5, 36.0, 36.5, 37.0, 37.5, 38.0, 38.5, 39.0, 39.5, 40.0, 40.5, 41.0, 41.5, 42.0, 42.5, 43.0, 43.5, 44.0, 44.5, 45.0, 45.5, 46.0, 46.5, 47.0, 47.5, 48.0, 48.5, 49.0, 49.5, 50.0, 50.5, 51.0, 51.5, 52.0, 52.5, 53.0, 53.5, 54.0, 54.5, 55.0, 55.5, 56.0, 56.5, 57.0, 57.5, 58.0, 58.5, 59.0, 59.5, 60.0, 60.5, 61.0, 61.5, 62.0, 62.5, 63.0, 63.5, 64.0, 64.5, 65.0, 65.5, 66.0, 66.5, 67.0, 67.5, 68.0, 68.5, 69.0, 69.5, 70.0, 70.5, 71.0, 71.5, 72.0, 72.5, 73.0, 73.5, 74.0, 74.5, 75.0, 75.5, 76.0, 76.5, 77.0, 77.5, 78.0, 78.5, 79.0, 79.5, 80.0, 80.5, 81.0, 81.5, 82.0, 82.5, 83.0, 83.5, 84.0, 84.5, 85.0, 85.5, 86.0, 86.5, 87.0, 87.5, 88.0, 88.5
2OAR.pdb, 59, 59, 0.16906081023847563, 1.7774968048838513, 1.0070965579790108, -, -, -, 1.3356111640664567, 86.55543878338185, , R, 3.1899092912527345, 3.102958534162822, 2.7785521980303085, 2.4815840719347784, 2.219640550972948, 2.005951689077987, 1.850526456633565, 1.759137741058678, 1.734120159834271, 1.7812054664407841, 1.901493394510252, 2.0876691319598595, 2.3301864997315054, 2.6191539714938687, 2.825050506523764, 2.700413713081089, 2.536828676991133, 2.4231641228522287, 2.3668280448888983, 2.3698533332575016, 2.4365749908189662, 2.5638722264162177, 2.746326178975694, 2.865182541911182, 2.6659211337694253, 2.4021910437617664, 2.1684734096039096, 1.9765664750123615, 1.848074095469339, 1.7908713522217852, 1.8002240657252266, 1.8825348438436227, 2.036137778299302, 2.1422744789228627, 2.129387953912286, 2.188220396072182, 2.2818289808955465, 2.2485338435290654, 1.8940702308497674, 1.5799844761748827, 1.3197063164834346, 1.1291432908067738, 1.0240102960831785, 1.0149588947215409, 1.1029839513955397, 1.278941410717481, 1.5276386321182973, 1.747088733452181, 1.9017840909133485, 1.9523347540900824, 2.1022585604560575, 2.300126860630893, 2.5501328459682866, 2.8433236799882677, 3.1716101382001685, 3.528149942442188, 3.8661066453558157, 4.256018011134325, 4.661797742950659, 4.976322890147367, 5.228935919151494, 5.2307455198032535, 5.02558733953575, 4.725563350662753, 4.452387254255429, 4.228257382841319, 4.021784558945662, 3.833399956098664, 3.686381284745283, 3.584205355878193, 3.5282070412068713, 3.516832803499748, 3.55402343807886, 3.6396262471167486, 3.7127520066203537, 3.458119106261559, 3.1360522932647243, 2.8440627404626952, 2.6044090018653088, 2.3944796198750917, 2.2397276196777214, 2.126382807893719, 2.0343159506786344, 1.9928959737380212, 1.9954011563481817, 2.065503679193269, 2.164158780987805, 2.186809322493313, 2.198016977235675, 2.2643035606447786, 2.0894774040433934, 1.9287924858484207, 1.8712204390448832, 1.8368063295936836, 1.8690619441433807, 1.973119793109428, 2.14118877833227, 2.362914046675627, 2.6332805969685746, 2.9053168983088287, 3.061468435422792, 2.953496251741378, 2.7136836735651175, 2.489817800936534, 2.3736913200972123, 2.3217506542975483, 2.272118350391927, 2.266471208981557, 2.3255623010433557, 2.4472830256947318, 2.6243502049884007, 2.8482230024471655, 3.1154186193514124, 3.4189107457162033, 3.7513557260411505, 4.105937661156499, 4.481263029060742, 4.873679794979058, 5.280229753285965, 5.698525339307741, 6.125691208023532, 6.561016522499157, 7.003441911889835, 7.451917075732258, 7.7215408429959, 7.918096404448189, 8.100901833414438, 7.788083609771743, 7.431738286556026, 7.0993361815763585, 6.731738985482798, 6.314787444032859, 5.90809479623228, 5.513440858530862, 5.132968384044041, 4.769251650850666, 4.425366627582029, 4.104951763793565, 3.8122397126950784, 3.53563633374397, 3.247524748712132, 2.979710399039647, 2.7528602473714714, 2.574786406140022, 2.4520544722159654, 2.3849152048222027, 2.377174464429398, 2.237551292922028, 2.0766732735317186, 1.9778658326181398, 1.9481072528062615, 1.974566391960725, 1.8058598256142004, 1.5674894719678365, 1.354946428446449, 1.1969980591961176, 1.06822529841318, 1.0317666278514488, 1.0543017869294706, 1.1369284264404893, 1.2193379323339806, 1.359411104717025, 1.5747273929554741, 1.6183579012906173, 1.5946451689724772, 1.6503672910006197, 1.7483472507768165, 1.6438235149676923, 1.5149143910686464, 1.4582960883792562, 1.471960351621739, 1.4648117318575005, 1.536717880838733, 1.6048867599551842, 1.7489922486979301, 1.7937900977809544, 1.8520743691434998, 1.9288170561463502
2OAR.pdb, 59, 59, 0.16906081023847563, 1.7774968048838513, 1.0070965579790108, -, -, -, 1.3356111640664567, 86.55543878338185, , Upper limit of R overestimation, -, -, -, -, -, -, -, -, -, -, -, -, -, -, -, -, -, -, -, -, -, -, -, -, -, -, -, -, -, -, -, -, -, -, -, -, -, -, -, -, -, -, -, -, -, -, -, -, -, -, -, -, -, -, -, -, -, -, -, -, -, -, -, -, -, -, -, -, -, -, -, -, -, -, -, -, -, -, -, -, -, -, -, -, -, -, -, -, -, -, -, -, -, -, -, -, -, -, -, -, -, -, -, -, -, -, -, -, -, -, -, -, -, -, -, -, -, -, -, -, -, -, -, -, -, -, -, -, -, -, -, -, -, -, -, -, -, -, -, -, -, -, -, -, -, -, -, -, -, -, -, -, -, -, -, -, -, -, -, -, -, -, -, -, -, -, -, -, -, -, -, -, -, -, -, -, -, -
2OAR.pdb, 60, 60, 0.1672970931073401, 1.7879840464700183, 0.6015275456433868, -, -, -, 1.6084260095191867, 29.035811864994347, , X, 63.068282105920325, 62.79374789385973, 62.403422282203735, 62.01455499107009, 61.6318213213522, 61.25086628976528, 60.86615262523272, 60.47446739312172, 60.0885964226243, 59.70563499791301, 59.32267357320171, 58.93971214849042, 58.55675072377913, 58.17378929906784, 57.826140850037795, 57.443996606509145, 57.05421356598525, 56.6613398266591, 56.26432612755236, 55.86830890765192, 55.47229168775148, 55.076274467851036, 54.6802572479506, 54.428679366667886, 54.47393744480851, 54.607181401832634, 54.74233579707511, 54.885685454784216, 54.85760719486304, 54.72518566889971, 54.57835114667914, 54.45238815661246, 54.35912139281336, 54.37946056689163, 54.457416625013664, 54.53553189281709, 54.653685295768945, 54.82279203503791, 54.730737233473846, 55.04700019894012, 55.36831547055936, 55.53338576640583, 55.43485237262006, 55.14362309880456, 54.95370434015022, 54.87041975570743, 55.02199677332961, 55.149104450301515, 55.248239765325316, 55.22538005130364, 55.314603256309894, 55.461878006688934, 55.61365031258519, 55.763835671880884, 55.80295688740337, 55.85553790733232, 55.760227963796225, 55.651089309895916, 55.5419506559956, 55.373827970717365, 55.181553598827094
2OAR.pdb, 60, 60, 0.1672970931073401, 1.7879840464700183, 0.6015275456433868, -, -, -, 1.6084260095191867, 29.035811864994347, , Y, 158.9692796110366, 158.80511158423258, 158.50055374051826, 158.18783964722232, 157.86760216059088, 157.54691322785456, 157.2301142553982, 156.9205304383884, 156.60345829277466, 156.28263887254843, 155.96181945232223, 155.641000032096, 155.3201806118698, 154.9993611916436, 154.69769250130008, 154.48221700426683, 154.17173504359323, 153.86441648535185, 153.56255339665796, 153.26005245365207, 152.9575515106462, 152.6550505676403, 152.35254962463443, 152.01469327282234, 151.79104194646837, 151.6262258180754, 151.44766641819928, 151.2714932323916, 151.19625100266416, 151.1896354158516, 151.19307616183295, 151.1365698421475, 150.98404628846305, 150.61841868080583, 150.14471228962367, 149.67109500629002, 149.2652021447849, 148.99832124639423, 148.55694601107183, 148.49077306672473, 148.4485074300805, 148.3544606805126, 148.23239157820146, 148.2482579541135, 148.35246135146045, 148.45957703556866, 148.42522808069634, 148.62740039379491, 148.3596931746807, 148.36084628116987, 148.75406808308483, 149.21678006004893, 149.54247963824207, 149.7902502864467, 149.62261956148376, 149.435901038943, 149.5352742324505, 149.6603241152956, 149.78537399814073, 149.7877435292606, 149.71232908375123
2OAR.pdb, 60, 60, 0.1672970931073401, 1.7879840464700183, 0.6015275456433868, -, -, -, 1.6084260095191867, 29.035811864994347, , Z, -0.5904458934469397, -0.3406510453511297, -0.3082696882501119, -0.2776110252759299, -0.24759703951137008, -0.20252074497597175, -0.1637017549450837, -0.13648890518999054, -0.11382835350169089, -0.09344584166397113, -0.07306332982625136, -0.05268081798853161, -0.03229830615081185, -0.011915794313092087, -0.08282927819459815, -0.14320226898905009, -0.10273542594718792, -0.06879356732210704, -0.0335109183509031, 0.007275611568648248, 0.04806214148819961, 0.08884867140775095, 0.12963520132730233, 0.06792440495630259, -0.3615617648076403, -0.8144212261619344, -1.2613882178435343, -1.7068249521134562, -2.1986447307548866, -2.6807451077228652, -3.1584590898139466, -3.6311057350440388, -4.098050995585253, -4.347891211458645, -4.487623483877161, -4.627546586634445, -4.81140481245569, -5.0671117520346565, -5.1737117229836445, -5.511562773427005, -5.890375637303536, -6.302241470159162, -6.708637827244008, -7.098115652638298, -7.523102726719278, -7.979971664604039, -8.455202721068098, -8.85256435586393, -9.207185789465722, -9.653742753523735, -9.864492868516068, -9.98166916366384, -10.279168449962336, -10.686664436248785, -11.14510492623502, -11.605819667665633, -12.076551900119307, -12.548199311884968, -13.019846723650629, -13.476694855827269, -13.9319012962668
2OAR.pdb, 60, 60, 0.1672970931073401, 1.7879840464700183, 0.6015275456433868, -, -, -, 1.6084260095191867, 29.035811864994347, , distance, 0.0, 0.405854211203562, 0.8610260958094789, 1.3486492888665422, 1.842459803379057, 2.3402162929167662, 2.8383412310206744, 3.336364021497731, 3.8344232370156286, 4.332717747807544, 4.831364673026394, 5.330265108357043, 5.829353964803426, 6.328586664380153, 6.7811633228210235, 7.208768624083908, 7.708652007955151, 8.208572229755443, 8.708425912833132, 9.208265840426117, 9.708122253897157, 10.20799273144668, 10.707875303435452, 11.110466150328445, 11.200100181130077, 11.205392857044322, 11.240383025640384, 11.289690221129426, 11.420221527709545, 11.597390774062253, 11.79588739997139, 12.034557870635371, 12.325450299896211, 12.62342637048245, 12.930892695857095, 13.249990383018948, 13.520024154726329, 13.691188934051604, 14.104526619536461, 14.0839431331165, 14.073570576050262, 14.215261252794084, 14.525229315286232, 14.83544038584526, 15.054066993391446, 15.240206247306185, 15.419926403376534, 15.42499406717161, 15.746891534358376, 16.006040120105155, 15.82649770351873, 15.52944639463629, 15.437209517215607, 15.477181458955906, 15.860196465086442, 16.255689627292448, 16.563174334164447, 16.871848393440754, 17.189525659498997, 17.594335496975848, 18.052314307994894
2OAR.pdb, 60, 60, 0.1672970931073401, 1.7879840464700183, 0.6015275456433868, -, -, -, 1.6084260095191867, 29.035811864994347, , length, 0.0, 0.5, 1.0, 1.5, 2.0, 2.5, 3.0, 3.5, 4.0, 4.5, 5.0, 5.5, 6.0, 6.5, 7.0, 7.5, 8.0, 8.5, 9.0, 9.5, 10.0, 10.5, 11.0, 11.5, 12.0, 12.5, 13.0, 13.5, 14.0, 14.5, 15.0, 15.5, 16.0, 16.5, 17.0, 17.5, 18.0, 18.5, 19.0, 19.5, 20.0, 20.5, 21.0, 21.5, 22.0, 22.5, 23.0, 23.5, 24.0, 24.5, 25.0, 25.5, 26.0, 26.5, 27.0, 27.5, 28.0, 28.5, 29.0, 29.5, 30.0
2OAR.pdb, 60, 60, 0.1672970931073401, 1.7879840464700183, 0.6015275456433868, -, -, -, 1.6084260095191867, 29.035811864994347, , R, 3.1899092912527345, 3.102958534162822, 2.7785521980303085, 2.4815840719347784, 2.219640550972948, 2.005951689077987, 1.850526456633565, 1.759137741058678, 1.734120159834271, 1.7812054664407841, 1.901493394510252, 2.0876691319598595, 2.3301864997315054, 2.6191539714938687, 2.825050506523764, 2.700413713081089, 2.536828676991133, 2.4231641228522287, 2.3668280448888983, 2.3698533332575016, 2.4365749908189662, 2.5638722264162177, 2.746326178975694, 2.865182541911182, 2.581014595599845, 2.2655615977037833, 1.98897039107296, 1.7581843714554886, 1.5126186779284017, 1.3036373961635506, 1.1692788389278626, 1.0754651806907503, 1.0188584450391893, 0.9175438439346553, 0.8412609395669706, 0.869290188659948, 0.9379439841232267, 0.9654582988672922, 1.1788255642179069, 1.167254868351415, 1.2068476832593422, 1.2177040873189267, 1.1349971521131952, 1.1461180368812172, 1.0715853471062795, 1.0509333453591516, 0.9872419088671323, 0.8706234933401258, 1.0740010345515842, 1.0660448184380296, 0.931618729190598, 0.8775078256765059, 0.8088013692693474, 0.7771001924870244, 0.6732032487713946, 0.6570256480664032, 0.6019582639849181, 0.6496877207722003, 0.8064528229141938, 0.9792640617990722, 1.1799615810686852
2OAR.pdb, 60, 60, 0.1672970931073401, 1.7879840464700183, 0.6015275456433868, -, -, -, 1.6084260095191867, 29.035811864994347, , Upper limit of R overestimation, -, -, -, -, -, -, -, -, -, -, -, -, -, -, -, -, -, -, -, -, -, -, -, -, -, -, -, -, -, -, -, -, -, -, -, -, -, -, -, -, -, -, -, -, -, -, -, -, -, -, -, -, -, -, -, -, -, -, -, -, -
2OAR.pdb, 61, 61, 0.15879933189669482, 1.840113937377607, 1.0070965579790108, -, -, -, 3.6315766564263545, 65.86953310871547, , X, 63.068282105920325, 62.79374789385973, 62.403422282203735, 62.01455499107009, 61.6318213213522, 61.25086628976528, 60.86615262523272, 60.47446739312172, 60.0885964226243, 59.70563499791301, 59.32267357320171, 58.93971214849042, 58.55675072377913, 58.17378929906784, 57.826140850037795, 57.443996606509145, 57.05421356598525, 56.6613398266591, 56.26432612755236, 55.86830890765192, 55.47229168775148, 55.076274467851036, 54.6802572479506, 54.428679366667886, 54.021937714905505, 53.62890682471425, 53.246536538581545, 52.87095819103486, 52.496298609227274, 52.12163902741969, 51.74444596902282, 51.366860471219574, 50.98811607188813, 50.61300530579921, 50.25588619420719, 49.940931426090955, 49.54746105815216, 49.247575309091864, 48.85265758871987, 48.457739868347886, 48.06282214797589, 47.6679044276039, 47.27298670723191, 46.87806898685992, 46.48315126648793, 46.08823354611594, 45.69331582574395, 45.374619940590826, 45.08129618566133, 44.78761353452235, 44.4660145164771, 44.07198718846425, 43.67795986045139, 43.283932532438534, 42.88990520442567, 42.49587787641282, 42.1411379583235, 41.75413971458738, 41.367141470851266, 41.082065967085995, 40.931788976948, 40.78501158678311, 40.50100366355541, 40.14290954512411, 39.80196081278075, 39.461012080437385, 39.12681845361, 38.81330255627788, 38.499786658945766, 38.18627076161365, 37.87275486428153, 37.58468538363327, 37.3737984493744, 37.00753232201315, 36.64052322344871, 36.27608820388208, 35.97414020090387, 35.865504412718444, 35.633893873955266, 35.53192015675402, 35.65667279092314, 35.435803161798425, 35.373488468040705, 35.311173774282985, 35.1956614386687, 35.076668196556376, 35.024185496559454, 34.97399099777529, 34.921005506621746, 34.86776684213209, 34.814127026727036, 34.91413244107243, 35.210935672210894, 35.52401389052882, 35.80661603857298, 35.92724373559446, 36.080848624791095, 36.35352466397458, 36.7946133627413, 37.200562238008295, 37.56825392012224, 37.935945602236174, 38.30363728435012, 38.6057689034122, 38.60717588373899, 38.637711689514475, 38.74811631940326, 38.85852094929204, 38.85544298521441, 38.81733230127113, 38.807844209058864, 38.89234635077411, 39.29053340195485, 39.74287228617349, 40.22084404971931, 40.698815813265135, 41.07195648747709, 41.280532756334345, 41.43958123641677, 41.36952341348419, 41.299880273506076, 41.23343845195958, 41.276250337510554, 42.899371486979945, 43.2871463789636, 43.699995418971106, 44.17294612915677, 44.66195251714792, 45.150958905139056, 45.38179520071352, 45.59353228147852, 45.59295883335434, 45.24921950424258
2OAR.pdb, 61, 61, 0.15879933189669482, 1.840113937377607, 1.0070965579790108, -, -, -, 3.6315766564263545, 65.86953310871547, , Y, 158.9692796110366, 158.80511158423258, 158.50055374051826, 158.18783964722232, 157.86760216059088, 157.54691322785456, 157.2301142553982, 156.9205304383884, 156.60345829277466, 156.28263887254843, 155.96181945232223, 155.641000032096, 155.3201806118698, 154.9993611916436, 154.69769250130008, 154.48221700426683, 154.17173504359323, 153.86441648535185, 153.56255339665796, 153.26005245365207, 152.9575515106462, 152.6550505676403, 152.35254962463443, 152.01469327282234, 151.79540418427982, 151.50050744395983, 151.1806385042043, 150.85163728605102, 150.5215533512378, 150.1914694164246, 149.8636728266321, 149.5362305500888, 149.21066933418555, 149.12580761916817, 148.85056699721102, 148.53833774370523, 148.23021221158146, 147.94795958652614, 147.65177335324876, 147.3555871199714, 147.05940088669402, 146.76321465341667, 146.4670284201393, 146.17084218686193, 145.87465595358455, 145.5784697203072, 145.28228348702982, 144.93566037912518, 144.66647192030055, 144.39073824339104, 144.2157233991542, 143.91304429291574, 143.6103651866773, 143.30768608043886, 143.00500697420043, 142.70232786796197, 142.39263757176576, 142.0766868778498, 141.76073618393386, 141.45635188217298, 141.48463243800677, 141.6448457903764, 141.58613092033883, 141.59388611312528, 141.73314656960648, 141.87240702608764, 142.01700517421207, 142.17794227421024, 142.33887937420843, 142.4998164742066, 142.6607535742048, 142.8375393544651, 143.06239640207667, 143.36733012528083, 143.669668115635, 143.94238927464698, 144.08801066292338, 144.1181901334122, 144.1555916407503, 144.43076582800617, 144.79807589934165, 144.95767393330019, 145.2913403834947, 145.62500683368927, 145.97044029312798, 146.40496943935207, 146.86173494863758, 147.33740935064108, 147.82899204096455, 148.31281601684864, 148.78175481984732, 149.1632916755816, 149.45566430725617, 149.71505555401308, 150.0043960314051, 150.40308984365186, 150.8003204130169, 151.13637284537702, 151.37080244658665, 151.51079094244565, 151.57125382064365, 151.63171669884161, 151.69217957703958, 151.82869003530143, 152.31403147353524, 152.718321340238, 152.9003745183341, 153.08242769643024, 153.45216169753334, 153.8798338322898, 154.27866240141373, 154.6804747784723, 154.91369933871283, 155.0647081521656, 155.16897973605563, 155.2732513199457, 155.48969980736106, 155.88224419858207, 156.2716641325213, 156.64663091047558, 157.02279367839338, 157.40454723518144, 157.90228064446555, 159.47841427561144, 159.72772960031102, 159.92456779609955, 160.0196954803522, 160.05686736687605, 160.09403925339993, 160.4851528180833, 160.9062132324799, 161.37704639887505, 161.67481688544055
2OAR.pdb, 61, 61, 0.15879933189669482, 1.840113937377607, 1.0070965579790108, -, -, -, 3.6315766564263545, 65.86953310871547, , Z, -0.5904458934469397, -0.3406510453511297, -0.3082696882501119, -0.2776110252759299, -0.24759703951137008, -0.20252074497597175, -0.1637017549450837, -0.13648890518999054, -0.11382835350169089, -0.09344584166397113, -0.07306332982625136, -0.05268081798853161, -0.03229830615081185, -0.011915794313092087, -0.08282927819459815, -0.14320226898905009, -0.10273542594718792, -0.06879356732210704, -0.0335109183509031, 0.007275611568648248, 0.04806214148819961, 0.08884867140775095, 0.12963520132730233, 0.06792440495630259, 0.019813296007875195, 0.05535362181216626, 0.0934766991233858, 0.11949995802966873, 0.1454767503258086, 0.17145354262194845, 0.18750771290887966, 0.20202485383960675, 0.22386115676223306, 0.4108033686540404, 0.4393533977788709, 0.3787762712770532, 0.3942593590683008, 0.2383041567589102, 0.317763009967068, 0.3972218631752258, 0.4766807163833836, 0.5561395695915414, 0.6355984227996991, 0.715057276007857, 0.7945161292160148, 0.8739749824241726, 0.9534338356323303, 0.828533005063545, 0.603481729477974, 0.546236817136218, 0.7449541950175178, 0.8008811422410497, 0.8568080894645816, 0.9127350366881135, 0.9686619839116455, 1.0245889311351775, 1.0008535420120923, 1.0210406259815197, 1.0412277099509468, 0.9085596730341857, 0.4330427007663032, -0.009229831783840625, -0.2548719937373819, -0.501372031693336, -0.8395443060951627, -1.1777165804969894, -1.5199569129683292, -1.8746497828772315, -2.2293426527861335, -2.584035522695036, -2.938728392603938, -3.3030823087803514, -3.6967395316256813, -3.8476000759761257, -4.002183584668106, -3.9047837798539584, -3.9518295005694672, -4.398917160209842, -4.802937012731029, -5.176057449972236, -5.39243019751369, -5.749031902466797, -6.116160734018412, -6.4832895655700264, -6.810017025898132, -6.94859234488648, -7.098017007422383, -7.108376760710644, -7.182796691765733, -7.289127033420908, -7.45410936352167, -7.428122797792406, -7.162641444998938, -6.871611875503394, -6.598480126879309, -6.351010715991837, -6.089391566430345, -5.938593459530101, -5.916604328192688, -5.758810022826605, -5.425422759626226, -5.092035496425847, -4.758648233225468, -4.506442309642487, -4.626615970398508, -4.593773002320288, -4.141371125617479, -3.6889692489146713, -3.386479453283329, -3.13026836663362, -2.8343609114200925, -2.552400663238184, -2.3762805611510855, -2.246320476253394, -2.1430227025796507, -2.039724928905908, -2.0657049659718902, -2.2946260025555087, -2.5403145532713904, -2.8635664935231855, -3.1855044422385865, -3.4966593107013084, -3.485870202304732, -2.3751755756903017, -2.181741173505563, -1.9806464787381488, -1.9505575921328004, -2.047979372839758, -2.145401153546715, -2.29979599156424, -2.4663051786133106, -2.6100436319364073, -2.627128796054071
2OAR.pdb, 61, 61, 0.15879933189669482, 1.840113937377607, 1.0070965579790108, -, -, -, 3.6315766564263545, 65.86953310871547, , distance, 0.0, 0.405854211203562, 0.8610260958094789, 1.3486492888665422, 1.842459803379057, 2.3402162929167662, 2.8383412310206744, 3.336364021497731, 3.8344232370156286, 4.332717747807544, 4.831364673026394, 5.330265108357043, 5.829353964803426, 6.328586664380153, 6.7811633228210235, 7.208768624083908, 7.708652007955151, 8.208572229755443, 8.708425912833132, 9.208265840426117, 9.708122253897157, 10.20799273144668, 10.707875303435452, 11.110466150328445, 11.561714914223758, 12.05410388195878, 12.553778968629526, 13.053181798072117, 13.55258263772857, 14.052026090617755, 14.551513721298589, 15.051036268131043, 15.550690721548941, 15.906928085183234, 16.35867722463786, 16.794977693211006, 17.294791552665266, 17.696560628898823, 18.193261712000353, 18.69013871939915, 19.18717798373251, 19.684367213819073, 20.18169532614942, 20.679152300482887, 21.176729055631156, 21.67441734221842, 22.17220964977791, 22.627895409902894, 23.011463089133567, 23.409586912416653, 23.78014032260311, 24.2793169892778, 24.77852685631195, 25.277767956686997, 25.777038475652134, 26.27633673628023, 26.744394877538536, 27.24425157587617, 27.744113438593633, 28.14859419985802, 28.22737578516401, 28.231506590081587, 28.488041781426503, 28.766037968608305, 28.956312589082593, 29.153921470394213, 29.350251806955974, 29.527990486016822, 29.713080674222866, 29.905385872171156, 30.104767814650728, 30.28209276010233, 30.37901387416298, 30.548200608616213, 30.72693452874824, 30.896827068350685, 31.0941086193105, 31.225797448390747, 31.461660642331573, 31.474552352054157, 31.22944753166313, 31.408438290977966, 31.378673341242113, 31.356853882916653, 31.377314600598464, 31.33398100527837, 31.23159416665439, 31.097797693957364, 30.981192297092402, 30.882059621930164, 30.808972992305964, 30.58704575779039, 30.16180334203956, 29.728444636629796, 29.32002813289918, 29.037900716565062, 28.727893479886557, 28.34846337934584, 27.864143412582827, 27.41313502972852, 26.98813117591333, 26.565738773436774, 26.146084387316176, 25.78250568900623, 25.669606819634637, 25.533387517422565, 25.316222919550437, 25.107138580687987, 24.990357580963437, 24.909069090548577, 24.81140647691234, 24.631666266160124, 24.18715093256267, 23.707854018669778, 23.213319444232432, 22.719024122294556, 22.318651519610142, 22.071249153648143, 21.8833228364194, 21.940781732684037, 22.00878130872063, 22.082908803588094, 22.009421103663062, 20.254121400351046, 19.859526623332467, 19.44159876069145, 18.973323351647895, 18.495951446214423, 18.019806902274397, 17.83343961174701, 17.681556530420373, 17.75564809886184, 18.137998819921442
2OAR.pdb, 61, 61, 0.15879933189669482, 1.840113937377607, 1.0070965579790108, -, -, -, 3.6315766564263545, 65.86953310871547, , length, 0.0, 0.5, 1.0, 1.5, 2.0, 2.5, 3.0, 3.5, 4.0, 4.5, 5.0, 5.5, 6.0, 6.5, 7.0, 7.5, 8.0, 8.5, 9.0, 9.5, 10.0, 10.5, 11.0, 11.5, 12.0, 12.5, 13.0, 13.5, 14.0, 14.5, 15.0, 15.5, 16.0, 16.5, 17.0, 17.5, 18.0, 18.5, 19.0, 19.5, 20.0, 20.5, 21.0, 21.5, 22.0, 22.5, 23.0, 23.5, 24.0, 24.5, 25.0, 25.5, 26.0, 26.5, 27.0, 27.5, 28.0, 28.5, 29.0, 29.5, 30.0, 30.5, 31.0, 31.5, 32.0, 32.5, 33.0, 33.5, 34.0, 34.5, 35.0, 35.5, 36.0, 36.5, 37.0, 37.5, 38.0, 38.5, 39.0, 39.5, 40.0, 40.5, 41.0, 41.5, 42.0, 42.5, 43.0, 43.5, 44.0, 44.5, 45.0, 45.5, 46.0, 46.5, 47.0, 47.5, 48.0, 48.5, 49.0, 49.5, 50.0, 50.5, 51.0, 51.5, 52.0, 52.5, 53.0, 53.5, 54.0, 54.5, 55.0, 55.5, 56.0, 56.5, 57.0, 57.5, 58.0, 58.5, 59.0, 59.5, 60.0, 60.5, 61.0, 61.5, 62.0, 62.5, 63.0, 63.5, 64.0, 64.5, 65.0, 65.5, 66.0
2OAR.pdb, 61, 61, 0.15879933189669482, 1.840113937377607, 1.0070965579790108, -, -, -, 3.6315766564263545, 65.86953310871547, , R, 3.1899092912527345, 3.102958534162822, 2.7785521980303085, 2.4815840719347784, 2.219640550972948, 2.005951689077987, 1.850526456633565, 1.759137741058678, 1.734120159834271, 1.7812054664407841, 1.901493394510252, 2.0876691319598595, 2.3301864997315054, 2.6191539714938687, 2.825050506523764, 2.700413713081089, 2.536828676991133, 2.4231641228522287, 2.3668280448888983, 2.3698533332575016, 2.4365749908189662, 2.5638722264162177, 2.746326178975694, 2.865182541911182, 2.6659211337694253, 2.4021910437617664, 2.1684734096039096, 1.9765664750123615, 1.848074095469339, 1.7908713522217852, 1.8002240657252266, 1.8825348438436227, 2.036137778299302, 2.1422744789228627, 2.129387953912286, 2.188220396072182, 2.2818289808955465, 2.2485338435290654, 1.8940702308497674, 1.5799844761748827, 1.3197063164834346, 1.1291432908067738, 1.0240102960831785, 1.0149588947215409, 1.1029839513955397, 1.278941410717481, 1.5276386321182973, 1.747088733452181, 1.9017840909133485, 1.9523347540900824, 2.1022585604560575, 2.300126860630893, 2.5501328459682866, 2.8433236799882677, 3.1716101382001685, 3.528149942442188, 3.8661066453558157, 4.256018011134325, 4.661797742950659, 4.976322890147367, 4.859505253374024, 4.671086641966612, 4.591166674659217, 4.342975522861986, 3.9662653904706366, 3.610666027688135, 3.275292426382602, 2.9523669039836418, 2.664411785803838, 2.419103738479089, 2.2248330445863393, 2.0675234901172024, 1.9048345767209613, 1.7526337216166548, 1.6696106721697492, 1.657023425338044, 1.614308108193018, 1.5816470216302898, 1.5660826570245514, 1.4178023811121938, 1.2328834707397256, 1.2632628802383992, 1.2756104489227509, 1.375569599187565, 1.5079678886092962, 1.5064854378227523, 1.5124735601607622, 1.6028174864932643, 1.7555526058987683, 1.9656638049263622, 2.2168807399111063, 2.3543928231900444, 2.3560617584477805, 2.391561320647988, 2.485140516424288, 2.665476302490944, 2.8855318583902556, 2.997685195597025, 2.969456431076161, 2.864276561206917, 2.6321230021141466, 2.4496813328304174, 2.3240362047929692, 2.2819840669014417, 2.400267919326481, 2.455389106536506, 2.2292391219964087, 2.0590877943196295, 2.0246088015589527, 2.081859225874201, 2.1654573754443898, 2.214050530527608, 1.9614529922395394, 1.6696406609048609, 1.3793778279665379, 1.1518862312812703, 1.0420060119535228, 1.0858913928048852, 1.2293928714547855, 1.4834198144652615, 1.7926963789696733, 2.1347997512015353, 2.226380810333019, 1.6373846799440028, 1.5828646077146673, 1.5642507379055286, 1.4184604065002118, 1.2074662954116406, 1.0768433192327453, 1.1230457532291145, 1.2601982169429617, 1.4923963625587024, 1.6899921650208558
2OAR.pdb, 61, 61, 0.15879933189669482, 1.840113937377607, 1.0070965579790108, -, -, -, 3.6315766564263545, 65.86953310871547, , Upper limit of R overestimation, -, -, -, -, -, -, -, -, -, -, -, -, -, -, -, -, -, -, -, -, -, -, -, -, -, -, -, -, -, -, -, -, -, -, -, -, -, -, -, -, -, -, -, -, -, -, -, -, -, -, -, -, -, -, -, -, -, -, -, -, -, -, -, -, -, -, -, -, -, -, -, -, -, -, -, -, -, -, -, -, -, -, -, -, -, -, -, -, -, -, -, -, -, -, -, -, -, -, -, -, -, -, -, -, -, -, -, -, -, -, -, -, -, -, -, -, -, -, -, -, -, -, -, -, -, -, -, -, -, -, -, -, -
2OAR.pdb, 62, 62, 0.15389082490191758, 1.8715118571859746, 0.7150598440096214, -, -, -, 1.451996247682786, 61.75531761079159, , X, 63.068282105920325, 62.79374789385973, 62.403422282203735, 62.01455499107009, 61.6318213213522, 61.25086628976528, 60.86615262523272, 60.47446739312172, 60.0885964226243, 59.70563499791301, 59.32267357320171, 58.93971214849042, 58.55675072377913, 58.17378929906784, 57.826140850037795, 57.443996606509145, 57.05421356598525, 56.6613398266591, 56.26432612755236, 55.86830890765192, 55.47229168775148, 55.076274467851036, 54.6802572479506, 54.428679366667886, 54.021937714905505, 53.62890682471425, 53.246536538581545, 52.87095819103486, 52.496298609227274, 52.12163902741969, 51.74444596902282, 51.366860471219574, 50.98811607188813, 50.61300530579921, 50.25588619420719, 49.940931426090955, 49.54746105815216, 49.247575309091864, 48.85265758871987, 48.457739868347886, 48.06282214797589, 47.6679044276039, 47.27298670723191, 46.87806898685992, 46.48315126648793, 46.08823354611594, 45.69331582574395, 45.374619940590826, 45.08129618566133, 44.78761353452235, 44.4660145164771, 44.07198718846425, 43.67795986045139, 43.283932532438534, 42.88990520442567, 42.49587787641282, 42.1411379583235, 41.75413971458738, 41.367141470851266, 41.082065967085995, 40.89586161411496, 40.831367907656954, 40.455024786696946, 40.074578405271424, 39.69413202384591, 39.31368564242039, 38.933239260994874, 38.55279287956935, 38.17234649814384, 37.79190011671832, 37.42729748397065, 37.082566959378234, 36.815896678654596, 36.59833273601397, 36.34848315406818, 36.000743568277564, 35.6617659587626, 35.319044273623696, 34.88128495893912, 34.575655785803185, 34.407710724534574, 34.23976566326597, 34.06996737008211, 33.88575541696817, 33.80853516340233, 33.80068418855958, 33.792833213716825, 33.813467530701644, 33.90126939145059, 33.99612661317746, 34.025231419087675, 33.982756940544014, 33.93432339207535, 33.885889843606684, 33.83745629513802, 33.77860393491584, 33.69690063032021, 33.624007515131176, 33.41542425044953, 33.20678916958644, 32.99815408872336, 32.78951900786027, 32.58088392699719, 32.27705834325662, 31.932691915948116, 31.588325488639608, 31.449198813606177, 31.25211785131384, 31.131178828227853, 31.010239805141868, 30.884108953345518, 30.64683988583235, 30.31667534750881, 30.03583992509562, 29.711486236785387, 29.38713254847515, 29.19629191579916, 29.032268755607014, 28.749956923953114, 28.45553371606685, 28.159939002882272, 27.864344289697698, 27.568749576513124, 27.273571295029715, 27.412595139299015, 27.55154104512264, 27.642377114931392, 27.650450870551616
2OAR.pdb, 62, 62, 0.15389082490191758, 1.8715118571859746, 0.7150598440096214, -, -, -, 1.451996247682786, 61.75531761079159, , Y, 158.9692796110366, 158.80511158423258, 158.50055374051826, 158.18783964722232, 157.86760216059088, 157.54691322785456, 157.2301142553982, 156.9205304383884, 156.60345829277466, 156.28263887254843, 155.96181945232223, 155.641000032096, 155.3201806118698, 154.9993611916436, 154.69769250130008, 154.48221700426683, 154.17173504359323, 153.86441648535185, 153.56255339665796, 153.26005245365207, 152.9575515106462, 152.6550505676403, 152.35254962463443, 152.01469327282234, 151.79540418427982, 151.50050744395983, 151.1806385042043, 150.85163728605102, 150.5215533512378, 150.1914694164246, 149.8636728266321, 149.5362305500888, 149.21066933418555, 149.12580761916817, 148.85056699721102, 148.53833774370523, 148.23021221158146, 147.94795958652614, 147.65177335324876, 147.3555871199714, 147.05940088669402, 146.76321465341667, 146.4670284201393, 146.17084218686193, 145.87465595358455, 145.5784697203072, 145.28228348702982, 144.93566037912518, 144.66647192030055, 144.39073824339104, 144.2157233991542, 143.91304429291574, 143.6103651866773, 143.30768608043886, 143.00500697420043, 142.70232786796197, 142.39263757176576, 142.0766868778498, 141.76073618393386, 141.45635188217298, 141.02045863992348, 140.99004384927048, 141.1818912603422, 141.45772460417516, 141.7335579480081, 142.00939129184104, 142.285224635674, 142.56105797950696, 142.8368913233399, 143.11272466717284, 143.41201634586739, 143.68793753231023, 143.85106447129397, 144.11284216823276, 144.37819712785173, 144.65324340219945, 144.91801918040267, 145.18202071921164, 145.42286517064997, 145.7748463017482, 146.23949416539483, 146.70414202904144, 147.14367740273548, 147.40866276301705, 147.72823282857996, 148.08264318826525, 148.43705354795054, 148.799086333224, 149.1778937385258, 149.55794330787657, 149.91821188757888, 150.14593717503215, 150.35820536532572, 150.57047355561932, 150.78274174591292, 150.99889487773777, 151.22150113348772, 151.20145041106795, 150.85917311371287, 150.51683115527157, 150.1744891968303, 149.83214723838904, 149.48980527994777, 149.1941382920006, 148.9183497858361, 148.64256127967164, 148.67773795437694, 148.6758450859188, 148.63581080733465, 148.59577652875046, 148.55840335588314, 148.59071649907327, 148.77252311834772, 148.98829241684996, 149.23708563013, 149.48587884341003, 149.8036741787338, 150.1353293010308, 150.17112281439358, 150.16520568799055, 150.15194171879975, 150.13867774960895, 150.12541378041814, 150.06482587233583, 150.20689034140818, 150.43910093098276, 150.6750152647806, 150.9013306997542
2OAR.pdb, 62, 62, 0.15389082490191758, 1.8715118571859746, 0.7150598440096214, -, -, -, 1.451996247682786, 61.75531761079159, , Z, -0.5904458934469397, -0.3406510453511297, -0.3082696882501119, -0.2776110252759299, -0.24759703951137008, -0.20252074497597175, -0.1637017549450837, -0.13648890518999054, -0.11382835350169089, -0.09344584166397113, -0.07306332982625136, -0.05268081798853161, -0.03229830615081185, -0.011915794313092087, -0.08282927819459815, -0.14320226898905009, -0.10273542594718792, -0.06879356732210704, -0.0335109183509031, 0.007275611568648248, 0.04806214148819961, 0.08884867140775095, 0.12963520132730233, 0.06792440495630259, 0.019813296007875195, 0.05535362181216626, 0.0934766991233858, 0.11949995802966873, 0.1454767503258086, 0.17145354262194845, 0.18750771290887966, 0.20202485383960675, 0.22386115676223306, 0.4108033686540404, 0.4393533977788709, 0.3787762712770532, 0.3942593590683008, 0.2383041567589102, 0.317763009967068, 0.3972218631752258, 0.4766807163833836, 0.5561395695915414, 0.6355984227996991, 0.715057276007857, 0.7945161292160148, 0.8739749824241726, 0.9534338356323303, 0.828533005063545, 0.603481729477974, 0.546236817136218, 0.7449541950175178, 0.8008811422410497, 0.8568080894645816, 0.9127350366881135, 0.9686619839116455, 1.0245889311351775, 1.0008535420120923, 1.0210406259815197, 1.0412277099509468, 0.9085596730341857, 0.8992304672862779, 1.3297347930538692, 1.4981835611712317, 1.6689949111751552, 1.8398062611790784, 2.010617611183002, 2.181428961186925, 2.3522403111908483, 2.5230516611947715, 2.693863011198695, 2.859315334548069, 3.0663001783234165, 3.456078930799665, 3.8223279830142545, 4.155322134985958, 4.386388498144732, 4.641315875106099, 4.888876489578962, 4.905725283195713, 4.952218761348, 5.029009510817696, 5.105800260287392, 5.221060193770543, 5.602957402752813, 5.966654676875602, 6.3192616239735955, 6.671868571071588, 7.013367927221128, 7.327500458335673, 7.6382486398630425, 7.981267099039602, 8.420548354197031, 8.870655460086528, 9.320762565976025, 9.77086967186552, 10.21783593255755, 10.652966439945818, 11.00116116550655, 11.30005383477195, 11.598840358102315, 11.897626881432679, 12.196413404763044, 12.49519992809341, 12.74944205777833, 12.984713100642406, 13.21998414350648, 13.481127891365595, 13.851207200739925, 14.334705917628867, 14.818204634517807, 15.300513008538799, 15.693592961123477, 15.904639621235788, 16.191945979198316, 16.47986371381246, 16.7677814484266, 17.09599330130115, 17.432298642880422, 17.831418399430284, 18.235361674637147, 18.638409851234726, 19.041458027832306, 19.44450620442989, 19.83080952409616, 20.239102158805327, 20.659285974965638, 21.086258496241467, 21.531910328305116
2OAR.pdb, 62, 62, 0.15389082490191758, 1.8715118571859746, 0.7150598440096214, -, -, -, 1.451996247682786, 61.75531761079159, , distance, 0.0, 0.405854211203562, 0.8610260958094789, 1.3486492888665422, 1.842459803379057, 2.3402162929167662, 2.8383412310206744, 3.336364021497731, 3.8344232370156286, 4.332717747807544, 4.831364673026394, 5.330265108357043, 5.829353964803426, 6.328586664380153, 6.7811633228210235, 7.208768624083908, 7.708652007955151, 8.208572229755443, 8.708425912833132, 9.208265840426117, 9.708122253897157, 10.20799273144668, 10.707875303435452, 11.110466150328445, 11.561714914223758, 12.05410388195878, 12.553778968629526, 13.053181798072117, 13.55258263772857, 14.052026090617755, 14.551513721298589, 15.051036268131043, 15.550690721548941, 15.906928085183234, 16.35867722463786, 16.794977693211006, 17.294791552665266, 17.696560628898823, 18.193261712000353, 18.69013871939915, 19.18717798373251, 19.684367213819073, 20.18169532614942, 20.679152300482887, 21.176729055631156, 21.67441734221842, 22.17220964977791, 22.627895409902894, 23.011463089133567, 23.409586912416653, 23.78014032260311, 24.2793169892778, 24.77852685631195, 25.277767956686997, 25.777038475652134, 26.27633673628023, 26.744394877538536, 27.24425157587617, 27.744113438593633, 28.14859419985802, 28.565635655070377, 28.660432053737562, 28.846368296936905, 28.990861342518965, 29.14321737282611, 29.303313742620087, 29.47102430790385, 29.64621984698375, 29.828768473980396, 30.018536042468167, 30.189226310308467, 30.366899730425033, 30.563418211752776, 30.673189048778866, 30.811842824443318, 31.0220794883393, 31.239820393478723, 31.466357936702774, 31.75248100475929, 31.884854656193813, 31.85991318946271, 31.842804217493093, 31.851542005207126, 31.994155251350143, 32.023264852211646, 31.982107473245232, 31.948723058449822, 31.89192674891052, 31.769163388735166, 31.64608806358098, 31.60529834945576, 31.702005665569622, 31.819028722244205, 31.94345025876501, 32.07518417782487, 32.22159580449358, 32.39012877438254, 32.583275324418466, 32.961337809340534, 33.34263553779591, 33.72703513549802, 34.11443174751628, 34.50472442841377, 34.95147291833059, 35.422183847750034, 35.89368688121645, 36.10666762107082, 36.42505245420826, 36.73580405912924, 37.050697071035636, 37.37285004839255, 37.736380448006244, 38.06217852889552, 38.37200827122649, 38.71416924621818, 39.05973351269278, 39.29542179147394, 39.51339271037195, 39.93144237738909, 40.37282624900437, 40.817726038512696, 41.26388758439828, 41.711270397827015, 42.16133644998086, 42.21347593879559, 42.25818202872464, 42.35173052750129, 42.53132038691268
2OAR.pdb, 62, 62, 0.15389082490191758, 1.8715118571859746, 0.7150598440096214, -, -, -, 1.451996247682786, 61.75531761079159, , length, 0.0, 0.5, 1.0, 1.5, 2.0, 2.5, 3.0, 3.5, 4.0, 4.5, 5.0, 5.5, 6.0, 6.5, 7.0, 7.5, 8.0, 8.5, 9.0, 9.5, 10.0, 10.5, 11.0, 11.5, 12.0, 12.5, 13.0, 13.5, 14.0, 14.5, 15.0, 15.5, 16.0, 16.5, 17.0, 17.5, 18.0, 18.5, 19.0, 19.5, 20.0, 20.5, 21.0, 21.5, 22.0, 22.5, 23.0, 23.5, 24.0, 24.5, 25.0, 25.5, 26.0, 26.5, 27.0, 27.5, 28.0, 28.5, 29.0, 29.5, 30.0, 30.5, 31.0, 31.5, 32.0, 32.5, 33.0, 33.5, 34.0, 34.5, 35.0, 35.5, 36.0, 36.5, 37.0, 37.5, 38.0, 38.5, 39.0, 39.5, 40.0, 40.5, 41.0, 41.5, 42.0, 42.5, 43.0, 43.5, 44.0, 44.5, 45.0, 45.5, 46.0, 46.5, 47.0, 47.5, 48.0, 48.5, 49.0, 49.5, 50.0, 50.5, 51.0, 51.5, 52.0, 52.5, 53.0, 53.5, 54.0, 54.5, 55.0, 55.5, 56.0, 56.5, 57.0, 57.5, 58.0, 58.5, 59.0, 59.5, 60.0, 60.5, 61.0, 61.5, 62.0, 62.5, 63.0, 63.5
2OAR.pdb, 62, 62, 0.15389082490191758, 1.8715118571859746, 0.7150598440096214, -, -, -, 1.451996247682786, 61.75531761079159, , R, 3.1899092912527345, 3.102958534162822, 2.7785521980303085, 2.4815840719347784, 2.219640550972948, 2.005951689077987, 1.850526456633565, 1.759137741058678, 1.734120159834271, 1.7812054664407841, 1.901493394510252, 2.0876691319598595, 2.3301864997315054, 2.6191539714938687, 2.825050506523764, 2.700413713081089, 2.536828676991133, 2.4231641228522287, 2.3668280448888983, 2.3698533332575016, 2.4365749908189662, 2.5638722264162177, 2.746326178975694, 2.865182541911182, 2.6659211337694253, 2.4021910437617664, 2.1684734096039096, 1.9765664750123615, 1.848074095469339, 1.7908713522217852, 1.8002240657252266, 1.8825348438436227, 2.036137778299302, 2.1422744789228627, 2.129387953912286, 2.188220396072182, 2.2818289808955465, 2.2485338435290654, 1.8940702308497674, 1.5799844761748827, 1.3197063164834346, 1.1291432908067738, 1.0240102960831785, 1.0149588947215409, 1.1029839513955397, 1.278941410717481, 1.5276386321182973, 1.747088733452181, 1.9017840909133485, 1.9523347540900824, 2.1022585604560575, 2.300126860630893, 2.5501328459682866, 2.8433236799882677, 3.1716101382001685, 3.528149942442188, 3.8661066453558157, 4.256018011134325, 4.661797742950659, 4.976322890147367, 5.228935919151494, 5.253317106205589, 4.917809599621446, 4.523455169212001, 4.145801648802447, 3.788414665874335, 3.45566319259725, 3.152813087152563, 2.886034508348921, 2.662236008412092, 2.4670167288345968, 2.314337704670394, 2.1762605100344743, 2.0094508225765306, 1.8863525043277973, 1.7657054891866313, 1.7176724986753897, 1.7427524053522885, 1.7251150736012928, 1.6820162714242448, 1.6094624040666394, 1.615946695093438, 1.6647202152198481, 1.5348752112047381, 1.44429430780335, 1.411625433782452, 1.4635908943293425, 1.587014909393993, 1.7619001719104972, 1.9974863218667593, 2.2213096877159484, 2.3545215455873256, 2.5309649438272275, 2.7588686290904083, 3.030507280942525, 3.334819884723832, 3.6580764203041336, 3.6559978122865338, 3.3447619820970727, 3.06694234942479, 2.829042548818801, 2.637920401586109, 2.500252857770976, 2.320608627134438, 2.154675781840866, 2.0515836230551945, 1.9397818867753687, 1.8054176486930889, 1.586279073728333, 1.4362707639060717, 1.361819584162078, 1.2620219542995916, 1.0346418450405075, 0.860405101866816, 0.7376618823853662, 0.7222635664341723, 0.7630444481178049, 0.8981384769745286, 0.9536470585658101, 1.080850308169528, 1.2886609193673815, 1.5642713879387635, 1.8912877083198056, 2.228613313663073, 2.246469948981179, 2.24718327584074, 2.2971553175214536, 2.4006614027867577
2OAR.pdb, 62, 62, 0.15389082490191758, 1.8715118571859746, 0.7150598440096214, -, -, -, 1.451996247682786, 61.75531761079159, , Upper limit of R overestimation, -, -, -, -, -, -, -, -, -, -, -, -, -, -, -, -, -, -, -, -, -, -, -, -, -, -, -, -, -, -, -, -, -, -, -, -, -, -, -, -, -, -, -, -, -, -, -, -, -, -, -, -, -, -, -, -, -, -, -, -, -, -, -, -, -, -, -, -, -, -, -, -, -, -, -, -, -, -, -, -, -, -, -, -, -, -, -, -, -, -, -, -, -, -, -, -, -, -, -, -, -, -, -, -, -, -, -, -, -, -, -, -, -, -, -, -, -, -, -, -, -, -, -, -, -, -, -, -
2OAR.pdb, 63, 63, 0.14934920215904499, 1.9014680764230387, 0.7937639536640422, -, -, -, 2.051974686503635, 119.33260037076957, , X, 63.068282105920325, 62.79374789385973, 62.403422282203735, 62.01455499107009, 61.6318213213522, 61.25086628976528, 60.86615262523272, 60.47446739312172, 60.0885964226243, 59.70563499791301, 59.32267357320171, 58.93971214849042, 58.55675072377913, 58.17378929906784, 57.826140850037795, 57.443996606509145, 57.05421356598525, 56.6613398266591, 56.26432612755236, 55.86830890765192, 55.47229168775148, 55.076274467851036, 54.6802572479506, 54.428679366667886, 54.021937714905505, 53.62890682471425, 53.246536538581545, 52.87095819103486, 52.496298609227274, 52.12163902741969, 51.74444596902282, 51.366860471219574, 50.98811607188813, 50.61300530579921, 50.25588619420719, 49.940931426090955, 49.54746105815216, 49.5491438873527, 49.80957218566482, 50.06136357335571, 50.311079281586565, 50.55756363818705, 50.80404799478753, 51.055441576104826, 51.506448878132005, 51.73655164933853, 51.9535872963939, 52.11842818927766, 52.32619765444512, 52.49940523668705, 52.87817586577608, 53.17325318573918, 53.22989392218702, 53.36866865467197, 53.59783789871374, 53.720124894976024, 53.74663994066145, 54.02735442351649, 54.28821965129124, 54.610833419095016, 54.99598748838407, 55.42105855851774, 55.84761668350713, 56.27417480849652, 56.71343692387447, 57.164347842611726, 57.58412456281568, 57.97605989166805, 58.368671638495385, 58.76128338532271, 59.01314569517243, 59.2401685080747, 59.47548552389296, 59.61660855489407, 59.7593676274465, 59.902126699998924, 60.04488577255135, 60.187644845103776, 60.32940641499438, 60.28651477669153, 59.793894599381595, 59.30945365496644, 58.82572272741583, 58.34199179986523, 57.85826087231462, 57.37452994476401, 56.890799017213396, 56.68853589733247, 57.09208108164618, 57.49562626595988, 57.899171450273585, 58.302716634587284, 58.14897482550611, 57.72503534500183, 57.30109586449754, 56.87715638399326, 56.45321690348898, 56.02927742298469, 55.67794712987449, 55.77974798504765, 55.87162324589948, 55.82323206368929, 55.698256986560054, 55.6162958921912, 55.74435516946102, 55.7403094781834, 55.793452559577815, 55.953222187470935, 56.112991815364055, 56.27276144325718, 56.057635126436594, 56.07098708733014, 56.09734911170755, 56.12371113608496, 56.15007316046237, 55.97272178723985, 55.75944073700512, 55.55253379051643, 55.35141688596819, 55.15029998141995, 55.02567123427882, 55.5118903604483, 55.99810948661777, 56.20769131065086, 55.89682653289443, 55.615290618286885, 55.298368965371985, 54.977426540088274, 54.65648411480456, 54.33554168952085, 54.01459926423714, 53.69365683895343, 53.37271441366972, 53.055543936487965, 53.10185073408316, 53.31552726660987, 53.52920379913658, 53.7428803316633, 53.96734762704597, 54.19055214565604, 54.406981061324274, 54.623409976992505, 54.83983889266074, 54.9115728018689, 54.555556151255395, 54.16625884478384, 53.776961538312285, 53.38766423184073, 52.99615473669234, 52.59076628249304, 52.18537782829375, 51.779989374094455, 51.37446043164413, 50.96607691242392, 50.60373640519899, 50.24524262806761, 49.886633191237266, 49.60078439616501, 49.422336073202786, 49.24388775024056, 49.065439427278335, 48.88699110431611, 48.70854278135388, 48.53009445839165, 48.2540454079727, 47.93917526549992, 47.62430512302715, 47.30943498055438, 46.99548713912965, 46.675229347786136, 46.354286173103226, 46.03334299842032, 45.6468633703052, 45.37605000333476, 45.27068896009371, 45.10523568474313, 44.93549252027846, 44.76574935581379, 44.71063956168159, 44.672080080196906, 44.45571836831769, 44.230167240726324, 43.815794728070905, 43.36693097003952, 42.91806721200813, 42.46900797180738, 42.04592612409945, 41.725255539230396, 41.3444511236166, 40.92012258631715, 40.92874853361856, 40.6058857112906, 40.24255060033206, 39.879215489373514, 39.51588037841497, 39.13015866834087, 38.706859911613385, 38.36776225102612, 37.97224715952351, 37.5767320680209, 37.284219750537815, 36.843020762407306, 36.44470402333188, 36.03583238149619, 35.7637356303165, 35.57889449338463, 35.39405335645276, 35.219845314017675, 35.023700652916745, 34.827555991815814, 34.517077403915756, 34.115601474976465, 33.71305079274314, 33.31045059261285, 32.907850392482565, 32.90477668674681, 32.965900845822006, 32.66016857433453, 32.399492037292575, 32.58512924115807, 32.77076644502357, 32.956403648889065, 32.690655912936116, 32.332309455274135, 31.973962997612155, 31.615616539950175, 31.257270082288194, 30.909442331916203, 30.604254893450825, 30.11061111802003, 29.616967342589234, 29.125023686550875, 28.638023394380994, 28.151023102211113, 27.779617563437597, 27.77989451420819, 27.55973363742598, 27.495912301997304, 27.868054297243653, 28.359743883772616, 28.851433470301583, 29.34312305683055, 29.834812643359513, 30.2932883721025, 30.780098871508024, 31.250064644545184, 31.633516224618585, 32.01702244876975
2OAR.pdb, 63, 63, 0.14934920215904499, 1.9014680764230387, 0.7937639536640422, -, -, -, 2.051974686503635, 119.33260037076957, , Y, 158.9692796110366, 158.80511158423258, 158.50055374051826, 158.18783964722232, 157.86760216059088, 157.54691322785456, 157.2301142553982, 156.9205304383884, 156.60345829277466, 156.28263887254843, 155.96181945232223, 155.641000032096, 155.3201806118698, 154.9993611916436, 154.69769250130008, 154.48221700426683, 154.17173504359323, 153.86441648535185, 153.56255339665796, 153.26005245365207, 152.9575515106462, 152.6550505676403, 152.35254962463443, 152.01469327282234, 151.79540418427982, 151.50050744395983, 151.1806385042043, 150.85163728605102, 150.5215533512378, 150.1914694164246, 149.8636728266321, 149.5362305500888, 149.21066933418555, 149.12580761916817, 148.85056699721102, 148.53833774370523, 148.23021221158146, 147.859241850542, 147.45315876001578, 147.0460339775782, 146.63745987112927, 146.222616212296, 145.80777255346277, 145.39847695071495, 145.21477055640668, 144.84126430639984, 144.43109995314992, 144.0172066917974, 143.63505079717555, 143.3143572832119, 143.13709923561882, 142.86382054208497, 142.45428909031878, 142.05256110526506, 142.01857741057646, 141.62166265211908, 141.21645880325391, 140.80516310010447, 140.3907193243968, 140.14007519401966, 139.95363372799378, 139.69978249112293, 139.4514022468647, 139.20302200260645, 138.9750992249853, 138.7610872967513, 138.5020563317092, 138.20501303582654, 137.9093933598411, 137.61377368385567, 137.32199765110983, 136.91674799958474, 136.52010681344262, 136.08197942719158, 135.63954801697113, 135.19711660675068, 134.75468519653023, 134.31225378630978, 133.86960158481799, 133.54762042582632, 133.51978277869932, 133.4608793132653, 133.39927910900596, 133.3376789047466, 133.27607870048726, 133.2144784962279, 133.15287829196856, 133.03464907157186, 132.79453618526534, 132.55442329895882, 132.31431041265233, 132.0741975263458, 131.84327569593032, 131.61681010068472, 131.3903445054391, 131.1638789101935, 130.93741331494786, 130.71094771970223, 130.4548006786539, 130.01342105062864, 129.587042699544, 129.36757149843032, 129.1471028301369, 128.93664088816004, 128.75358738294204, 128.5295480566055, 128.34202057285097, 128.16180192797438, 127.98158328309778, 127.80136463822116, 127.65870074290459, 127.2629508128187, 126.85986772723484, 126.45678464165097, 126.05370155606711, 125.69353136587443, 125.34092987999492, 124.9866455465094, 124.6308325654514, 124.2750195843934, 123.95475287981029, 123.91836498895282, 123.88197709809535, 123.85595578391629, 123.73611366997586, 123.58952800035729, 123.45917800536284, 123.33067282003014, 123.20216763469746, 123.07366244936478, 122.94515726403208, 122.81665207869939, 122.68814689336669, 122.5571194179705, 122.31123278838862, 122.02123586047536, 121.73123893256209, 121.44124200464881, 121.15187073485292, 120.85960901298546, 120.56354366260811, 120.26747831223076, 119.97141296185342, 119.66957291809577, 119.37331952680974, 119.14333984901303, 118.91336017121631, 118.68338049341959, 118.46032354445268, 118.28069881759019, 118.1010740907277, 117.92144936386522, 117.741959362926, 117.57043845899682, 117.79401143431916, 118.04248958404584, 118.29076388691614, 118.56078147169663, 118.87480400218513, 119.18882653267362, 119.50284906316212, 119.8168715936506, 120.1308941241391, 120.44491665462759, 120.6065594355727, 120.70597058782383, 120.80538174007495, 120.90479289232607, 121.01007321388849, 120.90076071617202, 120.54132460906925, 120.18188850196648, 119.98654826462985, 119.69346398183337, 119.21083037180114, 118.74625458175336, 118.28327561796876, 117.82029665418415, 117.40037594050979, 117.00500169169925, 116.69798802841512, 116.40728400496674, 116.50510318078973, 116.68794407653571, 116.87078497228171, 117.05303544869255, 117.25029199566025, 117.56338837930085, 117.64019013320906, 117.71126823928078, 117.2187183908505, 116.89277410556188, 116.58769344001354, 116.28261277446518, 115.97753210891682, 115.86496016246642, 116.07552390453138, 116.15368536723983, 116.04346913174373, 115.93325289624762, 115.69270638417333, 115.80477959690315, 115.7245335384448, 115.63978595266335, 115.39261141061786, 115.04181650542499, 114.69102160023212, 114.30416916410985, 113.91574280405088, 113.52731644399191, 113.32941654848067, 113.28315494754065, 113.50824620596251, 113.74583970374078, 113.98343320151908, 113.7758762356183, 113.49679032310507, 113.39128802159057, 113.27570405412568, 112.99285753506264, 112.7100110159996, 112.42716449693654, 112.44711936181515, 112.63363837860935, 112.82015739540353, 113.0066764121977, 113.1931954289919, 113.37208909046177, 113.47152375949184, 113.5208399329256, 113.57015610635935, 113.63481028569434, 113.74406212359622, 113.8533139614981, 113.77360350468713, 113.4801651633095, 113.25471943492084, 113.01130369276927, 112.86891480536909, 112.85829789995688, 112.84768099454469, 112.83706408913248, 112.82644718372028, 112.936660941538, 113.04986033217895, 113.10716999598986, 112.91354575590194, 112.72198542348009
2OAR.pdb, 63, 63, 0.14934920215904499, 1.9014680764230387, 0.7937639536640422, -, -, -, 2.051974686503635, 119.33260037076957, , Z, -0.5904458934469397, -0.3406510453511297, -0.3082696882501119, -0.2776110252759299, -0.24759703951137008, -0.20252074497597175, -0.1637017549450837, -0.13648890518999054, -0.11382835350169089, -0.09344584166397113, -0.07306332982625136, -0.05268081798853161, -0.03229830615081185, -0.011915794313092087, -0.08282927819459815, -0.14320226898905009, -0.10273542594718792, -0.06879356732210704, -0.0335109183509031, 0.007275611568648248, 0.04806214148819961, 0.08884867140775095, 0.12963520132730233, 0.06792440495630259, 0.019813296007875195, 0.05535362181216626, 0.0934766991233858, 0.11949995802966873, 0.1454767503258086, 0.17145354262194845, 0.18750771290887966, 0.20202485383960675, 0.22386115676223306, 0.4108033686540404, 0.4393533977788709, 0.3787762712770532, 0.3942593590683008, 0.3682182693518795, 0.4996474328846793, 0.6439079156137563, 0.7876637030756279, 0.9186224777991789, 1.0495812525227297, 1.18011695112866, 1.2934499745967794, 1.140089902776026, 0.9541056257212851, 0.7273718739437547, 0.48550678830570326, 0.20646876507395576, 0.3012288314709041, 0.4476941014316645, 0.5528041936287992, 0.7991056910638992, 1.1909096689609582, 1.4293475761829626, 1.2962467483356894, 1.340188181292633, 1.3860911506796776, 1.5113450450947212, 1.5875039519681906, 1.6559181967815269, 1.7356390865642508, 1.8153599763469748, 1.8590450027112322, 1.8299089237687174, 1.7741609669973717, 1.6840177711035715, 1.5920122091877082, 1.5000066472718452, 1.3141368625296743, 1.1291142629350968, 0.9363268493911936, 0.8796590208375108, 0.6956093143603845, 0.5115596078832582, 0.3275099014061318, 0.1434601949290054, -0.04082913927911194, -0.19506735121383056, -0.2760020552014387, -0.38413871239489206, -0.49463669683910205, -0.605134681283312, -0.715632665727522, -0.826130650171732, -0.936628634615942, -1.066556501347991, -1.2383036586658758, -1.4100508159837606, -1.5817979733016454, -1.7535451306195304, -1.716821690408231, -1.5790223760419868, -1.4412230616757427, -1.3034237473094987, -1.1656244329432546, -1.0278251185770104, -0.8798182810776405, -0.6681094955955887, -0.4404969000295405, 0.005849149323593775, 0.4368651541279091, 0.8554017729102366, 1.247544809312771, 1.6945235701468366, 2.1455952621761902, 2.583767495483748, 3.021939728791306, 3.460111962098864, 3.6747216914897574, 3.9632634479945525, 4.257931175760788, 4.552598903527024, 4.847266631293259, 5.1321576886184035, 5.415324398819884, 5.70102844079592, 5.989037317769451, 6.277046194742984, 6.545330005105547, 6.656085965423434, 6.766841925741321, 6.915167648430595, 7.273868050479709, 7.660197146262783, 8.023982200863873, 8.385205645556518, 8.746429090249162, 9.107652534941808, 9.468875979634452, 9.830099424327098, 10.191322869019743, 10.554577310840225, 10.914341902374524, 11.261104243536634, 11.607866584698744, 11.954628925860854, 12.29494508981642, 12.633636444536476, 12.973494992712936, 13.313353540889398, 13.653212089065859, 13.949847470625688, 14.132392788652824, 14.345833541496583, 14.559274294340344, 14.772715047184104, 14.988579984051146, 15.219653908805725, 15.450727833560304, 15.681801758314881, 15.91273278444582, 16.144568067234463, 15.929082876897295, 15.684663522372148, 15.440212590550356, 15.15197382388318, 14.806219508830466, 14.46046519377775, 14.114710878725036, 13.768956563672322, 13.423202248619608, 13.077447933566894, 12.711519639892414, 12.33605430702228, 11.960588974152147, 11.585123641282014, 11.210572299802337, 10.955634653201448, 10.822213652098679, 10.68879265099591, 10.465014454639386, 10.35594317967497, 10.430303170342702, 10.512472577542162, 10.595163188922491, 10.677853800302822, 10.47865001258281, 10.183023651865291, 9.85297786687546, 9.51620739544914, 9.351580777368765, 9.228737244495672, 9.105893711622578, 8.982926326501946, 8.814772945812331, 8.718574714066529, 8.40690242296324, 8.152160994705952, 8.136152032830202, 7.993843839975003, 7.8360040963952695, 7.678164352815535, 7.520324609235801, 7.36065913280145, 7.197929070795151, 7.121831441997133, 7.407173681819335, 7.6925159216415375, 8.00098576267873, 8.182106055842654, 8.447565077565777, 8.722595670785523, 9.015674468946026, 9.320267129048755, 9.624859789151484, 9.885622780351962, 10.131899524550303, 10.378176268748643, 10.651254604902155, 10.94566408634051, 10.789067174462469, 10.611690714162547, 10.434314253862624, 10.763286733293851, 11.173621828812145, 11.510266167446847, 11.842271057031839, 12.210424116498844, 12.57857717596585, 12.946730235432854, 13.249021606121184, 13.543637411289952, 13.83825321645872, 14.132869021627487, 14.427484826796253, 14.738829787893126, 15.008387519057282, 14.946067875153593, 14.883748231249903, 14.829721856267668, 14.799809461821335, 14.769897067375, 14.939214934058064, 15.284974342471735, 15.614115068036313, 15.940575658074549, 16.045090298584288, 15.954931373244403, 15.864772447904514, 15.774613522564627, 15.68445459722474, 15.584800070257154, 15.57060726831176, 15.600020556857709, 15.855900488445915, 16.11320000388726
2OAR.pdb, 63, 63, 0.14934920215904499, 1.9014680764230387, 0.7937639536640422, -, -, -, 2.051974686503635, 119.33260037076957, , distance, 0.0, 0.405854211203562, 0.8610260958094789, 1.3486492888665422, 1.842459803379057, 2.3402162929167662, 2.8383412310206744, 3.336364021497731, 3.8344232370156286, 4.332717747807544, 4.831364673026394, 5.330265108357043, 5.829353964803426, 6.328586664380153, 6.7811633228210235, 7.208768624083908, 7.708652007955151, 8.208572229755443, 8.708425912833132, 9.208265840426117, 9.708122253897157, 10.20799273144668, 10.707875303435452, 11.110466150328445, 11.561714914223758, 12.05410388195878, 12.553778968629526, 13.053181798072117, 13.55258263772857, 14.052026090617755, 14.551513721298589, 15.051036268131043, 15.550690721548941, 15.906928085183234, 16.35867722463786, 16.794977693211006, 17.294791552665266, 17.52481309998445, 17.595531582333933, 17.688056577094624, 17.79660608258735, 17.924084125242523, 18.064506508586287, 18.210159670545522, 18.066863882885674, 18.193506691418317, 18.36520481424774, 18.579570206172995, 18.753363054445526, 18.905364961835666, 18.84917198288158, 18.930798815735805, 19.25735741774611, 19.54964755981979, 19.49843189105777, 19.809276187024402, 20.13989246284425, 20.381384886992315, 20.643621235585137, 20.748130094479098, 20.77258275397482, 20.852810334920747, 20.940301270027646, 21.039314050008027, 21.122294199449335, 21.191639715647952, 21.3207546378615, 21.500201823403206, 21.687975258852063, 21.8855628945222, 22.106025943997892, 22.448284819190764, 22.786061124826606, 23.19275249872877, 23.59828869377011, 24.007388239493007, 24.41987204898863, 24.83557149928717, 25.254650178663105, 25.5764600637893, 25.661203742021385, 25.784682269285234, 25.919749519548564, 26.063710222918836, 26.216417871487128, 26.37772055050579, 26.547461589928353, 26.712036691639295, 26.856133224487948, 27.008718579884658, 27.16964973795884, 27.338779315092477, 27.591455107650226, 27.88700696963974, 28.1883295087168, 28.495239659621248, 28.80755883490496, 29.125113026283177, 29.45804298018092, 29.859177922986678, 30.251119473024808, 30.48126377098569, 30.73653959377509, 30.977119986576284, 31.144922096819553, 31.392634890818666, 31.59807054751484, 31.777356552645603, 31.963459084119993, 32.156259791375895, 32.36808883230602, 32.78703542872121, 33.21317507463948, 33.641348142919114, 34.07147797216199, 34.50174762630022, 34.93357045297105, 35.36790268029047, 35.804588444109285, 36.242910579885695, 36.62813084937273, 36.58111392559373, 36.54087878740418, 36.556086372700875, 36.805613581012956, 37.08567131274304, 37.35702393993653, 37.63156332576075, 37.910709292131315, 38.19436083670261, 38.48241832858212, 38.77478357267443, 39.07135986626897, 39.374000022847746, 39.69259746310228, 40.00916650717078, 40.329449733775924, 40.653359357620154, 40.97580656056431, 41.30420603305555, 41.641315804003746, 41.98167371313872, 42.32520140086887, 42.68979953027739, 43.09371806922728, 43.45623015666294, 43.82144842229292, 44.18930576764581, 44.55479007512136, 44.892072803248624, 45.23236764205713, 45.57560712091785, 45.92158867748911, 46.264328715993656, 46.083212124853034, 45.87277700184329, 45.66705071556554, 45.40973458407228, 45.06479915617411, 44.72279341652009, 44.38378509058407, 44.04784338599989, 43.715039002018464, 43.38544413669654, 43.221547811871694, 43.12847201823248, 43.041003729014186, 42.959177196200635, 42.87773453370854, 43.026227879856314, 43.43171863486394, 43.83916150642767, 44.10648906335523, 44.44578949519387, 44.932677614629846, 45.4294791716694, 45.926755052198935, 46.424089451923734, 46.77073525537594, 47.06897615528072, 47.35350800930161, 47.62921878791743, 47.67293198930181, 47.66834304501023, 47.668998446128, 47.67547666454175, 47.65366218972769, 47.50400484582194, 47.54966610125442, 47.636096058120664, 48.05644410863635, 48.463198383609104, 48.869396605323146, 49.277319849680225, 49.68692563005894, 49.94232853978286, 49.94008364552719, 50.0276924637772, 50.362665678115384, 50.7003567557564, 51.102762740464335, 51.26300870714349, 51.58108776591255, 51.912725819125, 52.31387787293708, 52.75898671147282, 53.20507061867465, 53.66801224050423, 54.141374372612816, 54.615211251664306, 54.99585639299753, 55.30426327103251, 55.29853959527432, 55.28269094389975, 55.271361070877816, 55.50844991877632, 55.78793712751228, 56.11090730203963, 56.41852516877244, 56.629641253464584, 56.84437135524314, 57.06267467486498, 57.25943090920938, 57.371281788598075, 57.48726398157186, 57.60735253513333, 57.731521824106935, 57.864336615001406, 58.028290119645895, 58.25076828852555, 58.476675334676756, 58.6953190174807, 58.88652623164467, 59.081346199088266, 59.40630731933495, 59.72067313525807, 60.11044686566178, 60.42188111527116, 60.3410369267445, 60.03877720919175, 59.73917307893692, 59.442264690499485, 59.148092639709205, 58.777893614943316, 58.41489093359413, 58.1193880270634, 58.13568126598715, 58.1550060805578
2OAR.pdb, 63, 63, 0.14934920215904499, 1.9014680764230387, 0.7937639536640422, -, -, -, 2.051974686503635, 119.33260037076957, , length, 0.0, 0.5, 1.0, 1.5, 2.0, 2.5, 3.0, 3.5, 4.0, 4.5, 5.0, 5.5, 6.0, 6.5, 7.0, 7.5, 8.0, 8.5, 9.0, 9.5, 10.0, 10.5, 11.0, 11.5, 12.0, 12.5, 13.0, 13.5, 14.0, 14.5, 15.0, 15.5, 16.0, 16.5, 17.0, 17.5, 18.0, 18.5, 19.0, 19.5, 20.0, 20.5, 21.0, 21.5, 22.0, 22.5, 23.0, 23.5, 24.0, 24.5, 25.0, 25.5, 26.0, 26.5, 27.0, 27.5, 28.0, 28.5, 29.0, 29.5, 30.0, 30.5, 31.0, 31.5, 32.0, 32.5, 33.0, 33.5, 34.0, 34.5, 35.0, 35.5, 36.0, 36.5, 37.0, 37.5, 38.0, 38.5, 39.0, 39.5, 40.0, 40.5, 41.0, 41.5, 42.0, 42.5, 43.0, 43.5, 44.0, 44.5, 45.0, 45.5, 46.0, 46.5, 47.0, 47.5, 48.0, 48.5, 49.0, 49.5, 50.0, 50.5, 51.0, 51.5, 52.0, 52.5, 53.0, 53.5, 54.0, 54.5, 55.0, 55.5, 56.0, 56.5, 57.0, 57.5, 58.0, 58.5, 59.0, 59.5, 60.0, 60.5, 61.0, 61.5, 62.0, 62.5, 63.0, 63.5, 64.0, 64.5, 65.0, 65.5, 66.0, 66.5, 67.0, 67.5, 68.0, 68.5, 69.0, 69.5, 70.0, 70.5, 71.0, 71.5, 72.0, 72.5, 73.0, 73.5, 74.0, 74.5, 75.0, 75.5, 76.0, 76.5, 77.0, 77.5, 78.0, 78.5, 79.0, 79.5, 80.0, 80.5, 81.0, 81.5, 82.0, 82.5, 83.0, 83.5, 84.0, 84.5, 85.0, 85.5, 86.0, 86.5, 87.0, 87.5, 88.0, 88.5, 89.0, 89.5, 90.0, 90.5, 91.0, 91.5, 92.0, 92.5, 93.0, 93.5, 94.0, 94.5, 95.0, 95.5, 96.0, 96.5, 97.0, 97.5, 98.0, 98.5, 99.0, 99.5, 100.0, 100.5, 101.0, 101.5, 102.0, 102.5, 103.0, 103.5, 104.0, 104.5, 105.0, 105.5, 106.0, 106.5, 107.0, 107.5, 108.0, 108.5, 109.0, 109.5, 110.0, 110.5, 111.0, 111.5, 112.0, 112.5, 113.0, 113.5, 114.0, 114.5, 115.0, 115.5, 116.0, 116.5, 117.0, 117.5, 118.0, 118.5, 119.0, 119.5, 120.0, 120.5, 121.0, 121.5, 122.0, 122.5, 123.0, 123.5
2OAR.pdb, 63, 63, 0.14934920215904499, 1.9014680764230387, 0.7937639536640422, -, -, -, 2.051974686503635, 119.33260037076957, , R, 3.1899092912527345, 3.102958534162822, 2.7785521980303085, 2.4815840719347784, 2.219640550972948, 2.005951689077987, 1.850526456633565, 1.759137741058678, 1.734120159834271, 1.7812054664407841, 1.901493394510252, 2.0876691319598595, 2.3301864997315054, 2.6191539714938687, 2.825050506523764, 2.700413713081089, 2.536828676991133, 2.4231641228522287, 2.3668280448888983, 2.3698533332575016, 2.4365749908189662, 2.5638722264162177, 2.746326178975694, 2.865182541911182, 2.6659211337694253, 2.4021910437617664, 2.1684734096039096, 1.9765664750123615, 1.848074095469339, 1.7908713522217852, 1.8002240657252266, 1.8825348438436227, 2.036137778299302, 2.1422744789228627, 2.129387953912286, 2.188220396072182, 2.2818289808955465, 2.2081261532319316, 1.889061514699752, 1.6114551374781376, 1.3914252825374018, 1.2385208337481073, 1.1711850929742518, 1.1913208245728457, 1.1207854005293294, 1.048090048545848, 1.0349111975298788, 1.1033805168102195, 1.2086700938006087, 1.3506253123117986, 1.3900667694322726, 1.3433753140306997, 1.2720138480457943, 1.1844602633123098, 1.0146795803942337, 1.049365157432749, 1.1475308878575166, 1.1468171058045442, 1.2220582627252194, 1.2489966189941986, 1.303312595273852, 1.403524834408794, 1.579912190455285, 1.8224412814081905, 2.0899714438173755, 2.3484981070946254, 2.62309439135088, 2.90582624338272, 3.2234228809088488, 3.5704010959495105, 3.785821840763671, 4.059764206482258, 4.354810551906411, 4.670018021604314, 4.964899563983689, 5.283787298418831, 5.623467004844013, 5.98111459027688, 6.353715369570436, 6.532705715851181, 6.223830118596233, 5.961695273838448, 5.72695154622806, 5.519946679924361, 5.3431910798825015, 5.199072431651519, 5.089725931124537, 5.139350421885638, 5.478815033534499, 5.83662121532627, 6.210222476614021, 6.597438227058376, 6.536968122313212, 6.273895142632716, 6.034791040441586, 5.821997945731052, 5.637862809910628, 5.484646042155472, 5.38412855742793, 5.441716849063672, 5.5109446574982535, 5.28685635149745, 5.059299926385842, 4.88716333100302, 4.851443095692613, 4.770551966862497, 4.710192204577535, 4.716011240330108, 4.761749555105492, 4.846546847123058, 4.71170277004193, 4.549753715271137, 4.428968000935985, 4.348435088528511, 4.309823367854735, 4.174327717196238, 4.054941486756903, 3.981739591265898, 3.956285156072124, 3.976386057322491, 4.0544676602143745, 4.275522945909877, 4.5299159282059325, 4.625634521925468, 4.286250798884918, 3.967128186279701, 3.666182635382197, 3.3965150664270056, 3.1648426301496797, 2.9770413095869803, 2.838785451360929, 2.754884873521125, 2.728561021419328, 2.7611838810316427, 2.8415251716749537, 2.9686980602341237, 3.146253178808983, 3.3687040390619125, 3.6288704503393387, 3.9199201555295384, 4.237224156852605, 4.579059655877936, 4.941534444670905, 5.219835107575248, 5.2119832959984915, 5.172551289137001, 5.17035771972291, 5.20543902492488, 5.270746378319407, 5.331659367167445, 5.428110231762931, 5.558646445597066, 5.72122851551018, 5.906592452925176, 5.59192220657347, 5.2631230653923975, 4.95627186070492, 4.626658922441964, 4.251640548584925, 3.896849022753353, 3.5665186570520153, 3.2657173716980528, 3.000343955387336, 2.776967324548918, 2.5710754944667724, 2.4032702119100966, 2.2940791299992216, 2.2486005445165103, 2.2633013222542187, 2.3095929288582737, 2.3849825050025752, 2.5212862714723703, 2.6878527646563994, 2.8746996468550816, 3.077871351368614, 3.3001498169884367, 3.56026732926683, 3.8544197840714127, 3.975655551799879, 4.05786288430285, 4.056876692425472, 4.081954800365272, 3.872114224874981, 3.6399806190281416, 3.4474846918126407, 3.299324805118871, 3.145446470371048, 2.943800817048556, 2.8508975328177804, 2.7418689961754397, 2.742806048888949, 2.6716713795898523, 2.6435036836969474, 2.6751658958667446, 2.765332059890904, 2.8389463728367406, 2.848306709042555, 2.8674828737434654, 2.62177231492479, 2.424432766566409, 2.291992840535777, 2.1927884736727936, 2.1442687293231533, 2.16015144469339, 2.226381614019189, 2.346216065190528, 2.5247346176991194, 2.7091333548207417, 2.92611899401, 3.186418944902339, 3.267558340294458, 3.224478190010417, 2.9047400215434673, 2.60400066830825, 2.3447689149760524, 2.55768662455734, 2.878042392291411, 3.0473539734713673, 3.2600376180304385, 3.62491346778982, 4.010959189173613, 4.414044532489045, 4.314327039578599, 4.060681651795122, 3.8417761415978195, 3.6620149639433186, 3.525583690759398, 3.4394078436150326, 3.3063650170246635, 2.932241144254266, 2.585009517117052, 2.2639395811982004, 1.9594122696579404, 1.7040379542328634, 1.4092217022301492, 1.1968057256415037, 0.934427562637945, 0.8025414451372073, 0.9889743575953243, 1.3230365762735397, 1.7003666904542913, 2.1074875972146123, 2.5354372039157673, 2.9124981905325087, 3.296123235849048, 3.648363310783862, 3.7977501230264754, 3.9869471771748652
2OAR.pdb, 63, 63, 0.14934920215904499, 1.9014680764230387, 0.7937639536640422, -, -, -, 2.051974686503635, 119.33260037076957, , Upper limit of R overestimation, -, -, -, -, -, -, -, -, -, -, -, -, -, -, -, -, -, -, -, -, -, -, -, -, -, -, -, -, -, -, -, -, -, -, -, -, -, -, -, -, -, -, -, -, -, -, -, -, -, -, -, -, -, -, -, -, -, -, -, -, -, -, -, -, -, -, -, -, -, -, -, -, -, -, -, -, -, -, -, -, -, -, -, -, -, -, -, -, -, -, -, -, -, -, -, -, -, -, -, -, -, -, -, -, -, -, -, -, -, -, -, -, -, -, -, -, -, -, -, -, -, -, -, -, -, -, -, -, -, -, -, -, -, -, -, -, -, -, -, -, -, -, -, -, -, -, -, -, -, -, -, -, -, -, -, -, -, -, -, -, -, -, -, -, -, -, -, -, -, -, -, -, -, -, -, -, -, -, -, -, -, -, -, -, -, -, -, -, -, -, -, -, -, -, -, -, -, -, -, -, -, -, -, -, -, -, -, -, -, -, -, -, -, -, -, -, -, -, -, -, -, -, -, -, -, -, -, -, -, -, -, -, -, -, -, -, -, -, -, -, -, -, -, -, -, -, -, -
2OAR.pdb, 64, 64, 0.10806037792012646, 2.225065153254857, 0.7139075093959248, -, -, -, 1.652530868134563, 101.2763694170777, , X, 63.068282105920325, 62.79374789385973, 62.403422282203735, 62.01455499107009, 61.6318213213522, 61.25086628976528, 60.86615262523272, 60.47446739312172, 60.0885964226243, 59.70563499791301, 59.32267357320171, 58.93971214849042, 58.55675072377913, 58.17378929906784, 57.826140850037795, 57.443996606509145, 57.05421356598525, 56.6613398266591, 56.26432612755236, 55.86830890765192, 55.47229168775148, 55.076274467851036, 54.6802572479506, 54.428679366667886, 54.021937714905505, 53.62890682471425, 53.246536538581545, 52.87095819103486, 52.496298609227274, 52.12163902741969, 51.74444596902282, 51.366860471219574, 50.98811607188813, 50.61300530579921, 50.25588619420719, 49.940931426090955, 49.54746105815216, 49.247575309091864, 48.85265758871987, 48.457739868347886, 48.06282214797589, 47.6679044276039, 47.27298670723191, 46.87806898685992, 46.48315126648793, 46.08823354611594, 45.69331582574395, 45.374619940590826, 45.08129618566133, 44.78761353452235, 44.4660145164771, 44.07198718846425, 43.67795986045139, 43.283932532438534, 42.88990520442567, 42.49587787641282, 42.1411379583235, 41.75413971458738, 41.367141470851266, 41.082065967085995, 40.89586161411496, 40.831367907656954, 40.455024786696946, 40.074578405271424, 39.69413202384591, 39.31368564242039, 38.933239260994874, 38.55279287956935, 38.17234649814384, 37.79190011671832, 37.42729748397065, 37.082566959378234, 36.815896678654596, 36.59833273601397, 36.34848315406818, 36.000743568277564, 35.6617659587626, 35.319044273623696, 34.88128495893912, 34.575655785803185, 34.407710724534574, 34.23976566326597, 34.06996737008211, 33.88575541696817, 33.80853516340233, 33.80068418855958, 33.792833213716825, 33.813467530701644, 33.90126939145059, 33.99612661317746, 34.025231419087675, 33.982756940544014, 33.93432339207535, 33.885889843606684, 33.83745629513802, 33.77860393491584, 33.69690063032021, 33.53683050709607, 33.1462783781075, 32.75230484751887, 32.524436171509194, 32.318446956804394, 32.11809249123104, 31.917738025657677, 31.717383560084315, 31.517029094510956, 31.120016680337272, 30.629492133563282, 30.13892797149876, 29.647839803439624, 29.15675163538049, 28.666347493561396, 28.31225625472265, 28.007770526378582, 27.70328479803451, 27.398799069690437, 27.09544534183179, 26.79211508773612, 26.617243342185507, 26.443700614267975, 26.301085761041453, 26.17158031402606, 26.05013140729102, 25.92538802389414, 25.79530239510668, 25.539645796435906, 25.220038386949323, 24.90545202737878, 24.610264450745685, 24.174065116520048, 23.704729272346786, 23.234040360187063, 22.748912181128336, 22.263191412183776, 21.77747064323922, 21.293371847581213, 20.86264542725945, 20.43445558792054, 19.959833466395605, 19.484668628082947, 19.009503789770285, 18.534338951457624, 18.079841462253615, 17.655840120629172, 17.429993828077986, 17.2428240219123, 17.08905322213546, 16.993303320538853, 17.12018113483681, 17.247058949134765, 17.37393676343272, 17.576997544493775, 17.80652793341614, 18.01258267901842, 17.588159910811992, 17.163737142605562, 16.739314374399136, 16.547116171933684, 16.38274519808506, 16.218374224236438, 16.05400325038782, 15.890326162592444, 16.0736395079122, 16.39862222565042, 16.464066449709794, 16.190743639237294, 15.91724812827547, 15.631387846040838, 15.345527563806204, 14.961258971664687, 14.494449501320343, 14.027640030975999, 13.560830560631654, 13.36784892971182, 13.187948096428808, 12.705280960237284, 12.21960347746996, 11.733925994702636, 11.248248511935312, 10.85890371114597, 10.634836077759937, 10.410768444373904, 10.186700810987869, 9.917201591775791, 9.687320362222632, 9.779589317839157, 9.36438190703769, 9.315430603871967, 9.30000074303718, 9.270594339629957, 9.221421912847516, 9.234605008171703, 9.088913862034849, 8.981095379750247, 8.869494555889395, 8.753692582962096, 8.63653708437237, 8.42897490964731, 8.063128225436238, 7.737664270945957, 7.4755820639365815, 7.2823306630350935, 6.98801034649781, 6.784594633431531, 6.4790730107108025, 6.162746006236578, 5.9333140226232235, 5.866070466212844, 5.697061340647555, 5.366272283921562
2OAR.pdb, 64, 64, 0.10806037792012646, 2.225065153254857, 0.7139075093959248, -, -, -, 1.652530868134563, 101.2763694170777, , Y, 158.9692796110366, 158.80511158423258, 158.50055374051826, 158.18783964722232, 157.86760216059088, 157.54691322785456, 157.2301142553982, 156.9205304383884, 156.60345829277466, 156.28263887254843, 155.96181945232223, 155.641000032096, 155.3201806118698, 154.9993611916436, 154.69769250130008, 154.48221700426683, 154.17173504359323, 153.86441648535185, 153.56255339665796, 153.26005245365207, 152.9575515106462, 152.6550505676403, 152.35254962463443, 152.01469327282234, 151.79540418427982, 151.50050744395983, 151.1806385042043, 150.85163728605102, 150.5215533512378, 150.1914694164246, 149.8636728266321, 149.5362305500888, 149.21066933418555, 149.12580761916817, 148.85056699721102, 148.53833774370523, 148.23021221158146, 147.94795958652614, 147.65177335324876, 147.3555871199714, 147.05940088669402, 146.76321465341667, 146.4670284201393, 146.17084218686193, 145.87465595358455, 145.5784697203072, 145.28228348702982, 144.93566037912518, 144.66647192030055, 144.39073824339104, 144.2157233991542, 143.91304429291574, 143.6103651866773, 143.30768608043886, 143.00500697420043, 142.70232786796197, 142.39263757176576, 142.0766868778498, 141.76073618393386, 141.45635188217298, 141.02045863992348, 140.99004384927048, 141.1818912603422, 141.45772460417516, 141.7335579480081, 142.00939129184104, 142.285224635674, 142.56105797950696, 142.8368913233399, 143.11272466717284, 143.41201634586739, 143.68793753231023, 143.85106447129397, 144.11284216823276, 144.37819712785173, 144.65324340219945, 144.91801918040267, 145.18202071921164, 145.42286517064997, 145.7748463017482, 146.23949416539483, 146.70414202904144, 147.14367740273548, 147.40866276301705, 147.72823282857996, 148.08264318826525, 148.43705354795054, 148.799086333224, 149.1778937385258, 149.55794330787657, 149.91821188757888, 150.14593717503215, 150.35820536532572, 150.57047355561932, 150.78274174591292, 150.99889487773777, 151.22150113348772, 151.45735221557806, 151.67846725627115, 151.89637706129062, 152.3332892465833, 152.78820698872119, 153.2459881159097, 153.70376924309824, 154.16155037028676, 154.6193314974753, 154.83088909674206, 154.92536580832433, 155.0192942952343, 155.10597121309544, 155.1926481309566, 155.28311774721513, 155.22980075006555, 155.11217809390334, 154.9945554377411, 154.87693278157886, 154.75864393670562, 154.64034127738964, 154.4604184135913, 154.27985803391923, 153.89557315410187, 153.42493551793623, 152.95452942707695, 152.48610865346382, 152.01804270238748, 151.61972315229545, 151.2575594440058, 150.89227304169268, 150.51492213801936, 150.3428593525931, 150.2165300211774, 150.0945670993729, 150.16973993348245, 150.26046882523445, 150.35119771698646, 150.42995108644956, 150.54602672216993, 150.38956929427758, 150.33172127140148, 150.26298643339967, 150.19425159539787, 150.12551675739607, 149.97750910094695, 149.71252874723945, 149.40293349422024, 149.0864149053044, 148.70889405394453, 148.31542457883296, 147.86075981394012, 147.40609504904728, 146.9514302841544, 146.51120955331106, 146.07633686635748, 145.6605510940944, 145.66536648265858, 145.67018187122278, 145.674997259787, 145.25901931909988, 144.79261815063683, 144.3262169821738, 143.85981581371078, 143.39325108125155, 143.03497121837796, 142.72307759410432, 142.44418953125873, 142.20838253900706, 141.9726914084399, 141.74529558284598, 141.51789975725205, 141.40648029035503, 141.39233706472936, 141.3781938391037, 141.364050613478, 141.12311879328746, 140.86786023442397, 140.9181243802776, 140.98214176143767, 141.04615914259776, 141.11017652375784, 141.170633632905, 140.9246389815414, 140.67864433017778, 140.43264967881416, 140.3222052321834, 140.32791959424898, 139.8844482291864, 139.82183014673086, 139.357556713325, 138.85808713195112, 138.5798522049053, 138.5201986034509, 138.18641492013197, 137.9160925430419, 137.5593477268277, 137.20062134965323, 137.38770240167742, 137.7506316205909, 138.01569298002752, 137.9115009437164, 137.68064679488376, 137.5715023702667, 137.2126515357104, 137.02750584744075, 136.81351945640637, 137.11500013147156, 137.40885922884584, 137.77128070677773, 138.26156328249428, 138.58321896812794, 138.6368031744194
2OAR.pdb, 64, 64, 0.10806037792012646, 2.225065153254857, 0.7139075093959248, -, -, -, 1.652530868134563, 101.2763694170777, , Z, -0.5904458934469397, -0.3406510453511297, -0.3082696882501119, -0.2776110252759299, -0.24759703951137008, -0.20252074497597175, -0.1637017549450837, -0.13648890518999054, -0.11382835350169089, -0.09344584166397113, -0.07306332982625136, -0.05268081798853161, -0.03229830615081185, -0.011915794313092087, -0.08282927819459815, -0.14320226898905009, -0.10273542594718792, -0.06879356732210704, -0.0335109183509031, 0.007275611568648248, 0.04806214148819961, 0.08884867140775095, 0.12963520132730233, 0.06792440495630259, 0.019813296007875195, 0.05535362181216626, 0.0934766991233858, 0.11949995802966873, 0.1454767503258086, 0.17145354262194845, 0.18750771290887966, 0.20202485383960675, 0.22386115676223306, 0.4108033686540404, 0.4393533977788709, 0.3787762712770532, 0.3942593590683008, 0.2383041567589102, 0.317763009967068, 0.3972218631752258, 0.4766807163833836, 0.5561395695915414, 0.6355984227996991, 0.715057276007857, 0.7945161292160148, 0.8739749824241726, 0.9534338356323303, 0.828533005063545, 0.603481729477974, 0.546236817136218, 0.7449541950175178, 0.8008811422410497, 0.8568080894645816, 0.9127350366881135, 0.9686619839116455, 1.0245889311351775, 1.0008535420120923, 1.0210406259815197, 1.0412277099509468, 0.9085596730341857, 0.8992304672862779, 1.3297347930538692, 1.4981835611712317, 1.6689949111751552, 1.8398062611790784, 2.010617611183002, 2.181428961186925, 2.3522403111908483, 2.5230516611947715, 2.693863011198695, 2.859315334548069, 3.0663001783234165, 3.456078930799665, 3.8223279830142545, 4.155322134985958, 4.386388498144732, 4.641315875106099, 4.888876489578962, 4.905725283195713, 4.952218761348, 5.029009510817696, 5.105800260287392, 5.221060193770543, 5.602957402752813, 5.966654676875602, 6.3192616239735955, 6.671868571071588, 7.013367927221128, 7.327500458335673, 7.6382486398630425, 7.981267099039602, 8.420548354197031, 8.870655460086528, 9.320762565976025, 9.77086967186552, 10.21783593255755, 10.652966439945818, 10.75497549085726, 10.534573192044887, 10.317144433496086, 10.275692698390568, 10.253925901357787, 10.23676409158098, 10.219602281804173, 10.202440472027366, 10.185278662250559, 10.165215066757735, 10.143771653298819, 10.121282239768233, 10.08495699919898, 10.048631758629726, 10.01411230246058, 9.733126153168904, 9.354373790810437, 8.975621428451968, 8.596869066093499, 8.217416540694277, 7.837949496342568, 7.4057356099741, 6.972976010566273, 6.768089102571307, 6.659790650976883, 6.5418564502767556, 6.419489580135377, 6.3013900854716, 6.178365375435187, 6.049181196066455, 5.917140778337192, 5.774065308397712, 5.641703555888557, 5.524564280624399, 5.4080439232836515, 5.328570369425828, 5.2521269078522, 5.175683446278573, 5.10316682591016, 5.236785259034726, 5.404431804819365, 5.550657861222764, 5.690278412991369, 5.829898964759974, 5.969519516528579, 6.0515787752678225, 6.048702240942082, 6.323746403853412, 6.662355072278993, 6.951893580813734, 7.147488406919222, 6.982618846951633, 6.817749286984044, 6.652879727016455, 6.544064693061097, 6.453533553793169, 6.372521740064344, 6.636798348679197, 6.9010749572940515, 7.165351565908905, 7.259568232656964, 7.333406793127624, 7.407245353598285, 7.481083914068946, 7.55536425486188, 7.426227368871187, 7.209182211567594, 6.936214317594843, 6.590252320143323, 6.244352737850821, 5.902921869968039, 5.561491002085257, 5.308628700342269, 5.130054100900651, 4.9514795014590325, 4.772904902017414, 4.4384410710208035, 4.102416844728559, 3.9886286714642174, 3.888532929086229, 3.7884371867082405, 3.688341444330252, 3.4256413342731142, 3.0524385379689143, 2.679235741664714, 2.3060329453605135, 1.9748770769597233, 1.7492291522095873, 1.5375227796107551, 1.369701636930995, 1.3735867167958378, 1.390676382585831, 1.1389866127326658, 0.6452567922124623, 0.3628999080459134, -0.003621428361772063, -0.3369489103486381, -0.666889272282233, -0.9918472123519608, -1.315199916390518, -1.6040425143343113, -1.8098505971828982, -2.111147089519433, -2.3323306082827773, -2.621951005678839, -2.88451331262296, -3.1491276653457994, -3.4055763748616283, -3.6577100282980064, -3.796187049592938, -3.7247636635766406, -3.824212343679319, -4.195301730197499
2OAR.pdb, 64, 64, 0.10806037792012646, 2.225065153254857, 0.7139075093959248, -, -, -, 1.652530868134563, 101.2763694170777, , distance, 0.0, 0.405854211203562, 0.8610260958094789, 1.3486492888665422, 1.842459803379057, 2.3402162929167662, 2.8383412310206744, 3.336364021497731, 3.8344232370156286, 4.332717747807544, 4.831364673026394, 5.330265108357043, 5.829353964803426, 6.328586664380153, 6.7811633228210235, 7.208768624083908, 7.708652007955151, 8.208572229755443, 8.708425912833132, 9.208265840426117, 9.708122253897157, 10.20799273144668, 10.707875303435452, 11.110466150328445, 11.561714914223758, 12.05410388195878, 12.553778968629526, 13.053181798072117, 13.55258263772857, 14.052026090617755, 14.551513721298589, 15.051036268131043, 15.550690721548941, 15.906928085183234, 16.35867722463786, 16.794977693211006, 17.294791552665266, 17.696560628898823, 18.193261712000353, 18.69013871939915, 19.18717798373251, 19.684367213819073, 20.18169532614942, 20.679152300482887, 21.176729055631156, 21.67441734221842, 22.17220964977791, 22.627895409902894, 23.011463089133567, 23.409586912416653, 23.78014032260311, 24.2793169892778, 24.77852685631195, 25.277767956686997, 25.777038475652134, 26.27633673628023, 26.744394877538536, 27.24425157587617, 27.744113438593633, 28.14859419985802, 28.565635655070377, 28.660432053737562, 28.846368296936905, 28.990861342518965, 29.14321737282611, 29.303313742620087, 29.47102430790385, 29.64621984698375, 29.828768473980396, 30.018536042468167, 30.189226310308467, 30.366899730425033, 30.563418211752776, 30.673189048778866, 30.811842824443318, 31.0220794883393, 31.239820393478723, 31.466357936702774, 31.75248100475929, 31.884854656193813, 31.85991318946271, 31.842804217493093, 31.851542005207126, 31.994155251350143, 32.023264852211646, 31.982107473245232, 31.948723058449822, 31.89192674891052, 31.769163388735166, 31.64608806358098, 31.60529834945576, 31.702005665569622, 31.819028722244205, 31.94345025876501, 32.07518417782487, 32.22159580449358, 32.39012877438254, 32.51544668485683, 32.74520272547114, 32.98575380903912, 33.09132606105686, 33.186720538252935, 33.28511347108945, 33.39070435738819, 33.50342514104647, 33.62320411383939, 33.96324752498176, 34.40714693280051, 34.852343784961064, 35.29610945120378, 35.741360039562004, 36.18753305890995, 36.44915876837816, 36.64718465155332, 36.8509309359703, 37.06030327466655, 37.27402417631432, 37.49317070446748, 37.589186941044346, 37.6902639293588, 37.83803987472977, 38.008844819236074, 38.175783392671306, 38.350557776876194, 38.53689289814641, 38.835954081025506, 39.192407790706326, 39.54729218310203, 39.88736999459469, 40.3238754146063, 40.785944472248175, 41.24935414892722, 41.69074529424033, 42.13115793288204, 42.572886845287755, 43.017211491926545, 43.4306755598549, 43.899808100988025, 44.39210417971601, 44.886283010447414, 45.38058936908159, 45.87501913325402, 46.35653373748576, 46.81939354126883, 47.139944739914746, 47.43676575452229, 47.710081589457076, 47.919556804684106, 47.874612316901725, 47.834852196175234, 47.800289379523875, 47.702848153133154, 47.58646876836854, 47.493380842495576, 47.934003366553476, 48.37578044475556, 48.818680733236015, 49.130569291533824, 49.429793929715785, 49.73224524348492, 50.03786472244882, 50.346066526825666, 50.26594937988974, 50.02829631210303, 50.016818501458395, 50.29904283571581, 50.58476537476534, 50.88308547776274, 51.18455125772386, 51.551301398523684, 51.97201403987743, 52.39412000254422, 52.81758588122702, 53.046283733520156, 53.27036760738375, 53.69584726434667, 54.121959476469435, 54.54932613432684, 54.97791798391158, 55.30587624876987, 55.571088929553014, 55.83951917762483, 56.111120815399644, 56.38556220039004, 56.590648160953876, 56.643126843507346, 57.048890400256994, 57.25247718406588, 57.44051696426125, 57.5578916895207, 57.61229233275202, 57.71395951450861, 57.94267205334763, 58.171068513123366, 58.407096298176384, 58.44655877731207, 58.4257747661683, 58.52806217278827, 58.91081346959209, 59.30426366888556, 59.59402093468244, 59.91285552047278, 60.26359648931709, 60.54153975527992, 60.7278607989749, 60.930287010009565, 61.02488436518784, 60.915732614008796, 60.97135135527721, 61.28561430831374
2OAR.pdb, 64, 64, 0.10806037792012646, 2.225065153254857, 0.7139075093959248, -, -, -, 1.652530868134563, 101.2763694170777, , length, 0.0, 0.5, 1.0, 1.5, 2.0, 2.5, 3.0, 3.5, 4.0, 4.5, 5.0, 5.5, 6.0, 6.5, 7.0, 7.5, 8.0, 8.5, 9.0, 9.5, 10.0, 10.5, 11.0, 11.5, 12.0, 12.5, 13.0, 13.5, 14.0, 14.5, 15.0, 15.5, 16.0, 16.5, 17.0, 17.5, 18.0, 18.5, 19.0, 19.5, 20.0, 20.5, 21.0, 21.5, 22.0, 22.5, 23.0, 23.5, 24.0, 24.5, 25.0, 25.5, 26.0, 26.5, 27.0, 27.5, 28.0, 28.5, 29.0, 29.5, 30.0, 30.5, 31.0, 31.5, 32.0, 32.5, 33.0, 33.5, 34.0, 34.5, 35.0, 35.5, 36.0, 36.5, 37.0, 37.5, 38.0, 38.5, 39.0, 39.5, 40.0, 40.5, 41.0, 41.5, 42.0, 42.5, 43.0, 43.5, 44.0, 44.5, 45.0, 45.5, 46.0, 46.5, 47.0, 47.5, 48.0, 48.5, 49.0, 49.5, 50.0, 50.5, 51.0, 51.5, 52.0, 52.5, 53.0, 53.5, 54.0, 54.5, 55.0, 55.5, 56.0, 56.5, 57.0, 57.5, 58.0, 58.5, 59.0, 59.5, 60.0, 60.5, 61.0, 61.5, 62.0, 62.5, 63.0, 63.5, 64.0, 64.5, 65.0, 65.5, 66.0, 66.5, 67.0, 67.5, 68.0, 68.5, 69.0, 69.5, 70.0, 70.5, 71.0, 71.5, 72.0, 72.5, 73.0, 73.5, 74.0, 74.5, 75.0, 75.5, 76.0, 76.5, 77.0, 77.5, 78.0, 78.5, 79.0, 79.5, 80.0, 80.5, 81.0, 81.5, 82.0, 82.5, 83.0, 83.5, 84.0, 84.5, 85.0, 85.5, 86.0, 86.5, 87.0, 87.5, 88.0, 88.5, 89.0, 89.5, 90.0, 90.5, 91.0, 91.5, 92.0, 92.5, 93.0, 93.5, 94.0, 94.5, 95.0, 95.5, 96.0, 96.5, 97.0, 97.5, 98.0, 98.5, 99.0, 99.5, 100.0, 100.5, 101.0, 101.5, 102.0, 102.5, 103.0, 103.5, 104.0, 104.5
2OAR.pdb, 64, 64, 0.10806037792012646, 2.225065153254857, 0.7139075093959248, -, -, -, 1.652530868134563, 101.2763694170777, , R, 3.1899092912527345, 3.102958534162822, 2.7785521980303085, 2.4815840719347784, 2.219640550972948, 2.005951689077987, 1.850526456633565, 1.759137741058678, 1.734120159834271, 1.7812054664407841, 1.901493394510252, 2.0876691319598595, 2.3301864997315054, 2.6191539714938687, 2.825050506523764, 2.700413713081089, 2.536828676991133, 2.4231641228522287, 2.3668280448888983, 2.3698533332575016, 2.4365749908189662, 2.5638722264162177, 2.746326178975694, 2.865182541911182, 2.6659211337694253, 2.4021910437617664, 2.1684734096039096, 1.9765664750123615, 1.848074095469339, 1.7908713522217852, 1.8002240657252266, 1.8825348438436227, 2.036137778299302, 2.1422744789228627, 2.129387953912286, 2.188220396072182, 2.2818289808955465, 2.2485338435290654, 1.8940702308497674, 1.5799844761748827, 1.3197063164834346, 1.1291432908067738, 1.0240102960831785, 1.0149588947215409, 1.1029839513955397, 1.278941410717481, 1.5276386321182973, 1.747088733452181, 1.9017840909133485, 1.9523347540900824, 2.1022585604560575, 2.300126860630893, 2.5501328459682866, 2.8433236799882677, 3.1716101382001685, 3.528149942442188, 3.8661066453558157, 4.256018011134325, 4.661797742950659, 4.976322890147367, 5.228935919151494, 5.253317106205589, 4.917809599621446, 4.523455169212001, 4.145801648802447, 3.788414665874335, 3.45566319259725, 3.152813087152563, 2.886034508348921, 2.662236008412092, 2.4670167288345968, 2.314337704670394, 2.1762605100344743, 2.0094508225765306, 1.8863525043277973, 1.7657054891866313, 1.7176724986753897, 1.7427524053522885, 1.7251150736012928, 1.6820162714242448, 1.6094624040666394, 1.615946695093438, 1.6647202152198481, 1.5348752112047381, 1.44429430780335, 1.411625433782452, 1.4635908943293425, 1.587014909393993, 1.7619001719104972, 1.9974863218667593, 2.2213096877159484, 2.3545215455873256, 2.5309649438272275, 2.7588686290904083, 3.030507280942525, 3.334819884723832, 3.6580764203041336, 3.694060086942627, 3.482980182712194, 3.309646634157288, 3.241970479531204, 3.2344332247413825, 3.281345363428841, 3.379101888031568, 3.52474789456414, 3.7142872800510474, 3.6874285651407352, 3.582874766169468, 3.5248662444423, 3.502034457177991, 3.528859747888897, 3.6063928461293417, 3.4421137776455732, 3.2027153445852625, 3.0060918361940163, 2.858010323576585, 2.7622501488698767, 2.7235992791808754, 2.614704260771419, 2.563163115425539, 2.3791087525321495, 2.164933844477815, 2.0039320512002456, 1.9031979155640921, 1.8671132178648424, 1.8209473444085589, 1.808953386230189, 1.8716711528854635, 2.005724769431381, 2.062956075251579, 2.145506833533946, 2.2897534539945426, 2.368084964209702, 2.4977554406229596, 2.683274065820265, 2.9052550138470177, 2.9619330805518236, 3.0934374407764973, 3.247536225215535, 3.4414791087380503, 3.6764553528483117, 3.9471767414130317, 4.194483589805724, 4.396371345214629, 4.397375140812057, 4.383066231491977, 4.3578536111345265, 4.312977631387289, 4.065945919858121, 3.8541934828302105, 3.682030311542762, 3.47158289799845, 3.2743238443709264, 3.1262778367484807, 3.1586392275140533, 3.2435524880289157, 3.378285372574742, 3.2928397280355255, 3.2253469970345328, 3.2100327691013235, 3.247399906791959, 3.33541365721806, 3.2527557723582645, 3.130751138756159, 2.947314167407096, 2.6572210452740097, 2.4095578663386235, 2.212491918632827, 2.0746580950648097, 2.009612810498797, 2.020309716120562, 2.100693190547646, 2.246303954024228, 2.34435137436875, 2.4783742356749414, 2.711984921004117, 2.9867783095647433, 3.297925392896849, 3.638852532441423, 3.855776348750394, 3.8069894845771377, 3.804909631703309, 3.849591064766289, 4.020812153372594, 4.217565874555561, 4.022430639142581, 4.20779056607404, 3.9311909482863308, 3.641373960792895, 3.421007639880582, 3.2797848361620052, 2.9836352425734467, 2.6787641503440294, 2.3475357709783973, 2.0513389251910694, 2.0959739756464275, 2.2942132931272794, 2.4070838733779567, 2.1376552889863647, 1.765474447236533, 1.5385157082801508, 1.1874643659302304, 0.9571301685844924, 0.7353831829741964, 0.7216668977835794, 0.8040527309006351, 1.014767747411185, 1.348766869738108, 1.5994726478706078, 1.7134290104356724
2OAR.pdb, 64, 64, 0.10806037792012646, 2.225065153254857, 0.7139075093959248, -, -, -, 1.652530868134563, 101.2763694170777, , Upper limit of R overestimation, -, -, -, -, -, -, -, -, -, -, -, -, -, -, -, -, -, -, -, -, -, -, -, -, -, -, -, -, -, -, -, -, -, -, -, -, -, -, -, -, -, -, -, -, -, -, -, -, -, -, -, -, -, -, -, -, -, -, -, -, -, -, -, -, -, -, -, -, -, -, -, -, -, -, -, -, -, -, -, -, -, -, -, -, -, -, -, -, -, -, -, -, -, -, -, -, -, -, -, -, -, -, -, -, -, -, -, -, -, -, -, -, -, -, -, -, -, -, -, -, -, -, -, -, -, -, -, -, -, -, -, -, -, -, -, -, -, -, -, -, -, -, -, -, -, -, -, -, -, -, -, -, -, -, -, -, -, -, -, -, -, -, -, -, -, -, -, -, -, -, -, -, -, -, -, -, -, -, -, -, -, -, -, -, -, -, -, -, -, -, -, -, -, -, -, -, -, -, -, -, -, -, -, -, -, -, -, -, -, -
2OAR.pdb, 65, 65, 0.059846101738816805, 2.8159789829538124, 0.6374953212850909, -, -, -, 1.5922720839512905, 103.47378287871987, , X, 63.068282105920325, 62.79374789385973, 62.403422282203735, 62.01455499107009, 61.6318213213522, 61.25086628976528, 60.86615262523272, 60.47446739312172, 60.0885964226243, 59.70563499791301, 59.32267357320171, 58.93971214849042, 58.55675072377913, 58.17378929906784, 57.826140850037795, 57.443996606509145, 57.05421356598525, 56.6613398266591, 56.26432612755236, 55.86830890765192, 55.47229168775148, 55.076274467851036, 54.6802572479506, 54.428679366667886, 54.021937714905505, 53.62890682471425, 53.246536538581545, 52.87095819103486, 52.496298609227274, 52.12163902741969, 51.74444596902282, 51.366860471219574, 50.98811607188813, 50.61300530579921, 50.25588619420719, 49.940931426090955, 49.54746105815216, 49.24785371146132, 49.45779628068663, 49.56368985459679, 49.66958342850694, 49.77547700241709, 49.88137057632725, 49.9872641502374, 50.135593702527416, 49.97144980091777, 49.80730589930812, 49.9174403914419, 50.04497117062683, 49.93984996003906, 49.81590463577635, 49.737556319663, 50.067652220278866, 50.216939469677136, 50.30468911905832, 50.38384813898323, 50.567180996761294, 50.75030276646965, 50.942597172504755, 51.1371810521987, 51.32705032353638, 51.51691959487407, 51.69792426513809, 51.870365803961725, 51.6317049371434, 51.287665783977666, 50.935944612295785, 50.57855478082857, 50.22116494936135, 49.85059419849173, 49.47147954717539, 49.092364895859056, 48.707112409038075, 48.269744138766754, 48.01334092188323, 47.75693770499969, 47.500534488116166, 47.24413127123263, 47.0912428699034, 47.00289874933795, 47.01752437657526, 47.15041744449085, 47.10942474597329, 47.00879389693422, 46.93171972769474, 46.9272912845836, 47.016020073367535, 47.11810237051559, 47.22018466766363, 47.33004046405324, 47.44757980578476, 47.56511914751629, 47.687429576406814, 47.82508676804967, 48.08170682829023, 48.33832688853078, 48.367977362278694, 48.07595211413599, 47.78392686599329, 47.49312198492372, 47.37405561694189, 47.33526440983086, 47.29647320271984, 47.257681995608806, 47.21889078849778, 47.18987909912839, 47.176559104953036, 47.16323911077769, 47.14996912247064, 47.13675772513702, 47.123546327803396, 47.110334930469776, 47.10467365257162, 46.91105289749769, 46.5314651245022, 46.152789722447, 45.77198459530809, 45.38414923284103, 44.99631387037397, 44.6084785079069, 44.231185217156465, 43.901460703312154, 43.66416701027256, 43.48031477557567, 43.296084942055394, 43.11185510853511, 42.97828846689663, 42.95036128455294, 42.91666283220427, 42.822646412454894, 42.66126263732132, 42.4705551298568, 42.26605144815737, 42.05222263591691, 41.837938699523704, 41.62365476313049, 41.41047526218177, 41.23979168170978, 41.0691081012378, 40.89842452076582, 40.78880990450674, 40.54723050741084, 40.15012734990842, 39.66719466631066, 39.18426198271289, 38.70132929911512, 38.272670074466, 37.79712563887806, 37.32158120329012, 37.033456034126985, 36.82274045111664, 36.5004776215723, 36.06972975376154, 35.63898188595078, 35.20823401814002, 34.77748615032925, 34.512294847754475, 34.400811060462004, 34.23136295416942, 34.061914847876835, 33.8946200359002, 33.72743497163539, 33.561322321605836, 33.39853610257969, 33.28567403549219, 33.17281196840469, 33.054845950981424, 32.94774146942776, 32.846392233847595, 32.74504299826743, 32.60783521907981, 32.48703322100568, 32.36623122293155, 32.245429224857425, 32.12462722678329, 31.993615849558296, 31.85287116929267, 31.717405883389535, 31.706224305444145, 31.695042727498755, 31.259350471459523, 31.247411704548213, 31.33196668811857, 31.42674200871825, 31.770009596237475, 32.1132771837567, 32.19556902377975, 32.048688069931735, 31.739140954611923, 31.375032442876737, 31.051434614023258, 30.728891288329145, 30.40634796263503, 30.08380463694092, 29.76006379518983, 29.58231059130918, 29.430105367614065, 29.277900143918945, 29.13008955627509, 28.866255273012488, 28.439254317895696, 28.1526040892401, 27.8659538605845, 27.55094404019114, 27.1829924846715, 27.045186226520446, 26.942165507835586, 27.0704290777432, 27.375404182539043, 27.702550084544377, 28.105276297295525, 28.533448047714554, 28.969435457065646, 29.359601796903394
2OAR.pdb, 65, 65, 0.059846101738816805, 2.8159789829538124, 0.6374953212850909, -, -, -, 1.5922720839512905, 103.47378287871987, , Y, 158.9692796110366, 158.80511158423258, 158.50055374051826, 158.18783964722232, 157.86760216059088, 157.54691322785456, 157.2301142553982, 156.9205304383884, 156.60345829277466, 156.28263887254843, 155.96181945232223, 155.641000032096, 155.3201806118698, 154.9993611916436, 154.69769250130008, 154.48221700426683, 154.17173504359323, 153.86441648535185, 153.56255339665796, 153.26005245365207, 152.9575515106462, 152.6550505676403, 152.35254962463443, 152.01469327282234, 151.79540418427982, 151.50050744395983, 151.1806385042043, 150.85163728605102, 150.5215533512378, 150.1914694164246, 149.8636728266321, 149.5362305500888, 149.21066933418555, 149.12580761916817, 148.85056699721102, 148.53833774370523, 148.23021221158146, 147.9479481621797, 147.65102075519567, 147.41476987647243, 147.1785189977492, 146.94226811902593, 146.70601724030269, 146.46976636157945, 146.36990372144183, 146.34817895510778, 146.3264541887737, 146.20922197791788, 146.10045161930168, 146.1390778678239, 146.04177200236003, 145.72704226816057, 145.65452361711613, 145.34113005834138, 144.949071889808, 144.58365381420066, 144.37396523070188, 144.15474459517222, 144.0401492200482, 143.98232272840406, 143.92108202308708, 143.8598413177701, 143.86142464447448, 143.92369546736097, 143.82897496594467, 143.6940127230562, 143.56609344252757, 143.4433712540673, 143.320649065607, 143.18825536307298, 143.04959256421174, 142.91092976535052, 142.7697649814625, 142.60597276683262, 142.5069170069675, 142.40786124710237, 142.30880548723724, 142.20974972737213, 141.9572331282026, 141.60902955470706, 141.44648499000937, 141.49718185085587, 141.41731557210917, 141.2926696410002, 141.10890165170275, 140.74280895094998, 140.27226092355707, 139.78673987636105, 139.30121882916504, 138.81548561314537, 138.32954268349147, 137.84359975383757, 137.359537002929, 136.88329678177192, 136.4796729237218, 136.07604906567173, 135.70951923766455, 135.39556142635917, 135.08160361505375, 134.76195122568484, 134.35911837577913, 133.91970543528075, 133.48029249478236, 133.04087955428395, 132.60146661378556, 132.1529401616226, 131.6960545868318, 131.23916901204097, 130.78265600886706, 130.32657954113293, 129.87050307339877, 129.41442660566463, 129.02858406751375, 128.7519560838857, 128.57548648619394, 128.38677828977308, 128.19891476083737, 128.01877811107536, 127.83864146131337, 127.65850481155137, 127.48307734959428, 127.18979889676459, 126.80693209617607, 126.34610116535201, 125.88410855180321, 125.42211593825442, 124.9612332661598, 124.50376176441499, 124.04936462283044, 123.64732116329789, 123.30374998418947, 122.94433678921789, 122.57747027252675, 122.53410621203203, 122.50653107595421, 122.4789559398764, 122.44349958301535, 122.10479351306674, 121.76608744311811, 121.4273813731695, 121.13368256288643, 121.1055521672798, 121.12086534899703, 121.09346469571574, 121.06606404243446, 121.03866338915317, 121.04583976638034, 121.16834432093724, 121.29084887549415, 121.44577799096217, 121.61673546782025, 121.69733568131676, 121.70088529896022, 121.70443491660366, 121.70798453424712, 121.71153415189056, 121.5956124266628, 121.28581172216944, 120.88567783549858, 120.48554394882774, 120.09629746578574, 119.71482573309089, 119.31861571951333, 118.91689379651669, 118.43244735495055, 117.94800091338442, 117.46457341390061, 116.99114182825629, 116.52038100590727, 116.04962018355825, 115.71801321115485, 115.36209591607354, 115.00617862099224, 114.65026132591095, 114.29434403082965, 113.94154873248523, 113.59172984826778, 113.21176194847745, 112.72028453849548, 112.22880712851351, 112.24799055421275, 112.04905728595676, 111.79817622455185, 111.55618977846429, 111.30920880163386, 111.06222782480343, 110.85604179906946, 110.63317584624741, 110.47244933113879, 110.38608315111263, 110.30907469855231, 110.22642863348536, 110.1437825684184, 110.06113650335146, 109.97935872607863, 109.57822482018919, 109.12499065589087, 108.67175649159255, 108.22191491199825, 107.86964566857432, 107.64978552417776, 107.28497480015147, 106.92016407612519, 106.61111021055737, 106.39701237912112, 106.10235865527196, 105.80931333004548, 105.4934713996499, 105.11701662041219, 104.7758340831405, 104.50835896769196, 104.26050302561987, 104.02317315243478, 103.71339664376268
2OAR.pdb, 65, 65, 0.059846101738816805, 2.8159789829538124, 0.6374953212850909, -, -, -, 1.5922720839512905, 103.47378287871987, , Z, -0.5904458934469397, -0.3406510453511297, -0.3082696882501119, -0.2776110252759299, -0.24759703951137008, -0.20252074497597175, -0.1637017549450837, -0.13648890518999054, -0.11382835350169089, -0.09344584166397113, -0.07306332982625136, -0.05268081798853161, -0.03229830615081185, -0.011915794313092087, -0.08282927819459815, -0.14320226898905009, -0.10273542594718792, -0.06879356732210704, -0.0335109183509031, 0.007275611568648248, 0.04806214148819961, 0.08884867140775095, 0.12963520132730233, 0.06792440495630259, 0.019813296007875195, 0.05535362181216626, 0.0934766991233858, 0.11949995802966873, 0.1454767503258086, 0.17145354262194845, 0.18750771290887966, 0.20202485383960675, 0.22386115676223306, 0.4108033686540404, 0.4393533977788709, 0.3787762712770532, 0.3942593590683008, 0.23786127734565857, -0.04080354545166059, -0.46855589589175795, -0.8963082463318554, -1.3240605967719528, -1.7518129472120503, -2.1795652976521476, -2.603064726762511, -3.074853677557347, -3.546642628352183, -3.9984958599079725, -4.4599336243964744, -4.94715686689288, -5.379726400065034, -5.722081633365136, -6.090468084612645, -6.407398900490962, -6.705040281215722, -7.028537628275064, -7.441245994455462, -7.85140960989925, -8.282258669533368, -8.739136408469765, -9.197611310524366, -9.656086212578964, -10.11796828245589, -10.583141648315518, -10.946119684090322, -11.282901889801254, -11.61430401151498, -11.941736100387391, -12.269168189259801, -12.218936962765866, -11.923903558946462, -11.628870155127057, -11.359134973496095, -11.466054138902495, -11.88372068868751, -12.301387238472527, -12.719053788257543, -13.13672033804256, -13.511339573008598, -13.859117645587151, -14.268129360958216, -14.747471890680222, -15.222569774615192, -15.696211858978117, -16.13725785052662, -16.47778174593948, -16.574732811845724, -16.63676923129971, -16.698805650753698, -16.732978221415948, -16.73960938003982, -16.74624053866369, -16.733987664286776, -16.705476637461278, -16.85119529067661, -16.996913943891947, -16.97594888041007, -16.718749060877627, -16.461549241345185, -16.210173239122376, -16.291578340295647, -16.52697483554021, -16.762371330784767, -16.997767826029328, -17.233164321273886, -17.180632634689253, -16.977955183296054, -16.775277731902857, -16.57176164967109, -16.367262958820426, -16.16276426796976, -15.958265577119096, -15.6438033271493, -15.344250581228165, -15.070806613141764, -14.804409373304798, -14.540491993477632, -14.281388695481319, -14.022285397485007, -13.763182099488693, -13.490870732556449, -13.294623327000993, -13.346222075497371, -13.407296130014625, -13.458503487566455, -13.509710845118287, -13.607805260477171, -13.807586362518956, -14.013468979631481, -14.275832087564767, -14.60127658668817, -14.889879404617512, -15.161149017921876, -14.74384334315169, -14.29293092762721, -13.842018512102731, -13.41078089396032, -13.736580392942782, -14.062379891925245, -14.388179390907707, -14.762149683175625, -14.629588277030214, -14.475166963839257, -14.601757750679447, -14.728348537519638, -14.85493932435983, -14.993759948789082, -14.899684851690223, -14.805609754591364, -14.47876018011137, -14.058843746765136, -13.724876714556693, -13.471019127332937, -13.217161540109181, -12.963303952885425, -12.70944636566167, -12.771423913898943, -12.936908544922494, -12.689562204720058, -12.442215864517623, -12.178233658662469, -11.90275974068146, -11.64697816855197, -11.410343773154072, -11.46107639645163, -11.511809019749185, -11.560116802300817, -11.673234745511403, -11.807817733249793, -11.942400720988182, -11.918062658457583, -11.588320704312666, -11.258578750167752, -10.928836796022837, -10.599094841877923, -10.270062391737492, -9.941706360543023, -9.904428753119875, -9.99566979537645, -10.086910837633026, -9.870944795085471, -9.493018988768243, -9.069329281398382, -8.654159624624613, -8.387386761606992, -8.12061389858937, -7.729371830183828, -7.388840424508579, -7.0305841325356075, -6.701294704801322, -6.32807135404578, -5.955062733529938, -5.582054113014096, -5.209045492498255, -4.836939358490427, -4.6616151119691445, -4.515285476581377, -4.368955841193609, -4.208806704007396, -4.0957409131542155, -4.129915250162836, -4.316314772820795, -4.5027142954787545, -4.717856886633902, -4.979680528588849, -5.311694515322706, -5.686936666004036, -5.880313176491545, -5.9670865804298385, -6.13008975543562, -6.233310290977137, -6.304798298130616, -6.364710819203185, -6.383630209226915
2OAR.pdb, 65, 65, 0.059846101738816805, 2.8159789829538124, 0.6374953212850909, -, -, -, 1.5922720839512905, 103.47378287871987, , distance, 0.0, 0.405854211203562, 0.8610260958094789, 1.3486492888665422, 1.842459803379057, 2.3402162929167662, 2.8383412310206744, 3.336364021497731, 3.8344232370156286, 4.332717747807544, 4.831364673026394, 5.330265108357043, 5.829353964803426, 6.328586664380153, 6.7811633228210235, 7.208768624083908, 7.708652007955151, 8.208572229755443, 8.708425912833132, 9.208265840426117, 9.708122253897157, 10.20799273144668, 10.707875303435452, 11.110466150328445, 11.561714914223758, 12.05410388195878, 12.553778968629526, 13.053181798072117, 13.55258263772857, 14.052026090617755, 14.551513721298589, 15.051036268131043, 15.550690721548941, 15.906928085183234, 16.35867722463786, 16.794977693211006, 17.294791552665266, 17.696329582179388, 17.710178277968254, 17.773451106978342, 17.850510185058607, 17.94117787330623, 18.045249045007502, 18.162493295554864, 18.167260022215014, 18.357327698502136, 18.55892302224502, 18.63809306698709, 18.713265265531945, 18.86665677555754, 19.122844175348032, 19.47816175106501, 19.40487950759783, 19.61429096528619, 19.921440585650533, 20.2309198954037, 20.401818370581598, 20.589430706919565, 20.71412931112388, 20.817329465270685, 20.93771885689953, 21.06928892477164, 21.173237872162595, 21.25127996567412, 21.616292506852332, 22.055505314044048, 22.49393707220348, 22.932485873239624, 23.373502340137655, 23.642542259288227, 23.806653232783603, 23.980068219456363, 24.17916735123864, 24.597426522940957, 25.003973527491276, 25.41385434709759, 25.826910256310125, 26.2429913310107, 26.676300376211564, 27.120701954010833, 27.41813596972381, 27.55129762111463, 27.872129791833117, 28.258695422343084, 28.65458267477332, 29.071347713984117, 29.372624200969664, 29.66247725539862, 29.95787144312313, 30.239858009699056, 30.509024273228327, 30.783958675942085, 31.05101513687039, 31.302393798615196, 31.540320519324034, 31.78433229438368, 32.02499212050486, 32.258523070557686, 32.49806918986122, 32.74990446862679, 33.14354147079347, 33.600326887313685, 34.0583263335482, 34.51749148403737, 34.977776431024324, 35.3054392356417, 35.56579991909749, 35.83124625447685, 36.10098186517344, 36.374794749994294, 36.653383125965945, 36.93663893823416, 37.11988166075638, 37.307069700034184, 37.50906321097786, 37.728769227834114, 37.95498711346071, 38.185128170275966, 38.42039796745782, 38.66070287223542, 38.89264857366551, 39.22624837288789, 39.66920854161784, 40.15260746228362, 40.63440944508804, 41.11664597072438, 41.588540555082126, 42.03921337025446, 42.493126160693244, 42.95132487477484, 43.414050995846495, 43.892330316766625, 44.3779447114308, 44.3792212147933, 44.36234448265911, 44.35109852489194, 44.357121113317, 44.81399537807469, 45.2717811669778, 45.7304511055309, 46.1383189319611, 46.23804861695996, 46.37380466140413, 46.67445884867358, 46.97851060707415, 47.2858943967589, 47.54434899588468, 47.66860998132963, 47.79777854316825, 47.73584204919219, 47.59662542092903, 47.618896589623326, 47.788745647340086, 47.963205779838084, 48.14222685763527, 48.32575819317216, 48.58612592738388, 48.93161338314683, 49.27795902709543, 49.62692518658028, 49.96486890538593, 50.29677827049738, 50.646645779381466, 51.00546664295107, 51.46269639620183, 51.92071468373771, 52.381109822012434, 52.84164294081072, 53.301979805825646, 53.763025154441955, 54.10014576056631, 54.385223209276425, 54.67338690561539, 54.964588308650264, 55.25877939429816, 55.55921531635874, 55.865642167065154, 56.24391646453988, 56.665743190624156, 57.088832212801435, 57.27839595100759, 57.387549728607326, 57.48215527016286, 57.56918990512896, 57.54873151120915, 57.532611367516346, 57.61052273094988, 57.83435233075559, 58.09417365807341, 58.32779376646105, 58.53045712593118, 58.74079360813549, 58.95462031136045, 59.17189939827668, 59.39261285798411, 59.811044134304176, 60.260969470088426, 60.71167830421243, 61.15708031282558, 61.5892711574652, 62.01119158830971, 62.48403023217418, 62.95728858447178, 63.40263975380879, 63.80331240450742, 64.14721316338743, 64.47520867472463, 64.67990555320469, 64.8302092295073, 64.94884289739493, 64.96341717538823, 64.94889392673107, 64.92417187130637, 64.98498838335802
2OAR.pdb, 65, 65, 0.059846101738816805, 2.8159789829538124, 0.6374953212850909, -, -, -, 1.5922720839512905, 103.47378287871987, , length, 0.0, 0.5, 1.0, 1.5, 2.0, 2.5, 3.0, 3.5, 4.0, 4.5, 5.0, 5.5, 6.0, 6.5, 7.0, 7.5, 8.0, 8.5, 9.0, 9.5, 10.0, 10.5, 11.0, 11.5, 12.0, 12.5, 13.0, 13.5, 14.0, 14.5, 15.0, 15.5, 16.0, 16.5, 17.0, 17.5, 18.0, 18.5, 19.0, 19.5, 20.0, 20.5, 21.0, 21.5, 22.0, 22.5, 23.0, 23.5, 24.0, 24.5, 25.0, 25.5, 26.0, 26.5, 27.0, 27.5, 28.0, 28.5, 29.0, 29.5, 30.0, 30.5, 31.0, 31.5, 32.0, 32.5, 33.0, 33.5, 34.0, 34.5, 35.0, 35.5, 36.0, 36.5, 37.0, 37.5, 38.0, 38.5, 39.0, 39.5, 40.0, 40.5, 41.0, 41.5, 42.0, 42.5, 43.0, 43.5, 44.0, 44.5, 45.0, 45.5, 46.0, 46.5, 47.0, 47.5, 48.0, 48.5, 49.0, 49.5, 50.0, 50.5, 51.0, 51.5, 52.0, 52.5, 53.0, 53.5, 54.0, 54.5, 55.0, 55.5, 56.0, 56.5, 57.0, 57.5, 58.0, 58.5, 59.0, 59.5, 60.0, 60.5, 61.0, 61.5, 62.0, 62.5, 63.0, 63.5, 64.0, 64.5, 65.0, 65.5, 66.0, 66.5, 67.0, 67.5, 68.0, 68.5, 69.0, 69.5, 70.0, 70.5, 71.0, 71.5, 72.0, 72.5, 73.0, 73.5, 74.0, 74.5, 75.0, 75.5, 76.0, 76.5, 77.0, 77.5, 78.0, 78.5, 79.0, 79.5, 80.0, 80.5, 81.0, 81.5, 82.0, 82.5, 83.0, 83.5, 84.0, 84.5, 85.0, 85.5, 86.0, 86.5, 87.0, 87.5, 88.0, 88.5, 89.0, 89.5, 90.0, 90.5, 91.0, 91.5, 92.0, 92.5, 93.0, 93.5, 94.0, 94.5, 95.0, 95.5, 96.0, 96.5, 97.0, 97.5, 98.0, 98.5, 99.0, 99.5, 100.0, 100.5, 101.0, 101.5, 102.0, 102.5, 103.0, 103.5, 104.0, 104.5, 105.0, 105.5, 106.0, 106.5
2OAR.pdb, 65, 65, 0.059846101738816805, 2.8159789829538124, 0.6374953212850909, -, -, -, 1.5922720839512905, 103.47378287871987, , R, 3.1899092912527345, 3.102958534162822, 2.7785521980303085, 2.4815840719347784, 2.219640550972948, 2.005951689077987, 1.850526456633565, 1.759137741058678, 1.734120159834271, 1.7812054664407841, 1.901493394510252, 2.0876691319598595, 2.3301864997315054, 2.6191539714938687, 2.825050506523764, 2.700413713081089, 2.536828676991133, 2.4231641228522287, 2.3668280448888983, 2.3698533332575016, 2.4365749908189662, 2.5638722264162177, 2.746326178975694, 2.865182541911182, 2.6659211337694253, 2.4021910437617664, 2.1684734096039096, 1.9765664750123615, 1.848074095469339, 1.7908713522217852, 1.8002240657252266, 1.8825348438436227, 2.036137778299302, 2.1422744789228627, 2.129387953912286, 2.188220396072182, 2.2818289808955465, 2.24865147425619, 2.048582951500206, 1.7524547873484542, 1.5103690185754126, 1.336100915976834, 1.2425148860676924, 1.2378369330414514, 1.171289036072395, 1.0818964552059915, 1.0870469216229393, 1.0974556866375558, 1.1802092478904882, 1.3285527017093495, 1.4198367011711759, 1.3457777564660676, 1.4000564422900625, 1.371490350205153, 1.3728006165926208, 1.4404258829691972, 1.3900012769794037, 1.415477345116929, 1.4376746055918748, 1.486099178869496, 1.6099945692981397, 1.8052217571873057, 2.016695298358317, 2.243073255658295, 2.2530216432806953, 2.2586409974716495, 2.318228418857958, 2.4322794842424145, 2.6042003888994354, 2.5567196949517697, 2.3856008047609807, 2.2731242823154933, 2.2395457014636513, 2.4712128948011456, 2.8160930552656516, 3.188887936256213, 3.5834839285056606, 3.995203606469271, 4.2797733062233565, 4.507204082890102, 4.776339730550777, 5.083509377084413, 5.3461438346145815, 5.611923198989604, 5.835865856833864, 5.885636557813026, 5.693435800001444, 5.4902858176452, 5.3177305042983605, 5.151005102912659, 4.990879838358586, 4.865984924504753, 4.759531119956083, 4.669918433804343, 4.721170476981019, 4.811613351139515, 4.750865943606657, 4.451009255077754, 4.17931077988932, 3.9388246164208174, 3.7816595867161484, 3.690924614748915, 3.6471923041215537, 3.6516551774987733, 3.704189721107642, 3.563619180071695, 3.3300179152448774, 3.1385581018593895, 2.9939091453969193, 2.9005466378266163, 2.8625893466650933, 2.88147091161632, 2.8547287231784915, 2.7206331064146227, 2.482869229144852, 2.2894202773661645, 2.151261669164426, 2.071170402622423, 2.059783160732868, 2.1177451938064475, 2.234265689006314, 2.3162541540139294, 2.35567258330354, 2.374626176808165, 2.455594708721471, 2.596138180254505, 2.748018702002159, 2.8614851533137444, 3.0212717751463614, 3.1567429281094737, 3.2616964063358407, 3.3947405843234235, 3.5642296422055533, 3.348763488538539, 3.1542424530700175, 3.00683411589579, 2.9169155876020114, 3.096919685873137, 3.3220734030062222, 3.58640796396033, 3.873621726383407, 3.789809559385564, 3.6233448305006566, 3.5591111378540945, 3.5436690112910294, 3.577461894035577, 3.6247086131420247, 3.546059002952544, 3.516058074392626, 3.3936091991710033, 3.25736453957462, 3.147811370573135, 3.0756002971414413, 3.057184854353301, 3.0932093265703755, 3.1824227150045377, 3.2349251885410557, 3.1118002429740677, 2.8269036336431204, 2.583360684797882, 2.387306615566136, 2.235015408920385, 2.1412409613198964, 2.1116752420852754, 2.109160010893033, 2.174934330316991, 2.3016341863978944, 2.471564271111178, 2.691251775158116, 2.9562370018949475, 3.060014736552288, 2.930634413504912, 2.8549009564002996, 2.8356136277165693, 2.8735158779260535, 2.956726089097422, 3.0832613462531637, 3.1862294029705835, 3.446046123399698, 3.7406684942202415, 3.4792348047221737, 3.2652803205402816, 3.091297894676925, 2.96767230461993, 3.0423864536142884, 3.1695135771840532, 3.1255105140528863, 2.9057044045686333, 2.608160282937398, 2.306858208301362, 2.0122920700815654, 1.763508126415429, 1.5760884942312647, 1.4616274602951655, 1.4281869068346849, 1.1989834617135573, 0.9995067334160632, 0.8889328123436546, 0.8708252653689277, 0.8693023147178409, 0.781953497786398, 0.6584135822303381, 0.6460982351962254, 0.704269835544526, 0.7792480978113074, 0.8168259253381405, 0.8081536997439773, 0.7549590674971958, 0.6982813535376078, 0.6932301417133004, 0.70899034144283, 0.7900516777106974, 0.9598199008879873, 1.1777169001586976
2OAR.pdb, 65, 65, 0.059846101738816805, 2.8159789829538124, 0.6374953212850909, -, -, -, 1.5922720839512905, 103.47378287871987, , Upper limit of R overestimation, -, -, -, -, -, -, -, -, -, -, -, -, -, -, -, -, -, -, -, -, -, -, -, -, -, -, -, -, -, -, -, -, -, -, -, -, -, -, -, -, -, -, -, -, -, -, -, -, -, -, -, -, -, -, -, -, -, -, -, -, -, -, -, -, -, -, -, -, -, -, -, -, -, -, -, -, -, -, -, -, -, -, -, -, -, -, -, -, -, -, -, -, -, -, -, -, -, -, -, -, -, -, -, -, -, -, -, -, -, -, -, -, -, -, -, -, -, -, -, -, -, -, -, -, -, -, -, -, -, -, -, -, -, -, -, -, -, -, -, -, -, -, -, -, -, -, -, -, -, -, -, -, -, -, -, -, -, -, -, -, -, -, -, -, -, -, -, -, -, -, -, -, -, -, -, -, -, -, -, -, -, -, -, -, -, -, -, -, -, -, -, -, -, -, -, -, -, -, -, -, -, -, -, -, -, -, -, -, -, -, -, -, -, -
