{
    "affinity_pred_value": 1.9215466976165771,
    "affinity_probability_binary": 0.14218150079250336,
    "affinity_pred_value1": 1.8737773895263672,
    "affinity_probability_binary1": 0.10580287128686905,
    "affinity_pred_value2": 1.9693161249160767,
    "affinity_probability_binary2": 0.17856012284755707
}