{
    "confidence_score": 0.9561053514480591,
    "ptm": 0.9665351510047913,
    "iptm": 0.8942375779151917,
    "ligand_iptm": 0.8942375779151917,
    "protein_iptm": 0.0,
    "complex_plddt": 0.9715722799301147,
    "complex_iplddt": 0.9062299728393555,
    "complex_pde": 0.38097286224365234,
    "complex_ipde": 1.1384382247924805,
    "chains_ptm": {
        "0": 0.9700846672058105,
        "1": 0.9203816056251526
    },
    "pair_chains_iptm": {
        "0": {
            "0": 0.9700846672058105,
            "1": 0.40724921226501465
        },
        "1": {
            "0": 0.8942375779151917,
            "1": 0.9203816056251526
        }
    }
}