{
    "affinity_pred_value": 1.300422191619873,
    "affinity_probability_binary": 0.16513442993164062,
    "affinity_pred_value1": 1.0908597707748413,
    "affinity_probability_binary1": 0.07786037027835846,
    "affinity_pred_value2": 1.5099844932556152,
    "affinity_probability_binary2": 0.2524084746837616
}