{
    "confidence_score": 0.9243733286857605,
    "ptm": 0.9511632323265076,
    "iptm": 0.9249210953712463,
    "ligand_iptm": 0.9249210953712463,
    "protein_iptm": 0.0,
    "complex_plddt": 0.9242364168167114,
    "complex_iplddt": 0.8728254437446594,
    "complex_pde": 0.3846484124660492,
    "complex_ipde": 1.1036213636398315,
    "chains_ptm": {
        "0": 0.9524868726730347,
        "1": 0.9339385032653809
    },
    "pair_chains_iptm": {
        "0": {
            "0": 0.9524868726730347,
            "1": 0.4041878879070282
        },
        "1": {
            "0": 0.9249210953712463,
            "1": 0.9339385032653809
        }
    }
}