{
    "affinity_pred_value": 1.404104471206665,
    "affinity_probability_binary": 0.1846666932106018,
    "affinity_pred_value1": 1.1288411617279053,
    "affinity_probability_binary1": 0.1799928992986679,
    "affinity_pred_value2": 1.6793676614761353,
    "affinity_probability_binary2": 0.1893404722213745
}