{
    "affinity_pred_value": 1.3890554904937744,
    "affinity_probability_binary": 0.23967108130455017,
    "affinity_pred_value1": 1.3898766040802002,
    "affinity_probability_binary1": 0.16538937389850616,
    "affinity_pred_value2": 1.3882343769073486,
    "affinity_probability_binary2": 0.31395280361175537
}