{
    "confidence_score": 0.9329925775527954,
    "ptm": 0.9589443802833557,
    "iptm": 0.964523434638977,
    "ligand_iptm": 0.964523434638977,
    "protein_iptm": 0.0,
    "complex_plddt": 0.92510986328125,
    "complex_iplddt": 0.9124707579612732,
    "complex_pde": 0.3392373323440552,
    "complex_ipde": 0.6225144863128662,
    "chains_ptm": {
        "0": 0.9587214589118958,
        "1": 0.9276679754257202
    },
    "pair_chains_iptm": {
        "0": {
            "0": 0.9587214589118958,
            "1": 0.5457749962806702
        },
        "1": {
            "0": 0.964523434638977,
            "1": 0.9276679754257202
        }
    }
}