{
    "affinity_pred_value": 1.1049487590789795,
    "affinity_probability_binary": 0.2454904317855835,
    "affinity_pred_value1": 1.0621432065963745,
    "affinity_probability_binary1": 0.22521895170211792,
    "affinity_pred_value2": 1.147754192352295,
    "affinity_probability_binary2": 0.2657619118690491
}