{
    "confidence_score": 0.9492422342300415,
    "ptm": 0.9558936953544617,
    "iptm": 0.9237029552459717,
    "ligand_iptm": 0.9237029552459717,
    "protein_iptm": 0.0,
    "complex_plddt": 0.9556270837783813,
    "complex_iplddt": 0.928742527961731,
    "complex_pde": 0.40723028779029846,
    "complex_ipde": 0.8935617208480835,
    "chains_ptm": {
        "0": 0.9576030969619751,
        "1": 0.9226593375205994
    },
    "pair_chains_iptm": {
        "0": {
            "0": 0.9576030969619751,
            "1": 0.469919353723526
        },
        "1": {
            "0": 0.9237029552459717,
            "1": 0.9226593375205994
        }
    }
}