{
    "affinity_pred_value": 1.2169415950775146,
    "affinity_probability_binary": 0.0845436230301857,
    "affinity_pred_value1": 1.0947778224945068,
    "affinity_probability_binary1": 0.007992159575223923,
    "affinity_pred_value2": 1.3391053676605225,
    "affinity_probability_binary2": 0.16109508275985718
}