{
    "confidence_score": 0.8356962203979492,
    "ptm": 0.8669846653938293,
    "iptm": 0.9048812985420227,
    "ligand_iptm": 0.9048812985420227,
    "protein_iptm": 0.0,
    "complex_plddt": 0.818399965763092,
    "complex_iplddt": 0.7938230037689209,
    "complex_pde": 0.729424774646759,
    "complex_ipde": 1.6164295673370361,
    "chains_ptm": {
        "0": 0.8665210008621216,
        "1": 0.9107407331466675
    },
    "pair_chains_iptm": {
        "0": {
            "0": 0.8665210008621216,
            "1": 0.3616872727870941
        },
        "1": {
            "0": 0.9048812985420227,
            "1": 0.9107407331466675
        }
    }
}