{
    "affinity_pred_value": 1.6165454387664795,
    "affinity_probability_binary": 0.1943674385547638,
    "affinity_pred_value1": 1.8791028261184692,
    "affinity_probability_binary1": 0.16676457226276398,
    "affinity_pred_value2": 1.3539879322052002,
    "affinity_probability_binary2": 0.22197028994560242
}