{
    "confidence_score": 0.9538122415542603,
    "ptm": 0.9677536487579346,
    "iptm": 0.9275984764099121,
    "ligand_iptm": 0.9275984764099121,
    "protein_iptm": 0.0,
    "complex_plddt": 0.9603655934333801,
    "complex_iplddt": 0.881064236164093,
    "complex_pde": 0.3629321753978729,
    "complex_ipde": 0.7506808638572693,
    "chains_ptm": {
        "0": 0.9707751870155334,
        "1": 0.8972964882850647
    },
    "pair_chains_iptm": {
        "0": {
            "0": 0.9707751870155334,
            "1": 0.494802325963974
        },
        "1": {
            "0": 0.9275984764099121,
            "1": 0.8972964882850647
        }
    }
}