{
    "confidence_score": 0.8546018004417419,
    "ptm": 0.896790087223053,
    "iptm": 0.9004496335983276,
    "ligand_iptm": 0.9004496335983276,
    "protein_iptm": 0.0,
    "complex_plddt": 0.8431397676467896,
    "complex_iplddt": 0.8221624493598938,
    "complex_pde": 0.6074299812316895,
    "complex_ipde": 1.1531777381896973,
    "chains_ptm": {
        "0": 0.8968248963356018,
        "1": 0.9052196741104126
    },
    "pair_chains_iptm": {
        "0": {
            "0": 0.8968248963356018,
            "1": 0.39849573373794556
        },
        "1": {
            "0": 0.9004496335983276,
            "1": 0.9052196741104126
        }
    }
}