{
    "affinity_pred_value": 1.5113766193389893,
    "affinity_probability_binary": 0.31040430068969727,
    "affinity_pred_value1": 1.4563157558441162,
    "affinity_probability_binary1": 0.42552459239959717,
    "affinity_pred_value2": 1.5664374828338623,
    "affinity_probability_binary2": 0.19528402388095856
}