{
    "confidence_score": 0.8937647938728333,
    "ptm": 0.9266528487205505,
    "iptm": 0.9021610617637634,
    "ligand_iptm": 0.9021610617637634,
    "protein_iptm": 0.0,
    "complex_plddt": 0.8916657567024231,
    "complex_iplddt": 0.8137387633323669,
    "complex_pde": 0.6040185689926147,
    "complex_ipde": 1.3013646602630615,
    "chains_ptm": {
        "0": 0.9292343854904175,
        "1": 0.9145366549491882
    },
    "pair_chains_iptm": {
        "0": {
            "0": 0.9292343854904175,
            "1": 0.42870810627937317
        },
        "1": {
            "0": 0.9021610617637634,
            "1": 0.9145366549491882
        }
    }
}