{
    "affinity_pred_value": 1.2711721658706665,
    "affinity_probability_binary": 0.196708083152771,
    "affinity_pred_value1": 1.2666354179382324,
    "affinity_probability_binary1": 0.08424444496631622,
    "affinity_pred_value2": 1.2757089138031006,
    "affinity_probability_binary2": 0.30917173624038696
}