{
    "confidence_score": 0.9654893279075623,
    "ptm": 0.982191264629364,
    "iptm": 0.9191465973854065,
    "ligand_iptm": 0.9191465973854065,
    "protein_iptm": 0.0,
    "complex_plddt": 0.9770749807357788,
    "complex_iplddt": 0.8858795166015625,
    "complex_pde": 0.317059189081192,
    "complex_ipde": 0.9821282029151917,
    "chains_ptm": {
        "0": 0.9845404028892517,
        "1": 0.9318865537643433
    },
    "pair_chains_iptm": {
        "0": {
            "0": 0.9845404028892517,
            "1": 0.4179091155529022
        },
        "1": {
            "0": 0.9191465973854065,
            "1": 0.9318865537643433
        }
    }
}