Snapshot, Tunnel cluster, Tunnel, Throughput, Cost, Bottleneck radius, Average R error bound, Max. R error bound, Bottleneck R error bound, Curvature, Length, , Axis, Values...
1BL8.pdb, 1, 1, 0.8603268802792893, 0.15044286860375053, 1.719702097422939, -, -, -, 1.0009505270283692, 2.451008862429009, , X, 82.56081512185777, 82.76831740338643, 82.94711563318013, 83.12591386297383, 83.30471209276753, 83.48351032256123
1BL8.pdb, 1, 1, 0.8603268802792893, 0.15044286860375053, 1.719702097422939, -, -, -, 1.0009505270283692, 2.451008862429009, , Y, 26.438026024326703, 26.443253678086855, 26.446887449741723, 26.450521221396592, 26.454154993051457, 26.457788764706326
1BL8.pdb, 1, 1, 0.8603268802792893, 0.15044286860375053, 1.719702097422939, -, -, -, 1.0009505270283692, 2.451008862429009, , Z, 46.28016970498183, 46.68057508554767, 47.14749905015668, 47.6144230147657, 48.081346979374715, 48.548270943983724
1BL8.pdb, 1, 1, 0.8603268802792893, 0.15044286860375053, 1.719702097422939, -, -, -, 1.0009505270283692, 2.451008862429009, , distance, 0.0, 0.4510088624290142, 0.9495087166054564, 1.449042653557851, 1.9488156456551295, 2.44868132464607
1BL8.pdb, 1, 1, 0.8603268802792893, 0.15044286860375053, 1.719702097422939, -, -, -, 1.0009505270283692, 2.451008862429009, , length, 0.0, 0.5, 1.0, 1.5, 2.0, 2.5
1BL8.pdb, 1, 1, 0.8603268802792893, 0.15044286860375053, 1.719702097422939, -, -, -, 1.0009505270283692, 2.451008862429009, , R, 2.4231347144496413, 2.187661146318013, 1.9718834414517077, 1.8176262165576627, 1.7336514186712435, 1.7254192867778735
1BL8.pdb, 1, 1, 0.8603268802792893, 0.15044286860375053, 1.719702097422939, -, -, -, 1.0009505270283692, 2.451008862429009, , Upper limit of R overestimation, -, -, -, -, -, -
1BL8.pdb, 2, 2, 0.7665031203362637, 0.26591650978975634, 1.4551163045675763, -, -, -, 1.0488008129170991, 7.721552768763544, , X, 82.56081512185777, 82.90808055043128, 83.24191964469654, 83.60214207616427, 83.99661184653729, 84.39147137739609, 84.78659894338573, 85.18623525578623, 85.58587156818673, 85.85710931505989, 86.06565408319508, 86.26830349827225, 86.51444421907748, 86.76657291799778, 86.99398332313135, 87.33490066240911, 87.71279308040727
1BL8.pdb, 2, 2, 0.7665031203362637, 0.26591650978975634, 1.4551163045675763, -, -, -, 1.0488008129170991, 7.721552768763544, , Y, 26.438026024326703, 26.75574647971296, 26.867143554071866, 26.947998946737854, 27.146881106701322, 27.358891736753677, 27.570428595703333, 27.773995925614162, 27.97756325552499, 28.145131489872227, 28.29512249877707, 28.443056311699795, 28.79715844157641, 29.156242838044367, 29.49646909150615, 29.590004076111665, 29.82267198103769
1BL8.pdb, 2, 2, 0.7665031203362637, 0.26591650978975634, 1.4551163045675763, -, -, -, 1.0488008129170991, 7.721552768763544, , Z, 46.28016970498183, 46.243455312128006, 45.98267732757827, 45.671533435114874, 45.43758100097329, 45.21591132863451, 44.994277943251696, 44.77325495801281, 44.552231972773924, 44.19148759330271, 43.76252165417567, 43.330038058726025, 43.08359789593637, 42.84388473366459, 42.590493777314514, 42.39556057740544, 42.254714892588694
1BL8.pdb, 2, 2, 0.7665031203362637, 0.26591650978975634, 1.4551163045675763, -, -, -, 1.0488008129170991, 7.721552768763544, , distance, 0.0, 0.4721096401216755, 0.8582231294827902, 1.3095313346214288, 1.8094041799806801, 2.3090997981660806, 2.8089084760314673, 3.3088424730433545, 3.8087937980560054, 4.2593846318783815, 4.698005445723966, 5.1447928281682875, 5.6048871648664695, 6.073315049482498, 6.528457914942002, 6.914987090478571, 7.362268100543399
1BL8.pdb, 2, 2, 0.7665031203362637, 0.26591650978975634, 1.4551163045675763, -, -, -, 1.0488008129170991, 7.721552768763544, , length, 0.0, 0.5, 1.0, 1.5, 2.0, 2.5, 3.0, 3.5, 4.0, 4.5, 5.0, 5.5, 6.0, 6.5, 7.0, 7.5, 8.0
1BL8.pdb, 2, 2, 0.7665031203362637, 0.26591650978975634, 1.4551163045675763, -, -, -, 1.0488008129170991, 7.721552768763544, , R, 2.4231347144496413, 2.15189550705116, 1.9277826037446482, 1.7427964695262994, 1.5740527765589376, 1.475538431391008, 1.4584615119526805, 1.5187166859830672, 1.6574778075008512, 1.7443761721331588, 1.8451101590121146, 2.009903170889369, 2.189491867861605, 2.419563682550125, 2.6714195828078524, 2.761677767484256, 2.7572251427067145
1BL8.pdb, 2, 2, 0.7665031203362637, 0.26591650978975634, 1.4551163045675763, -, -, -, 1.0488008129170991, 7.721552768763544, , Upper limit of R overestimation, -, -, -, -, -, -, -, -, -, -, -, -, -, -, -, -, -
1BL8.pdb, 3, 3, 0.7568939937713237, 0.2785320699986405, 1.4149382254870608, -, -, -, 1.0353822304053246, 8.8714358233238, , X, 82.56081512185777, 82.71832777110023, 82.86269604022903, 83.00706430935782, 83.15143257848659, 83.29580084761538, 83.44016911674416, 83.56967538822259, 83.69215255208672, 83.7035905967359, 83.71502864138509, 83.8542919260587, 84.13186680129152, 84.40944167652434, 84.68701655175715, 84.78408038315835, 85.06514302081041, 85.34620565846247, 85.62726829611454
1BL8.pdb, 3, 3, 0.7568939937713237, 0.2785320699986405, 1.4149382254870608, -, -, -, 1.0353822304053246, 8.8714358233238, , Y, 26.438026024326703, 25.994167067519026, 25.533426192022667, 25.072685316526307, 24.611944441029948, 24.15120356553359, 23.69046269003723, 23.222295306989015, 22.78009308246705, 22.425486146432963, 22.070879210398875, 21.727008019797932, 21.394753298889615, 21.0624985779813, 20.730243857072985, 20.335596842994793, 19.95585680202053, 19.57611676104627, 19.196376720072006
1BL8.pdb, 3, 3, 0.7568939937713237, 0.2785320699986405, 1.4149382254870608, -, -, -, 1.0353822304053246, 8.8714358233238, , Z, 46.28016970498183, 46.14056499039131, 46.01065868370989, 45.88075237702848, 45.75084607034706, 45.620939763665646, 45.491033456984226, 45.37251493552977, 45.2126128087388, 44.86030173589106, 44.50799066304333, 44.204762839541296, 43.954644889218606, 43.70452693889592, 43.45440898857322, 43.36973649103178, 43.20602548041572, 43.04231446979965, 42.87860345918359
1BL8.pdb, 3, 3, 0.7568939937713237, 0.2785320699986405, 1.4149382254870608, -, -, -, 1.0353822304053246, 8.8714358233238, , distance, 0.0, 0.49123363539733184, 0.9909940141434789, 1.4909150839637817, 1.9908757970082527, 2.4908522819781522, 2.990836629132102, 3.4903524555534404, 3.9749308817758227, 4.407089414491201, 4.852298290474904, 5.307926764671666, 5.771556881060762, 6.24080532652011, 6.714494278478748, 7.1171041743212395, 7.598719547760605, 8.082568014121346, 8.568271274899965
1BL8.pdb, 3, 3, 0.7568939937713237, 0.2785320699986405, 1.4149382254870608, -, -, -, 1.0353822304053246, 8.8714358233238, , length, 0.0, 0.5, 1.0, 1.5, 2.0, 2.5, 3.0, 3.5, 4.0, 4.5, 5.0, 5.5, 6.0, 6.5, 7.0, 7.5, 8.0, 8.5, 9.0
1BL8.pdb, 3, 3, 0.7568939937713237, 0.2785320699986405, 1.4149382254870608, -, -, -, 1.0353822304053246, 8.8714358233238, , R, 2.4231347144496413, 2.122720807682212, 1.850646529805013, 1.6348535901135297, 1.4874813916660883, 1.4188411776384648, 1.4344255979037608, 1.5205529853018973, 1.6408888647579118, 1.6877241653473725, 1.8098303600268344, 1.9688609823958871, 2.157647246229386, 2.401482829353302, 2.690815347901992, 2.779386933417625, 2.705259024455366, 2.6896198930830857, 2.73311479562217
1BL8.pdb, 3, 3, 0.7568939937713237, 0.2785320699986405, 1.4149382254870608, -, -, -, 1.0353822304053246, 8.8714358233238, , Upper limit of R overestimation, -, -, -, -, -, -, -, -, -, -, -, -, -, -, -, -, -, -, -
1BL8.pdb, 4, 4, 0.7551546293785448, 0.2808327435793278, 1.4107991813199785, -, -, -, 1.0818679672376574, 7.851023682646149, , X, 82.56081512185777, 82.11655769919632, 81.66419419797403, 81.20890738279286, 80.75212681935253, 80.29534625591218, 79.83856569247183, 79.38209325611261, 78.9344810898764, 78.48663235893548, 78.03878362799456, 77.63071759060058, 77.2612786979014, 76.89183980520222, 76.52658058845552, 76.20735695346995, 76.17708296952495
1BL8.pdb, 4, 4, 0.7551546293785448, 0.2808327435793278, 1.4107991813199785, -, -, -, 1.0818679672376574, 7.851023682646149, , Y, 26.438026024326703, 26.301669939866805, 26.117402505521344, 25.943274208514783, 25.77432678464146, 25.605379360768133, 25.43643193689481, 25.266942454540423, 25.090885055344145, 24.951294389775178, 24.811703724206215, 24.572480914816047, 24.23557004088615, 23.89865916695625, 23.5573339674693, 23.388060567272188, 23.14171986857658
1BL8.pdb, 4, 4, 0.7551546293785448, 0.2808327435793278, 1.4107991813199785, -, -, -, 1.0818679672376574, 7.851023682646149, , Z, 46.28016970498183, 46.37190093451804, 46.478731526586294, 46.589760129714605, 46.70293382290206, 46.81610751608952, 46.92928120927698, 47.04281940808855, 47.106210784260185, 46.933161773050585, 46.760112761840986, 46.67271114853679, 46.67026828362086, 46.667825418704915, 46.67016526939725, 46.8705897638459, 47.302491675601914
1BL8.pdb, 4, 4, 0.7551546293785448, 0.2808327435793278, 1.4107991813199785, -, -, -, 1.0818679672376574, 7.851023682646149, , distance, 0.0, 0.4736794885059458, 0.972705155201798, 1.4725081070333763, 1.9724552100818282, 2.4724237068671964, 2.972402801906046, 3.472368643568614, 3.9556834006872807, 4.385856219694174, 4.829496701850747, 5.285849885140096, 5.75222353259064, 6.223820541238598, 6.697945182726518, 7.0722921201396005, 7.256914818073627
1BL8.pdb, 4, 4, 0.7551546293785448, 0.2808327435793278, 1.4107991813199785, -, -, -, 1.0818679672376574, 7.851023682646149, , length, 0.0, 0.5, 1.0, 1.5, 2.0, 2.5, 3.0, 3.5, 4.0, 4.5, 5.0, 5.5, 6.0, 6.5, 7.0, 7.5, 8.0
1BL8.pdb, 4, 4, 0.7551546293785448, 0.2808327435793278, 1.4107991813199785, -, -, -, 1.0818679672376574, 7.851023682646149, , R, 2.4231347144496413, 2.1447666138950394, 1.8748528194301057, 1.6544406183536982, 1.4978506888330116, 1.4190087309713673, 1.4241674309322176, 1.512717761533838, 1.6349005335053444, 1.684954067396791, 1.8101747359461742, 1.9660826567868601, 2.148590591142923, 2.3869606551505753, 2.6696265132222803, 2.7276412572197306, 2.610164383977845
1BL8.pdb, 4, 4, 0.7551546293785448, 0.2808327435793278, 1.4107991813199785, -, -, -, 1.0818679672376574, 7.851023682646149, , Upper limit of R overestimation, -, -, -, -, -, -, -, -, -, -, -, -, -, -, -, -, -
1BL8.pdb, 5, 5, 0.7253330608499663, 0.3211243353408908, 1.2870233382805374, -, -, -, 1.0363480661962148, 8.877063038067345, , X, 82.56081512185777, 82.33243088232713, 82.134818303664, 81.94509480495354, 81.74745370161637, 81.54981259827919, 81.35217149494201, 81.15453039160484, 80.96467946940179, 80.72705631145764, 80.48498152867857, 80.21004209873021, 79.82809881055292, 79.44573183590083, 79.06336486124874, 78.90443130719297, 78.60939323059571, 78.28665522021548, 77.96391720983526
1BL8.pdb, 5, 5, 0.7253330608499663, 0.3211243353408908, 1.2870233382805374, -, -, -, 1.0363480661962148, 8.877063038067345, , Y, 26.438026024326703, 26.84944052287884, 27.308682056553767, 27.77115986574285, 28.23015732418938, 28.68915478263591, 29.148152241082443, 29.607149699528975, 30.069344581269117, 30.434306871478896, 30.791500806979187, 31.144109427897824, 31.46657769083755, 31.788603152717204, 32.110628614596855, 32.567108913785695, 32.89482606741662, 33.27183868232026, 33.64885129722389
1BL8.pdb, 5, 5, 0.7253330608499663, 0.3211243353408908, 1.2870233382805374, -, -, -, 1.0363480661962148, 8.877063038067345, , Z, 46.28016970498183, 46.28261862673889, 46.28112617615784, 46.28443037485682, 46.3005340207573, 46.316637666657776, 46.332741312558255, 46.348844958458734, 46.364249093978046, 46.13062663294737, 45.878015683097054, 45.68571885289257, 45.69666467625012, 45.70641652718246, 45.716168378114794, 45.6948262529269, 45.66450714385087, 45.725348452674204, 45.78618976149754
1BL8.pdb, 5, 5, 0.7253330608499663, 0.3211243353408908, 1.2870233382805374, -, -, -, 1.0363480661962148, 8.877063038067345, , distance, 0.0, 0.4705605675177933, 0.969286402670386, 1.4684602483844766, 1.9681732904502116, 2.4680025732153954, 2.9678893681459937, 3.4678088040879995, 3.967517211895798, 4.399465321425893, 4.839788801908659, 5.294027448283724, 5.752786144069308, 6.217846266541069, 6.687950057325606, 7.160825833859202, 7.5949352958645635, 8.079434691324138, 8.56571583198827
1BL8.pdb, 5, 5, 0.7253330608499663, 0.3211243353408908, 1.2870233382805374, -, -, -, 1.0363480661962148, 8.877063038067345, , length, 0.0, 0.5, 1.0, 1.5, 2.0, 2.5, 3.0, 3.5, 4.0, 4.5, 5.0, 5.5, 6.0, 6.5, 7.0, 7.5, 8.0, 8.5, 9.0
1BL8.pdb, 5, 5, 0.7253330608499663, 0.3211243353408908, 1.2870233382805374, -, -, -, 1.0363480661962148, 8.877063038067345, , R, 2.4231347144496413, 2.1330982742653744, 1.8432142862926004, 1.5985633877512844, 1.4152891543669797, 1.3095595480685822, 1.2901409310544785, 1.3587804481601897, 1.5048376081203139, 1.543358793306918, 1.6478474962672642, 1.8098931892024308, 1.9778256946977955, 2.2051887436319495, 2.4824089947025922, 2.631263115096854, 2.5700313015091463, 2.5295573037860932, 2.5505617138141887
1BL8.pdb, 5, 5, 0.7253330608499663, 0.3211243353408908, 1.2870233382805374, -, -, -, 1.0363480661962148, 8.877063038067345, , Upper limit of R overestimation, -, -, -, -, -, -, -, -, -, -, -, -, -, -, -, -, -, -, -
1BL8.pdb, 6, 6, 0.4558491643810277, 0.7855933040536455, 0.730784391399534, -, -, -, 1.666532126824544, 10.74921967863061, , X, 82.56081512185777, 82.71832777110023, 82.86269604022903, 83.00706430935782, 83.15143257848659, 83.29580084761538, 83.44016911674416, 83.56967538822259, 83.60976662106212, 83.22224233414245, 82.8347180472228, 82.44719376030314, 82.06178967344161, 81.62198211047016, 81.18140645854618, 80.7408308066222, 80.3002551546982, 79.8417679106566, 79.35590369368813, 78.8723670317931, 78.45126312103983, 78.20985545530432, 78.04124124474255
1BL8.pdb, 6, 6, 0.4558491643810277, 0.7855933040536455, 0.730784391399534, -, -, -, 1.666532126824544, 10.74921967863061, , Y, 26.438026024326703, 25.994167067519026, 25.533426192022667, 25.072685316526307, 24.611944441029948, 24.15120356553359, 23.69046269003723, 23.222295306989015, 22.83352484868229, 22.73573628209014, 22.63794771549799, 22.540159148905843, 22.377087760123693, 22.4262737870283, 22.4798789043915, 22.533484021754703, 22.587089139117904, 22.62325290994981, 22.632758454720104, 22.62770903263974, 22.82343881362828, 22.7527732126885, 22.52031906340142
1BL8.pdb, 6, 6, 0.4558491643810277, 0.7855933040536455, 0.730784391399534, -, -, -, 1.666532126824544, 10.74921967863061, , Z, 46.28016970498183, 46.14056499039131, 46.01065868370989, 45.88075237702848, 45.75084607034706, 45.620939763665646, 45.491033456984226, 45.37251493552977, 45.34524285756499, 45.645679744932806, 45.94611663230062, 46.24655351966844, 46.49213553130573, 46.7212173367233, 46.951477160236294, 47.18173698374928, 47.41199680726227, 47.597726398818814, 47.71539375745425, 47.84188615129625, 47.96619772925776, 48.28506219736247, 48.694336463960745
1BL8.pdb, 6, 6, 0.4558491643810277, 0.7855933040536455, 0.730784391399534, -, -, -, 1.666532126824544, 10.74921967863061, , distance, 0.0, 0.49123363539733184, 0.9909940141434789, 1.4909150839637817, 1.9908757970082527, 2.4908522819781522, 2.990836629132102, 3.4903524555534404, 3.868696961888562, 3.81405464067097, 3.8245534930396468, 3.8996674268736986, 4.096971502874322, 4.143680302605962, 4.245038348819788, 4.401206052401616, 4.606612513381459, 4.866381334460782, 5.177971284152454, 5.528302013179909, 5.726809657201394, 6.044132047835029, 6.450052480603819
1BL8.pdb, 6, 6, 0.4558491643810277, 0.7855933040536455, 0.730784391399534, -, -, -, 1.666532126824544, 10.74921967863061, , length, 0.0, 0.5, 1.0, 1.5, 2.0, 2.5, 3.0, 3.5, 4.0, 4.5, 5.0, 5.5, 6.0, 6.5, 7.0, 7.5, 8.0, 8.5, 9.0, 9.5, 10.0, 10.5, 11.0
1BL8.pdb, 6, 6, 0.4558491643810277, 0.7855933040536455, 0.730784391399534, -, -, -, 1.666532126824544, 10.74921967863061, , R, 2.4231347144496413, 2.122720807682212, 1.850646529805013, 1.6348535901135297, 1.4874813916660883, 1.4188411776384648, 1.4344255979037608, 1.5205529853018973, 1.574540460776106, 1.2864330307320198, 1.0637863782803536, 0.9245526668882582, 0.8603040731280873, 0.7478522882196827, 0.7414659510159072, 0.8433244580516841, 1.0405422746844644, 1.2783907535882242, 1.530463132362013, 1.8332849421124249, 2.1098587752356655, 2.1921177523061006, 2.238362133649567
1BL8.pdb, 6, 6, 0.4558491643810277, 0.7855933040536455, 0.730784391399534, -, -, -, 1.666532126824544, 10.74921967863061, , Upper limit of R overestimation, -, -, -, -, -, -, -, -, -, -, -, -, -, -, -, -, -, -, -, -, -, -, -
1BL8.pdb, 7, 7, 0.38375974343135083, 0.9577385903539294, 1.1138234769640212, -, -, -, 1.2855875810142823, 25.74341443387784, , X, 82.56081512185777, 82.33720085843366, 82.27199616516555, 82.10730059736281, 81.92503489300516, 81.74132522428776, 81.55761555557038, 81.35482209828193, 81.17085635508575, 80.99737807586182, 80.78399290056058, 80.59791815168091, 80.41637329401885, 80.23482843635678, 80.05328357869472, 79.8814177022446, 79.70257905323092, 79.52374040421724, 79.34490175520355, 79.17067414111426, 79.00268312931462, 78.82157337803449, 78.64051344524003, 78.46173523368324, 78.28295702212645, 78.10417881056966, 77.90207932897066, 77.76773223848512, 77.64096825515206, 77.52416831835704, 77.4152321406126, 77.30629596286815, 77.13490738881407, 76.94359666908395, 76.86089211567021, 76.57789625338594, 76.312974173584, 75.89586082707758, 75.5906232546656, 75.3388537391096, 74.998334365988, 74.63673704840127, 74.24645368568542, 73.88166560480397, 73.48662038770819, 73.24820712034904, 72.81426336533063, 72.38031961031223, 71.95102905790854, 71.71956753870361, 71.45748279938718, 71.19550029325315, 70.93003208414439, 70.66695343394998
1BL8.pdb, 7, 7, 0.38375974343135083, 0.9577385903539294, 1.1138234769640212, -, -, -, 1.2855875810142823, 25.74341443387784, , Y, 26.438026024326703, 26.45303780625517, 26.404251461179484, 26.397652513499192, 26.398676316698683, 26.40032657949109, 26.401976842283492, 26.502344834589966, 26.48516654282357, 26.47078657360811, 26.463493373738, 26.463374460490193, 26.463337689224254, 26.463300917958318, 26.46326414669238, 26.460904923028306, 26.448632497777613, 26.43636007252692, 26.424087647276227, 26.42010270713484, 26.419155974619585, 26.427319651711244, 26.434997287552292, 26.42041389660168, 26.405830505651068, 26.39124711470045, 26.403302701354765, 25.941876692251522, 25.45856921406854, 24.973138913240124, 24.485654861840214, 23.998170810440307, 23.617841880348134, 23.27169514441939, 22.985232791064792, 22.738025204083744, 22.478634287108928, 22.21513910033421, 21.828507410890783, 21.47951478789051, 21.25281533026629, 20.99412399572651, 20.786950507019025, 20.70507884136061, 20.627382354919455, 20.484790001776304, 20.399723886998068, 20.314657772219835, 20.22423932676613, 19.814387352321116, 19.39797872328613, 19.04181709692241, 18.692158490519734, 18.33326253782949
1BL8.pdb, 7, 7, 0.38375974343135083, 0.9577385903539294, 1.1138234769640212, -, -, -, 1.2855875810142823, 25.74341443387784, , Z, 46.28016970498183, 45.88751725329338, 45.45013847944894, 44.97808782132457, 44.512529495433675, 44.047504728079865, 43.582479960726054, 43.20783411641091, 42.74340160955445, 42.274681540512304, 41.8514185792933, 41.387462669796406, 40.92158557945569, 40.45570848911497, 39.98983139877425, 39.526518589185706, 39.0597572741676, 38.592995959149505, 38.1262346441314, 37.68923895565758, 37.224202352526014, 36.75822744722789, 36.29223666443381, 35.82551868129952, 35.35880069816523, 34.892082715030945, 34.45935507134215, 34.44223535232834, 34.42474781734445, 34.400382867629865, 34.37819708819436, 34.35601130875885, 34.11871741016268, 33.81280460277761, 33.5603266191113, 33.297794346083776, 33.51509931707004, 33.59625806713908, 33.659839250404794, 33.829509429811665, 33.625719096891785, 33.4039883543934, 33.19158347508744, 32.85957942931519, 32.57540057236311, 32.29263437235017, 32.05927504942293, 31.82591572649568, 31.592126988610033, 31.57255704028526, 31.661525816171164, 31.890533568111074, 32.129720553413094, 32.357719059887266
1BL8.pdb, 7, 7, 0.38375974343135083, 0.9577385903539294, 1.1138234769640212, -, -, -, 1.2855875810142823, 25.74341443387784, , distance, 0.0, 0.452111313970713, 0.879493573723086, 1.3793921400576656, 1.8789137312026152, 2.378608382951021, 2.8784090865594467, 3.301181917293672, 3.8003863175529413, 4.299923730263972, 4.771957913191287, 5.2718297763583335, 5.771801734615091, 6.271778163847416, 6.771758073744269, 7.265775758315813, 7.765563829647863, 8.265377536116576, 8.765212492389788, 9.23566284866986, 9.729912848729976, 10.229830292099935, 10.729752132803869, 11.229536684283172, 11.729339600161374, 12.229158628792339, 12.705773628549963, 12.781099225979435, 12.873043811347278, 12.986263533917779, 13.112807843621729, 13.257013936597208, 13.61230455333018, 14.036167104266642, 14.35985067879516, 14.765750716297433, 14.753281718045562, 14.937737585087588, 15.136181067092476, 15.223747934837544, 15.627304480213137, 16.069322598805236, 16.503767754394907, 16.979592547801964, 17.433453097549823, 17.827417973772178, 18.267189402008004, 18.709986255636107, 19.155085598438724, 19.434997008265185, 19.66090038151789, 19.772099428301786, 19.88740277443937, 20.02462905994099
1BL8.pdb, 7, 7, 0.38375974343135083, 0.9577385903539294, 1.1138234769640212, -, -, -, 1.2855875810142823, 25.74341443387784, , length, 0.0, 0.5, 1.0, 1.5, 2.0, 2.5, 3.0, 3.5, 4.0, 4.5, 5.0, 5.5, 6.0, 6.5, 7.0, 7.5, 8.0, 8.5, 9.0, 9.5, 10.0, 10.5, 11.0, 11.5, 12.0, 12.5, 13.0, 13.5, 14.0, 14.5, 15.0, 15.5, 16.0, 16.5, 17.0, 17.5, 18.0, 18.5, 19.0, 19.5, 20.0, 20.5, 21.0, 21.5, 22.0, 22.5, 23.0, 23.5, 24.0, 24.5, 25.0, 25.5, 26.0, 26.5
1BL8.pdb, 7, 7, 0.38375974343135083, 0.9577385903539294, 1.1138234769640212, -, -, -, 1.2855875810142823, 25.74341443387784, , R, 2.4231347144496413, 2.1991976400181916, 2.0277624659331397, 1.873236129182755, 1.7864053136864682, 1.773907602789858, 1.8366856410840091, 1.7966202714561827, 1.6936369878318818, 1.6553796608320286, 1.6822252672784859, 1.7794925638383643, 1.9469769095142375, 2.1750245741246657, 2.453220899429759, 2.57326508900968, 2.228307487665466, 1.921627370194599, 1.6643035170121854, 1.4761394524472835, 1.3375221141054343, 1.2795890732747313, 1.3098517338531517, 1.4110741577236574, 1.5903585967793497, 1.8352146701877285, 2.1159784384470495, 1.853431387903345, 1.6307747765445457, 1.4657713752411916, 1.3774719967146893, 1.3741073301247564, 1.2770240249121345, 1.2078740251523938, 1.1640264046844866, 1.23005870043268, 1.2992307826104232, 1.3274535633047533, 1.3067911347626517, 1.2910567688136791, 1.4610532982054631, 1.4373292263200077, 1.4183173841260115, 1.4118805615893368, 1.4596419279580215, 1.528292691704007, 1.642992705887257, 1.8291726412199019, 2.0718121302033263, 1.9706707259866132, 1.8537654146669236, 1.709833162458426, 1.6269004089001182, 1.6116608121614386
1BL8.pdb, 7, 7, 0.38375974343135083, 0.9577385903539294, 1.1138234769640212, -, -, -, 1.2855875810142823, 25.74341443387784, , Upper limit of R overestimation, -, -, -, -, -, -, -, -, -, -, -, -, -, -, -, -, -, -, -, -, -, -, -, -, -, -, -, -, -, -, -, -, -, -, -, -, -, -, -, -, -, -, -, -, -, -, -, -, -, -, -, -, -, -
1BL8.pdb, 8, 8, 0.37475812931821906, 0.9814744495910321, 1.1828969261924, -, -, -, 1.2897191225997495, 25.886878838794495, , X, 82.56081512185777, 82.33720085843366, 82.27199616516555, 82.10730059736281, 81.92503489300516, 81.74132522428776, 81.55761555557038, 81.35482209828193, 81.17085635508575, 80.99737807586182, 80.78399290056058, 80.59791815168091, 80.41637329401885, 80.23482843635678, 80.05328357869472, 79.8814177022446, 79.70257905323092, 79.52374040421724, 79.34490175520355, 79.17067414111426, 79.00268312931462, 78.82157337803449, 78.64051344524003, 78.46173523368324, 78.28295702212645, 78.10417881056966, 77.90207932897066, 77.86876137651849, 77.94966416596822, 78.03056695541792, 78.10919015855336, 78.18202055583784, 78.25673536834722, 78.57734200776706, 78.33827437583824, 78.17012599084612, 78.35340217064645, 78.64760042265092, 78.91978306356074, 79.19196570447056, 79.41721320912595, 79.51941885021533, 79.71006751996515, 79.76033697363928, 79.80027786506895, 79.88798479632122, 80.07152056235672, 80.25723414982075, 80.28762116829874, 80.39896054768442, 80.66469639742618, 80.984020056787, 81.33556997736726, 81.68711989794751
1BL8.pdb, 8, 8, 0.37475812931821906, 0.9814744495910321, 1.1828969261924, -, -, -, 1.2897191225997495, 25.886878838794495, , Y, 26.438026024326703, 26.45303780625517, 26.404251461179484, 26.397652513499192, 26.398676316698683, 26.40032657949109, 26.401976842283492, 26.502344834589966, 26.48516654282357, 26.47078657360811, 26.463493373738, 26.463374460490193, 26.463337689224254, 26.463300917958318, 26.46326414669238, 26.460904923028306, 26.448632497777613, 26.43636007252692, 26.424087647276227, 26.42010270713484, 26.419155974619585, 26.427319651711244, 26.434997287552292, 26.42041389660168, 26.405830505651068, 26.39124711470045, 26.403302701354765, 26.84311551550111, 27.32968755364344, 27.81625959178577, 28.30224568608286, 28.786742800158493, 29.27019478083948, 29.6072011329271, 29.83548334050132, 30.108117760241367, 30.48601332575859, 30.772631156586836, 31.145168665227008, 31.517706173867175, 31.763950378888456, 32.02518154175748, 32.26016935600677, 32.351823448331324, 32.43364880867931, 32.51312661171937, 32.59818637025856, 32.68206293826669, 32.97012995203084, 33.37154994745582, 33.77991795815292, 34.15353765523506, 34.50899504488127, 34.864452434527465
1BL8.pdb, 8, 8, 0.37475812931821906, 0.9814744495910321, 1.1828969261924, -, -, -, 1.2897191225997495, 25.886878838794495, , Z, 46.28016970498183, 45.88751725329338, 45.45013847944894, 44.97808782132457, 44.512529495433675, 44.047504728079865, 43.582479960726054, 43.20783411641091, 42.74340160955445, 42.274681540512304, 41.8514185792933, 41.387462669796406, 40.92158557945569, 40.45570848911497, 39.98983139877425, 39.526518589185706, 39.0597572741676, 38.592995959149505, 38.1262346441314, 37.68923895565758, 37.224202352526014, 36.75822744722789, 36.29223666443381, 35.82551868129952, 35.35880069816523, 34.892082715030945, 34.45935507134215, 34.35424804132162, 34.27237991347399, 34.19051178562636, 34.10358231481487, 34.0037911344242, 33.90368935346735, 33.74835572646479, 33.43185843793326, 33.09940009127029, 32.84228191459073, 32.60395302313426, 32.411255294441034, 32.2185575657478, 31.929017216477764, 31.519186466306067, 31.12120031406172, 30.67179789519187, 30.180158458616926, 29.699277863306637, 29.242059566110647, 28.785468737501027, 28.42945614917059, 28.223874878160128, 28.11153598907307, 28.068018681117824, 28.075936855524102, 28.083855029930383
1BL8.pdb, 8, 8, 0.37475812931821906, 0.9814744495910321, 1.1828969261924, -, -, -, 1.2897191225997495, 25.886878838794495, , distance, 0.0, 0.452111313970713, 0.879493573723086, 1.3793921400576656, 1.8789137312026152, 2.378608382951021, 2.8784090865594467, 3.301181917293672, 3.8003863175529413, 4.299923730263972, 4.771957913191287, 5.2718297763583335, 5.771801734615091, 6.271778163847416, 6.771758073744269, 7.265775758315813, 7.765563829647863, 8.265377536116576, 8.765212492389788, 9.23566284866986, 9.729912848729976, 10.229830292099935, 10.729752132803869, 11.229536684283172, 11.729339600161374, 12.229158628792339, 12.705773628549963, 12.822132169525169, 12.893594886528136, 12.983932563866654, 13.098151023391287, 13.243858318183792, 13.40610115885191, 13.526200150515704, 13.944592822380685, 14.369426293521759, 14.651462493611922, 14.870808776376293, 15.09175580302818, 15.325835467370759, 15.62700486224221, 16.073363811896517, 16.48691808250335, 16.924448244579757, 17.400529321013302, 17.859922826299602, 18.287737968263265, 18.717880334561123, 19.14376574565329, 19.46219802760177, 19.68750605048743, 19.841820665451657, 19.95083607852375, 20.071718240955484
1BL8.pdb, 8, 8, 0.37475812931821906, 0.9814744495910321, 1.1828969261924, -, -, -, 1.2897191225997495, 25.886878838794495, , length, 0.0, 0.5, 1.0, 1.5, 2.0, 2.5, 3.0, 3.5, 4.0, 4.5, 5.0, 5.5, 6.0, 6.5, 7.0, 7.5, 8.0, 8.5, 9.0, 9.5, 10.0, 10.5, 11.0, 11.5, 12.0, 12.5, 13.0, 13.5, 14.0, 14.5, 15.0, 15.5, 16.0, 16.5, 17.0, 17.5, 18.0, 18.5, 19.0, 19.5, 20.0, 20.5, 21.0, 21.5, 22.0, 22.5, 23.0, 23.5, 24.0, 24.5, 25.0, 25.5, 26.0, 26.5
1BL8.pdb, 8, 8, 0.37475812931821906, 0.9814744495910321, 1.1828969261924, -, -, -, 1.2897191225997495, 25.886878838794495, , R, 2.4231347144496413, 2.1991976400181916, 2.0277624659331397, 1.873236129182755, 1.7864053136864682, 1.773907602789858, 1.8366856410840091, 1.7966202714561827, 1.6936369878318818, 1.6553796608320286, 1.6822252672784859, 1.7794925638383643, 1.9469769095142375, 2.1750245741246657, 2.453220899429759, 2.57326508900968, 2.228307487665466, 1.921627370194599, 1.6643035170121854, 1.4761394524472835, 1.3375221141054343, 1.2795890732747313, 1.3098517338531517, 1.4110741577236574, 1.5903585967793497, 1.8352146701877285, 2.1159784384470495, 1.9207067110074205, 1.660783023794882, 1.4626663604486425, 1.335208833264268, 1.281730144794503, 1.315536724466524, 1.2595802490278745, 1.190844289388036, 1.1920313344650069, 1.25402522481851, 1.2688962376048942, 1.2232901299367298, 1.2680708832254997, 1.3654252204576678, 1.3489509226675986, 1.3554372301468196, 1.340620795879707, 1.3981415736092235, 1.5139857744453895, 1.6508706406531282, 1.8566620742286557, 1.9602843200086726, 1.9120422974215359, 1.8012734390940008, 1.6983540323332682, 1.6202674652040003, 1.6208210437084265
1BL8.pdb, 8, 8, 0.37475812931821906, 0.9814744495910321, 1.1828969261924, -, -, -, 1.2897191225997495, 25.886878838794495, , Upper limit of R overestimation, -, -, -, -, -, -, -, -, -, -, -, -, -, -, -, -, -, -, -, -, -, -, -, -, -, -, -, -, -, -, -, -, -, -, -, -, -, -, -, -, -, -, -, -, -, -, -, -, -, -, -, -, -, -
1BL8.pdb, 9, 9, 0.3736626228127965, 0.9844019667255046, 1.2470175274168858, -, -, -, 1.2874657603803084, 25.935111079056107, , X, 82.56081512185777, 82.33720085843366, 82.27199616516555, 82.10730059736281, 81.92503489300516, 81.74132522428776, 81.55761555557038, 81.35482209828193, 81.17085635508575, 80.99737807586182, 80.78399290056058, 80.59791815168091, 80.41637329401885, 80.23482843635678, 80.05328357869472, 79.8814177022446, 79.70257905323092, 79.52374040421724, 79.34490175520355, 79.17067414111426, 79.00268312931462, 78.82157337803449, 78.64051344524003, 78.46173523368324, 78.28295702212645, 78.10417881056966, 77.90207932897066, 77.57155308290965, 77.09448185930951, 76.62987591598947, 76.15693530265158, 75.68399468931369, 75.24558785114515, 74.92625579089716, 74.46821821746863, 74.02264800674162, 73.6109488613148, 73.20986438627794, 72.82464316872559, 72.43942195117324, 72.09744185767386, 71.76007249714333, 71.50844522481687, 71.28304188056808, 70.99857555724167, 70.77852200652623, 70.5584684558108, 70.33841490509536, 69.97293712423321, 69.58073128169063, 69.28908824494468, 69.00602758961638, 68.72296693428807, 68.43990627895975
1BL8.pdb, 9, 9, 0.3736626228127965, 0.9844019667255046, 1.2470175274168858, -, -, -, 1.2874657603803084, 25.935111079056107, , Y, 26.438026024326703, 26.45303780625517, 26.404251461179484, 26.397652513499192, 26.398676316698683, 26.40032657949109, 26.401976842283492, 26.502344834589966, 26.48516654282357, 26.47078657360811, 26.463493373738, 26.463374460490193, 26.463337689224254, 26.463300917958318, 26.46326414669238, 26.460904923028306, 26.448632497777613, 26.43636007252692, 26.424087647276227, 26.42010270713484, 26.419155974619585, 26.427319651711244, 26.434997287552292, 26.42041389660168, 26.405830505651068, 26.39124711470045, 26.403302701354765, 26.606088747322914, 26.703282508037873, 26.809085231967977, 26.917260843683106, 27.025436455398236, 27.19181286722749, 27.55265051857132, 27.66249403447991, 27.799930996090463, 27.998564622508756, 28.237955159874392, 28.54866626455959, 28.85937736924479, 29.104769389533338, 29.418440742077294, 29.654866840380546, 29.867645977220718, 30.079595083946327, 30.400256338966056, 30.72091759398578, 31.04157884900551, 31.249172850777423, 31.526530876305976, 31.734626197983797, 32.06715541587352, 32.39968463376325, 32.73221385165297
1BL8.pdb, 9, 9, 0.3736626228127965, 0.9844019667255046, 1.2470175274168858, -, -, -, 1.2874657603803084, 25.935111079056107, , Z, 46.28016970498183, 45.88751725329338, 45.45013847944894, 44.97808782132457, 44.512529495433675, 44.047504728079865, 43.582479960726054, 43.20783411641091, 42.74340160955445, 42.274681540512304, 41.8514185792933, 41.387462669796406, 40.92158557945569, 40.45570848911497, 39.98983139877425, 39.526518589185706, 39.0597572741676, 38.592995959149505, 38.1262346441314, 37.68923895565758, 37.224202352526014, 36.75822744722789, 36.29223666443381, 35.82551868129952, 35.35880069816523, 34.892082715030945, 34.45935507134215, 34.547562049861796, 34.66138832315034, 34.77924211583869, 34.90017686388753, 35.02111161193636, 35.14116192597042, 35.27453047916638, 35.123911616851686, 34.94773936221067, 34.745311311381855, 34.63580489366682, 34.706961221374115, 34.77811754908141, 34.547047762383244, 34.3526456091841, 34.00531440242724, 33.612990083365816, 33.270081699924965, 32.95583212658126, 32.64158255323755, 32.32733297989384, 32.226046149737066, 32.36478007763637, 32.635421723489046, 32.87893965846459, 33.12245759344014, 33.36597552841569
1BL8.pdb, 9, 9, 0.3736626228127965, 0.9844019667255046, 1.2470175274168858, -, -, -, 1.2874657603803084, 25.935111079056107, , distance, 0.0, 0.452111313970713, 0.879493573723086, 1.3793921400576656, 1.8789137312026152, 2.378608382951021, 2.8784090865594467, 3.301181917293672, 3.8003863175529413, 4.299923730263972, 4.771957913191287, 5.2718297763583335, 5.771801734615091, 6.271778163847416, 6.771758073744269, 7.265775758315813, 7.765563829647863, 8.265377536116576, 8.765212492389788, 9.23566284866986, 9.729912848729976, 10.229830292099935, 10.729752132803869, 11.229536684283172, 11.729339600161374, 12.229158628792339, 12.705773628549963, 12.750492663467202, 12.843178778565155, 12.945464851058647, 13.066888681483341, 13.206138702079425, 13.347593001271228, 13.440720914814635, 13.836601500866696, 14.25408924875687, 14.682926988799792, 15.042315526913587, 15.270461719597666, 15.511374724639, 15.945527610004028, 16.364740883709196, 16.82780490365569, 17.30340723295625, 17.7822607917238, 18.22250454863474, 18.665758628707003, 19.11181358074859, 19.47100909492965, 19.69805895531888, 19.757830224329116, 19.87491709443487, 20.00381973143894, 20.14431131076842
1BL8.pdb, 9, 9, 0.3736626228127965, 0.9844019667255046, 1.2470175274168858, -, -, -, 1.2874657603803084, 25.935111079056107, , length, 0.0, 0.5, 1.0, 1.5, 2.0, 2.5, 3.0, 3.5, 4.0, 4.5, 5.0, 5.5, 6.0, 6.5, 7.0, 7.5, 8.0, 8.5, 9.0, 9.5, 10.0, 10.5, 11.0, 11.5, 12.0, 12.5, 13.0, 13.5, 14.0, 14.5, 15.0, 15.5, 16.0, 16.5, 17.0, 17.5, 18.0, 18.5, 19.0, 19.5, 20.0, 20.5, 21.0, 21.5, 22.0, 22.5, 23.0, 23.5, 24.0, 24.5, 25.0, 25.5, 26.0, 26.5
1BL8.pdb, 9, 9, 0.3736626228127965, 0.9844019667255046, 1.2470175274168858, -, -, -, 1.2874657603803084, 25.935111079056107, , R, 2.4231347144496413, 2.1991976400181916, 2.0277624659331397, 1.873236129182755, 1.7864053136864682, 1.773907602789858, 1.8366856410840091, 1.7966202714561827, 1.6936369878318818, 1.6553796608320286, 1.6822252672784859, 1.7794925638383643, 1.9469769095142375, 2.1750245741246657, 2.453220899429759, 2.57326508900968, 2.228307487665466, 1.921627370194599, 1.6643035170121854, 1.4761394524472835, 1.3375221141054343, 1.2795890732747313, 1.3098517338531517, 1.4110741577236574, 1.5903585967793497, 1.8352146701877285, 2.1159784384470495, 1.984184221348991, 1.7344402428146837, 1.538976315864116, 1.4108425784221397, 1.364846674949412, 1.3667724402062271, 1.3118614826532045, 1.2548010895964836, 1.247785709371247, 1.2673550497963708, 1.3106815749656695, 1.3254605121194305, 1.4262744056200667, 1.4289445364353224, 1.413377284136844, 1.399303796282239, 1.4453945056926356, 1.5045663132826181, 1.6152499020355484, 1.7983704604796311, 2.0427760353064164, 1.9770746768069256, 1.8355170174041326, 1.761707755561102, 1.6437608340465784, 1.6023643985262654, 1.6405278450476404
1BL8.pdb, 9, 9, 0.3736626228127965, 0.9844019667255046, 1.2470175274168858, -, -, -, 1.2874657603803084, 25.935111079056107, , Upper limit of R overestimation, -, -, -, -, -, -, -, -, -, -, -, -, -, -, -, -, -, -, -, -, -, -, -, -, -, -, -, -, -, -, -, -, -, -, -, -, -, -, -, -, -, -, -, -, -, -, -, -, -, -, -, -, -, -
1BL8.pdb, 10, 10, 0.3679331030652484, 0.9998541424869106, 1.1987248371787778, -, -, -, 1.5054313096535101, 34.14455927819039, , X, 82.56081512185777, 82.33720085843366, 82.27199616516555, 82.10730059736281, 81.92503489300516, 81.74132522428776, 81.55761555557038, 81.35482209828193, 81.17085635508575, 80.99737807586182, 80.78399290056058, 80.59791815168091, 80.41637329401885, 80.23482843635678, 80.05328357869472, 79.8814177022446, 79.70257905323092, 79.52374040421724, 79.34490175520355, 79.17067414111426, 79.00268312931462, 78.82157337803449, 78.64051344524003, 78.46173523368324, 78.28295702212645, 78.10417881056966, 77.90207932897066, 77.73087814334775, 77.54219761608704, 77.35351708882632, 77.1648365615656, 76.97615603430488, 76.78747550704416, 76.58783879019265, 76.52151964690107, 76.34626328958761, 76.15969659380767, 75.97312989802771, 75.78656320224776, 75.5999965064678, 75.43858476005643, 75.25483170579307, 75.0710786515297, 74.88732559726634, 74.70357254300298, 74.66400763756708, 74.70332471808803, 74.74264179860896, 74.6869396246499, 74.59077961978204, 74.47624619742444, 74.39448499330052, 74.14771771187094, 73.828002461287, 73.47432063295545, 73.10472474544983, 72.74384879213478, 72.38297283881973, 72.03648012476984, 71.77984768514135, 71.52321524551284, 71.26658280588434, 71.00995036625585, 70.81370104399139, 70.37431506477459, 70.17771097251573, 69.98026043392815, 69.78280989534058, 69.58535935675302, 69.38110500370045, 69.12987647248308
1BL8.pdb, 10, 10, 0.3679331030652484, 0.9998541424869106, 1.1987248371787778, -, -, -, 1.5054313096535101, 34.14455927819039, , Y, 26.438026024326703, 26.45303780625517, 26.404251461179484, 26.397652513499192, 26.398676316698683, 26.40032657949109, 26.401976842283492, 26.502344834589966, 26.48516654282357, 26.47078657360811, 26.463493373738, 26.463374460490193, 26.463337689224254, 26.463300917958318, 26.46326414669238, 26.460904923028306, 26.448632497777613, 26.43636007252692, 26.424087647276227, 26.42010270713484, 26.419155974619585, 26.427319651711244, 26.434997287552292, 26.42041389660168, 26.405830505651068, 26.39124711470045, 26.403302701354765, 26.44566703157441, 26.44744721161165, 26.449227391648893, 26.451007571686134, 26.452787751723378, 26.454567931760618, 26.564360338443823, 26.442121081339067, 26.423155418914735, 26.422244897487285, 26.421334376059832, 26.420423854632382, 26.41951333320493, 26.46306940908534, 26.461396028230936, 26.459722647376534, 26.45804926652213, 26.45637588566773, 26.776889403803416, 27.26990835397007, 27.76292730413672, 28.158171026747365, 28.597774232555466, 29.083443669442975, 29.363493230857763, 29.447948509262172, 29.73348692708482, 29.98932305771306, 30.191255104917133, 30.397698703144723, 30.604142301372313, 30.81385907711079, 31.044025253984557, 31.274191430858327, 31.504357607732096, 31.734523784605866, 32.04180516033503, 32.23964408675191, 32.69883992009136, 33.1577712588168, 33.61670259754224, 34.075633936267685, 34.531114919461466, 34.95719145857052
1BL8.pdb, 10, 10, 0.3679331030652484, 0.9998541424869106, 1.1987248371787778, -, -, -, 1.5054313096535101, 34.14455927819039, , Z, 46.28016970498183, 45.88751725329338, 45.45013847944894, 44.97808782132457, 44.512529495433675, 44.047504728079865, 43.582479960726054, 43.20783411641091, 42.74340160955445, 42.274681540512304, 41.8514185792933, 41.387462669796406, 40.92158557945569, 40.45570848911497, 39.98983139877425, 39.526518589185706, 39.0597572741676, 38.592995959149505, 38.1262346441314, 37.68923895565758, 37.224202352526014, 36.75822744722789, 36.29223666443381, 35.82551868129952, 35.35880069816523, 34.892082715030945, 34.45935507134215, 34.01769364475221, 33.55466395931978, 33.09163427388735, 32.62860458845493, 32.1655749030225, 31.70254521759007, 31.389728332517493, 30.992696622603926, 30.524977306417092, 30.061089346909107, 29.597201387401125, 29.13331342789314, 28.669425468385153, 28.209603566704775, 27.74459602392143, 27.27958848113809, 26.814580938354748, 26.349573395571404, 26.137578533696196, 26.21097118970402, 26.284363845711837, 26.57279516357614, 26.705184323436182, 26.716226418807775, 26.965465716134688, 27.358610541373523, 27.615402732864364, 27.85063107387925, 28.11633712798488, 28.3940952729056, 28.671853417826316, 28.961257761800063, 29.32342253362863, 29.685587305457197, 30.047752077285764, 30.40991684911433, 30.143036342276904, 30.133443079871416, 30.11170996401892, 30.091827530889375, 30.07194509775983, 30.052062664630288, 30.037423126144255, 30.110519007855988
1BL8.pdb, 10, 10, 0.3679331030652484, 0.9998541424869106, 1.1987248371787778, -, -, -, 1.5054313096535101, 34.14455927819039, , distance, 0.0, 0.452111313970713, 0.879493573723086, 1.3793921400576656, 1.8789137312026152, 2.378608382951021, 2.8784090865594467, 3.301181917293672, 3.8003863175529413, 4.299923730263972, 4.771957913191287, 5.2718297763583335, 5.771801734615091, 6.271778163847416, 6.771758073744269, 7.265775758315813, 7.765563829647863, 8.265377536116576, 8.765212492389788, 9.23566284866986, 9.729912848729976, 10.229830292099935, 10.729752132803869, 11.229536684283172, 11.729339600161374, 12.229158628792339, 12.705773628549963, 13.17940320079308, 13.679367928046826, 14.179335142829425, 14.679304590970203, 15.179276051784555, 15.679249332735338, 16.044240427154936, 16.43715120839841, 16.93655700331888, 17.43654596288299, 17.936535537968094, 18.436525678496306, 18.936516339678615, 19.423494872332586, 19.92348944133316, 20.423484276251624, 20.923479358024586, 21.423474669368282, 21.63789213226311, 21.56860942901363, 21.510728706280915, 21.291721994477772, 21.24537669506052, 21.333222122212117, 21.173216485027922, 20.925229809423282, 20.8685314684498, 20.852433595901783, 20.818962212928874, 20.78373147998366, 20.76048652707271, 20.73292678163051, 20.614940271762695, 20.508468296882523, 20.41369102735043, 20.330772017708018, 20.73171731741713, 21.04486484845166, 21.30629365718004, 21.575165228056555, 21.852170597674984, 22.13700442792206, 22.428322788107714, 22.680914804441723
1BL8.pdb, 10, 10, 0.3679331030652484, 0.9998541424869106, 1.1987248371787778, -, -, -, 1.5054313096535101, 34.14455927819039, , length, 0.0, 0.5, 1.0, 1.5, 2.0, 2.5, 3.0, 3.5, 4.0, 4.5, 5.0, 5.5, 6.0, 6.5, 7.0, 7.5, 8.0, 8.5, 9.0, 9.5, 10.0, 10.5, 11.0, 11.5, 12.0, 12.5, 13.0, 13.5, 14.0, 14.5, 15.0, 15.5, 16.0, 16.5, 17.0, 17.5, 18.0, 18.5, 19.0, 19.5, 20.0, 20.5, 21.0, 21.5, 22.0, 22.5, 23.0, 23.5, 24.0, 24.5, 25.0, 25.5, 26.0, 26.5, 27.0, 27.5, 28.0, 28.5, 29.0, 29.5, 30.0, 30.5, 31.0, 31.5, 32.0, 32.5, 33.0, 33.5, 34.0, 34.5, 35.0
1BL8.pdb, 10, 10, 0.3679331030652484, 0.9998541424869106, 1.1987248371787778, -, -, -, 1.5054313096535101, 34.14455927819039, , R, 2.4231347144496413, 2.1991976400181916, 2.0277624659331397, 1.873236129182755, 1.7864053136864682, 1.773907602789858, 1.8366856410840091, 1.7966202714561827, 1.6936369878318818, 1.6553796608320286, 1.6822252672784859, 1.7794925638383643, 1.9469769095142375, 2.1750245741246657, 2.453220899429759, 2.57326508900968, 2.228307487665466, 1.921627370194599, 1.6643035170121854, 1.4761394524472835, 1.3375221141054343, 1.2795890732747313, 1.3098517338531517, 1.4110741577236574, 1.5903585967793497, 1.8352146701877285, 2.1159784384470495, 1.850167604996125, 1.5809973970286184, 1.373845197482273, 1.242697087558477, 1.1985750620898883, 1.245647399584768, 1.3314849972159348, 1.456410105081646, 1.672968638773611, 1.9482422372350214, 2.269770402556083, 2.626807831578317, 3.0109679628075514, 3.326529604672635, 3.5918219605884043, 3.89041572381822, 4.217113634252421, 4.567392495979755, 4.544197201622904, 4.255774860992059, 3.9976682384467925, 3.7556229185832772, 3.473488731551282, 3.1642917557977994, 2.883338051440471, 2.782215799635549, 2.4958813075180664, 2.2707669066041167, 2.0602742975382182, 1.8978329463311487, 1.8033717896799435, 1.7685642553505603, 1.7205580858482832, 1.7492168104828916, 1.8525866037999936, 2.024136318811465, 2.0349048234777807, 1.9442991374235095, 1.7068975042146635, 1.5324318355689446, 1.4332715281332953, 1.4170538515612567, 1.4767791463733606, 1.5485687254337543
1BL8.pdb, 10, 10, 0.3679331030652484, 0.9998541424869106, 1.1987248371787778, -, -, -, 1.5054313096535101, 34.14455927819039, , Upper limit of R overestimation, -, -, -, -, -, -, -, -, -, -, -, -, -, -, -, -, -, -, -, -, -, -, -, -, -, -, -, -, -, -, -, -, -, -, -, -, -, -, -, -, -, -, -, -, -, -, -, -, -, -, -, -, -, -, -, -, -, -, -, -, -, -, -, -, -, -, -, -, -, -, -
1BL8.pdb, 11, 11, 0.332717140923125, 1.1004625766262233, 0.9608768710574225, -, -, -, 1.3642178688063842, 41.4844253583745, , X, 82.56081512185777, 82.33720085843366, 82.27199616516555, 82.10730059736281, 81.92503489300516, 81.74132522428776, 81.55761555557038, 81.35482209828193, 81.17085635508575, 80.99737807586182, 80.78399290056058, 80.59791815168091, 80.41637329401885, 80.23482843635678, 80.05328357869472, 79.8814177022446, 79.70257905323092, 79.52374040421724, 79.34490175520355, 79.17067414111426, 79.00268312931462, 78.82157337803449, 78.64051344524003, 78.46173523368324, 78.28295702212645, 78.10417881056966, 77.90207932897066, 77.73087814334775, 77.54219761608704, 77.35351708882632, 77.1648365615656, 76.97615603430488, 76.78747550704416, 76.58783879019265, 76.52151964690107, 76.34626328958761, 76.15969659380767, 75.97312989802771, 75.78656320224776, 75.5999965064678, 75.43858476005643, 75.25483170579307, 75.0710786515297, 74.88732559726634, 74.70357254300298, 74.58006256469116, 74.3987524934589, 74.21744242222663, 74.14893339438791, 74.07594273251314, 73.69170599182522, 73.2092789361666, 72.72685188050797, 72.24442482484935, 71.76199776919071, 71.2795707135321, 70.82821192201091, 70.39168333727797, 69.91079245256543, 69.42990156785291, 68.94490831688034, 68.73706691517405, 68.51941256362073, 68.28880159579641, 67.8398211511604, 67.52175239156207, 67.2235402623145, 66.84358796625925, 66.44368702563729, 66.01074532875305, 65.53657120977114, 65.04437545897314, 64.55102652813866, 64.138936786363, 63.80692928653573, 63.42827986356082, 62.97121299741084, 62.61194786812103, 62.272443294034396, 62.06202062061684, 61.89429797564217, 61.7265753306675, 61.55885268569283, 61.35429026198126, 61.135796968110014, 60.899793212636695, 60.65127305638405
1BL8.pdb, 11, 11, 0.332717140923125, 1.1004625766262233, 0.9608768710574225, -, -, -, 1.3642178688063842, 41.4844253583745, , Y, 26.438026024326703, 26.45303780625517, 26.404251461179484, 26.397652513499192, 26.398676316698683, 26.40032657949109, 26.401976842283492, 26.502344834589966, 26.48516654282357, 26.47078657360811, 26.463493373738, 26.463374460490193, 26.463337689224254, 26.463300917958318, 26.46326414669238, 26.460904923028306, 26.448632497777613, 26.43636007252692, 26.424087647276227, 26.42010270713484, 26.419155974619585, 26.427319651711244, 26.434997287552292, 26.42041389660168, 26.405830505651068, 26.39124711470045, 26.403302701354765, 26.44566703157441, 26.44744721161165, 26.449227391648893, 26.451007571686134, 26.452787751723378, 26.454567931760618, 26.564360338443823, 26.442121081339067, 26.423155418914735, 26.422244897487285, 26.421334376059832, 26.420423854632382, 26.41951333320493, 26.46306940908534, 26.461396028230936, 26.459722647376534, 26.45804926652213, 26.45637588566773, 26.59185253648466, 26.59855161572547, 26.60525069496628, 26.607092070316376, 26.60364998518291, 26.564115425075553, 26.574683371678162, 26.585251318280775, 26.595819264883385, 26.606387211485995, 26.616955158088608, 26.515525209996337, 26.40514203607422, 26.28861145348911, 26.172080870904, 26.087487682848394, 25.758330598626006, 25.40853280856178, 24.98021917888453, 24.836467609797545, 24.63638740672666, 24.354350168008633, 24.322233827274086, 24.39101776574256, 24.6305393075671, 24.618650382820825, 24.53617232094305, 24.458441849851994, 24.411816197035897, 24.075922691248344, 23.810339201817346, 23.729427532748737, 23.605966974269446, 23.386805421665894, 22.96172636245605, 22.498285337490106, 22.034844312524164, 21.571403287558223, 21.17198508319486, 20.8018162815019, 20.56899455623428, 20.33631765749605
1BL8.pdb, 11, 11, 0.332717140923125, 1.1004625766262233, 0.9608768710574225, -, -, -, 1.3642178688063842, 41.4844253583745, , Z, 46.28016970498183, 45.88751725329338, 45.45013847944894, 44.97808782132457, 44.512529495433675, 44.047504728079865, 43.582479960726054, 43.20783411641091, 42.74340160955445, 42.274681540512304, 41.8514185792933, 41.387462669796406, 40.92158557945569, 40.45570848911497, 39.98983139877425, 39.526518589185706, 39.0597572741676, 38.592995959149505, 38.1262346441314, 37.68923895565758, 37.224202352526014, 36.75822744722789, 36.29223666443381, 35.82551868129952, 35.35880069816523, 34.892082715030945, 34.45935507134215, 34.01769364475221, 33.55466395931978, 33.09163427388735, 32.62860458845493, 32.1655749030225, 31.70254521759007, 31.389728332517493, 30.992696622603926, 30.524977306417092, 30.061089346909107, 29.597201387401125, 29.13331342789314, 28.669425468385153, 28.209603566704775, 27.74459602392143, 27.27958848113809, 26.814580938354748, 26.349573395571404, 25.93237862996345, 25.46645827152536, 25.000537913087275, 24.548532605412053, 24.159632785527084, 24.060056914034117, 24.19102429345798, 24.32199167288184, 24.4529590523057, 24.583926431729562, 24.714893811153424, 24.75446223982808, 24.821420579220383, 24.893285593815605, 24.965150608410827, 25.02299207651474, 24.773702862845315, 24.570070980004676, 24.454459492029518, 24.32911183614735, 24.114676011508912, 24.022647229293803, 24.30375012542988, 24.389670914404057, 24.460570527121277, 24.452401812349535, 24.423342816301176, 24.399577162334783, 24.43966417785964, 24.28700180751658, 24.227815021523966, 24.357020559121683, 24.623840558915802, 24.763738846090313, 24.664240018015434, 24.74845124494639, 24.83266247187735, 24.916873698808303, 25.12503441457878, 25.357870273369713, 25.730913536023824, 26.094902240060865
1BL8.pdb, 11, 11, 0.332717140923125, 1.1004625766262233, 0.9608768710574225, -, -, -, 1.3642178688063842, 41.4844253583745, , distance, 0.0, 0.452111313970713, 0.879493573723086, 1.3793921400576656, 1.8789137312026152, 2.378608382951021, 2.8784090865594467, 3.301181917293672, 3.8003863175529413, 4.299923730263972, 4.771957913191287, 5.2718297763583335, 5.771801734615091, 6.271778163847416, 6.771758073744269, 7.265775758315813, 7.765563829647863, 8.265377536116576, 8.765212492389788, 9.23566284866986, 9.729912848729976, 10.229830292099935, 10.729752132803869, 11.229536684283172, 11.729339600161374, 12.229158628792339, 12.705773628549963, 13.17940320079308, 13.679367928046826, 14.179335142829425, 14.679304590970203, 15.179276051784555, 15.679249332735338, 16.044240427154936, 16.43715120839841, 16.93655700331888, 17.43654596288299, 17.936535537968094, 18.436525678496306, 18.936516339678615, 19.423494872332586, 19.92348944133316, 20.423484276251624, 20.923479358024586, 21.423474669368282, 21.857462698290526, 22.357451072306876, 22.8574399549475, 23.303484472332578, 23.692586274293337, 23.925099952557066, 23.987501939016532, 24.060134887585264, 24.142906460144214, 24.235712778413372, 24.338439050444972, 24.515629011800048, 24.66914598824859, 24.848424703229036, 25.036406624644926, 25.24645313660671, 25.57510735823854, 25.875649339331108, 26.118522109538805, 26.4787007687571, 26.8463856075559, 27.110348797961613, 27.101122183745577, 27.26070428622449, 27.445705067831522, 27.741421370898664, 28.074251327761274, 28.408301052889932, 28.64400128041186, 28.999779313755624, 29.31322211105752, 29.524794421881126, 29.57996712731389, 29.730199721757305, 29.992226519134963, 30.103843400412682, 30.223320852911538, 30.35056604545466, 30.41360933827969, 30.47196870337673, 30.428889720505303, 30.408944426648727
1BL8.pdb, 11, 11, 0.332717140923125, 1.1004625766262233, 0.9608768710574225, -, -, -, 1.3642178688063842, 41.4844253583745, , length, 0.0, 0.5, 1.0, 1.5, 2.0, 2.5, 3.0, 3.5, 4.0, 4.5, 5.0, 5.5, 6.0, 6.5, 7.0, 7.5, 8.0, 8.5, 9.0, 9.5, 10.0, 10.5, 11.0, 11.5, 12.0, 12.5, 13.0, 13.5, 14.0, 14.5, 15.0, 15.5, 16.0, 16.5, 17.0, 17.5, 18.0, 18.5, 19.0, 19.5, 20.0, 20.5, 21.0, 21.5, 22.0, 22.5, 23.0, 23.5, 24.0, 24.5, 25.0, 25.5, 26.0, 26.5, 27.0, 27.5, 28.0, 28.5, 29.0, 29.5, 30.0, 30.5, 31.0, 31.5, 32.0, 32.5, 33.0, 33.5, 34.0, 34.5, 35.0, 35.5, 36.0, 36.5, 37.0, 37.5, 38.0, 38.5, 39.0, 39.5, 40.0, 40.5, 41.0, 41.5, 42.0, 42.5, 43.0
1BL8.pdb, 11, 11, 0.332717140923125, 1.1004625766262233, 0.9608768710574225, -, -, -, 1.3642178688063842, 41.4844253583745, , R, 2.4231347144496413, 2.1991976400181916, 2.0277624659331397, 1.873236129182755, 1.7864053136864682, 1.773907602789858, 1.8366856410840091, 1.7966202714561827, 1.6936369878318818, 1.6553796608320286, 1.6822252672784859, 1.7794925638383643, 1.9469769095142375, 2.1750245741246657, 2.453220899429759, 2.57326508900968, 2.228307487665466, 1.921627370194599, 1.6643035170121854, 1.4761394524472835, 1.3375221141054343, 1.2795890732747313, 1.3098517338531517, 1.4110741577236574, 1.5903585967793497, 1.8352146701877285, 2.1159784384470495, 1.850167604996125, 1.5809973970286184, 1.373845197482273, 1.242697087558477, 1.1985750620898883, 1.245647399584768, 1.3314849972159348, 1.456410105081646, 1.672968638773611, 1.9482422372350214, 2.269770402556083, 2.626807831578317, 3.0109679628075514, 3.326529604672635, 3.5918219605884043, 3.89041572381822, 4.217113634252421, 4.567392495979755, 4.612216882430484, 4.510716619624926, 4.449506009652307, 4.360217082539245, 4.316051389543013, 4.395472696650517, 4.067652150793785, 3.7668606839714402, 3.4979612618249276, 3.2663320568707124, 3.077609584564662, 2.8658958960033476, 2.6682615451457665, 2.495951821625067, 2.3805388469646886, 2.300106024963583, 2.197221552507781, 2.0510796345864275, 1.863056208988775, 1.6824881603664341, 1.480005673492926, 1.2275536882516125, 1.2406443270755583, 1.1306586548716893, 1.062214206868874, 0.9880478571998634, 0.9636010361633143, 1.0365864643042997, 1.1279145267736639, 1.2873538068892212, 1.4867163835982171, 1.6831545925540872, 1.772015603251416, 1.9502907733838262, 2.170957767224887, 2.319147252910085, 2.5241233932233533, 2.7777687710840957, 2.9454151277105107, 3.1157898745569965, 3.155228385453953, 3.2286504129308917
1BL8.pdb, 11, 11, 0.332717140923125, 1.1004625766262233, 0.9608768710574225, -, -, -, 1.3642178688063842, 41.4844253583745, , Upper limit of R overestimation, -, -, -, -, -, -, -, -, -, -, -, -, -, -, -, -, -, -, -, -, -, -, -, -, -, -, -, -, -, -, -, -, -, -, -, -, -, -, -, -, -, -, -, -, -, -, -, -, -, -, -, -, -, -, -, -, -, -, -, -, -, -, -, -, -, -, -, -, -, -, -, -, -, -, -, -, -, -, -, -, -, -, -, -, -, -, -
1BL8.pdb, 12, 12, 0.32207821392303737, 1.1329608625511467, 0.8809035672997152, -, -, -, 1.3021589123206363, 39.67326157905603, , X, 82.56081512185777, 82.33720085843366, 82.27199616516555, 82.10730059736281, 81.92503489300516, 81.74132522428776, 81.55761555557038, 81.35482209828193, 81.17085635508575, 80.99737807586182, 80.78399290056058, 80.59791815168091, 80.41637329401885, 80.23482843635678, 80.05328357869472, 79.8814177022446, 79.70257905323092, 79.52374040421724, 79.34490175520355, 79.17067414111426, 79.00268312931462, 78.82157337803449, 78.64051344524003, 78.46173523368324, 78.28295702212645, 78.10417881056966, 77.90207932897066, 77.73087814334775, 77.54219761608704, 77.35351708882632, 77.1648365615656, 76.97615603430488, 76.78747550704416, 76.58783879019265, 76.52151964690107, 76.34626328958761, 76.15969659380767, 75.97312989802771, 75.78656320224776, 75.5999965064678, 75.43858476005643, 75.25483170579307, 75.0710786515297, 74.88732559726634, 74.70357254300298, 74.58006256469116, 74.3987524934589, 74.21744242222663, 74.14893339438791, 74.07594273251314, 73.7746178043407, 73.57331554770505, 73.53657652287485, 73.54165804276366, 73.54673956265246, 73.5532846632112, 73.57216314668472, 73.61854077675747, 73.71785095677737, 73.75352787941262, 73.82515224072037, 73.89802798907077, 73.8993601929765, 73.75763816404564, 73.79526838689367, 74.07430237788186, 74.31224666680906, 74.42854846064476, 74.53585804344394, 74.63780586704547, 74.68700049830463, 74.89784579394244, 75.14082802542868, 75.09250101312422, 75.04417400081975, 75.08833045839648, 75.10124383817654, 75.34754751536191, 75.62138283340475, 75.81921635476648, 75.93508417123236, 76.37444902594561, 76.87003248582387
1BL8.pdb, 12, 12, 0.32207821392303737, 1.1329608625511467, 0.8809035672997152, -, -, -, 1.3021589123206363, 39.67326157905603, , Y, 26.438026024326703, 26.45303780625517, 26.404251461179484, 26.397652513499192, 26.398676316698683, 26.40032657949109, 26.401976842283492, 26.502344834589966, 26.48516654282357, 26.47078657360811, 26.463493373738, 26.463374460490193, 26.463337689224254, 26.463300917958318, 26.46326414669238, 26.460904923028306, 26.448632497777613, 26.43636007252692, 26.424087647276227, 26.42010270713484, 26.419155974619585, 26.427319651711244, 26.434997287552292, 26.42041389660168, 26.405830505651068, 26.39124711470045, 26.403302701354765, 26.44566703157441, 26.44744721161165, 26.449227391648893, 26.451007571686134, 26.452787751723378, 26.454567931760618, 26.564360338443823, 26.442121081339067, 26.423155418914735, 26.422244897487285, 26.421334376059832, 26.420423854632382, 26.41951333320493, 26.46306940908534, 26.461396028230936, 26.459722647376534, 26.45804926652213, 26.45637588566773, 26.59185253648466, 26.59855161572547, 26.60525069496628, 26.607092070316376, 26.60364998518291, 26.61461692845935, 26.58851115224678, 26.112219644661234, 25.614138586850608, 25.116057529039985, 24.617715262869698, 24.11883093954377, 23.673360854187628, 23.193202268419654, 22.8010322846117, 22.32587523953569, 21.851980158437776, 21.427525266791125, 21.01623514382447, 20.803568072451156, 20.84403074792031, 20.574494039246947, 20.11846074440648, 19.687443476736433, 19.232783237591384, 18.78768876303912, 18.544646400499573, 18.32244997625679, 17.863329134151694, 17.404208292046594, 16.99702761060297, 16.515048267581506, 16.104903274701535, 15.705836828196711, 15.325642509371198, 14.962867424593119, 14.863071527124685, 14.865748927194398
1BL8.pdb, 12, 12, 0.32207821392303737, 1.1329608625511467, 0.8809035672997152, -, -, -, 1.3021589123206363, 39.67326157905603, , Z, 46.28016970498183, 45.88751725329338, 45.45013847944894, 44.97808782132457, 44.512529495433675, 44.047504728079865, 43.582479960726054, 43.20783411641091, 42.74340160955445, 42.274681540512304, 41.8514185792933, 41.387462669796406, 40.92158557945569, 40.45570848911497, 39.98983139877425, 39.526518589185706, 39.0597572741676, 38.592995959149505, 38.1262346441314, 37.68923895565758, 37.224202352526014, 36.75822744722789, 36.29223666443381, 35.82551868129952, 35.35880069816523, 34.892082715030945, 34.45935507134215, 34.01769364475221, 33.55466395931978, 33.09163427388735, 32.62860458845493, 32.1655749030225, 31.70254521759007, 31.389728332517493, 30.992696622603926, 30.524977306417092, 30.061089346909107, 29.597201387401125, 29.13331342789314, 28.669425468385153, 28.209603566704775, 27.74459602392143, 27.27958848113809, 26.814580938354748, 26.349573395571404, 25.93237862996345, 25.46645827152536, 25.000537913087275, 24.548532605412053, 24.159632785527084, 23.891312951731194, 23.46769787305545, 23.506086680568348, 23.549554346779797, 23.593022012991245, 23.632739261301488, 23.640663763139052, 23.68188589651095, 23.58398175636502, 23.385015516000564, 23.246828203334413, 23.105222784844223, 22.881924875049823, 22.63543897024836, 22.306068263572005, 21.914583677480632, 21.577102285500832, 21.40826056450882, 21.24625105064186, 21.06489309464467, 20.848567456187283, 20.54461859188356, 20.23249489917055, 20.04047262903912, 19.848450358907687, 19.61231305242271, 19.53353133750993, 19.413774371123736, 19.28823477630842, 19.069188242155192, 18.74519921923669, 18.666736078705004, 18.676663633179857
1BL8.pdb, 12, 12, 0.32207821392303737, 1.1329608625511467, 0.8809035672997152, -, -, -, 1.3021589123206363, 39.67326157905603, , distance, 0.0, 0.452111313970713, 0.879493573723086, 1.3793921400576656, 1.8789137312026152, 2.378608382951021, 2.8784090865594467, 3.301181917293672, 3.8003863175529413, 4.299923730263972, 4.771957913191287, 5.2718297763583335, 5.771801734615091, 6.271778163847416, 6.771758073744269, 7.265775758315813, 7.765563829647863, 8.265377536116576, 8.765212492389788, 9.23566284866986, 9.729912848729976, 10.229830292099935, 10.729752132803869, 11.229536684283172, 11.729339600161374, 12.229158628792339, 12.705773628549963, 13.17940320079308, 13.679367928046826, 14.179335142829425, 14.679304590970203, 15.179276051784555, 15.679249332735338, 16.044240427154936, 16.43715120839841, 16.93655700331888, 17.43654596288299, 17.936535537968094, 18.436525678496306, 18.936516339678615, 19.423494872332586, 19.92348944133316, 20.423484276251624, 20.923479358024586, 21.423474669368282, 21.857462698290526, 22.357451072306876, 22.8574399549475, 23.303484472332578, 23.692586274293337, 24.051805636320594, 24.519516011772232, 24.499018137290367, 24.468446200965328, 24.448063916960518, 24.44085190685998, 24.46879154071157, 24.459968827744166, 24.57323429731491, 24.798873308497097, 24.9751158311879, 25.162548804586798, 25.448060445694995, 25.806298309143475, 26.14076253473303, 26.400671661336272, 26.69571929784065, 26.91992813267143, 27.141617196370696, 27.395250935216108, 27.700018228846286, 27.98830348380041, 28.273665236266698, 28.597602085180537, 28.926554308319687, 29.259956536793418, 29.487172724042253, 29.675037549376338, 29.86469749756882, 30.155791044013363, 30.557391498129732, 30.573720966178527, 30.467296428784195
1BL8.pdb, 12, 12, 0.32207821392303737, 1.1329608625511467, 0.8809035672997152, -, -, -, 1.3021589123206363, 39.67326157905603, , length, 0.0, 0.5, 1.0, 1.5, 2.0, 2.5, 3.0, 3.5, 4.0, 4.5, 5.0, 5.5, 6.0, 6.5, 7.0, 7.5, 8.0, 8.5, 9.0, 9.5, 10.0, 10.5, 11.0, 11.5, 12.0, 12.5, 13.0, 13.5, 14.0, 14.5, 15.0, 15.5, 16.0, 16.5, 17.0, 17.5, 18.0, 18.5, 19.0, 19.5, 20.0, 20.5, 21.0, 21.5, 22.0, 22.5, 23.0, 23.5, 24.0, 24.5, 25.0, 25.5, 26.0, 26.5, 27.0, 27.5, 28.0, 28.5, 29.0, 29.5, 30.0, 30.5, 31.0, 31.5, 32.0, 32.5, 33.0, 33.5, 34.0, 34.5, 35.0, 35.5, 36.0, 36.5, 37.0, 37.5, 38.0, 38.5, 39.0, 39.5, 40.0, 40.5, 41.0
1BL8.pdb, 12, 12, 0.32207821392303737, 1.1329608625511467, 0.8809035672997152, -, -, -, 1.3021589123206363, 39.67326157905603, , R, 2.4231347144496413, 2.1991976400181916, 2.0277624659331397, 1.873236129182755, 1.7864053136864682, 1.773907602789858, 1.8366856410840091, 1.7966202714561827, 1.6936369878318818, 1.6553796608320286, 1.6822252672784859, 1.7794925638383643, 1.9469769095142375, 2.1750245741246657, 2.453220899429759, 2.57326508900968, 2.228307487665466, 1.921627370194599, 1.6643035170121854, 1.4761394524472835, 1.3375221141054343, 1.2795890732747313, 1.3098517338531517, 1.4110741577236574, 1.5903585967793497, 1.8352146701877285, 2.1159784384470495, 1.850167604996125, 1.5809973970286184, 1.373845197482273, 1.242697087558477, 1.1985750620898883, 1.245647399584768, 1.3314849972159348, 1.456410105081646, 1.672968638773611, 1.9482422372350214, 2.269770402556083, 2.626807831578317, 3.0109679628075514, 3.326529604672635, 3.5918219605884043, 3.89041572381822, 4.217113634252421, 4.567392495979755, 4.612216882430484, 4.510716619624926, 4.449506009652307, 4.360217082539245, 4.316051389543013, 4.4647204022085045, 4.5235980918592436, 4.22054417225937, 3.8975673422893755, 3.6031069111252942, 3.340369923770606, 3.100093810804625, 2.9009171335207653, 2.655460690740623, 2.516454446878569, 2.3714341473412475, 2.2855679945619105, 2.15197142536174, 1.9530527147559638, 1.8418089474370918, 1.812080474144723, 1.634350286054008, 1.3805286271132378, 1.2010197144087074, 1.0791707609912415, 0.9935207928266139, 0.9108342721158031, 0.8932386058700388, 0.9997570742701578, 1.195627157362995, 1.4359276576716113, 1.6436617137030942, 1.8078006011785832, 2.0234720499225527, 2.2139919419412335, 2.3768828555636126, 2.5233018163092393, 2.682195547885138
1BL8.pdb, 12, 12, 0.32207821392303737, 1.1329608625511467, 0.8809035672997152, -, -, -, 1.3021589123206363, 39.67326157905603, , Upper limit of R overestimation, -, -, -, -, -, -, -, -, -, -, -, -, -, -, -, -, -, -, -, -, -, -, -, -, -, -, -, -, -, -, -, -, -, -, -, -, -, -, -, -, -, -, -, -, -, -, -, -, -, -, -, -, -, -, -, -, -, -, -, -, -, -, -, -, -, -, -, -, -, -, -, -, -, -, -, -, -, -, -, -, -, -, -
1BL8.pdb, 13, 13, 0.3129495750406663, 1.1617132035268196, 0.9467949035502392, -, -, -, 1.3100459172618721, 39.99405302942155, , X, 82.56081512185777, 82.33720085843366, 82.27199616516555, 82.10730059736281, 81.92503489300516, 81.74132522428776, 81.55761555557038, 81.35482209828193, 81.17085635508575, 80.99737807586182, 80.78399290056058, 80.59791815168091, 80.41637329401885, 80.23482843635678, 80.05328357869472, 79.8814177022446, 79.70257905323092, 79.52374040421724, 79.34490175520355, 79.17067414111426, 79.00268312931462, 78.82157337803449, 78.64051344524003, 78.46173523368324, 78.28295702212645, 78.10417881056966, 77.90207932897066, 77.73087814334775, 77.54219761608704, 77.35351708882632, 77.1648365615656, 76.97615603430488, 76.78747550704416, 76.58783879019265, 76.52151964690107, 76.34626328958761, 76.15969659380767, 75.97312989802771, 75.78656320224776, 75.5999965064678, 75.43858476005643, 75.25483170579307, 75.0710786515297, 74.88732559726634, 74.70357254300298, 74.58006256469116, 74.3987524934589, 74.21744242222663, 74.14893339438791, 74.10304220426963, 74.52718686794282, 74.8121152122548, 75.09704355656676, 75.47286395527252, 75.95069668773598, 76.37966296849717, 76.78277776778269, 77.18595298391199, 77.58912820004129, 77.970082844285, 77.95086243217708, 78.10381869540828, 78.38117891220149, 78.53278850254625, 78.9057292821412, 79.28761900353445, 79.66950872492771, 80.0261191331341, 80.36667756014272, 80.70723598715135, 80.99882989480912, 81.23721392398477, 81.5168320568045, 81.9373082781571, 82.31326561793419, 82.68309514997613, 82.8942438114786, 83.07529468248482, 83.24833234744686, 83.45892693434823, 83.77481947780952, 84.10770800887367, 84.5442183160145
1BL8.pdb, 13, 13, 0.3129495750406663, 1.1617132035268196, 0.9467949035502392, -, -, -, 1.3100459172618721, 39.99405302942155, , Y, 26.438026024326703, 26.45303780625517, 26.404251461179484, 26.397652513499192, 26.398676316698683, 26.40032657949109, 26.401976842283492, 26.502344834589966, 26.48516654282357, 26.47078657360811, 26.463493373738, 26.463374460490193, 26.463337689224254, 26.463300917958318, 26.46326414669238, 26.460904923028306, 26.448632497777613, 26.43636007252692, 26.424087647276227, 26.42010270713484, 26.419155974619585, 26.427319651711244, 26.434997287552292, 26.42041389660168, 26.405830505651068, 26.39124711470045, 26.403302701354765, 26.44566703157441, 26.44744721161165, 26.449227391648893, 26.451007571686134, 26.452787751723378, 26.454567931760618, 26.564360338443823, 26.442121081339067, 26.423155418914735, 26.422244897487285, 26.421334376059832, 26.420423854632382, 26.41951333320493, 26.46306940908534, 26.461396028230936, 26.459722647376534, 26.45804926652213, 26.45637588566773, 26.59185253648466, 26.59855161572547, 26.60525069496628, 26.607092070316376, 26.602670467366075, 26.58392574977033, 26.57062657144535, 26.557327393120364, 26.54331069075866, 26.528488678163836, 26.596747862906476, 26.722647272533035, 26.848548794776487, 26.97445031701994, 27.106703836310647, 27.44100061882769, 27.569062588575672, 27.53331150223953, 27.89159031043258, 28.06659385474765, 28.23418714804897, 28.40178044135029, 28.534150976711977, 28.62510115704559, 28.716051337379206, 28.895245272385868, 29.181298307573993, 29.399882811977932, 29.510367558290003, 29.797401615519078, 30.08560756971367, 30.524092542284947, 30.987613575133448, 31.454734141624343, 31.899777517986642, 32.2610933908449, 32.55144281850353, 32.74635911123814
1BL8.pdb, 13, 13, 0.3129495750406663, 1.1617132035268196, 0.9467949035502392, -, -, -, 1.3100459172618721, 39.99405302942155, , Z, 46.28016970498183, 45.88751725329338, 45.45013847944894, 44.97808782132457, 44.512529495433675, 44.047504728079865, 43.582479960726054, 43.20783411641091, 42.74340160955445, 42.274681540512304, 41.8514185792933, 41.387462669796406, 40.92158557945569, 40.45570848911497, 39.98983139877425, 39.526518589185706, 39.0597572741676, 38.592995959149505, 38.1262346441314, 37.68923895565758, 37.224202352526014, 36.75822744722789, 36.29223666443381, 35.82551868129952, 35.35880069816523, 34.892082715030945, 34.45935507134215, 34.01769364475221, 33.55466395931978, 33.09163427388735, 32.62860458845493, 32.1655749030225, 31.70254521759007, 31.389728332517493, 30.992696622603926, 30.524977306417092, 30.061089346909107, 29.597201387401125, 29.13331342789314, 28.669425468385153, 28.209603566704775, 27.74459602392143, 27.27958848113809, 26.814580938354748, 26.349573395571404, 25.93237862996345, 25.46645827152536, 25.000537913087275, 24.548532605412053, 24.156404689846074, 23.97726013386269, 23.56660337881839, 23.155946623774085, 22.869764128225768, 22.723284820031292, 22.496849448476237, 22.229181658220917, 21.96160260112586, 21.694023544030802, 21.417908419272806, 21.055792724676458, 20.666500499427258, 20.25831037165899, 19.94422307851382, 19.666922840231862, 19.39110998930827, 19.115297138384676, 18.796435218925506, 18.441825542674703, 18.0872158664239, 17.74137699778097, 17.40799012506044, 17.119125531399042, 16.913382013858804, 16.75145468856885, 16.577945486928712, 16.51029156377757, 16.462318099563184, 16.41923280200458, 16.447078339605937, 16.381792078541093, 16.32971125672894, 16.476225387741685
1BL8.pdb, 13, 13, 0.3129495750406663, 1.1617132035268196, 0.9467949035502392, -, -, -, 1.3100459172618721, 39.99405302942155, , distance, 0.0, 0.452111313970713, 0.879493573723086, 1.3793921400576656, 1.8789137312026152, 2.378608382951021, 2.8784090865594467, 3.301181917293672, 3.8003863175529413, 4.299923730263972, 4.771957913191287, 5.2718297763583335, 5.771801734615091, 6.271778163847416, 6.771758073744269, 7.265775758315813, 7.765563829647863, 8.265377536116576, 8.765212492389788, 9.23566284866986, 9.729912848729976, 10.229830292099935, 10.729752132803869, 11.229536684283172, 11.729339600161374, 12.229158628792339, 12.705773628549963, 13.17940320079308, 13.679367928046826, 14.179335142829425, 14.679304590970203, 15.179276051784555, 15.679249332735338, 16.044240427154936, 16.43715120839841, 16.93655700331888, 17.43654596288299, 17.936535537968094, 18.436525678496306, 18.936516339678615, 19.423494872332586, 19.92348944133316, 20.423484276251624, 20.923479358024586, 21.423474669368282, 21.857462698290526, 22.357451072306876, 22.8574399549475, 23.303484472332578, 23.685903169671533, 23.70612252118644, 23.999292248881073, 24.299214224021807, 24.46011500114205, 24.46688935454744, 24.573932468950627, 24.736951124693075, 24.908841360684093, 25.089519822387985, 25.29138171590184, 25.661777332890804, 26.023145678926408, 26.378138150491928, 26.681827753958245, 26.912391093288285, 27.147035565682614, 27.38879854339673, 27.679849798568373, 28.01019355475691, 28.345507599593013, 28.686938028781174, 29.03239942971082, 29.329660645229435, 29.53364627981029, 29.720223680856197, 29.925606544145857, 30.050836241648796, 30.1673285271256, 30.28721831058822, 30.342225933854905, 30.48433868110855, 30.607134850615246, 30.528741399395486
1BL8.pdb, 13, 13, 0.3129495750406663, 1.1617132035268196, 0.9467949035502392, -, -, -, 1.3100459172618721, 39.99405302942155, , length, 0.0, 0.5, 1.0, 1.5, 2.0, 2.5, 3.0, 3.5, 4.0, 4.5, 5.0, 5.5, 6.0, 6.5, 7.0, 7.5, 8.0, 8.5, 9.0, 9.5, 10.0, 10.5, 11.0, 11.5, 12.0, 12.5, 13.0, 13.5, 14.0, 14.5, 15.0, 15.5, 16.0, 16.5, 17.0, 17.5, 18.0, 18.5, 19.0, 19.5, 20.0, 20.5, 21.0, 21.5, 22.0, 22.5, 23.0, 23.5, 24.0, 24.5, 25.0, 25.5, 26.0, 26.5, 27.0, 27.5, 28.0, 28.5, 29.0, 29.5, 30.0, 30.5, 31.0, 31.5, 32.0, 32.5, 33.0, 33.5, 34.0, 34.5, 35.0, 35.5, 36.0, 36.5, 37.0, 37.5, 38.0, 38.5, 39.0, 39.5, 40.0, 40.5, 41.0
1BL8.pdb, 13, 13, 0.3129495750406663, 1.1617132035268196, 0.9467949035502392, -, -, -, 1.3100459172618721, 39.99405302942155, , R, 2.4231347144496413, 2.1991976400181916, 2.0277624659331397, 1.873236129182755, 1.7864053136864682, 1.773907602789858, 1.8366856410840091, 1.7966202714561827, 1.6936369878318818, 1.6553796608320286, 1.6822252672784859, 1.7794925638383643, 1.9469769095142375, 2.1750245741246657, 2.453220899429759, 2.57326508900968, 2.228307487665466, 1.921627370194599, 1.6643035170121854, 1.4761394524472835, 1.3375221141054343, 1.2795890732747313, 1.3098517338531517, 1.4110741577236574, 1.5903585967793497, 1.8352146701877285, 2.1159784384470495, 1.850167604996125, 1.5809973970286184, 1.373845197482273, 1.242697087558477, 1.1985750620898883, 1.245647399584768, 1.3314849972159348, 1.456410105081646, 1.672968638773611, 1.9482422372350214, 2.269770402556083, 2.626807831578317, 3.0109679628075514, 3.326529604672635, 3.5918219605884043, 3.89041572381822, 4.217113634252421, 4.567392495979755, 4.612216882430484, 4.510716619624926, 4.449506009652307, 4.360217082539245, 4.297731419971061, 3.990547221635675, 3.7495785999886375, 3.546634638597873, 3.3367454893137123, 3.1125667313269605, 2.8808164181366807, 2.6529903187191546, 2.4750253151104955, 2.353836126712592, 2.282667452776124, 2.1478766049644564, 1.9963505607024428, 1.8319161661818963, 1.6516957175465126, 1.3891031084859051, 1.1871879222214305, 1.0674412064123895, 0.9863871124309198, 0.9473957736391521, 1.0086572425271316, 1.1304214036878917, 1.295225114382328, 1.4996266860840994, 1.6961422006950437, 1.8793947843430274, 2.113192519194847, 2.264205511374264, 2.4484053562730823, 2.6784466674800043, 2.887958085670276, 2.9929085316649524, 2.987283862244276, 3.042411909823151
1BL8.pdb, 13, 13, 0.3129495750406663, 1.1617132035268196, 0.9467949035502392, -, -, -, 1.3100459172618721, 39.99405302942155, , Upper limit of R overestimation, -, -, -, -, -, -, -, -, -, -, -, -, -, -, -, -, -, -, -, -, -, -, -, -, -, -, -, -, -, -, -, -, -, -, -, -, -, -, -, -, -, -, -, -, -, -, -, -, -, -, -, -, -, -, -, -, -, -, -, -, -, -, -, -, -, -, -, -, -, -, -, -, -, -, -, -, -, -, -, -, -, -, -
1BL8.pdb, 14, 14, 0.3107262418025174, 1.168843005890554, 1.1987248371787778, -, -, -, 1.553895338224856, 39.993540355016755, , X, 82.56081512185777, 82.33720085843366, 82.27199616516555, 82.10730059736281, 81.92503489300516, 81.74132522428776, 81.55761555557038, 81.35482209828193, 81.17085635508575, 80.99737807586182, 80.78399290056058, 80.59791815168091, 80.41637329401885, 80.23482843635678, 80.05328357869472, 79.8814177022446, 79.70257905323092, 79.52374040421724, 79.34490175520355, 79.17067414111426, 79.00268312931462, 78.82157337803449, 78.64051344524003, 78.46173523368324, 78.28295702212645, 78.10417881056966, 77.90207932897066, 77.73087814334775, 77.54219761608704, 77.35351708882632, 77.1648365615656, 76.97615603430488, 76.78747550704416, 76.58783879019265, 76.52151964690107, 76.34626328958761, 76.15969659380767, 75.97312989802771, 75.78656320224776, 75.5999965064678, 75.43858476005643, 75.25483170579307, 75.0710786515297, 74.88732559726634, 74.70357254300298, 74.66400763756708, 74.70332471808803, 74.74264179860896, 74.6869396246499, 74.59077961978204, 74.47624619742444, 74.39448499330052, 74.14771771187094, 73.828002461287, 73.47432063295545, 73.10472474544983, 72.74384879213478, 72.38297283881973, 72.03648012476984, 71.77984768514135, 71.52321524551284, 71.26658280588434, 71.00995036625585, 70.81370104399139, 70.37431506477459, 70.17771097251573, 69.98026043392815, 69.78280989534058, 69.58535935675302, 69.40136793144745, 69.5820851900601, 69.76281776482345, 69.55426645194106, 69.32983935844406, 69.21344232637033, 69.49243647603392, 69.77145569918454, 70.0484694102301, 70.29960001696723, 70.5167309435781, 70.2915671993069, 70.00780786699697, 69.53342112271703
1BL8.pdb, 14, 14, 0.3107262418025174, 1.168843005890554, 1.1987248371787778, -, -, -, 1.553895338224856, 39.993540355016755, , Y, 26.438026024326703, 26.45303780625517, 26.404251461179484, 26.397652513499192, 26.398676316698683, 26.40032657949109, 26.401976842283492, 26.502344834589966, 26.48516654282357, 26.47078657360811, 26.463493373738, 26.463374460490193, 26.463337689224254, 26.463300917958318, 26.46326414669238, 26.460904923028306, 26.448632497777613, 26.43636007252692, 26.424087647276227, 26.42010270713484, 26.419155974619585, 26.427319651711244, 26.434997287552292, 26.42041389660168, 26.405830505651068, 26.39124711470045, 26.403302701354765, 26.44566703157441, 26.44744721161165, 26.449227391648893, 26.451007571686134, 26.452787751723378, 26.454567931760618, 26.564360338443823, 26.442121081339067, 26.423155418914735, 26.422244897487285, 26.421334376059832, 26.420423854632382, 26.41951333320493, 26.46306940908534, 26.461396028230936, 26.459722647376534, 26.45804926652213, 26.45637588566773, 26.776889403803416, 27.26990835397007, 27.76292730413672, 28.158171026747365, 28.597774232555466, 29.083443669442975, 29.363493230857763, 29.447948509262172, 29.73348692708482, 29.98932305771306, 30.191255104917133, 30.397698703144723, 30.604142301372313, 30.81385907711079, 31.044025253984557, 31.274191430858327, 31.504357607732096, 31.734523784605866, 32.04180516033503, 32.23964408675191, 32.69883992009136, 33.1577712588168, 33.61670259754224, 34.075633936267685, 34.5329306130802, 34.99771237899665, 35.46243859857023, 35.90692292820452, 36.35323986336355, 36.77302491489252, 37.08529624315087, 37.396083624137134, 37.69420607471864, 37.828875154015485, 37.973623859909125, 38.249496303193396, 38.48688237988381, 38.599061820622985
1BL8.pdb, 14, 14, 0.3107262418025174, 1.168843005890554, 1.1987248371787778, -, -, -, 1.553895338224856, 39.993540355016755, , Z, 46.28016970498183, 45.88751725329338, 45.45013847944894, 44.97808782132457, 44.512529495433675, 44.047504728079865, 43.582479960726054, 43.20783411641091, 42.74340160955445, 42.274681540512304, 41.8514185792933, 41.387462669796406, 40.92158557945569, 40.45570848911497, 39.98983139877425, 39.526518589185706, 39.0597572741676, 38.592995959149505, 38.1262346441314, 37.68923895565758, 37.224202352526014, 36.75822744722789, 36.29223666443381, 35.82551868129952, 35.35880069816523, 34.892082715030945, 34.45935507134215, 34.01769364475221, 33.55466395931978, 33.09163427388735, 32.62860458845493, 32.1655749030225, 31.70254521759007, 31.389728332517493, 30.992696622603926, 30.524977306417092, 30.061089346909107, 29.597201387401125, 29.13331342789314, 28.669425468385153, 28.209603566704775, 27.74459602392143, 27.27958848113809, 26.814580938354748, 26.349573395571404, 26.137578533696196, 26.21097118970402, 26.284363845711837, 26.57279516357614, 26.705184323436182, 26.716226418807775, 26.965465716134688, 27.358610541373523, 27.615402732864364, 27.85063107387925, 28.11633712798488, 28.3940952729056, 28.671853417826316, 28.961257761800063, 29.32342253362863, 29.685587305457197, 30.047752077285764, 30.40991684911433, 30.143036342276904, 30.133443079871416, 30.11170996401892, 30.091827530889375, 30.07194509775983, 30.052062664630288, 30.032290312382415, 29.995969760196278, 29.959506084632565, 29.936227577591648, 29.91540275839102, 29.843024089147775, 29.56987150103986, 29.294990659706517, 29.01033207856743, 28.599482157743317, 28.192905089753868, 27.841912663479253, 27.599595704054078, 27.710829646387047
1BL8.pdb, 14, 14, 0.3107262418025174, 1.168843005890554, 1.1987248371787778, -, -, -, 1.553895338224856, 39.993540355016755, , distance, 0.0, 0.452111313970713, 0.879493573723086, 1.3793921400576656, 1.8789137312026152, 2.378608382951021, 2.8784090865594467, 3.301181917293672, 3.8003863175529413, 4.299923730263972, 4.771957913191287, 5.2718297763583335, 5.771801734615091, 6.271778163847416, 6.771758073744269, 7.265775758315813, 7.765563829647863, 8.265377536116576, 8.765212492389788, 9.23566284866986, 9.729912848729976, 10.229830292099935, 10.729752132803869, 11.229536684283172, 11.729339600161374, 12.229158628792339, 12.705773628549963, 13.17940320079308, 13.679367928046826, 14.179335142829425, 14.679304590970203, 15.179276051784555, 15.679249332735338, 16.044240427154936, 16.43715120839841, 16.93655700331888, 17.43654596288299, 17.936535537968094, 18.436525678496306, 18.936516339678615, 19.423494872332586, 19.92348944133316, 20.423484276251624, 20.923479358024586, 21.423474669368282, 21.63789213226311, 21.56860942901363, 21.510728706280915, 21.291721994477772, 21.24537669506052, 21.333222122212117, 21.173216485027922, 20.925229809423282, 20.8685314684498, 20.852433595901783, 20.818962212928874, 20.78373147998366, 20.76048652707271, 20.73292678163051, 20.614940271762695, 20.508468296882523, 20.41369102735043, 20.330772017708018, 20.73171731741713, 21.04486484845166, 21.30629365718004, 21.575165228056555, 21.852170597674984, 22.13700442792206, 22.420796493761703, 22.514236140154022, 22.618417709234528, 22.933703607194776, 23.26318512891345, 23.561500771509603, 23.73564723381166, 23.919511867994782, 24.11447026531679, 24.345339428457404, 24.602421067428672, 25.100091582743072, 25.528744105842236, 25.73760237977463
1BL8.pdb, 14, 14, 0.3107262418025174, 1.168843005890554, 1.1987248371787778, -, -, -, 1.553895338224856, 39.993540355016755, , length, 0.0, 0.5, 1.0, 1.5, 2.0, 2.5, 3.0, 3.5, 4.0, 4.5, 5.0, 5.5, 6.0, 6.5, 7.0, 7.5, 8.0, 8.5, 9.0, 9.5, 10.0, 10.5, 11.0, 11.5, 12.0, 12.5, 13.0, 13.5, 14.0, 14.5, 15.0, 15.5, 16.0, 16.5, 17.0, 17.5, 18.0, 18.5, 19.0, 19.5, 20.0, 20.5, 21.0, 21.5, 22.0, 22.5, 23.0, 23.5, 24.0, 24.5, 25.0, 25.5, 26.0, 26.5, 27.0, 27.5, 28.0, 28.5, 29.0, 29.5, 30.0, 30.5, 31.0, 31.5, 32.0, 32.5, 33.0, 33.5, 34.0, 34.5, 35.0, 35.5, 36.0, 36.5, 37.0, 37.5, 38.0, 38.5, 39.0, 39.5, 40.0, 40.5, 41.0
1BL8.pdb, 14, 14, 0.3107262418025174, 1.168843005890554, 1.1987248371787778, -, -, -, 1.553895338224856, 39.993540355016755, , R, 2.4231347144496413, 2.1991976400181916, 2.0277624659331397, 1.873236129182755, 1.7864053136864682, 1.773907602789858, 1.8366856410840091, 1.7966202714561827, 1.6936369878318818, 1.6553796608320286, 1.6822252672784859, 1.7794925638383643, 1.9469769095142375, 2.1750245741246657, 2.453220899429759, 2.57326508900968, 2.228307487665466, 1.921627370194599, 1.6643035170121854, 1.4761394524472835, 1.3375221141054343, 1.2795890732747313, 1.3098517338531517, 1.4110741577236574, 1.5903585967793497, 1.8352146701877285, 2.1159784384470495, 1.850167604996125, 1.5809973970286184, 1.373845197482273, 1.242697087558477, 1.1985750620898883, 1.245647399584768, 1.3314849972159348, 1.456410105081646, 1.672968638773611, 1.9482422372350214, 2.269770402556083, 2.626807831578317, 3.0109679628075514, 3.326529604672635, 3.5918219605884043, 3.89041572381822, 4.217113634252421, 4.567392495979755, 4.544197201622904, 4.255774860992059, 3.9976682384467925, 3.7556229185832772, 3.473488731551282, 3.1642917557977994, 2.883338051440471, 2.782215799635549, 2.4958813075180664, 2.2707669066041167, 2.0602742975382182, 1.8978329463311487, 1.8033717896799435, 1.7685642553505603, 1.7205580858482832, 1.7492168104828916, 1.8525866037999936, 2.024136318811465, 2.0349048234777807, 1.9442991374235095, 1.7068975042146635, 1.5324318355689446, 1.4332715281332953, 1.4170538515612567, 1.470669760018139, 1.412535505828843, 1.4388072331129913, 1.5224862670388521, 1.6841924701529791, 1.8382360193356848, 1.7749105940026868, 1.7845560986556563, 1.8526507369123641, 1.7850035883061657, 1.7923258968518905, 1.8744480815798585, 1.9974201932818745, 2.0950973797815235
1BL8.pdb, 14, 14, 0.3107262418025174, 1.168843005890554, 1.1987248371787778, -, -, -, 1.553895338224856, 39.993540355016755, , Upper limit of R overestimation, -, -, -, -, -, -, -, -, -, -, -, -, -, -, -, -, -, -, -, -, -, -, -, -, -, -, -, -, -, -, -, -, -, -, -, -, -, -, -, -, -, -, -, -, -, -, -, -, -, -, -, -, -, -, -, -, -, -, -, -, -, -, -, -, -, -, -, -, -, -, -, -, -, -, -, -, -, -, -, -, -, -, -
1BL8.pdb, 15, 15, 0.27868668566807014, 1.2776671186240254, 0.8837139879375173, -, -, -, 1.4362348277509294, 34.14725933671992, , X, 82.56081512185777, 82.33720085843366, 82.27199616516555, 82.10730059736281, 81.92503489300516, 81.74132522428776, 81.55761555557038, 81.35482209828193, 81.17085635508575, 80.99737807586182, 80.78399290056058, 80.59791815168091, 80.41637329401885, 80.23482843635678, 80.05328357869472, 79.8814177022446, 79.70257905323092, 79.52374040421724, 79.34490175520355, 79.17067414111426, 79.00268312931462, 78.82157337803449, 78.64051344524003, 78.46173523368324, 78.28295702212645, 78.10417881056966, 77.90207932897066, 77.73087814334775, 77.54219761608704, 77.35351708882632, 77.1648365615656, 76.97615603430488, 76.78747550704416, 76.58783879019265, 76.52151964690107, 76.34626328958761, 76.15969659380767, 75.97312989802771, 75.78656320224776, 75.5999965064678, 75.43858476005643, 75.25483170579307, 75.0710786515297, 74.88732559726634, 74.70357254300298, 74.6735274362935, 74.68944040503285, 74.84555638322973, 75.03740642205707, 75.33460337007782, 75.63180031809857, 75.96565809744133, 76.37987298874009, 76.80235932984641, 77.25664291784166, 77.71102918715566, 78.16541545646966, 78.60334284135644, 79.04097987735251, 79.47861691334859, 79.91625394934468, 80.23679421704234, 80.27043017155911, 80.49560612144556, 80.6219921165003, 80.74837811155504, 80.81102116315677, 80.81901593609945, 80.80059262471265, 80.88592993739424, 81.11269020941687, 81.33779988152666
1BL8.pdb, 15, 15, 0.27868668566807014, 1.2776671186240254, 0.8837139879375173, -, -, -, 1.4362348277509294, 34.14725933671992, , Y, 26.438026024326703, 26.45303780625517, 26.404251461179484, 26.397652513499192, 26.398676316698683, 26.40032657949109, 26.401976842283492, 26.502344834589966, 26.48516654282357, 26.47078657360811, 26.463493373738, 26.463374460490193, 26.463337689224254, 26.463300917958318, 26.46326414669238, 26.460904923028306, 26.448632497777613, 26.43636007252692, 26.424087647276227, 26.42010270713484, 26.419155974619585, 26.427319651711244, 26.434997287552292, 26.42041389660168, 26.405830505651068, 26.39124711470045, 26.403302701354765, 26.44566703157441, 26.44744721161165, 26.449227391648893, 26.451007571686134, 26.452787751723378, 26.454567931760618, 26.564360338443823, 26.442121081339067, 26.423155418914735, 26.422244897487285, 26.421334376059832, 26.420423854632382, 26.41951333320493, 26.46306940908534, 26.461396028230936, 26.459722647376534, 26.45804926652213, 26.45637588566773, 26.070924287353854, 25.57733564725162, 25.15096668430298, 24.76396015974457, 24.36251447226145, 23.961068784778323, 23.604977318652587, 23.328270186383236, 23.073145414187753, 22.873097831785365, 22.67025813146539, 22.467418431145408, 22.240059405472067, 22.01226783779088, 21.784476270109696, 21.556684702428512, 21.309997542564307, 21.044822366099776, 20.723546350696953, 20.265103511353495, 19.806660672010036, 19.54455131074109, 19.450763116313563, 19.492616844665655, 19.439876869542786, 19.097956753306608, 18.753436443448948
1BL8.pdb, 15, 15, 0.27868668566807014, 1.2776671186240254, 0.8837139879375173, -, -, -, 1.4362348277509294, 34.14725933671992, , Z, 46.28016970498183, 45.88751725329338, 45.45013847944894, 44.97808782132457, 44.512529495433675, 44.047504728079865, 43.582479960726054, 43.20783411641091, 42.74340160955445, 42.274681540512304, 41.8514185792933, 41.387462669796406, 40.92158557945569, 40.45570848911497, 39.98983139877425, 39.526518589185706, 39.0597572741676, 38.592995959149505, 38.1262346441314, 37.68923895565758, 37.224202352526014, 36.75822744722789, 36.29223666443381, 35.82551868129952, 35.35880069816523, 34.892082715030945, 34.45935507134215, 34.01769364475221, 33.55466395931978, 33.09163427388735, 32.62860458845493, 32.1655749030225, 31.70254521759007, 31.389728332517493, 30.992696622603926, 30.524977306417092, 30.061089346909107, 29.597201387401125, 29.13331342789314, 28.669425468385153, 28.209603566704775, 27.74459602392143, 27.27958848113809, 26.814580938354748, 26.349573395571404, 26.319588816058427, 26.39780027166389, 26.552842200581047, 26.572771660422127, 26.59547263151049, 26.618173602598855, 26.64399783237499, 26.600879544171118, 26.543844103771626, 26.484117094773836, 26.43523791481951, 26.386358734865183, 26.465251668156583, 26.546398611524236, 26.62754555489189, 26.70869249825954, 26.689396737968337, 26.327709990258636, 26.098692710912122, 25.94423642807218, 25.789780145232243, 25.45409330255004, 24.963033369149215, 24.671139787326346, 24.370569960422937, 24.084789602201337, 23.814025320787398
1BL8.pdb, 15, 15, 0.27868668566807014, 1.2776671186240254, 0.8837139879375173, -, -, -, 1.4362348277509294, 34.14725933671992, , distance, 0.0, 0.452111313970713, 0.879493573723086, 1.3793921400576656, 1.8789137312026152, 2.378608382951021, 2.8784090865594467, 3.301181917293672, 3.8003863175529413, 4.299923730263972, 4.771957913191287, 5.2718297763583335, 5.771801734615091, 6.271778163847416, 6.771758073744269, 7.265775758315813, 7.765563829647863, 8.265377536116576, 8.765212492389788, 9.23566284866986, 9.729912848729976, 10.229830292099935, 10.729752132803869, 11.229536684283172, 11.729339600161374, 12.229158628792339, 12.705773628549963, 13.17940320079308, 13.679367928046826, 14.179335142829425, 14.679304590970203, 15.179276051784555, 15.679249332735338, 16.044240427154936, 16.43715120839841, 16.93655700331888, 17.43654596288299, 17.936535537968094, 18.436525678496306, 18.936516339678615, 19.423494872332586, 19.92348944133316, 20.423484276251624, 20.923479358024586, 21.423474669368282, 21.465527250533505, 21.40112011416215, 21.22143231769727, 21.16094782068874, 21.07162033064022, 20.993824188255665, 20.906972687502783, 20.860227425844478, 20.83278144814138, 20.802082942194897, 20.773488302716665, 20.756901931460202, 20.637720014334356, 20.527988144071323, 20.429907172970925, 20.343645615997264, 20.383722297972273, 20.795027232185074, 21.07634645326073, 21.340435544763285, 21.612866507303373, 22.00698141146752, 22.500577968347386, 22.765923348164588, 23.061003727949775, 23.422394851344936, 23.775540515329787
1BL8.pdb, 15, 15, 0.27868668566807014, 1.2776671186240254, 0.8837139879375173, -, -, -, 1.4362348277509294, 34.14725933671992, , length, 0.0, 0.5, 1.0, 1.5, 2.0, 2.5, 3.0, 3.5, 4.0, 4.5, 5.0, 5.5, 6.0, 6.5, 7.0, 7.5, 8.0, 8.5, 9.0, 9.5, 10.0, 10.5, 11.0, 11.5, 12.0, 12.5, 13.0, 13.5, 14.0, 14.5, 15.0, 15.5, 16.0, 16.5, 17.0, 17.5, 18.0, 18.5, 19.0, 19.5, 20.0, 20.5, 21.0, 21.5, 22.0, 22.5, 23.0, 23.5, 24.0, 24.5, 25.0, 25.5, 26.0, 26.5, 27.0, 27.5, 28.0, 28.5, 29.0, 29.5, 30.0, 30.5, 31.0, 31.5, 32.0, 32.5, 33.0, 33.5, 34.0, 34.5, 35.0, 35.5
1BL8.pdb, 15, 15, 0.27868668566807014, 1.2776671186240254, 0.8837139879375173, -, -, -, 1.4362348277509294, 34.14725933671992, , R, 2.4231347144496413, 2.1991976400181916, 2.0277624659331397, 1.873236129182755, 1.7864053136864682, 1.773907602789858, 1.8366856410840091, 1.7966202714561827, 1.6936369878318818, 1.6553796608320286, 1.6822252672784859, 1.7794925638383643, 1.9469769095142375, 2.1750245741246657, 2.453220899429759, 2.57326508900968, 2.228307487665466, 1.921627370194599, 1.6643035170121854, 1.4761394524472835, 1.3375221141054343, 1.2795890732747313, 1.3098517338531517, 1.4110741577236574, 1.5903585967793497, 1.8352146701877285, 2.1159784384470495, 1.850167604996125, 1.5809973970286184, 1.373845197482273, 1.242697087558477, 1.1985750620898883, 1.245647399584768, 1.3314849972159348, 1.456410105081646, 1.672968638773611, 1.9482422372350214, 2.269770402556083, 2.626807831578317, 3.0109679628075514, 3.326529604672635, 3.5918219605884043, 3.89041572381822, 4.217113634252421, 4.567392495979755, 4.404460756085687, 4.131485396644065, 3.871036729948352, 3.6088412345000394, 3.2809775575308957, 2.9848594436588924, 2.6956176966267926, 2.425108194211797, 2.20365675682954, 2.009508957731557, 1.8700560601972351, 1.8007720035938455, 1.7074176454542935, 1.688351674909895, 1.7466215393896682, 1.8782513287442395, 2.018658548762613, 1.9902386771685125, 1.8182070266096337, 1.604804144106121, 1.4608011885296412, 1.2973671462601586, 1.1262508153484427, 1.0523553894677509, 0.9457617616172986, 0.8839304281573797, 0.9258709363944666
1BL8.pdb, 15, 15, 0.27868668566807014, 1.2776671186240254, 0.8837139879375173, -, -, -, 1.4362348277509294, 34.14725933671992, , Upper limit of R overestimation, -, -, -, -, -, -, -, -, -, -, -, -, -, -, -, -, -, -, -, -, -, -, -, -, -, -, -, -, -, -, -, -, -, -, -, -, -, -, -, -, -, -, -, -, -, -, -, -, -, -, -, -, -, -, -, -, -, -, -, -, -, -, -, -, -, -, -, -, -, -, -, -
1BL8.pdb, 16, 16, 0.18745196057645797, 1.6742326766580182, 0.9608768710574225, -, -, -, 1.378583749331827, 53.29634224451479, , X, 82.56081512185777, 82.33720085843366, 82.27199616516555, 82.10730059736281, 81.92503489300516, 81.74132522428776, 81.55761555557038, 81.35482209828193, 81.17085635508575, 80.99737807586182, 80.78399290056058, 80.59791815168091, 80.41637329401885, 80.23482843635678, 80.05328357869472, 79.8814177022446, 79.70257905323092, 79.52374040421724, 79.34490175520355, 79.17067414111426, 79.00268312931462, 78.82157337803449, 78.64051344524003, 78.46173523368324, 78.28295702212645, 78.10417881056966, 77.90207932897066, 77.73087814334775, 77.54219761608704, 77.35351708882632, 77.1648365615656, 76.97615603430488, 76.78747550704416, 76.58783879019265, 76.52151964690107, 76.34626328958761, 76.15969659380767, 75.97312989802771, 75.78656320224776, 75.5999965064678, 75.43858476005643, 75.25483170579307, 75.0710786515297, 74.88732559726634, 74.70357254300298, 74.58006256469116, 74.3987524934589, 74.21744242222663, 74.14893339438791, 74.07594273251314, 73.69170599182522, 73.2092789361666, 72.72685188050797, 72.24442482484935, 71.76199776919071, 71.2795707135321, 70.82821192201091, 70.39168333727797, 69.91079245256543, 69.42990156785291, 68.94490831688034, 68.73706691517405, 68.51941256362073, 68.28880159579641, 67.8398211511604, 67.52175239156207, 67.2235402623145, 66.84358796625925, 66.44368702563729, 66.01074532875305, 65.53657120977114, 65.04437545897314, 64.55102652813866, 64.138936786363, 63.80692928653573, 63.42827986356082, 62.97121299741084, 62.61194786812103, 62.272443294034396, 62.06202062061684, 61.89429797564217, 61.7265753306675, 61.55885268569283, 61.70444266147468, 61.884151316757276, 62.05800518502074, 62.231859053284204, 62.470265265301016, 62.75759289266915, 62.94931655864391, 63.01940987258405, 62.88530667673113, 62.6469727460967, 62.43388658091376, 62.220800415730814, 62.00771425054787, 61.799710847344365, 61.60333585332831, 61.36180255238563, 60.86386936814059, 60.365936183895556, 59.86873806001248, 59.37109034345284, 58.894874927328466, 58.42136678033022, 57.95793182707206, 57.52389797979771, 57.08993165504714, 56.656664066479145, 56.223396477911145, 55.78918847183825
1BL8.pdb, 16, 16, 0.18745196057645797, 1.6742326766580182, 0.9608768710574225, -, -, -, 1.378583749331827, 53.29634224451479, , Y, 26.438026024326703, 26.45303780625517, 26.404251461179484, 26.397652513499192, 26.398676316698683, 26.40032657949109, 26.401976842283492, 26.502344834589966, 26.48516654282357, 26.47078657360811, 26.463493373738, 26.463374460490193, 26.463337689224254, 26.463300917958318, 26.46326414669238, 26.460904923028306, 26.448632497777613, 26.43636007252692, 26.424087647276227, 26.42010270713484, 26.419155974619585, 26.427319651711244, 26.434997287552292, 26.42041389660168, 26.405830505651068, 26.39124711470045, 26.403302701354765, 26.44566703157441, 26.44744721161165, 26.449227391648893, 26.451007571686134, 26.452787751723378, 26.454567931760618, 26.564360338443823, 26.442121081339067, 26.423155418914735, 26.422244897487285, 26.421334376059832, 26.420423854632382, 26.41951333320493, 26.46306940908534, 26.461396028230936, 26.459722647376534, 26.45804926652213, 26.45637588566773, 26.59185253648466, 26.59855161572547, 26.60525069496628, 26.607092070316376, 26.60364998518291, 26.564115425075553, 26.574683371678162, 26.585251318280775, 26.595819264883385, 26.606387211485995, 26.616955158088608, 26.515525209996337, 26.40514203607422, 26.28861145348911, 26.172080870904, 26.087487682848394, 25.758330598626006, 25.40853280856178, 24.98021917888453, 24.836467609797545, 24.63638740672666, 24.354350168008633, 24.322233827274086, 24.39101776574256, 24.6305393075671, 24.618650382820825, 24.53617232094305, 24.458441849851994, 24.411816197035897, 24.075922691248344, 23.810339201817346, 23.729427532748737, 23.605966974269446, 23.386805421665894, 22.96172636245605, 22.498285337490106, 22.034844312524164, 21.571403287558223, 21.115891038075713, 20.759622233297264, 20.486281538974676, 20.21294084465209, 19.976761742381644, 19.751102524127962, 19.623211054129833, 19.650203052446898, 19.728827994677175, 19.65581162934844, 19.58757918604932, 19.519346742750198, 19.451114299451074, 19.38007237263903, 19.30192789376156, 19.242737100658797, 19.271411238393345, 19.300085376127893, 19.329997867686625, 19.355837721598085, 19.400898275083943, 19.448274991312438, 19.421785181001567, 19.179697653474285, 18.937676233251697, 18.696338904249902, 18.45500157524811, 18.215180758738818
1BL8.pdb, 16, 16, 0.18745196057645797, 1.6742326766580182, 0.9608768710574225, -, -, -, 1.378583749331827, 53.29634224451479, , Z, 46.28016970498183, 45.88751725329338, 45.45013847944894, 44.97808782132457, 44.512529495433675, 44.047504728079865, 43.582479960726054, 43.20783411641091, 42.74340160955445, 42.274681540512304, 41.8514185792933, 41.387462669796406, 40.92158557945569, 40.45570848911497, 39.98983139877425, 39.526518589185706, 39.0597572741676, 38.592995959149505, 38.1262346441314, 37.68923895565758, 37.224202352526014, 36.75822744722789, 36.29223666443381, 35.82551868129952, 35.35880069816523, 34.892082715030945, 34.45935507134215, 34.01769364475221, 33.55466395931978, 33.09163427388735, 32.62860458845493, 32.1655749030225, 31.70254521759007, 31.389728332517493, 30.992696622603926, 30.524977306417092, 30.061089346909107, 29.597201387401125, 29.13331342789314, 28.669425468385153, 28.209603566704775, 27.74459602392143, 27.27958848113809, 26.814580938354748, 26.349573395571404, 25.93237862996345, 25.46645827152536, 25.000537913087275, 24.548532605412053, 24.159632785527084, 24.060056914034117, 24.19102429345798, 24.32199167288184, 24.4529590523057, 24.583926431729562, 24.714893811153424, 24.75446223982808, 24.821420579220383, 24.893285593815605, 24.965150608410827, 25.02299207651474, 24.773702862845315, 24.570070980004676, 24.454459492029518, 24.32911183614735, 24.114676011508912, 24.022647229293803, 24.30375012542988, 24.389670914404057, 24.460570527121277, 24.452401812349535, 24.423342816301176, 24.399577162334783, 24.43966417785964, 24.28700180751658, 24.227815021523966, 24.357020559121683, 24.623840558915802, 24.763738846090313, 24.664240018015434, 24.74845124494639, 24.83266247187735, 24.916873698808303, 24.84784679204452, 24.592884675128865, 24.212017641484476, 23.831150607840087, 23.467546784426847, 23.126195423263404, 22.708358552614587, 22.235242590859027, 21.815310955212496, 21.394296579386474, 20.947151614202856, 20.500006649019237, 20.052861683835616, 19.603982612677008, 19.15095630913117, 18.75391731550574, 18.78913574608939, 18.824354176673037, 18.86677589798843, 18.90674428325574, 19.04726727905791, 19.20071264876874, 19.32899745997946, 19.38384496161772, 19.439457167096997, 19.502982676357078, 19.56650818561716, 19.629148345146437
1BL8.pdb, 16, 16, 0.18745196057645797, 1.6742326766580182, 0.9608768710574225, -, -, -, 1.378583749331827, 53.29634224451479, , distance, 0.0, 0.452111313970713, 0.879493573723086, 1.3793921400576656, 1.8789137312026152, 2.378608382951021, 2.8784090865594467, 3.301181917293672, 3.8003863175529413, 4.299923730263972, 4.771957913191287, 5.2718297763583335, 5.771801734615091, 6.271778163847416, 6.771758073744269, 7.265775758315813, 7.765563829647863, 8.265377536116576, 8.765212492389788, 9.23566284866986, 9.729912848729976, 10.229830292099935, 10.729752132803869, 11.229536684283172, 11.729339600161374, 12.229158628792339, 12.705773628549963, 13.17940320079308, 13.679367928046826, 14.179335142829425, 14.679304590970203, 15.179276051784555, 15.679249332735338, 16.044240427154936, 16.43715120839841, 16.93655700331888, 17.43654596288299, 17.936535537968094, 18.436525678496306, 18.936516339678615, 19.423494872332586, 19.92348944133316, 20.423484276251624, 20.923479358024586, 21.423474669368282, 21.857462698290526, 22.357451072306876, 22.8574399549475, 23.303484472332578, 23.692586274293337, 23.925099952557066, 23.987501939016532, 24.060134887585264, 24.142906460144214, 24.235712778413372, 24.338439050444972, 24.515629011800048, 24.66914598824859, 24.848424703229036, 25.036406624644926, 25.24645313660671, 25.57510735823854, 25.875649339331108, 26.118522109538805, 26.4787007687571, 26.8463856075559, 27.110348797961613, 27.101122183745577, 27.26070428622449, 27.445705067831522, 27.741421370898664, 28.074251327761274, 28.408301052889932, 28.64400128041186, 28.999779313755624, 29.31322211105752, 29.524794421881126, 29.57996712731389, 29.730199721757305, 29.992226519134963, 30.103843400412682, 30.223320852911538, 30.35056604545466, 30.375283677070748, 30.497656101563198, 30.704915131337266, 30.918871240005405, 31.07722468585897, 31.19277290647016, 31.411508400199814, 31.71907280702574, 32.10402286975057, 32.5862890107072, 33.0724005775823, 33.55892025138466, 34.04583053640379, 34.53197240573206, 35.01619701363214, 35.48048600604048, 35.74737431838431, 36.019226172872315, 36.289786244529154, 36.568089173106564, 36.75906509679066, 36.94410074959317, 37.160398105620125, 37.455878516168895, 37.75506589995168, 38.05228648229941, 38.35372226984336, 38.6602136216581
1BL8.pdb, 16, 16, 0.18745196057645797, 1.6742326766580182, 0.9608768710574225, -, -, -, 1.378583749331827, 53.29634224451479, , length, 0.0, 0.5, 1.0, 1.5, 2.0, 2.5, 3.0, 3.5, 4.0, 4.5, 5.0, 5.5, 6.0, 6.5, 7.0, 7.5, 8.0, 8.5, 9.0, 9.5, 10.0, 10.5, 11.0, 11.5, 12.0, 12.5, 13.0, 13.5, 14.0, 14.5, 15.0, 15.5, 16.0, 16.5, 17.0, 17.5, 18.0, 18.5, 19.0, 19.5, 20.0, 20.5, 21.0, 21.5, 22.0, 22.5, 23.0, 23.5, 24.0, 24.5, 25.0, 25.5, 26.0, 26.5, 27.0, 27.5, 28.0, 28.5, 29.0, 29.5, 30.0, 30.5, 31.0, 31.5, 32.0, 32.5, 33.0, 33.5, 34.0, 34.5, 35.0, 35.5, 36.0, 36.5, 37.0, 37.5, 38.0, 38.5, 39.0, 39.5, 40.0, 40.5, 41.0, 41.5, 42.0, 42.5, 43.0, 43.5, 44.0, 44.5, 45.0, 45.5, 46.0, 46.5, 47.0, 47.5, 48.0, 48.5, 49.0, 49.5, 50.0, 50.5, 51.0, 51.5, 52.0, 52.5, 53.0, 53.5, 54.0, 54.5, 55.0
1BL8.pdb, 16, 16, 0.18745196057645797, 1.6742326766580182, 0.9608768710574225, -, -, -, 1.378583749331827, 53.29634224451479, , R, 2.4231347144496413, 2.1991976400181916, 2.0277624659331397, 1.873236129182755, 1.7864053136864682, 1.773907602789858, 1.8366856410840091, 1.7966202714561827, 1.6936369878318818, 1.6553796608320286, 1.6822252672784859, 1.7794925638383643, 1.9469769095142375, 2.1750245741246657, 2.453220899429759, 2.57326508900968, 2.228307487665466, 1.921627370194599, 1.6643035170121854, 1.4761394524472835, 1.3375221141054343, 1.2795890732747313, 1.3098517338531517, 1.4110741577236574, 1.5903585967793497, 1.8352146701877285, 2.1159784384470495, 1.850167604996125, 1.5809973970286184, 1.373845197482273, 1.242697087558477, 1.1985750620898883, 1.245647399584768, 1.3314849972159348, 1.456410105081646, 1.672968638773611, 1.9482422372350214, 2.269770402556083, 2.626807831578317, 3.0109679628075514, 3.326529604672635, 3.5918219605884043, 3.89041572381822, 4.217113634252421, 4.567392495979755, 4.612216882430484, 4.510716619624926, 4.449506009652307, 4.360217082539245, 4.316051389543013, 4.395472696650517, 4.067652150793785, 3.7668606839714402, 3.4979612618249276, 3.2663320568707124, 3.077609584564662, 2.8658958960033476, 2.6682615451457665, 2.495951821625067, 2.3805388469646886, 2.300106024963583, 2.197221552507781, 2.0510796345864275, 1.863056208988775, 1.6824881603664341, 1.480005673492926, 1.2275536882516125, 1.2406443270755583, 1.1306586548716893, 1.062214206868874, 0.9880478571998634, 0.9636010361633143, 1.0365864643042997, 1.1279145267736639, 1.2873538068892212, 1.4867163835982171, 1.6831545925540872, 1.772015603251416, 1.9502907733838262, 2.170957767224887, 2.319147252910085, 2.5241233932233533, 2.7777687710840957, 2.782538503694265, 2.640850727961904, 2.419922653867599, 2.252704899211851, 2.101722395511116, 1.998807982712571, 1.877008523513898, 1.6940037840363007, 1.5940655291700798, 1.3550138988853866, 1.1482336742371437, 1.024255679345524, 0.9953534509946835, 1.059436148420899, 1.2034597333927688, 1.3623991768236436, 1.1760829478786743, 1.0741282753809038, 1.0609346639371244, 1.1169020442431816, 1.1794994227058875, 1.3201033348648665, 1.5116539866049803, 1.6995865253376814, 1.949536282948626, 2.245628720861152, 2.581492083138994, 2.9475936483667717
1BL8.pdb, 16, 16, 0.18745196057645797, 1.6742326766580182, 0.9608768710574225, -, -, -, 1.378583749331827, 53.29634224451479, , Upper limit of R overestimation, -, -, -, -, -, -, -, -, -, -, -, -, -, -, -, -, -, -, -, -, -, -, -, -, -, -, -, -, -, -, -, -, -, -, -, -, -, -, -, -, -, -, -, -, -, -, -, -, -, -, -, -, -, -, -, -, -, -, -, -, -, -, -, -, -, -, -, -, -, -, -, -, -, -, -, -, -, -, -, -, -, -, -, -, -, -, -, -, -, -, -, -, -, -, -, -, -, -, -, -, -, -, -, -, -, -, -, -, -, -, -
1BL8.pdb, 17, 17, 0.18324325952787252, 1.6969407218230035, 0.8809035672997152, -, -, -, 1.4120411168667888, 54.753071003760475, , X, 82.56081512185777, 82.33720085843366, 82.27199616516555, 82.10730059736281, 81.92503489300516, 81.74132522428776, 81.55761555557038, 81.35482209828193, 81.17085635508575, 80.99737807586182, 80.78399290056058, 80.59791815168091, 80.41637329401885, 80.23482843635678, 80.05328357869472, 79.8814177022446, 79.70257905323092, 79.52374040421724, 79.34490175520355, 79.17067414111426, 79.00268312931462, 78.82157337803449, 78.64051344524003, 78.46173523368324, 78.28295702212645, 78.10417881056966, 77.90207932897066, 77.73087814334775, 77.54219761608704, 77.35351708882632, 77.1648365615656, 76.97615603430488, 76.78747550704416, 76.58783879019265, 76.52151964690107, 76.34626328958761, 76.15969659380767, 75.97312989802771, 75.78656320224776, 75.5999965064678, 75.43858476005643, 75.25483170579307, 75.0710786515297, 74.88732559726634, 74.70357254300298, 74.58006256469116, 74.3987524934589, 74.21744242222663, 74.14893339438791, 74.07594273251314, 73.7746178043407, 73.57331554770505, 73.53657652287485, 73.54165804276366, 73.54673956265246, 73.5532846632112, 73.57216314668472, 73.61854077675747, 73.71785095677737, 73.75352787941262, 73.82515224072037, 73.89802798907077, 73.8993601929765, 73.75763816404564, 73.79526838689367, 74.07430237788186, 74.31224666680906, 74.42854846064476, 74.53585804344394, 74.63780586704547, 74.68700049830463, 74.89784579394244, 75.14082802542868, 75.09250101312422, 75.04417400081975, 75.08833045839648, 75.10124383817654, 75.34754751536191, 75.62138283340475, 75.81921635476648, 75.93508417123236, 76.37444902594561, 76.87003248582387, 77.3532575875854, 77.69294698966384, 77.9701493061608, 78.09406101924384, 78.15599687367695, 78.23561616214445, 78.37716029779433, 78.33404300456499, 78.12992571878739, 77.95759572339418, 77.84655048559057, 77.75359240473054, 77.64865398023998, 77.54371555574944, 77.70828455537128, 77.69190321178745, 77.6172139027664, 77.21003745147927, 77.12207123629834, 77.04258590229387, 76.9631563455359, 76.8850551683708, 76.81761915716864, 76.74423596825842, 76.75086266528768, 76.92698642726671, 77.11200394978644, 77.29702147230616, 77.37715282409458, 77.72426050294114, 77.81909655669926
1BL8.pdb, 17, 17, 0.18324325952787252, 1.6969407218230035, 0.8809035672997152, -, -, -, 1.4120411168667888, 54.753071003760475, , Y, 26.438026024326703, 26.45303780625517, 26.404251461179484, 26.397652513499192, 26.398676316698683, 26.40032657949109, 26.401976842283492, 26.502344834589966, 26.48516654282357, 26.47078657360811, 26.463493373738, 26.463374460490193, 26.463337689224254, 26.463300917958318, 26.46326414669238, 26.460904923028306, 26.448632497777613, 26.43636007252692, 26.424087647276227, 26.42010270713484, 26.419155974619585, 26.427319651711244, 26.434997287552292, 26.42041389660168, 26.405830505651068, 26.39124711470045, 26.403302701354765, 26.44566703157441, 26.44744721161165, 26.449227391648893, 26.451007571686134, 26.452787751723378, 26.454567931760618, 26.564360338443823, 26.442121081339067, 26.423155418914735, 26.422244897487285, 26.421334376059832, 26.420423854632382, 26.41951333320493, 26.46306940908534, 26.461396028230936, 26.459722647376534, 26.45804926652213, 26.45637588566773, 26.59185253648466, 26.59855161572547, 26.60525069496628, 26.607092070316376, 26.60364998518291, 26.61461692845935, 26.58851115224678, 26.112219644661234, 25.614138586850608, 25.116057529039985, 24.617715262869698, 24.11883093954377, 23.673360854187628, 23.193202268419654, 22.8010322846117, 22.32587523953569, 21.851980158437776, 21.427525266791125, 21.01623514382447, 20.803568072451156, 20.84403074792031, 20.574494039246947, 20.11846074440648, 19.687443476736433, 19.232783237591384, 18.78768876303912, 18.544646400499573, 18.32244997625679, 17.863329134151694, 17.404208292046594, 16.99702761060297, 16.515048267581506, 16.104903274701535, 15.705836828196711, 15.325642509371198, 14.962867424593119, 14.863071527124685, 14.865748927194398, 14.948599594901388, 15.180901459193263, 15.245356329379373, 15.55312966262996, 15.954164513454288, 16.328187302836312, 16.721065692095383, 17.06127236528704, 17.24985403148444, 17.14817331477129, 17.2101930197768, 17.170586677280927, 17.139266631921224, 17.10794658656152, 17.165265958080564, 17.173780492701084, 17.150300371954575, 17.027028534203914, 16.553684317984633, 16.08002781981375, 15.606271870663585, 15.130153104449779, 14.635081209684607, 14.14050169657595, 13.666775171012084, 13.239690255158811, 12.81922305307674, 12.398755850994668, 11.97703134759776, 11.72278309878834, 11.267657048675124
1BL8.pdb, 17, 17, 0.18324325952787252, 1.6969407218230035, 0.8809035672997152, -, -, -, 1.4120411168667888, 54.753071003760475, , Z, 46.28016970498183, 45.88751725329338, 45.45013847944894, 44.97808782132457, 44.512529495433675, 44.047504728079865, 43.582479960726054, 43.20783411641091, 42.74340160955445, 42.274681540512304, 41.8514185792933, 41.387462669796406, 40.92158557945569, 40.45570848911497, 39.98983139877425, 39.526518589185706, 39.0597572741676, 38.592995959149505, 38.1262346441314, 37.68923895565758, 37.224202352526014, 36.75822744722789, 36.29223666443381, 35.82551868129952, 35.35880069816523, 34.892082715030945, 34.45935507134215, 34.01769364475221, 33.55466395931978, 33.09163427388735, 32.62860458845493, 32.1655749030225, 31.70254521759007, 31.389728332517493, 30.992696622603926, 30.524977306417092, 30.061089346909107, 29.597201387401125, 29.13331342789314, 28.669425468385153, 28.209603566704775, 27.74459602392143, 27.27958848113809, 26.814580938354748, 26.349573395571404, 25.93237862996345, 25.46645827152536, 25.000537913087275, 24.548532605412053, 24.159632785527084, 23.891312951731194, 23.46769787305545, 23.506086680568348, 23.549554346779797, 23.593022012991245, 23.632739261301488, 23.640663763139052, 23.68188589651095, 23.58398175636502, 23.385015516000564, 23.246828203334413, 23.105222784844223, 22.881924875049823, 22.63543897024836, 22.306068263572005, 21.914583677480632, 21.577102285500832, 21.40826056450882, 21.24625105064186, 21.06489309464467, 20.848567456187283, 20.54461859188356, 20.23249489917055, 20.04047262903912, 19.848450358907687, 19.61231305242271, 19.53353133750993, 19.413774371123736, 19.28823477630842, 19.069188242155192, 18.74519921923669, 18.666736078705004, 18.676663633179857, 18.666668204731096, 18.424568498867078, 18.03286239111319, 17.725073488813475, 17.432993046480753, 17.1179996371838, 16.843029949924276, 16.53735695707007, 16.127542597146714, 15.69853898233988, 15.246008493603451, 14.765886928382777, 14.27802733605717, 13.790167743731564, 13.346925188217465, 12.847266150189949, 12.370611098403241, 12.475903676724812, 12.34167031897641, 12.202632182414185, 12.063911033326724, 11.932736303855863, 11.918336732716305, 11.920788833565137, 11.86111236217606, 11.670102303003826, 11.472679284249832, 11.275256265495836, 11.063700693173692, 10.871233368833398, 10.911521714370814
1BL8.pdb, 17, 17, 0.18324325952787252, 1.6969407218230035, 0.8809035672997152, -, -, -, 1.4120411168667888, 54.753071003760475, , distance, 0.0, 0.452111313970713, 0.879493573723086, 1.3793921400576656, 1.8789137312026152, 2.378608382951021, 2.8784090865594467, 3.301181917293672, 3.8003863175529413, 4.299923730263972, 4.771957913191287, 5.2718297763583335, 5.771801734615091, 6.271778163847416, 6.771758073744269, 7.265775758315813, 7.765563829647863, 8.265377536116576, 8.765212492389788, 9.23566284866986, 9.729912848729976, 10.229830292099935, 10.729752132803869, 11.229536684283172, 11.729339600161374, 12.229158628792339, 12.705773628549963, 13.17940320079308, 13.679367928046826, 14.179335142829425, 14.679304590970203, 15.179276051784555, 15.679249332735338, 16.044240427154936, 16.43715120839841, 16.93655700331888, 17.43654596288299, 17.936535537968094, 18.436525678496306, 18.936516339678615, 19.423494872332586, 19.92348944133316, 20.423484276251624, 20.923479358024586, 21.423474669368282, 21.857462698290526, 22.357451072306876, 22.8574399549475, 23.303484472332578, 23.692586274293337, 24.051805636320594, 24.519516011772232, 24.499018137290367, 24.468446200965328, 24.448063916960518, 24.44085190685998, 24.46879154071157, 24.459968827744166, 24.57323429731491, 24.798873308497097, 24.9751158311879, 25.162548804586798, 25.448060445694995, 25.806298309143475, 26.14076253473303, 26.400671661336272, 26.69571929784065, 26.91992813267143, 27.141617196370696, 27.395250935216108, 27.700018228846286, 27.98830348380041, 28.273665236266698, 28.597602085180537, 28.926554308319687, 29.259956536793418, 29.487172724042253, 29.675037549376338, 29.86469749756882, 30.155791044013363, 30.557391498129732, 30.573720966178527, 30.467296428784195, 30.35837677238827, 30.436056120684587, 30.7288209668991, 30.884079732650765, 31.007634175238653, 31.166461911465458, 31.280464874164775, 31.471002873616527, 31.83137142782958, 32.2912856642727, 32.71844059722961, 33.19856685501174, 33.68580367929481, 34.173409221400476, 34.55618217549278, 35.032721683624374, 35.5043547427653, 35.49543769480932, 35.76453392111148, 36.041885967944964, 36.32372557030934, 36.603666787174156, 36.78354756409695, 36.95441450637235, 37.168964261507824, 37.46722378833471, 37.771983359998, 38.080869153562894, 38.421223451593484, 38.64871805631829, 38.77583333072719
1BL8.pdb, 17, 17, 0.18324325952787252, 1.6969407218230035, 0.8809035672997152, -, -, -, 1.4120411168667888, 54.753071003760475, , length, 0.0, 0.5, 1.0, 1.5, 2.0, 2.5, 3.0, 3.5, 4.0, 4.5, 5.0, 5.5, 6.0, 6.5, 7.0, 7.5, 8.0, 8.5, 9.0, 9.5, 10.0, 10.5, 11.0, 11.5, 12.0, 12.5, 13.0, 13.5, 14.0, 14.5, 15.0, 15.5, 16.0, 16.5, 17.0, 17.5, 18.0, 18.5, 19.0, 19.5, 20.0, 20.5, 21.0, 21.5, 22.0, 22.5, 23.0, 23.5, 24.0, 24.5, 25.0, 25.5, 26.0, 26.5, 27.0, 27.5, 28.0, 28.5, 29.0, 29.5, 30.0, 30.5, 31.0, 31.5, 32.0, 32.5, 33.0, 33.5, 34.0, 34.5, 35.0, 35.5, 36.0, 36.5, 37.0, 37.5, 38.0, 38.5, 39.0, 39.5, 40.0, 40.5, 41.0, 41.5, 42.0, 42.5, 43.0, 43.5, 44.0, 44.5, 45.0, 45.5, 46.0, 46.5, 47.0, 47.5, 48.0, 48.5, 49.0, 49.5, 50.0, 50.5, 51.0, 51.5, 52.0, 52.5, 53.0, 53.5, 54.0, 54.5, 55.0, 55.5, 56.0, 56.5
1BL8.pdb, 17, 17, 0.18324325952787252, 1.6969407218230035, 0.8809035672997152, -, -, -, 1.4120411168667888, 54.753071003760475, , R, 2.4231347144496413, 2.1991976400181916, 2.0277624659331397, 1.873236129182755, 1.7864053136864682, 1.773907602789858, 1.8366856410840091, 1.7966202714561827, 1.6936369878318818, 1.6553796608320286, 1.6822252672784859, 1.7794925638383643, 1.9469769095142375, 2.1750245741246657, 2.453220899429759, 2.57326508900968, 2.228307487665466, 1.921627370194599, 1.6643035170121854, 1.4761394524472835, 1.3375221141054343, 1.2795890732747313, 1.3098517338531517, 1.4110741577236574, 1.5903585967793497, 1.8352146701877285, 2.1159784384470495, 1.850167604996125, 1.5809973970286184, 1.373845197482273, 1.242697087558477, 1.1985750620898883, 1.245647399584768, 1.3314849972159348, 1.456410105081646, 1.672968638773611, 1.9482422372350214, 2.269770402556083, 2.626807831578317, 3.0109679628075514, 3.326529604672635, 3.5918219605884043, 3.89041572381822, 4.217113634252421, 4.567392495979755, 4.612216882430484, 4.510716619624926, 4.449506009652307, 4.360217082539245, 4.316051389543013, 4.4647204022085045, 4.5235980918592436, 4.22054417225937, 3.8975673422893755, 3.6031069111252942, 3.340369923770606, 3.100093810804625, 2.9009171335207653, 2.655460690740623, 2.516454446878569, 2.3714341473412475, 2.2855679945619105, 2.15197142536174, 1.9530527147559638, 1.8418089474370918, 1.812080474144723, 1.634350286054008, 1.3805286271132378, 1.2010197144087074, 1.0791707609912415, 0.9935207928266139, 0.9108342721158031, 0.8932386058700388, 0.9997570742701578, 1.195627157362995, 1.4359276576716113, 1.6436617137030942, 1.8078006011785832, 2.0234720499225527, 2.2139919419412335, 2.3768828555636126, 2.5233018163092393, 2.682195547885138, 2.8141099176316087, 2.7213230393593375, 2.5154134038017113, 2.3330750563388514, 2.182746296836623, 2.0559531247702427, 1.9695534305438627, 1.8088730386335445, 1.637051028939756, 1.4625019203719893, 1.2886056595626494, 1.1032486960899885, 0.9906983208298747, 0.9751509763735999, 0.974077304395641, 1.1061308817792694, 1.3098873792140076, 1.373020200623921, 1.1783864292001431, 1.063777849266872, 1.0430361246828572, 1.1124374252172897, 1.174228295869168, 1.3073533534662634, 1.486811925786641, 1.6711426893874757, 1.9142861664673938, 2.2089745617726395, 2.491813994972666, 2.779768761998327, 3.07158226717396
1BL8.pdb, 17, 17, 0.18324325952787252, 1.6969407218230035, 0.8809035672997152, -, -, -, 1.4120411168667888, 54.753071003760475, , Upper limit of R overestimation, -, -, -, -, -, -, -, -, -, -, -, -, -, -, -, -, -, -, -, -, -, -, -, -, -, -, -, -, -, -, -, -, -, -, -, -, -, -, -, -, -, -, -, -, -, -, -, -, -, -, -, -, -, -, -, -, -, -, -, -, -, -, -, -, -, -, -, -, -, -, -, -, -, -, -, -, -, -, -, -, -, -, -, -, -, -, -, -, -, -, -, -, -, -, -, -, -, -, -, -, -, -, -, -, -, -, -, -, -, -, -, -, -, -
1BL8.pdb, 18, 18, 0.18103186329255305, 1.7090822229192366, 0.7584556322343876, -, -, -, 1.2702937657490008, 47.1546042848246, , X, 82.56081512185777, 82.33720085843366, 82.27199616516555, 82.10730059736281, 81.92503489300516, 81.74132522428776, 81.55761555557038, 81.35482209828193, 81.17085635508575, 80.99737807586182, 80.78399290056058, 80.59791815168091, 80.41637329401885, 80.23482843635678, 80.05328357869472, 79.8814177022446, 79.70257905323092, 79.52374040421724, 79.34490175520355, 79.17067414111426, 79.00268312931462, 78.82157337803449, 78.64051344524003, 78.46173523368324, 78.28295702212645, 78.10417881056966, 77.90207932897066, 77.73087814334775, 77.54219761608704, 77.35351708882632, 77.1648365615656, 76.97615603430488, 76.78747550704416, 76.58783879019265, 76.52151964690107, 76.34626328958761, 76.15969659380767, 75.97312989802771, 75.78656320224776, 75.5999965064678, 75.43858476005643, 75.25483170579307, 75.0710786515297, 74.88732559726634, 74.70357254300298, 74.58006256469116, 74.3987524934589, 74.21744242222663, 74.14893339438791, 74.10304220426963, 74.52718686794282, 74.8121152122548, 75.09704355656676, 75.47286395527252, 75.95069668773598, 76.37966296849717, 76.78277776778269, 77.18595298391199, 77.58912820004129, 77.970082844285, 77.95086243217708, 78.10381869540828, 78.38117891220149, 78.53278850254625, 78.9057292821412, 79.28761900353445, 79.66950872492771, 80.0261191331341, 80.36667756014272, 80.70723598715135, 80.99882989480912, 81.23721392398477, 81.5168320568045, 81.9373082781571, 82.31326561793419, 82.68309514997613, 82.94854342036976, 83.07721459309325, 83.00822095657722, 83.11690954036573, 83.24574701828374, 83.36009620491197, 83.5128209504149, 83.68334415988255, 83.85148012302469, 84.01768990101932, 84.18022808085384, 84.4099112838437, 84.69094609423642, 85.01280784665279, 85.389324381113, 85.65209809147157, 85.92103594173709, 86.25264152315917, 86.54182625668855, 86.74974703697104, 86.8490855597831, 86.94168294750193
1BL8.pdb, 18, 18, 0.18103186329255305, 1.7090822229192366, 0.7584556322343876, -, -, -, 1.2702937657490008, 47.1546042848246, , Y, 26.438026024326703, 26.45303780625517, 26.404251461179484, 26.397652513499192, 26.398676316698683, 26.40032657949109, 26.401976842283492, 26.502344834589966, 26.48516654282357, 26.47078657360811, 26.463493373738, 26.463374460490193, 26.463337689224254, 26.463300917958318, 26.46326414669238, 26.460904923028306, 26.448632497777613, 26.43636007252692, 26.424087647276227, 26.42010270713484, 26.419155974619585, 26.427319651711244, 26.434997287552292, 26.42041389660168, 26.405830505651068, 26.39124711470045, 26.403302701354765, 26.44566703157441, 26.44744721161165, 26.449227391648893, 26.451007571686134, 26.452787751723378, 26.454567931760618, 26.564360338443823, 26.442121081339067, 26.423155418914735, 26.422244897487285, 26.421334376059832, 26.420423854632382, 26.41951333320493, 26.46306940908534, 26.461396028230936, 26.459722647376534, 26.45804926652213, 26.45637588566773, 26.59185253648466, 26.59855161572547, 26.60525069496628, 26.607092070316376, 26.602670467366075, 26.58392574977033, 26.57062657144535, 26.557327393120364, 26.54331069075866, 26.528488678163836, 26.596747862906476, 26.722647272533035, 26.848548794776487, 26.97445031701994, 27.106703836310647, 27.44100061882769, 27.569062588575672, 27.53331150223953, 27.89159031043258, 28.06659385474765, 28.23418714804897, 28.40178044135029, 28.534150976711977, 28.62510115704559, 28.716051337379206, 28.895245272385868, 29.181298307573993, 29.399882811977932, 29.510367558290003, 29.797401615519078, 30.08560756971367, 30.32513633342421, 30.464064302441084, 30.305131401625367, 29.96330535491646, 29.603274757682684, 29.239784016885686, 29.08396098206888, 29.0156982930562, 28.943830063612012, 28.857752743003605, 28.905869249416575, 28.974918190895544, 28.885660576056168, 28.907575156515936, 29.02294094837335, 29.160170849332793, 29.318000367286636, 29.61405884878258, 29.984411066602316, 30.390776908472603, 30.868260306555765, 31.344214107159008
1BL8.pdb, 18, 18, 0.18103186329255305, 1.7090822229192366, 0.7584556322343876, -, -, -, 1.2702937657490008, 47.1546042848246, , Z, 46.28016970498183, 45.88751725329338, 45.45013847944894, 44.97808782132457, 44.512529495433675, 44.047504728079865, 43.582479960726054, 43.20783411641091, 42.74340160955445, 42.274681540512304, 41.8514185792933, 41.387462669796406, 40.92158557945569, 40.45570848911497, 39.98983139877425, 39.526518589185706, 39.0597572741676, 38.592995959149505, 38.1262346441314, 37.68923895565758, 37.224202352526014, 36.75822744722789, 36.29223666443381, 35.82551868129952, 35.35880069816523, 34.892082715030945, 34.45935507134215, 34.01769364475221, 33.55466395931978, 33.09163427388735, 32.62860458845493, 32.1655749030225, 31.70254521759007, 31.389728332517493, 30.992696622603926, 30.524977306417092, 30.061089346909107, 29.597201387401125, 29.13331342789314, 28.669425468385153, 28.209603566704775, 27.74459602392143, 27.27958848113809, 26.814580938354748, 26.349573395571404, 25.93237862996345, 25.46645827152536, 25.000537913087275, 24.548532605412053, 24.156404689846074, 23.97726013386269, 23.56660337881839, 23.155946623774085, 22.869764128225768, 22.723284820031292, 22.496849448476237, 22.229181658220917, 21.96160260112586, 21.694023544030802, 21.417908419272806, 21.055792724676458, 20.666500499427258, 20.25831037165899, 19.94422307851382, 19.666922840231862, 19.39110998930827, 19.115297138384676, 18.796435218925506, 18.441825542674703, 18.0872158664239, 17.74137699778097, 17.40799012506044, 17.119125531399042, 16.913382013858804, 16.75145468856885, 16.577945486928712, 16.23843728244473, 15.835707682199363, 15.379819622419237, 15.039982844925584, 14.71783555976053, 14.394205572421635, 13.970847451292926, 13.505807624695667, 13.040510067180113, 12.576984532439386, 12.158902803608946, 11.78913878751664, 11.385341172936371, 11.028019438030988, 10.743470325024326, 10.482666262540755, 10.097025572603789, 9.868268423566338, 9.923419108187476, 9.965134130934961, 9.854945826471774, 9.746518433262828
1BL8.pdb, 18, 18, 0.18103186329255305, 1.7090822229192366, 0.7584556322343876, -, -, -, 1.2702937657490008, 47.1546042848246, , distance, 0.0, 0.452111313970713, 0.879493573723086, 1.3793921400576656, 1.8789137312026152, 2.378608382951021, 2.8784090865594467, 3.301181917293672, 3.8003863175529413, 4.299923730263972, 4.771957913191287, 5.2718297763583335, 5.771801734615091, 6.271778163847416, 6.771758073744269, 7.265775758315813, 7.765563829647863, 8.265377536116576, 8.765212492389788, 9.23566284866986, 9.729912848729976, 10.229830292099935, 10.729752132803869, 11.229536684283172, 11.729339600161374, 12.229158628792339, 12.705773628549963, 13.17940320079308, 13.679367928046826, 14.179335142829425, 14.679304590970203, 15.179276051784555, 15.679249332735338, 16.044240427154936, 16.43715120839841, 16.93655700331888, 17.43654596288299, 17.936535537968094, 18.436525678496306, 18.936516339678615, 19.423494872332586, 19.92348944133316, 20.423484276251624, 20.923479358024586, 21.423474669368282, 21.857462698290526, 22.357451072306876, 22.8574399549475, 23.303484472332578, 23.685903169671533, 23.70612252118644, 23.999292248881073, 24.299214224021807, 24.46011500114205, 24.46688935454744, 24.573932468950627, 24.736951124693075, 24.908841360684093, 25.089519822387985, 25.29138171590184, 25.661777332890804, 26.023145678926408, 26.378138150491928, 26.681827753958245, 26.912391093288285, 27.147035565682614, 27.38879854339673, 27.679849798568373, 28.01019355475691, 28.345507599593013, 28.686938028781174, 29.03239942971082, 29.329660645229435, 29.53364627981029, 29.720223680856197, 29.925606544145857, 30.294647163086022, 30.713855513226896, 31.144603243660036, 31.443379436889575, 31.728045447858204, 32.018797709494216, 32.43145990224501, 32.89473020919743, 33.35895446301397, 33.821328363769524, 34.24870221585208, 34.633599181006424, 35.04536247692639, 35.423509703054926, 35.74268110558753, 36.03369750050795, 36.452781176186015, 36.736131010313464, 36.74559307564962, 36.768916204939465, 36.94337794170697, 37.12102314933501
1BL8.pdb, 18, 18, 0.18103186329255305, 1.7090822229192366, 0.7584556322343876, -, -, -, 1.2702937657490008, 47.1546042848246, , length, 0.0, 0.5, 1.0, 1.5, 2.0, 2.5, 3.0, 3.5, 4.0, 4.5, 5.0, 5.5, 6.0, 6.5, 7.0, 7.5, 8.0, 8.5, 9.0, 9.5, 10.0, 10.5, 11.0, 11.5, 12.0, 12.5, 13.0, 13.5, 14.0, 14.5, 15.0, 15.5, 16.0, 16.5, 17.0, 17.5, 18.0, 18.5, 19.0, 19.5, 20.0, 20.5, 21.0, 21.5, 22.0, 22.5, 23.0, 23.5, 24.0, 24.5, 25.0, 25.5, 26.0, 26.5, 27.0, 27.5, 28.0, 28.5, 29.0, 29.5, 30.0, 30.5, 31.0, 31.5, 32.0, 32.5, 33.0, 33.5, 34.0, 34.5, 35.0, 35.5, 36.0, 36.5, 37.0, 37.5, 38.0, 38.5, 39.0, 39.5, 40.0, 40.5, 41.0, 41.5, 42.0, 42.5, 43.0, 43.5, 44.0, 44.5, 45.0, 45.5, 46.0, 46.5, 47.0, 47.5, 48.0, 48.5
1BL8.pdb, 18, 18, 0.18103186329255305, 1.7090822229192366, 0.7584556322343876, -, -, -, 1.2702937657490008, 47.1546042848246, , R, 2.4231347144496413, 2.1991976400181916, 2.0277624659331397, 1.873236129182755, 1.7864053136864682, 1.773907602789858, 1.8366856410840091, 1.7966202714561827, 1.6936369878318818, 1.6553796608320286, 1.6822252672784859, 1.7794925638383643, 1.9469769095142375, 2.1750245741246657, 2.453220899429759, 2.57326508900968, 2.228307487665466, 1.921627370194599, 1.6643035170121854, 1.4761394524472835, 1.3375221141054343, 1.2795890732747313, 1.3098517338531517, 1.4110741577236574, 1.5903585967793497, 1.8352146701877285, 2.1159784384470495, 1.850167604996125, 1.5809973970286184, 1.373845197482273, 1.242697087558477, 1.1985750620898883, 1.245647399584768, 1.3314849972159348, 1.456410105081646, 1.672968638773611, 1.9482422372350214, 2.269770402556083, 2.626807831578317, 3.0109679628075514, 3.326529604672635, 3.5918219605884043, 3.89041572381822, 4.217113634252421, 4.567392495979755, 4.612216882430484, 4.510716619624926, 4.449506009652307, 4.360217082539245, 4.297731419971061, 3.990547221635675, 3.7495785999886375, 3.546634638597873, 3.3367454893137123, 3.1125667313269605, 2.8808164181366807, 2.6529903187191546, 2.4750253151104955, 2.353836126712592, 2.282667452776124, 2.1478766049644564, 1.9963505607024428, 1.8319161661818963, 1.6516957175465126, 1.3891031084859051, 1.1871879222214305, 1.0674412064123895, 0.9863871124309198, 0.9473957736391521, 1.0086572425271316, 1.1304214036878917, 1.295225114382328, 1.4996266860840994, 1.6961422006950437, 1.8793947843430274, 2.113192519194847, 2.263569304328888, 2.3293891251279764, 2.1052918356078814, 1.7960826680359507, 1.5231633524260175, 1.3043274167940262, 1.0691929326929839, 0.8740539796768698, 0.7719442030538075, 0.7663397388395725, 0.8073895325252849, 0.8455069898938326, 0.9753917644017509, 1.1132224774728585, 1.2299166185487551, 1.393474385495777, 1.589824323566777, 1.7802863428429894, 1.8720927990852751, 1.9297268382690311, 1.9782289824202333, 2.088912654632383
1BL8.pdb, 18, 18, 0.18103186329255305, 1.7090822229192366, 0.7584556322343876, -, -, -, 1.2702937657490008, 47.1546042848246, , Upper limit of R overestimation, -, -, -, -, -, -, -, -, -, -, -, -, -, -, -, -, -, -, -, -, -, -, -, -, -, -, -, -, -, -, -, -, -, -, -, -, -, -, -, -, -, -, -, -, -, -, -, -, -, -, -, -, -, -, -, -, -, -, -, -, -, -, -, -, -, -, -, -, -, -, -, -, -, -, -, -, -, -, -, -, -, -, -, -, -, -, -, -, -, -, -, -, -, -, -, -, -, -
1BL8.pdb, 19, 19, 0.1776190670411486, 1.7281140947207556, 0.6286247039875343, -, -, -, 1.374847368420359, 33.57259635855908, , X, 82.56081512185777, 82.33720085843366, 82.27199616516555, 82.10730059736281, 81.92503489300516, 81.74132522428776, 81.55761555557038, 81.35482209828193, 81.17085635508575, 80.99737807586182, 80.78399290056058, 80.59791815168091, 80.41637329401885, 80.23482843635678, 80.05328357869472, 79.8814177022446, 79.70257905323092, 79.52374040421724, 79.34490175520355, 79.17067414111426, 79.00268312931462, 78.82157337803449, 78.64051344524003, 78.46173523368324, 78.28295702212645, 78.10417881056966, 77.90207932897066, 77.76773223848512, 77.64096825515206, 77.52416831835704, 77.4152321406126, 77.30629596286815, 77.13490738881407, 76.94359666908395, 76.86089211567021, 76.57789625338594, 76.312974173584, 75.89586082707758, 75.5906232546656, 75.3388537391096, 74.998334365988, 74.63673704840127, 74.24645368568542, 73.88166560480397, 73.48662038770819, 73.24820712034904, 72.81426336533063, 72.38031961031223, 71.95102905790854, 71.71956753870361, 71.45748279938718, 71.50439641523816, 71.57487103475358, 71.86113283725653, 72.07508983058872, 72.14691042369255, 72.43929378183893, 72.64762724514512, 72.84851163171221, 73.0493960182793, 73.22797963595158, 73.46794659303701, 73.30130121875156, 73.11582089459996, 72.86578131534185, 72.6762213976322, 72.72240757567583, 72.76859375371946, 72.81477993176308, 72.71552901268434, 72.49406885955362
1BL8.pdb, 19, 19, 0.1776190670411486, 1.7281140947207556, 0.6286247039875343, -, -, -, 1.374847368420359, 33.57259635855908, , Y, 26.438026024326703, 26.45303780625517, 26.404251461179484, 26.397652513499192, 26.398676316698683, 26.40032657949109, 26.401976842283492, 26.502344834589966, 26.48516654282357, 26.47078657360811, 26.463493373738, 26.463374460490193, 26.463337689224254, 26.463300917958318, 26.46326414669238, 26.460904923028306, 26.448632497777613, 26.43636007252692, 26.424087647276227, 26.42010270713484, 26.419155974619585, 26.427319651711244, 26.434997287552292, 26.42041389660168, 26.405830505651068, 26.39124711470045, 26.403302701354765, 25.941876692251522, 25.45856921406854, 24.973138913240124, 24.485654861840214, 23.998170810440307, 23.617841880348134, 23.27169514441939, 22.985232791064792, 22.738025204083744, 22.478634287108928, 22.21513910033421, 21.828507410890783, 21.47951478789051, 21.25281533026629, 20.99412399572651, 20.786950507019025, 20.70507884136061, 20.627382354919455, 20.484790001776304, 20.399723886998068, 20.314657772219835, 20.22423932676613, 19.814387352321116, 19.39797872328613, 18.909929265980338, 18.415033669751246, 18.09690786323403, 17.747875362100835, 17.393193782401834, 17.18952435678666, 16.80755829158455, 16.431548314577476, 16.055538337570407, 15.652523976771272, 15.287774579782443, 14.873303502218915, 14.664994339781593, 14.603870862523925, 14.458088269747442, 13.982309518882511, 13.506530768017578, 13.030752017152647, 12.629684997583658, 12.291397445131597
1BL8.pdb, 19, 19, 0.1776190670411486, 1.7281140947207556, 0.6286247039875343, -, -, -, 1.374847368420359, 33.57259635855908, , Z, 46.28016970498183, 45.88751725329338, 45.45013847944894, 44.97808782132457, 44.512529495433675, 44.047504728079865, 43.582479960726054, 43.20783411641091, 42.74340160955445, 42.274681540512304, 41.8514185792933, 41.387462669796406, 40.92158557945569, 40.45570848911497, 39.98983139877425, 39.526518589185706, 39.0597572741676, 38.592995959149505, 38.1262346441314, 37.68923895565758, 37.224202352526014, 36.75822744722789, 36.29223666443381, 35.82551868129952, 35.35880069816523, 34.892082715030945, 34.45935507134215, 34.44223535232834, 34.42474781734445, 34.400382867629865, 34.37819708819436, 34.35601130875885, 34.11871741016268, 33.81280460277761, 33.5603266191113, 33.297794346083776, 33.51509931707004, 33.59625806713908, 33.659839250404794, 33.829509429811665, 33.625719096891785, 33.4039883543934, 33.19158347508744, 32.85957942931519, 32.57540057236311, 32.29263437235017, 32.05927504942293, 31.82591572649568, 31.592126988610033, 31.57255704028526, 31.661525816171164, 31.669388348699723, 31.66168644759942, 31.588888797874848, 31.651852609690543, 31.549792254644167, 31.20596679241398, 30.959620328759442, 30.698350429182955, 30.437080529606465, 30.20177962614952, 30.055881339723573, 30.07512866828695, 29.79657750483062, 29.367923647584057, 29.05672477453382, 29.203358389994694, 29.34999200545557, 29.496625620916443, 29.403747314238085, 29.109609706252787
1BL8.pdb, 19, 19, 0.1776190670411486, 1.7281140947207556, 0.6286247039875343, -, -, -, 1.374847368420359, 33.57259635855908, , distance, 0.0, 0.452111313970713, 0.879493573723086, 1.3793921400576656, 1.8789137312026152, 2.378608382951021, 2.8784090865594467, 3.301181917293672, 3.8003863175529413, 4.299923730263972, 4.771957913191287, 5.2718297763583335, 5.771801734615091, 6.271778163847416, 6.771758073744269, 7.265775758315813, 7.765563829647863, 8.265377536116576, 8.765212492389788, 9.23566284866986, 9.729912848729976, 10.229830292099935, 10.729752132803869, 11.229536684283172, 11.729339600161374, 12.229158628792339, 12.705773628549963, 12.781099225979435, 12.873043811347278, 12.986263533917779, 13.112807843621729, 13.257013936597208, 13.61230455333018, 14.036167104266642, 14.35985067879516, 14.765750716297433, 14.753281718045562, 14.937737585087588, 15.136181067092476, 15.223747934837544, 15.627304480213137, 16.069322598805236, 16.503767754394907, 16.979592547801964, 17.433453097549823, 17.827417973772178, 18.267189402008004, 18.709986255636107, 19.155085598438724, 19.434997008265185, 19.66090038151789, 19.808875971649524, 19.968961579234048, 19.9972795114797, 19.986415748115906, 20.180248293230875, 20.376740926365454, 20.633381589542193, 20.910560183411135, 21.1959104203726, 21.492870914605742, 21.684923295184486, 21.95642866533921, 22.349966505995535, 22.804933141955853, 23.19204943442404, 23.31430079149785, 23.446579405621332, 23.588716587635183, 23.925166105862573, 24.419144357189673
1BL8.pdb, 19, 19, 0.1776190670411486, 1.7281140947207556, 0.6286247039875343, -, -, -, 1.374847368420359, 33.57259635855908, , length, 0.0, 0.5, 1.0, 1.5, 2.0, 2.5, 3.0, 3.5, 4.0, 4.5, 5.0, 5.5, 6.0, 6.5, 7.0, 7.5, 8.0, 8.5, 9.0, 9.5, 10.0, 10.5, 11.0, 11.5, 12.0, 12.5, 13.0, 13.5, 14.0, 14.5, 15.0, 15.5, 16.0, 16.5, 17.0, 17.5, 18.0, 18.5, 19.0, 19.5, 20.0, 20.5, 21.0, 21.5, 22.0, 22.5, 23.0, 23.5, 24.0, 24.5, 25.0, 25.5, 26.0, 26.5, 27.0, 27.5, 28.0, 28.5, 29.0, 29.5, 30.0, 30.5, 31.0, 31.5, 32.0, 32.5, 33.0, 33.5, 34.0, 34.5, 35.0
1BL8.pdb, 19, 19, 0.1776190670411486, 1.7281140947207556, 0.6286247039875343, -, -, -, 1.374847368420359, 33.57259635855908, , R, 2.4231347144496413, 2.1991976400181916, 2.0277624659331397, 1.873236129182755, 1.7864053136864682, 1.773907602789858, 1.8366856410840091, 1.7966202714561827, 1.6936369878318818, 1.6553796608320286, 1.6822252672784859, 1.7794925638383643, 1.9469769095142375, 2.1750245741246657, 2.453220899429759, 2.57326508900968, 2.228307487665466, 1.921627370194599, 1.6643035170121854, 1.4761394524472835, 1.3375221141054343, 1.2795890732747313, 1.3098517338531517, 1.4110741577236574, 1.5903585967793497, 1.8352146701877285, 2.1159784384470495, 1.853431387903345, 1.6307747765445457, 1.4657713752411916, 1.3774719967146893, 1.3741073301247564, 1.2770240249121345, 1.2078740251523938, 1.1640264046844866, 1.23005870043268, 1.2992307826104232, 1.3274535633047533, 1.3067911347626517, 1.2910567688136791, 1.4610532982054631, 1.4373292263200077, 1.4183173841260115, 1.4118805615893368, 1.4596419279580215, 1.528292691704007, 1.642992705887257, 1.8291726412199019, 2.0718121302033263, 1.9706707259866132, 1.8537654146669236, 1.7013611014717664, 1.6035199392791215, 1.536491952433658, 1.4277412534489247, 1.1859306037861597, 0.9997337451850727, 0.8104003390745542, 0.7073582715108477, 0.7141629302664549, 0.8138440932229392, 0.9026563839999824, 1.0287431125390474, 0.9070271060798389, 0.7120737430271693, 0.6810482090167986, 0.9825004208179888, 1.3401404675246935, 1.7355028231826997, 2.021174668804629, 2.243134783782854
1BL8.pdb, 19, 19, 0.1776190670411486, 1.7281140947207556, 0.6286247039875343, -, -, -, 1.374847368420359, 33.57259635855908, , Upper limit of R overestimation, -, -, -, -, -, -, -, -, -, -, -, -, -, -, -, -, -, -, -, -, -, -, -, -, -, -, -, -, -, -, -, -, -, -, -, -, -, -, -, -, -, -, -, -, -, -, -, -, -, -, -, -, -, -, -, -, -, -, -, -, -, -, -, -, -, -, -, -, -, -, -
1BL8.pdb, 20, 20, 0.17260883449422823, 1.7567273168557522, 0.6999443211232936, -, -, -, 1.2729577430316692, 48.231402988785824, , X, 82.56081512185777, 82.33720085843366, 82.27199616516555, 82.10730059736281, 81.92503489300516, 81.74132522428776, 81.55761555557038, 81.35482209828193, 81.17085635508575, 80.99737807586182, 80.78399290056058, 80.59791815168091, 80.41637329401885, 80.23482843635678, 80.05328357869472, 79.8814177022446, 79.70257905323092, 79.52374040421724, 79.34490175520355, 79.17067414111426, 79.00268312931462, 78.82157337803449, 78.64051344524003, 78.46173523368324, 78.28295702212645, 78.10417881056966, 77.90207932897066, 77.73087814334775, 77.54219761608704, 77.35351708882632, 77.1648365615656, 76.97615603430488, 76.78747550704416, 76.58783879019265, 76.52151964690107, 76.34626328958761, 76.15969659380767, 75.97312989802771, 75.78656320224776, 75.5999965064678, 75.43858476005643, 75.25483170579307, 75.0710786515297, 74.88732559726634, 74.70357254300298, 74.58006256469116, 74.3987524934589, 74.21744242222663, 74.14893339438791, 74.07594273251314, 73.7746178043407, 73.61993328151722, 73.64278803066392, 73.66564277981064, 73.68849752895734, 73.71135227810404, 73.73504304826554, 73.62789670503093, 73.47592469156604, 73.32395267810112, 73.17667095699144, 73.06104747948011, 72.64203186970948, 72.34854418846723, 72.28925639731733, 71.9271271448466, 71.67171229670711, 71.46769685088366, 71.28444138387631, 71.11647611730523, 70.95713731473278, 70.79779851216031, 70.58875777714663, 70.24568036814821, 69.92499456504507, 69.8441584475266, 69.56224775724573, 69.28033706696486, 68.9176537436649, 68.49528595629899, 68.06923654984178, 67.68072552302287, 67.35632745098106, 67.03612446908829, 66.75875123022064, 66.53669073556671, 66.3719320767156, 66.18414997149966, 65.92535929706257, 65.66078236520909, 65.39620543335562, 65.13162850150215, 64.86774484959074, 64.54311984908783, 64.22524183680547, 63.907363824523095, 63.59155666417445, 63.30295282402518, 63.01434898387592, 62.725745143726655
1BL8.pdb, 20, 20, 0.17260883449422823, 1.7567273168557522, 0.6999443211232936, -, -, -, 1.2729577430316692, 48.231402988785824, , Y, 26.438026024326703, 26.45303780625517, 26.404251461179484, 26.397652513499192, 26.398676316698683, 26.40032657949109, 26.401976842283492, 26.502344834589966, 26.48516654282357, 26.47078657360811, 26.463493373738, 26.463374460490193, 26.463337689224254, 26.463300917958318, 26.46326414669238, 26.460904923028306, 26.448632497777613, 26.43636007252692, 26.424087647276227, 26.42010270713484, 26.419155974619585, 26.427319651711244, 26.434997287552292, 26.42041389660168, 26.405830505651068, 26.39124711470045, 26.403302701354765, 26.44566703157441, 26.44744721161165, 26.449227391648893, 26.451007571686134, 26.452787751723378, 26.454567931760618, 26.564360338443823, 26.442121081339067, 26.423155418914735, 26.422244897487285, 26.421334376059832, 26.420423854632382, 26.41951333320493, 26.46306940908534, 26.461396028230936, 26.459722647376534, 26.45804926652213, 26.45637588566773, 26.59185253648466, 26.59855161572547, 26.60525069496628, 26.607092070316376, 26.60364998518291, 26.61461692845935, 26.702612060172232, 27.200576825256917, 27.698541590341602, 28.19650635542629, 28.694471120510975, 29.19247419051722, 29.671691980781613, 30.144615460851384, 30.61753894092115, 31.09320892924715, 31.480620066909108, 31.55905122530946, 31.79864097662376, 32.20920877353653, 32.49185009678409, 32.8993367712144, 33.35247804123443, 33.814641701809386, 34.27106660203396, 34.71713447275729, 35.16320234348061, 35.58265536775758, 35.93033320501334, 36.26776341798523, 36.74710087747385, 37.15187470592703, 37.5566485343802, 37.83971355942339, 38.03284559067751, 38.21368176772683, 38.38833782060071, 38.66487054408274, 38.98572474942306, 39.31128129534667, 39.61808664465451, 39.905466488957025, 40.095541308673376, 40.02803699693813, 39.9726820484071, 39.917327099876076, 39.86197215134504, 39.81902057760673, 39.9526796032753, 40.06086831823683, 40.16905703319835, 40.29794800879672, 40.6987899702598, 41.09963193172288, 41.50047389318596
1BL8.pdb, 20, 20, 0.17260883449422823, 1.7567273168557522, 0.6999443211232936, -, -, -, 1.2729577430316692, 48.231402988785824, , Z, 46.28016970498183, 45.88751725329338, 45.45013847944894, 44.97808782132457, 44.512529495433675, 44.047504728079865, 43.582479960726054, 43.20783411641091, 42.74340160955445, 42.274681540512304, 41.8514185792933, 41.387462669796406, 40.92158557945569, 40.45570848911497, 39.98983139877425, 39.526518589185706, 39.0597572741676, 38.592995959149505, 38.1262346441314, 37.68923895565758, 37.224202352526014, 36.75822744722789, 36.29223666443381, 35.82551868129952, 35.35880069816523, 34.892082715030945, 34.45935507134215, 34.01769364475221, 33.55466395931978, 33.09163427388735, 32.62860458845493, 32.1655749030225, 31.70254521759007, 31.389728332517493, 30.992696622603926, 30.524977306417092, 30.061089346909107, 29.597201387401125, 29.13331342789314, 28.669425468385153, 28.209603566704775, 27.74459602392143, 27.27958848113809, 26.814580938354748, 26.349573395571404, 25.93237862996345, 25.46645827152536, 25.000537913087275, 24.548532605412053, 24.159632785527084, 23.891312951731194, 23.484338377247965, 23.523181049344448, 23.562023721440934, 23.60086639353742, 23.6397090656339, 23.677407680421325, 23.64250439850493, 23.5855141438808, 23.528523889256675, 23.483962237550504, 23.4136626757247, 23.25871444433164, 23.02661627635549, 22.747492393598648, 22.632457767540654, 22.574789084757615, 22.519673508100436, 22.46843809818279, 22.367130075773936, 22.207021985087888, 22.04691389440184, 21.901210922356352, 21.794355819922767, 21.70643034348985, 21.681024846152333, 21.76278370197067, 21.84454255778901, 21.98579727404988, 22.171014634735315, 22.359967936232604, 22.61105163021297, 22.868340012582863, 22.806874147206663, 22.547881827308263, 22.2321445110953, 21.85762160201997, 21.470044170944877, 21.047838886685756, 20.627202610546703, 20.20656633440765, 19.785930058268598, 19.376276317305443, 19.05066254273737, 18.680191530021954, 18.30972051730654, 17.95996180085638, 17.882285901237967, 17.804610001619555, 17.726934102001145
1BL8.pdb, 20, 20, 0.17260883449422823, 1.7567273168557522, 0.6999443211232936, -, -, -, 1.2729577430316692, 48.231402988785824, , distance, 0.0, 0.452111313970713, 0.879493573723086, 1.3793921400576656, 1.8789137312026152, 2.378608382951021, 2.8784090865594467, 3.301181917293672, 3.8003863175529413, 4.299923730263972, 4.771957913191287, 5.2718297763583335, 5.771801734615091, 6.271778163847416, 6.771758073744269, 7.265775758315813, 7.765563829647863, 8.265377536116576, 8.765212492389788, 9.23566284866986, 9.729912848729976, 10.229830292099935, 10.729752132803869, 11.229536684283172, 11.729339600161374, 12.229158628792339, 12.705773628549963, 13.17940320079308, 13.679367928046826, 14.179335142829425, 14.679304590970203, 15.179276051784555, 15.679249332735338, 16.044240427154936, 16.43715120839841, 16.93655700331888, 17.43654596288299, 17.936535537968094, 18.436525678496306, 18.936516339678615, 19.423494872332586, 19.92348944133316, 20.423484276251624, 20.923479358024586, 21.423474669368282, 21.857462698290526, 22.357451072306876, 22.8574399549475, 23.303484472332578, 23.692586274293337, 24.051805636320594, 24.48794192609474, 24.45389996700067, 24.4300459970169, 24.416409876078177, 24.41300872602422, 24.420607865778962, 24.550305853241166, 24.72491517515028, 24.908338831585414, 25.087844954946412, 25.269556459433925, 25.585045683569067, 25.956779795300957, 26.317263733111556, 26.6258969007411, 26.87501008844931, 27.11877761238427, 27.360000468679704, 27.643496237835013, 27.976872886301546, 28.315154047635893, 28.65812335479665, 29.00554293972604, 29.328422469999975, 29.548406202133478, 29.746453965560903, 29.951539826262476, 30.10566164116343, 30.224663930052383, 30.345476934028557, 30.40483791989147, 30.475989594925775, 30.813249869214385, 31.28334081291506, 31.76151879285128, 32.247678098727356, 32.714908133812465, 33.13755131657053, 33.56892523769782, 34.00217898855816, 34.43724161900522, 34.86997605834777, 35.33736357738232, 35.8264410054157, 36.31581591578188, 36.79625496681524, 37.157427967162164, 37.52178735997014, 37.889241220150936
1BL8.pdb, 20, 20, 0.17260883449422823, 1.7567273168557522, 0.6999443211232936, -, -, -, 1.2729577430316692, 48.231402988785824, , length, 0.0, 0.5, 1.0, 1.5, 2.0, 2.5, 3.0, 3.5, 4.0, 4.5, 5.0, 5.5, 6.0, 6.5, 7.0, 7.5, 8.0, 8.5, 9.0, 9.5, 10.0, 10.5, 11.0, 11.5, 12.0, 12.5, 13.0, 13.5, 14.0, 14.5, 15.0, 15.5, 16.0, 16.5, 17.0, 17.5, 18.0, 18.5, 19.0, 19.5, 20.0, 20.5, 21.0, 21.5, 22.0, 22.5, 23.0, 23.5, 24.0, 24.5, 25.0, 25.5, 26.0, 26.5, 27.0, 27.5, 28.0, 28.5, 29.0, 29.5, 30.0, 30.5, 31.0, 31.5, 32.0, 32.5, 33.0, 33.5, 34.0, 34.5, 35.0, 35.5, 36.0, 36.5, 37.0, 37.5, 38.0, 38.5, 39.0, 39.5, 40.0, 40.5, 41.0, 41.5, 42.0, 42.5, 43.0, 43.5, 44.0, 44.5, 45.0, 45.5, 46.0, 46.5, 47.0, 47.5, 48.0, 48.5, 49.0, 49.5
1BL8.pdb, 20, 20, 0.17260883449422823, 1.7567273168557522, 0.6999443211232936, -, -, -, 1.2729577430316692, 48.231402988785824, , R, 2.4231347144496413, 2.1991976400181916, 2.0277624659331397, 1.873236129182755, 1.7864053136864682, 1.773907602789858, 1.8366856410840091, 1.7966202714561827, 1.6936369878318818, 1.6553796608320286, 1.6822252672784859, 1.7794925638383643, 1.9469769095142375, 2.1750245741246657, 2.453220899429759, 2.57326508900968, 2.228307487665466, 1.921627370194599, 1.6643035170121854, 1.4761394524472835, 1.3375221141054343, 1.2795890732747313, 1.3098517338531517, 1.4110741577236574, 1.5903585967793497, 1.8352146701877285, 2.1159784384470495, 1.850167604996125, 1.5809973970286184, 1.373845197482273, 1.242697087558477, 1.1985750620898883, 1.245647399584768, 1.3314849972159348, 1.456410105081646, 1.672968638773611, 1.9482422372350214, 2.269770402556083, 2.626807831578317, 3.0109679628075514, 3.326529604672635, 3.5918219605884043, 3.89041572381822, 4.217113634252421, 4.567392495979755, 4.612216882430484, 4.510716619624926, 4.449506009652307, 4.360217082539245, 4.316051389543013, 4.4647204022085045, 4.4630006988072175, 4.122490578958864, 3.807204004480353, 3.5218751548469904, 3.2718584754534707, 3.06196362493932, 2.828829587708388, 2.620285216309401, 2.4639182423654664, 2.3614547084518134, 2.285630800942916, 2.180787375851987, 2.0365678012596855, 1.862489008713816, 1.6901081943603473, 1.4539955828642435, 1.2424085247204104, 1.100224478184642, 1.0005843961834384, 0.9460085132827634, 0.9917822909007743, 1.1133769215671956, 1.270090812916902, 1.4775380476930566, 1.6756691273854631, 1.834805422513711, 2.0573087194328448, 2.2438601427603424, 2.4219437337485017, 2.6446887036087623, 2.8577645974537194, 3.0273533449826515, 2.9484565838341656, 2.7373555255824695, 2.52329726060425, 2.3037414466772774, 2.071073536964619, 1.6881573846373454, 1.3433993211710025, 1.050182394376332, 0.8278968052794662, 0.7022918835523342, 0.7100079575575369, 0.794971343200015, 0.9790496491475671, 1.24076002052406, 1.5413888518792938, 1.8891652224404774, 2.271136152314294
1BL8.pdb, 20, 20, 0.17260883449422823, 1.7567273168557522, 0.6999443211232936, -, -, -, 1.2729577430316692, 48.231402988785824, , Upper limit of R overestimation, -, -, -, -, -, -, -, -, -, -, -, -, -, -, -, -, -, -, -, -, -, -, -, -, -, -, -, -, -, -, -, -, -, -, -, -, -, -, -, -, -, -, -, -, -, -, -, -, -, -, -, -, -, -, -, -, -, -, -, -, -, -, -, -, -, -, -, -, -, -, -, -, -, -, -, -, -, -, -, -, -, -, -, -, -, -, -, -, -, -, -, -, -, -, -, -, -, -, -, -
1BL8.pdb, 21, 21, 0.16712184747965136, 1.7890321069861026, 0.8809035672997152, -, -, -, 1.4145923974361847, 59.49337373512868, , X, 82.56081512185777, 82.33720085843366, 82.27199616516555, 82.10730059736281, 81.92503489300516, 81.74132522428776, 81.55761555557038, 81.35482209828193, 81.17085635508575, 80.99737807586182, 80.78399290056058, 80.59791815168091, 80.41637329401885, 80.23482843635678, 80.05328357869472, 79.8814177022446, 79.70257905323092, 79.52374040421724, 79.34490175520355, 79.17067414111426, 79.00268312931462, 78.82157337803449, 78.64051344524003, 78.46173523368324, 78.28295702212645, 78.10417881056966, 77.90207932897066, 77.73087814334775, 77.54219761608704, 77.35351708882632, 77.1648365615656, 76.97615603430488, 76.78747550704416, 76.58783879019265, 76.52151964690107, 76.34626328958761, 76.15969659380767, 75.97312989802771, 75.78656320224776, 75.5999965064678, 75.43858476005643, 75.25483170579307, 75.0710786515297, 74.88732559726634, 74.70357254300298, 74.58006256469116, 74.3987524934589, 74.21744242222663, 74.14893339438791, 74.07594273251314, 73.7746178043407, 73.57331554770505, 73.53657652287485, 73.54165804276366, 73.54673956265246, 73.5532846632112, 73.57216314668472, 73.61854077675747, 73.71785095677737, 73.75352787941262, 73.82515224072037, 73.89802798907077, 73.8993601929765, 73.75763816404564, 73.79526838689367, 74.07430237788186, 74.31224666680906, 74.42854846064476, 74.53585804344394, 74.63780586704547, 74.68700049830463, 74.89784579394244, 75.14082802542868, 75.09250101312422, 75.04417400081975, 75.08833045839648, 75.10124383817654, 75.34754751536191, 75.62138283340475, 75.81921635476648, 75.93508417123236, 76.37444902594561, 76.87003248582387, 77.3532575875854, 77.69294698966384, 77.9701493061608, 78.09406101924384, 78.15599687367695, 78.23561616214445, 78.37716029779433, 78.33404300456499, 78.12992571878739, 77.95759572339418, 77.84655048559057, 77.75359240473054, 77.64865398023998, 77.54371555574944, 77.70828455537128, 77.69190321178745, 77.6172139027664, 77.21003745147927, 77.12207123629834, 77.04258590229387, 76.9631563455359, 76.8850551683708, 76.81761915716864, 76.74423596825842, 76.75086266528768, 76.92698642726671, 77.11200394978644, 77.29702147230616, 77.37715282409458, 77.72426050294114, 77.81909655669926, 77.87802069591186, 77.5845597405718, 77.2873844480313, 77.09119076315054, 76.74166377985603, 76.4564288893129, 76.36255336028108, 76.48232625394678, 76.5979633619784, 76.71360047001001
1BL8.pdb, 21, 21, 0.16712184747965136, 1.7890321069861026, 0.8809035672997152, -, -, -, 1.4145923974361847, 59.49337373512868, , Y, 26.438026024326703, 26.45303780625517, 26.404251461179484, 26.397652513499192, 26.398676316698683, 26.40032657949109, 26.401976842283492, 26.502344834589966, 26.48516654282357, 26.47078657360811, 26.463493373738, 26.463374460490193, 26.463337689224254, 26.463300917958318, 26.46326414669238, 26.460904923028306, 26.448632497777613, 26.43636007252692, 26.424087647276227, 26.42010270713484, 26.419155974619585, 26.427319651711244, 26.434997287552292, 26.42041389660168, 26.405830505651068, 26.39124711470045, 26.403302701354765, 26.44566703157441, 26.44744721161165, 26.449227391648893, 26.451007571686134, 26.452787751723378, 26.454567931760618, 26.564360338443823, 26.442121081339067, 26.423155418914735, 26.422244897487285, 26.421334376059832, 26.420423854632382, 26.41951333320493, 26.46306940908534, 26.461396028230936, 26.459722647376534, 26.45804926652213, 26.45637588566773, 26.59185253648466, 26.59855161572547, 26.60525069496628, 26.607092070316376, 26.60364998518291, 26.61461692845935, 26.58851115224678, 26.112219644661234, 25.614138586850608, 25.116057529039985, 24.617715262869698, 24.11883093954377, 23.673360854187628, 23.193202268419654, 22.8010322846117, 22.32587523953569, 21.851980158437776, 21.427525266791125, 21.01623514382447, 20.803568072451156, 20.84403074792031, 20.574494039246947, 20.11846074440648, 19.687443476736433, 19.232783237591384, 18.78768876303912, 18.544646400499573, 18.32244997625679, 17.863329134151694, 17.404208292046594, 16.99702761060297, 16.515048267581506, 16.104903274701535, 15.705836828196711, 15.325642509371198, 14.962867424593119, 14.863071527124685, 14.865748927194398, 14.948599594901388, 15.180901459193263, 15.245356329379373, 15.55312966262996, 15.954164513454288, 16.328187302836312, 16.721065692095383, 17.06127236528704, 17.24985403148444, 17.14817331477129, 17.2101930197768, 17.170586677280927, 17.139266631921224, 17.10794658656152, 17.165265958080564, 17.173780492701084, 17.150300371954575, 17.027028534203914, 16.553684317984633, 16.08002781981375, 15.606271870663585, 15.130153104449779, 14.635081209684607, 14.14050169657595, 13.666775171012084, 13.239690255158811, 12.81922305307674, 12.398755850994668, 11.97703134759776, 11.72278309878834, 11.267657048675124, 10.825576024306638, 10.64276259303449, 10.620903282465925, 10.492698573962059, 10.316313052700789, 10.02898671961227, 9.639281429309863, 9.161560338818369, 8.6820950088363, 8.20262967885423
1BL8.pdb, 21, 21, 0.16712184747965136, 1.7890321069861026, 0.8809035672997152, -, -, -, 1.4145923974361847, 59.49337373512868, , Z, 46.28016970498183, 45.88751725329338, 45.45013847944894, 44.97808782132457, 44.512529495433675, 44.047504728079865, 43.582479960726054, 43.20783411641091, 42.74340160955445, 42.274681540512304, 41.8514185792933, 41.387462669796406, 40.92158557945569, 40.45570848911497, 39.98983139877425, 39.526518589185706, 39.0597572741676, 38.592995959149505, 38.1262346441314, 37.68923895565758, 37.224202352526014, 36.75822744722789, 36.29223666443381, 35.82551868129952, 35.35880069816523, 34.892082715030945, 34.45935507134215, 34.01769364475221, 33.55466395931978, 33.09163427388735, 32.62860458845493, 32.1655749030225, 31.70254521759007, 31.389728332517493, 30.992696622603926, 30.524977306417092, 30.061089346909107, 29.597201387401125, 29.13331342789314, 28.669425468385153, 28.209603566704775, 27.74459602392143, 27.27958848113809, 26.814580938354748, 26.349573395571404, 25.93237862996345, 25.46645827152536, 25.000537913087275, 24.548532605412053, 24.159632785527084, 23.891312951731194, 23.46769787305545, 23.506086680568348, 23.549554346779797, 23.593022012991245, 23.632739261301488, 23.640663763139052, 23.68188589651095, 23.58398175636502, 23.385015516000564, 23.246828203334413, 23.105222784844223, 22.881924875049823, 22.63543897024836, 22.306068263572005, 21.914583677480632, 21.577102285500832, 21.40826056450882, 21.24625105064186, 21.06489309464467, 20.848567456187283, 20.54461859188356, 20.23249489917055, 20.04047262903912, 19.848450358907687, 19.61231305242271, 19.53353133750993, 19.413774371123736, 19.28823477630842, 19.069188242155192, 18.74519921923669, 18.666736078705004, 18.676663633179857, 18.666668204731096, 18.424568498867078, 18.03286239111319, 17.725073488813475, 17.432993046480753, 17.1179996371838, 16.843029949924276, 16.53735695707007, 16.127542597146714, 15.69853898233988, 15.246008493603451, 14.765886928382777, 14.27802733605717, 13.790167743731564, 13.346925188217465, 12.847266150189949, 12.370611098403241, 12.475903676724812, 12.34167031897641, 12.202632182414185, 12.063911033326724, 11.932736303855863, 11.918336732716305, 11.920788833565137, 11.86111236217606, 11.670102303003826, 11.472679284249832, 11.275256265495836, 11.063700693173692, 10.871233368833398, 10.911521714370814, 10.854062396994065, 10.67109660922226, 10.324463686693418, 9.885878335356745, 9.576966112525536, 9.285920805608248, 9.08642533702623, 9.000240506675526, 8.918136568942485, 8.836032631209445
1BL8.pdb, 21, 21, 0.16712184747965136, 1.7890321069861026, 0.8809035672997152, -, -, -, 1.4145923974361847, 59.49337373512868, , distance, 0.0, 0.452111313970713, 0.879493573723086, 1.3793921400576656, 1.8789137312026152, 2.378608382951021, 2.8784090865594467, 3.301181917293672, 3.8003863175529413, 4.299923730263972, 4.771957913191287, 5.2718297763583335, 5.771801734615091, 6.271778163847416, 6.771758073744269, 7.265775758315813, 7.765563829647863, 8.265377536116576, 8.765212492389788, 9.23566284866986, 9.729912848729976, 10.229830292099935, 10.729752132803869, 11.229536684283172, 11.729339600161374, 12.229158628792339, 12.705773628549963, 13.17940320079308, 13.679367928046826, 14.179335142829425, 14.679304590970203, 15.179276051784555, 15.679249332735338, 16.044240427154936, 16.43715120839841, 16.93655700331888, 17.43654596288299, 17.936535537968094, 18.436525678496306, 18.936516339678615, 19.423494872332586, 19.92348944133316, 20.423484276251624, 20.923479358024586, 21.423474669368282, 21.857462698290526, 22.357451072306876, 22.8574399549475, 23.303484472332578, 23.692586274293337, 24.051805636320594, 24.519516011772232, 24.499018137290367, 24.468446200965328, 24.448063916960518, 24.44085190685998, 24.46879154071157, 24.459968827744166, 24.57323429731491, 24.798873308497097, 24.9751158311879, 25.162548804586798, 25.448060445694995, 25.806298309143475, 26.14076253473303, 26.400671661336272, 26.69571929784065, 26.91992813267143, 27.141617196370696, 27.395250935216108, 27.700018228846286, 27.98830348380041, 28.273665236266698, 28.597602085180537, 28.926554308319687, 29.259956536793418, 29.487172724042253, 29.675037549376338, 29.86469749756882, 30.155791044013363, 30.557391498129732, 30.573720966178527, 30.467296428784195, 30.35837677238827, 30.436056120684587, 30.7288209668991, 30.884079732650765, 31.007634175238653, 31.166461911465458, 31.280464874164775, 31.471002873616527, 31.83137142782958, 32.2912856642727, 32.71844059722961, 33.19856685501174, 33.68580367929481, 34.173409221400476, 34.55618217549278, 35.032721683624374, 35.5043547427653, 35.49543769480932, 35.76453392111148, 36.041885967944964, 36.32372557030934, 36.603666787174156, 36.78354756409695, 36.95441450637235, 37.168964261507824, 37.46722378833471, 37.771983359998, 38.080869153562894, 38.421223451593484, 38.64871805631829, 38.77583333072719, 38.99597719811443, 39.271612536574594, 39.63336016762047, 40.10878585075697, 40.507990636785586, 40.92791900168575, 41.27942452290802, 41.53573659549805, 41.794140826145146, 42.05690193369822
1BL8.pdb, 21, 21, 0.16712184747965136, 1.7890321069861026, 0.8809035672997152, -, -, -, 1.4145923974361847, 59.49337373512868, , length, 0.0, 0.5, 1.0, 1.5, 2.0, 2.5, 3.0, 3.5, 4.0, 4.5, 5.0, 5.5, 6.0, 6.5, 7.0, 7.5, 8.0, 8.5, 9.0, 9.5, 10.0, 10.5, 11.0, 11.5, 12.0, 12.5, 13.0, 13.5, 14.0, 14.5, 15.0, 15.5, 16.0, 16.5, 17.0, 17.5, 18.0, 18.5, 19.0, 19.5, 20.0, 20.5, 21.0, 21.5, 22.0, 22.5, 23.0, 23.5, 24.0, 24.5, 25.0, 25.5, 26.0, 26.5, 27.0, 27.5, 28.0, 28.5, 29.0, 29.5, 30.0, 30.5, 31.0, 31.5, 32.0, 32.5, 33.0, 33.5, 34.0, 34.5, 35.0, 35.5, 36.0, 36.5, 37.0, 37.5, 38.0, 38.5, 39.0, 39.5, 40.0, 40.5, 41.0, 41.5, 42.0, 42.5, 43.0, 43.5, 44.0, 44.5, 45.0, 45.5, 46.0, 46.5, 47.0, 47.5, 48.0, 48.5, 49.0, 49.5, 50.0, 50.5, 51.0, 51.5, 52.0, 52.5, 53.0, 53.5, 54.0, 54.5, 55.0, 55.5, 56.0, 56.5, 57.0, 57.5, 58.0, 58.5, 59.0, 59.5, 60.0, 60.5, 61.0, 61.5
1BL8.pdb, 21, 21, 0.16712184747965136, 1.7890321069861026, 0.8809035672997152, -, -, -, 1.4145923974361847, 59.49337373512868, , R, 2.4231347144496413, 2.1991976400181916, 2.0277624659331397, 1.873236129182755, 1.7864053136864682, 1.773907602789858, 1.8366856410840091, 1.7966202714561827, 1.6936369878318818, 1.6553796608320286, 1.6822252672784859, 1.7794925638383643, 1.9469769095142375, 2.1750245741246657, 2.453220899429759, 2.57326508900968, 2.228307487665466, 1.921627370194599, 1.6643035170121854, 1.4761394524472835, 1.3375221141054343, 1.2795890732747313, 1.3098517338531517, 1.4110741577236574, 1.5903585967793497, 1.8352146701877285, 2.1159784384470495, 1.850167604996125, 1.5809973970286184, 1.373845197482273, 1.242697087558477, 1.1985750620898883, 1.245647399584768, 1.3314849972159348, 1.456410105081646, 1.672968638773611, 1.9482422372350214, 2.269770402556083, 2.626807831578317, 3.0109679628075514, 3.326529604672635, 3.5918219605884043, 3.89041572381822, 4.217113634252421, 4.567392495979755, 4.612216882430484, 4.510716619624926, 4.449506009652307, 4.360217082539245, 4.316051389543013, 4.4647204022085045, 4.5235980918592436, 4.22054417225937, 3.8975673422893755, 3.6031069111252942, 3.340369923770606, 3.100093810804625, 2.9009171335207653, 2.655460690740623, 2.516454446878569, 2.3714341473412475, 2.2855679945619105, 2.15197142536174, 1.9530527147559638, 1.8418089474370918, 1.812080474144723, 1.634350286054008, 1.3805286271132378, 1.2010197144087074, 1.0791707609912415, 0.9935207928266139, 0.9108342721158031, 0.8932386058700388, 0.9997570742701578, 1.195627157362995, 1.4359276576716113, 1.6436617137030942, 1.8078006011785832, 2.0234720499225527, 2.2139919419412335, 2.3768828555636126, 2.5233018163092393, 2.682195547885138, 2.8141099176316087, 2.7213230393593375, 2.5154134038017113, 2.3330750563388514, 2.182746296836623, 2.0559531247702427, 1.9695534305438627, 1.8088730386335445, 1.637051028939756, 1.4625019203719893, 1.2886056595626494, 1.1032486960899885, 0.9906983208298747, 0.9751509763735999, 0.974077304395641, 1.1061308817792694, 1.3098873792140076, 1.373020200623921, 1.1783864292001431, 1.063777849266872, 1.0430361246828572, 1.1124374252172897, 1.174228295869168, 1.3073533534662634, 1.486811925786641, 1.6711426893874757, 1.9142861664673938, 2.2089745617726395, 2.491813994972666, 2.779768761998327, 3.07158226717396, 3.314765679396206, 3.356683943079165, 3.207676821641431, 3.1026311554815122, 2.8796994699026066, 2.6455523684216486, 2.430304452799824, 2.2474392409184563, 2.1185269967342144, 2.05549422848298
1BL8.pdb, 21, 21, 0.16712184747965136, 1.7890321069861026, 0.8809035672997152, -, -, -, 1.4145923974361847, 59.49337373512868, , Upper limit of R overestimation, -, -, -, -, -, -, -, -, -, -, -, -, -, -, -, -, -, -, -, -, -, -, -, -, -, -, -, -, -, -, -, -, -, -, -, -, -, -, -, -, -, -, -, -, -, -, -, -, -, -, -, -, -, -, -, -, -, -, -, -, -, -, -, -, -, -, -, -, -, -, -, -, -, -, -, -, -, -, -, -, -, -, -, -, -, -, -, -, -, -, -, -, -, -, -, -, -, -, -, -, -, -, -, -, -, -, -, -, -, -, -, -, -, -, -, -, -, -, -, -, -, -, -, -
1BL8.pdb, 22, 22, 0.14413411174052004, 1.9370110812948738, 0.6601128604192463, -, -, -, 1.0048540419230536, 41.60558661635099, , X, 82.56081512185777, 82.33720085843366, 82.27199616516555, 82.10730059736281, 81.92503489300516, 81.74132522428776, 81.55761555557038, 81.35482209828193, 81.17085635508575, 80.99737807586182, 80.78399290056058, 80.59791815168091, 80.41637329401885, 80.23482843635678, 80.05328357869472, 79.8814177022446, 79.70257905323092, 79.52374040421724, 79.34490175520355, 79.17067414111426, 79.00268312931462, 78.82157337803449, 78.64051344524003, 78.46173523368324, 78.28295702212645, 78.10417881056966, 77.90207932897066, 77.73087814334775, 77.54219761608704, 77.35351708882632, 77.1648365615656, 76.97615603430488, 76.78747550704416, 76.58783879019265, 76.52151964690107, 76.34626328958761, 76.15969659380767, 75.97312989802771, 75.78656320224776, 75.5999965064678, 75.43858476005643, 75.25483170579307, 75.0710786515297, 74.88732559726634, 74.70357254300298, 74.58006256469116, 74.3987524934589, 74.21744242222663, 74.14893339438791, 74.07594273251314, 73.7746178043407, 73.57671467419927, 73.40155556221085, 73.21862365375453, 73.03569174529821, 72.85275983684188, 72.66982792838556, 72.48689601992925, 72.30378629754901, 72.11886748767535, 71.93394867780168, 71.73273833095477, 71.55069884289904, 71.36865935484329, 71.18661986678755, 71.0020508258639, 70.8140160024698, 70.6259811790757, 70.45010731121256, 70.2665999156088, 70.08309252000502, 69.89958512440127, 69.7160777287975, 69.53257033319373, 69.34906293758996, 69.17430784347582, 68.99081239644474, 68.80731694941366, 68.6238215023826, 68.44032605535152, 68.25683060832044, 68.07333516128936, 67.88983971425829, 67.838406485511, 67.64807455179034, 67.4577426180697
1BL8.pdb, 22, 22, 0.14413411174052004, 1.9370110812948738, 0.6601128604192463, -, -, -, 1.0048540419230536, 41.60558661635099, , Y, 26.438026024326703, 26.45303780625517, 26.404251461179484, 26.397652513499192, 26.398676316698683, 26.40032657949109, 26.401976842283492, 26.502344834589966, 26.48516654282357, 26.47078657360811, 26.463493373738, 26.463374460490193, 26.463337689224254, 26.463300917958318, 26.46326414669238, 26.460904923028306, 26.448632497777613, 26.43636007252692, 26.424087647276227, 26.42010270713484, 26.419155974619585, 26.427319651711244, 26.434997287552292, 26.42041389660168, 26.405830505651068, 26.39124711470045, 26.403302701354765, 26.44566703157441, 26.44744721161165, 26.449227391648893, 26.451007571686134, 26.452787751723378, 26.454567931760618, 26.564360338443823, 26.442121081339067, 26.423155418914735, 26.422244897487285, 26.421334376059832, 26.420423854632382, 26.41951333320493, 26.46306940908534, 26.461396028230936, 26.459722647376534, 26.45804926652213, 26.45637588566773, 26.59185253648466, 26.59855161572547, 26.60525069496628, 26.607092070316376, 26.60364998518291, 26.61461692845935, 26.589066253858224, 26.573167450605272, 26.574450674475422, 26.57573389834557, 26.57701712221572, 26.578300346085868, 26.579583569956018, 26.58143464586868, 26.589063076027003, 26.596691506185326, 26.579900446456968, 26.581937730515286, 26.5839750145736, 26.586012298631918, 26.58979979573681, 26.595985288856465, 26.602170781976117, 26.57266523191267, 26.574940359069497, 26.577215486226326, 26.57949061338315, 26.58176574053998, 26.584040867696807, 26.58631599485363, 26.601160304712, 26.60327211245514, 26.60538392019828, 26.60749572794142, 26.609607535684557, 26.611719343427694, 26.613831151170835, 26.615942958913973, 26.678753159112812, 26.675599845729877, 26.672446532346946
1BL8.pdb, 22, 22, 0.14413411174052004, 1.9370110812948738, 0.6601128604192463, -, -, -, 1.0048540419230536, 41.60558661635099, , Z, 46.28016970498183, 45.88751725329338, 45.45013847944894, 44.97808782132457, 44.512529495433675, 44.047504728079865, 43.582479960726054, 43.20783411641091, 42.74340160955445, 42.274681540512304, 41.8514185792933, 41.387462669796406, 40.92158557945569, 40.45570848911497, 39.98983139877425, 39.526518589185706, 39.0597572741676, 38.592995959149505, 38.1262346441314, 37.68923895565758, 37.224202352526014, 36.75822744722789, 36.29223666443381, 35.82551868129952, 35.35880069816523, 34.892082715030945, 34.45935507134215, 34.01769364475221, 33.55466395931978, 33.09163427388735, 32.62860458845493, 32.1655749030225, 31.70254521759007, 31.389728332517493, 30.992696622603926, 30.524977306417092, 30.061089346909107, 29.597201387401125, 29.13331342789314, 28.669425468385153, 28.209603566704775, 27.74459602392143, 27.27958848113809, 26.814580938354748, 26.349573395571404, 25.93237862996345, 25.46645827152536, 25.000537913087275, 24.548532605412053, 24.159632785527084, 23.891312951731194, 23.459585483175754, 22.99806144585574, 22.532729016075663, 22.06739658629559, 21.602064156515517, 21.136731726735444, 20.67139929695537, 20.206142655642417, 19.7416570898729, 19.277171524103384, 18.826708867988724, 18.361029284732094, 17.895349701475464, 17.429670118218834, 16.965013766062096, 16.501759359859612, 16.038504953657128, 15.594916421834384, 15.129814433497263, 14.664712445160143, 14.199610456823022, 13.734508468485902, 13.269406480148781, 12.80430449181166, 12.34418039413288, 11.879072921405424, 11.413965448677969, 10.948857975950512, 10.483750503223055, 10.018643030495598, 9.553535557768143, 9.088428085040686, 8.653808229515214, 8.191462242595389, 7.729116255675564
1BL8.pdb, 22, 22, 0.14413411174052004, 1.9370110812948738, 0.6601128604192463, -, -, -, 1.0048540419230536, 41.60558661635099, , distance, 0.0, 0.452111313970713, 0.879493573723086, 1.3793921400576656, 1.8789137312026152, 2.378608382951021, 2.8784090865594467, 3.301181917293672, 3.8003863175529413, 4.299923730263972, 4.771957913191287, 5.2718297763583335, 5.771801734615091, 6.271778163847416, 6.771758073744269, 7.265775758315813, 7.765563829647863, 8.265377536116576, 8.765212492389788, 9.23566284866986, 9.729912848729976, 10.229830292099935, 10.729752132803869, 11.229536684283172, 11.729339600161374, 12.229158628792339, 12.705773628549963, 13.17940320079308, 13.679367928046826, 14.179335142829425, 14.679304590970203, 15.179276051784555, 15.679249332735338, 16.044240427154936, 16.43715120839841, 16.93655700331888, 17.43654596288299, 17.936535537968094, 18.436525678496306, 18.936516339678615, 19.423494872332586, 19.92348944133316, 20.423484276251624, 20.923479358024586, 21.423474669368282, 21.857462698290526, 22.357451072306876, 22.8574399549475, 23.303484472332578, 23.692586274293337, 24.051805636320594, 24.52582186653689, 25.019329804687967, 25.519327820007042, 26.019325911603154, 26.519324075161894, 27.01932230668821, 27.519320602477393, 28.01931642465813, 28.519287059958042, 29.01925870713212, 29.512029534914422, 30.012027136816215, 30.512024817313005, 31.0120225726033, 31.512004618100885, 32.011965940300925, 32.5119284521045, 32.98896998152494, 33.48896992462336, 33.98896986939591, 34.48896981576975, 34.988969763676266, 35.48896971305064, 35.98896966383173, 36.481180907608575, 36.981180891777235, 37.481180876368285, 37.98118086136503, 38.481180846751656, 38.981180832513175, 39.48118081863533, 39.98118080510459, 40.404830694998324, 40.90471743926369, 41.404606918560745
1BL8.pdb, 22, 22, 0.14413411174052004, 1.9370110812948738, 0.6601128604192463, -, -, -, 1.0048540419230536, 41.60558661635099, , length, 0.0, 0.5, 1.0, 1.5, 2.0, 2.5, 3.0, 3.5, 4.0, 4.5, 5.0, 5.5, 6.0, 6.5, 7.0, 7.5, 8.0, 8.5, 9.0, 9.5, 10.0, 10.5, 11.0, 11.5, 12.0, 12.5, 13.0, 13.5, 14.0, 14.5, 15.0, 15.5, 16.0, 16.5, 17.0, 17.5, 18.0, 18.5, 19.0, 19.5, 20.0, 20.5, 21.0, 21.5, 22.0, 22.5, 23.0, 23.5, 24.0, 24.5, 25.0, 25.5, 26.0, 26.5, 27.0, 27.5, 28.0, 28.5, 29.0, 29.5, 30.0, 30.5, 31.0, 31.5, 32.0, 32.5, 33.0, 33.5, 34.0, 34.5, 35.0, 35.5, 36.0, 36.5, 37.0, 37.5, 38.0, 38.5, 39.0, 39.5, 40.0, 40.5, 41.0, 41.5, 42.0, 42.5
1BL8.pdb, 22, 22, 0.14413411174052004, 1.9370110812948738, 0.6601128604192463, -, -, -, 1.0048540419230536, 41.60558661635099, , R, 2.4231347144496413, 2.1991976400181916, 2.0277624659331397, 1.873236129182755, 1.7864053136864682, 1.773907602789858, 1.8366856410840091, 1.7966202714561827, 1.6936369878318818, 1.6553796608320286, 1.6822252672784859, 1.7794925638383643, 1.9469769095142375, 2.1750245741246657, 2.453220899429759, 2.57326508900968, 2.228307487665466, 1.921627370194599, 1.6643035170121854, 1.4761394524472835, 1.3375221141054343, 1.2795890732747313, 1.3098517338531517, 1.4110741577236574, 1.5903585967793497, 1.8352146701877285, 2.1159784384470495, 1.850167604996125, 1.5809973970286184, 1.373845197482273, 1.242697087558477, 1.1985750620898883, 1.245647399584768, 1.3314849972159348, 1.456410105081646, 1.672968638773611, 1.9482422372350214, 2.269770402556083, 2.626807831578317, 3.0109679628075514, 3.326529604672635, 3.5918219605884043, 3.89041572381822, 4.217113634252421, 4.567392495979755, 4.612216882430484, 4.510716619624926, 4.449506009652307, 4.360217082539245, 4.316051389543013, 4.4647204022085045, 4.520863422187128, 4.108981097639928, 3.698541378792527, 3.30503057469607, 2.9329390262313253, 2.588091028192545, 2.277914930655803, 2.011189760540191, 1.7948099863767109, 1.6433256814026675, 1.485548176652204, 1.316952731428441, 1.230142134243449, 1.2328644566565585, 1.322668095298901, 1.4910064091451014, 1.728316070180898, 1.7077839591221653, 1.384933115131819, 1.1179316746293013, 0.9251442977124462, 0.8249472815521428, 0.8292179272859892, 0.9374116436822235, 1.029875774316313, 0.8099814561400489, 0.6835790676687288, 0.6669402893035574, 0.76246685638377, 0.9572165977164153, 1.2301907558409422, 1.560664914433938, 1.473362509057408, 1.4248932167137984, 1.4607000863997373
1BL8.pdb, 22, 22, 0.14413411174052004, 1.9370110812948738, 0.6601128604192463, -, -, -, 1.0048540419230536, 41.60558661635099, , Upper limit of R overestimation, -, -, -, -, -, -, -, -, -, -, -, -, -, -, -, -, -, -, -, -, -, -, -, -, -, -, -, -, -, -, -, -, -, -, -, -, -, -, -, -, -, -, -, -, -, -, -, -, -, -, -, -, -, -, -, -, -, -, -, -, -, -, -, -, -, -, -, -, -, -, -, -, -, -, -, -, -, -, -, -, -, -, -, -, -, -
1BL8.pdb, 23, 23, 0.12725196286224544, 2.0615861984268937, 0.6067236765317943, -, -, -, 1.483053384685686, 51.43064928805379, , X, 82.56081512185777, 82.33720085843366, 82.27199616516555, 82.10730059736281, 81.92503489300516, 81.74132522428776, 81.55761555557038, 81.35482209828193, 81.17085635508575, 80.99737807586182, 80.78399290056058, 80.59791815168091, 80.41637329401885, 80.23482843635678, 80.05328357869472, 79.8814177022446, 79.70257905323092, 79.52374040421724, 79.34490175520355, 79.17067414111426, 79.00268312931462, 78.82157337803449, 78.64051344524003, 78.46173523368324, 78.28295702212645, 78.10417881056966, 77.90207932897066, 77.73087814334775, 77.54219761608704, 77.35351708882632, 77.1648365615656, 76.97615603430488, 76.78747550704416, 76.58783879019265, 76.52151964690107, 76.34626328958761, 76.15969659380767, 75.97312989802771, 75.78656320224776, 75.5999965064678, 75.43858476005643, 75.25483170579307, 75.0710786515297, 74.88732559726634, 74.70357254300298, 74.58006256469116, 74.3987524934589, 74.21744242222663, 74.14893339438791, 74.07594273251314, 73.69170599182522, 73.2092789361666, 72.72685188050797, 72.24442482484935, 71.76199776919071, 71.2795707135321, 70.82821192201091, 70.39168333727797, 69.91079245256543, 69.42990156785291, 68.94490831688034, 68.73706691517405, 68.51941256362073, 68.28880159579641, 67.8398211511604, 67.52175239156207, 67.2235402623145, 66.84358796625925, 66.44368702563729, 66.01074532875305, 65.53657120977114, 65.04437545897314, 64.55102652813866, 64.138936786363, 63.80692928653573, 63.42827986356082, 62.97121299741084, 62.61194786812103, 62.272443294034396, 62.06202062061684, 61.89429797564217, 61.7265753306675, 61.55885268569283, 61.35429026198126, 61.135796968110014, 60.90449105913279, 60.69529348687757, 60.48609591462234, 60.27689834236712, 60.06770077011189, 59.81824868290752, 59.48714007536427, 59.15603146782103, 58.82846427738558, 58.6188900674531, 58.57342109037116, 58.304666265202975, 57.827159826193515, 57.34502323388214, 57.307628727981076, 57.41058800961481, 56.93365436005567, 56.45737269201341, 55.9823632611429, 55.5073538302724, 55.12158875431916, 54.778851568645855, 54.762173805791726
1BL8.pdb, 23, 23, 0.12725196286224544, 2.0615861984268937, 0.6067236765317943, -, -, -, 1.483053384685686, 51.43064928805379, , Y, 26.438026024326703, 26.45303780625517, 26.404251461179484, 26.397652513499192, 26.398676316698683, 26.40032657949109, 26.401976842283492, 26.502344834589966, 26.48516654282357, 26.47078657360811, 26.463493373738, 26.463374460490193, 26.463337689224254, 26.463300917958318, 26.46326414669238, 26.460904923028306, 26.448632497777613, 26.43636007252692, 26.424087647276227, 26.42010270713484, 26.419155974619585, 26.427319651711244, 26.434997287552292, 26.42041389660168, 26.405830505651068, 26.39124711470045, 26.403302701354765, 26.44566703157441, 26.44744721161165, 26.449227391648893, 26.451007571686134, 26.452787751723378, 26.454567931760618, 26.564360338443823, 26.442121081339067, 26.423155418914735, 26.422244897487285, 26.421334376059832, 26.420423854632382, 26.41951333320493, 26.46306940908534, 26.461396028230936, 26.459722647376534, 26.45804926652213, 26.45637588566773, 26.59185253648466, 26.59855161572547, 26.60525069496628, 26.607092070316376, 26.60364998518291, 26.564115425075553, 26.574683371678162, 26.585251318280775, 26.595819264883385, 26.606387211485995, 26.616955158088608, 26.515525209996337, 26.40514203607422, 26.28861145348911, 26.172080870904, 26.087487682848394, 25.758330598626006, 25.40853280856178, 24.98021917888453, 24.836467609797545, 24.63638740672666, 24.354350168008633, 24.322233827274086, 24.39101776574256, 24.6305393075671, 24.618650382820825, 24.53617232094305, 24.458441849851994, 24.411816197035897, 24.075922691248344, 23.810339201817346, 23.729427532748737, 23.605966974269446, 23.386805421665894, 22.96172636245605, 22.498285337490106, 22.034844312524164, 21.571403287558223, 21.17198508319486, 20.8018162815019, 20.66699447053001, 21.10854710685181, 21.550099743173604, 21.9916523794954, 22.433205015817197, 22.746503912999305, 22.799639345988, 22.85277477897669, 22.918453516374125, 23.357750892119697, 23.84590143413309, 24.100994806745014, 24.05367057592199, 24.04925952579288, 23.695728836315734, 23.366100496273077, 23.354014983376754, 23.353403887167232, 23.375183271447128, 23.396962655727027, 23.212301806681356, 22.924157869430427, 22.459295493847424
1BL8.pdb, 23, 23, 0.12725196286224544, 2.0615861984268937, 0.6067236765317943, -, -, -, 1.483053384685686, 51.43064928805379, , Z, 46.28016970498183, 45.88751725329338, 45.45013847944894, 44.97808782132457, 44.512529495433675, 44.047504728079865, 43.582479960726054, 43.20783411641091, 42.74340160955445, 42.274681540512304, 41.8514185792933, 41.387462669796406, 40.92158557945569, 40.45570848911497, 39.98983139877425, 39.526518589185706, 39.0597572741676, 38.592995959149505, 38.1262346441314, 37.68923895565758, 37.224202352526014, 36.75822744722789, 36.29223666443381, 35.82551868129952, 35.35880069816523, 34.892082715030945, 34.45935507134215, 34.01769364475221, 33.55466395931978, 33.09163427388735, 32.62860458845493, 32.1655749030225, 31.70254521759007, 31.389728332517493, 30.992696622603926, 30.524977306417092, 30.061089346909107, 29.597201387401125, 29.13331342789314, 28.669425468385153, 28.209603566704775, 27.74459602392143, 27.27958848113809, 26.814580938354748, 26.349573395571404, 25.93237862996345, 25.46645827152536, 25.000537913087275, 24.548532605412053, 24.159632785527084, 24.060056914034117, 24.19102429345798, 24.32199167288184, 24.4529590523057, 24.583926431729562, 24.714893811153424, 24.75446223982808, 24.821420579220383, 24.893285593815605, 24.965150608410827, 25.02299207651474, 24.773702862845315, 24.570070980004676, 24.454459492029518, 24.32911183614735, 24.114676011508912, 24.022647229293803, 24.30375012542988, 24.389670914404057, 24.460570527121277, 24.452401812349535, 24.423342816301176, 24.399577162334783, 24.43966417785964, 24.28700180751658, 24.227815021523966, 24.357020559121683, 24.623840558915802, 24.763738846090313, 24.664240018015434, 24.74845124494639, 24.83266247187735, 24.916873698808303, 25.12503441457878, 25.357870273369713, 25.69462755867718, 25.80077672315713, 25.906925887637083, 26.013075052117035, 26.119224216596987, 26.312782721479973, 26.68365158748503, 27.05452045349009, 27.416581220171906, 27.50555411739236, 27.407362363893647, 27.278399815557783, 27.140213644613763, 27.0078321920189, 27.064390961135185, 27.151181432003273, 27.00155444815267, 26.85025282974599, 26.695683431078375, 26.541114032410764, 26.331954632073856, 26.110116423978393, 25.93242173241696
1BL8.pdb, 23, 23, 0.12725196286224544, 2.0615861984268937, 0.6067236765317943, -, -, -, 1.483053384685686, 51.43064928805379, , distance, 0.0, 0.452111313970713, 0.879493573723086, 1.3793921400576656, 1.8789137312026152, 2.378608382951021, 2.8784090865594467, 3.301181917293672, 3.8003863175529413, 4.299923730263972, 4.771957913191287, 5.2718297763583335, 5.771801734615091, 6.271778163847416, 6.771758073744269, 7.265775758315813, 7.765563829647863, 8.265377536116576, 8.765212492389788, 9.23566284866986, 9.729912848729976, 10.229830292099935, 10.729752132803869, 11.229536684283172, 11.729339600161374, 12.229158628792339, 12.705773628549963, 13.17940320079308, 13.679367928046826, 14.179335142829425, 14.679304590970203, 15.179276051784555, 15.679249332735338, 16.044240427154936, 16.43715120839841, 16.93655700331888, 17.43654596288299, 17.936535537968094, 18.436525678496306, 18.936516339678615, 19.423494872332586, 19.92348944133316, 20.423484276251624, 20.923479358024586, 21.423474669368282, 21.857462698290526, 22.357451072306876, 22.8574399549475, 23.303484472332578, 23.692586274293337, 23.925099952557066, 23.987501939016532, 24.060134887585264, 24.142906460144214, 24.235712778413372, 24.338439050444972, 24.515629011800048, 24.66914598824859, 24.848424703229036, 25.036406624644926, 25.24645313660671, 25.57510735823854, 25.875649339331108, 26.118522109538805, 26.4787007687571, 26.8463856075559, 27.110348797961613, 27.101122183745577, 27.26070428622449, 27.445705067831522, 27.741421370898664, 28.074251327761274, 28.408301052889932, 28.64400128041186, 28.999779313755624, 29.31322211105752, 29.524794421881126, 29.57996712731389, 29.730199721757305, 29.992226519134963, 30.103843400412682, 30.223320852911538, 30.35056604545466, 30.41360933827969, 30.47196870337673, 30.431327978942413, 30.428767947546078, 30.434423192320438, 30.448289135728075, 30.470354568605543, 30.488493020767766, 30.490258445963843, 30.500221532407505, 30.51961398458554, 30.580877369077893, 30.631634615976957, 30.90129012191513, 31.365215975374664, 31.827116726712358, 31.85105602085621, 31.747265119928983, 32.216882205340674, 32.68679045418543, 33.1564052884796, 33.62689627533304, 34.0770850421852, 34.5110970216901, 34.67889276214683
1BL8.pdb, 23, 23, 0.12725196286224544, 2.0615861984268937, 0.6067236765317943, -, -, -, 1.483053384685686, 51.43064928805379, , length, 0.0, 0.5, 1.0, 1.5, 2.0, 2.5, 3.0, 3.5, 4.0, 4.5, 5.0, 5.5, 6.0, 6.5, 7.0, 7.5, 8.0, 8.5, 9.0, 9.5, 10.0, 10.5, 11.0, 11.5, 12.0, 12.5, 13.0, 13.5, 14.0, 14.5, 15.0, 15.5, 16.0, 16.5, 17.0, 17.5, 18.0, 18.5, 19.0, 19.5, 20.0, 20.5, 21.0, 21.5, 22.0, 22.5, 23.0, 23.5, 24.0, 24.5, 25.0, 25.5, 26.0, 26.5, 27.0, 27.5, 28.0, 28.5, 29.0, 29.5, 30.0, 30.5, 31.0, 31.5, 32.0, 32.5, 33.0, 33.5, 34.0, 34.5, 35.0, 35.5, 36.0, 36.5, 37.0, 37.5, 38.0, 38.5, 39.0, 39.5, 40.0, 40.5, 41.0, 41.5, 42.0, 42.5, 43.0, 43.5, 44.0, 44.5, 45.0, 45.5, 46.0, 46.5, 47.0, 47.5, 48.0, 48.5, 49.0, 49.5, 50.0, 50.5, 51.0, 51.5, 52.0, 52.5, 53.0, 53.5
1BL8.pdb, 23, 23, 0.12725196286224544, 2.0615861984268937, 0.6067236765317943, -, -, -, 1.483053384685686, 51.43064928805379, , R, 2.4231347144496413, 2.1991976400181916, 2.0277624659331397, 1.873236129182755, 1.7864053136864682, 1.773907602789858, 1.8366856410840091, 1.7966202714561827, 1.6936369878318818, 1.6553796608320286, 1.6822252672784859, 1.7794925638383643, 1.9469769095142375, 2.1750245741246657, 2.453220899429759, 2.57326508900968, 2.228307487665466, 1.921627370194599, 1.6643035170121854, 1.4761394524472835, 1.3375221141054343, 1.2795890732747313, 1.3098517338531517, 1.4110741577236574, 1.5903585967793497, 1.8352146701877285, 2.1159784384470495, 1.850167604996125, 1.5809973970286184, 1.373845197482273, 1.242697087558477, 1.1985750620898883, 1.245647399584768, 1.3314849972159348, 1.456410105081646, 1.672968638773611, 1.9482422372350214, 2.269770402556083, 2.626807831578317, 3.0109679628075514, 3.326529604672635, 3.5918219605884043, 3.89041572381822, 4.217113634252421, 4.567392495979755, 4.612216882430484, 4.510716619624926, 4.449506009652307, 4.360217082539245, 4.316051389543013, 4.395472696650517, 4.067652150793785, 3.7668606839714402, 3.4979612618249276, 3.2663320568707124, 3.077609584564662, 2.8658958960033476, 2.6682615451457665, 2.495951821625067, 2.3805388469646886, 2.300106024963583, 2.197221552507781, 2.0510796345864275, 1.863056208988775, 1.6824881603664341, 1.480005673492926, 1.2275536882516125, 1.2406443270755583, 1.1306586548716893, 1.062214206868874, 0.9880478571998634, 0.9636010361633143, 1.0365864643042997, 1.1279145267736639, 1.2873538068892212, 1.4867163835982171, 1.6831545925540872, 1.772015603251416, 1.9502907733838262, 2.170957767224887, 2.319147252910085, 2.5241233932233533, 2.7777687710840957, 2.9454151277105107, 3.1157898745569965, 3.0868443110602546, 2.673242975742791, 2.280468234426425, 1.9156703782744282, 1.5887140581630192, 1.363988244260499, 1.3199034814284807, 1.3631779991229176, 1.4807065108105504, 1.3904308134529564, 1.236938787246236, 1.0380850845088623, 0.7957246403778839, 0.6257343703568314, 0.6729747952131744, 0.7973214760417267, 0.7036941676454367, 0.7163422365476602, 0.8298259322659023, 1.0377601969167505, 1.251559286934158, 1.4909884736159777, 1.5805712301582449
1BL8.pdb, 23, 23, 0.12725196286224544, 2.0615861984268937, 0.6067236765317943, -, -, -, 1.483053384685686, 51.43064928805379, , Upper limit of R overestimation, -, -, -, -, -, -, -, -, -, -, -, -, -, -, -, -, -, -, -, -, -, -, -, -, -, -, -, -, -, -, -, -, -, -, -, -, -, -, -, -, -, -, -, -, -, -, -, -, -, -, -, -, -, -, -, -, -, -, -, -, -, -, -, -, -, -, -, -, -, -, -, -, -, -, -, -, -, -, -, -, -, -, -, -, -, -, -, -, -, -, -, -, -, -, -, -, -, -, -, -, -, -, -, -, -, -, -, -
1BL8.pdb, 24, 24, 0.10830731988263041, 2.222782538315266, 0.9608768710574225, -, -, -, 1.4357229770223299, 64.94909081118703, , X, 82.56081512185777, 82.33720085843366, 82.27199616516555, 82.10730059736281, 81.92503489300516, 81.74132522428776, 81.55761555557038, 81.35482209828193, 81.17085635508575, 80.99737807586182, 80.78399290056058, 80.59791815168091, 80.41637329401885, 80.23482843635678, 80.05328357869472, 79.8814177022446, 79.70257905323092, 79.52374040421724, 79.34490175520355, 79.17067414111426, 79.00268312931462, 78.82157337803449, 78.64051344524003, 78.46173523368324, 78.28295702212645, 78.10417881056966, 77.90207932897066, 77.73087814334775, 77.54219761608704, 77.35351708882632, 77.1648365615656, 76.97615603430488, 76.78747550704416, 76.58783879019265, 76.52151964690107, 76.34626328958761, 76.15969659380767, 75.97312989802771, 75.78656320224776, 75.5999965064678, 75.43858476005643, 75.25483170579307, 75.0710786515297, 74.88732559726634, 74.70357254300298, 74.58006256469116, 74.3987524934589, 74.21744242222663, 74.14893339438791, 74.07594273251314, 73.69170599182522, 73.2092789361666, 72.72685188050797, 72.24442482484935, 71.76199776919071, 71.2795707135321, 70.82821192201091, 70.39168333727797, 69.91079245256543, 69.42990156785291, 68.94490831688034, 68.73706691517405, 68.51941256362073, 68.28880159579641, 67.8398211511604, 67.52175239156207, 67.2235402623145, 66.84358796625925, 66.44368702563729, 66.01074532875305, 65.53657120977114, 65.04437545897314, 64.55102652813866, 64.138936786363, 63.80692928653573, 63.42827986356082, 62.97121299741084, 62.61194786812103, 62.272443294034396, 62.06202062061684, 61.89429797564217, 61.7265753306675, 61.55885268569283, 61.70444266147468, 61.884151316757276, 62.05800518502074, 62.231859053284204, 62.470265265301016, 62.75759289266915, 62.94931655864391, 63.01940987258405, 62.88530667673113, 62.6469727460967, 62.43388658091376, 62.220800415730814, 62.00771425054787, 61.799710847344365, 61.60333585332831, 61.36180255238563, 60.86386936814059, 60.365936183895556, 59.86873806001248, 59.37109034345284, 58.894874927328466, 58.42136678033022, 57.95793182707206, 57.52389797979771, 57.10650519028342, 56.86131729660818, 56.616129402932934, 56.65247938950666, 56.51645864018757, 56.298774401419905, 56.081090162652245, 55.863405923884585, 55.59589998398989, 55.1225309404867, 54.64065433796581, 54.73321563750272, 55.12661043353386, 55.368871492206374, 54.974773514735595, 54.56859929186224, 54.34117111541653, 54.293313761928786, 54.17505082884191, 54.05546609125185, 53.79984571135484, 53.534135480798206, 53.26842525024156, 53.20428078145751, 53.18734737098052, 53.133623848889115, 53.0298220991188, 52.78107157501755, 52.43886623341416, 52.096660891810764
1BL8.pdb, 24, 24, 0.10830731988263041, 2.222782538315266, 0.9608768710574225, -, -, -, 1.4357229770223299, 64.94909081118703, , Y, 26.438026024326703, 26.45303780625517, 26.404251461179484, 26.397652513499192, 26.398676316698683, 26.40032657949109, 26.401976842283492, 26.502344834589966, 26.48516654282357, 26.47078657360811, 26.463493373738, 26.463374460490193, 26.463337689224254, 26.463300917958318, 26.46326414669238, 26.460904923028306, 26.448632497777613, 26.43636007252692, 26.424087647276227, 26.42010270713484, 26.419155974619585, 26.427319651711244, 26.434997287552292, 26.42041389660168, 26.405830505651068, 26.39124711470045, 26.403302701354765, 26.44566703157441, 26.44744721161165, 26.449227391648893, 26.451007571686134, 26.452787751723378, 26.454567931760618, 26.564360338443823, 26.442121081339067, 26.423155418914735, 26.422244897487285, 26.421334376059832, 26.420423854632382, 26.41951333320493, 26.46306940908534, 26.461396028230936, 26.459722647376534, 26.45804926652213, 26.45637588566773, 26.59185253648466, 26.59855161572547, 26.60525069496628, 26.607092070316376, 26.60364998518291, 26.564115425075553, 26.574683371678162, 26.585251318280775, 26.595819264883385, 26.606387211485995, 26.616955158088608, 26.515525209996337, 26.40514203607422, 26.28861145348911, 26.172080870904, 26.087487682848394, 25.758330598626006, 25.40853280856178, 24.98021917888453, 24.836467609797545, 24.63638740672666, 24.354350168008633, 24.322233827274086, 24.39101776574256, 24.6305393075671, 24.618650382820825, 24.53617232094305, 24.458441849851994, 24.411816197035897, 24.075922691248344, 23.810339201817346, 23.729427532748737, 23.605966974269446, 23.386805421665894, 22.96172636245605, 22.498285337490106, 22.034844312524164, 21.571403287558223, 21.115891038075713, 20.759622233297264, 20.486281538974676, 20.21294084465209, 19.976761742381644, 19.751102524127962, 19.623211054129833, 19.650203052446898, 19.728827994677175, 19.65581162934844, 19.58757918604932, 19.519346742750198, 19.451114299451074, 19.38007237263903, 19.30192789376156, 19.242737100658797, 19.271411238393345, 19.300085376127893, 19.329997867686625, 19.355837721598085, 19.400898275083943, 19.448274991312438, 19.421785181001567, 19.179697653474285, 18.92088251040566, 18.488966754775774, 18.05705099914589, 17.93097435033635, 18.049207621371675, 18.19670367265492, 18.344199723938164, 18.49169577522141, 18.629318141156347, 18.538999778467858, 18.424035496493712, 18.303278228718955, 18.179487170577488, 18.02234114706888, 17.867127660654653, 17.973143525461097, 17.877505459623393, 17.598003652368078, 17.430206648561413, 17.261617160945033, 17.519906699874987, 17.810391233908213, 18.10087576794144, 18.452499432796557, 18.81844320362945, 19.160977873521926, 19.486086900948724, 19.515269960357905, 19.353656599011636, 19.192043237665366
1BL8.pdb, 24, 24, 0.10830731988263041, 2.222782538315266, 0.9608768710574225, -, -, -, 1.4357229770223299, 64.94909081118703, , Z, 46.28016970498183, 45.88751725329338, 45.45013847944894, 44.97808782132457, 44.512529495433675, 44.047504728079865, 43.582479960726054, 43.20783411641091, 42.74340160955445, 42.274681540512304, 41.8514185792933, 41.387462669796406, 40.92158557945569, 40.45570848911497, 39.98983139877425, 39.526518589185706, 39.0597572741676, 38.592995959149505, 38.1262346441314, 37.68923895565758, 37.224202352526014, 36.75822744722789, 36.29223666443381, 35.82551868129952, 35.35880069816523, 34.892082715030945, 34.45935507134215, 34.01769364475221, 33.55466395931978, 33.09163427388735, 32.62860458845493, 32.1655749030225, 31.70254521759007, 31.389728332517493, 30.992696622603926, 30.524977306417092, 30.061089346909107, 29.597201387401125, 29.13331342789314, 28.669425468385153, 28.209603566704775, 27.74459602392143, 27.27958848113809, 26.814580938354748, 26.349573395571404, 25.93237862996345, 25.46645827152536, 25.000537913087275, 24.548532605412053, 24.159632785527084, 24.060056914034117, 24.19102429345798, 24.32199167288184, 24.4529590523057, 24.583926431729562, 24.714893811153424, 24.75446223982808, 24.821420579220383, 24.893285593815605, 24.965150608410827, 25.02299207651474, 24.773702862845315, 24.570070980004676, 24.454459492029518, 24.32911183614735, 24.114676011508912, 24.022647229293803, 24.30375012542988, 24.389670914404057, 24.460570527121277, 24.452401812349535, 24.423342816301176, 24.399577162334783, 24.43966417785964, 24.28700180751658, 24.227815021523966, 24.357020559121683, 24.623840558915802, 24.763738846090313, 24.664240018015434, 24.74845124494639, 24.83266247187735, 24.916873698808303, 24.84784679204452, 24.592884675128865, 24.212017641484476, 23.831150607840087, 23.467546784426847, 23.126195423263404, 22.708358552614587, 22.235242590859027, 21.815310955212496, 21.394296579386474, 20.947151614202856, 20.500006649019237, 20.052861683835616, 19.603982612677008, 19.15095630913117, 18.75391731550574, 18.78913574608939, 18.824354176673037, 18.86677589798843, 18.90674428325574, 19.04726727905791, 19.20071264876874, 19.32899745997946, 19.38384496161772, 19.428772983556335, 19.3710523041272, 19.313331624698066, 18.969216731707508, 18.533770852925898, 18.1084962509944, 17.6832216490629, 17.257947047131402, 17.019373806518722, 17.109476997734866, 17.177139053667975, 17.01486304079834, 16.732168314317935, 16.482916120332668, 16.50673383575023, 16.77836435149278, 16.7660184539886, 16.369220153443976, 15.913305639339416, 15.458033109439205, 15.13956416894779, 14.831316202425647, 14.523068235903503, 14.740284758028867, 15.080576421456316, 14.992936389127221, 14.627519754270212, 14.285602042018692, 13.958835113440436, 13.632068184862183
1BL8.pdb, 24, 24, 0.10830731988263041, 2.222782538315266, 0.9608768710574225, -, -, -, 1.4357229770223299, 64.94909081118703, , distance, 0.0, 0.452111313970713, 0.879493573723086, 1.3793921400576656, 1.8789137312026152, 2.378608382951021, 2.8784090865594467, 3.301181917293672, 3.8003863175529413, 4.299923730263972, 4.771957913191287, 5.2718297763583335, 5.771801734615091, 6.271778163847416, 6.771758073744269, 7.265775758315813, 7.765563829647863, 8.265377536116576, 8.765212492389788, 9.23566284866986, 9.729912848729976, 10.229830292099935, 10.729752132803869, 11.229536684283172, 11.729339600161374, 12.229158628792339, 12.705773628549963, 13.17940320079308, 13.679367928046826, 14.179335142829425, 14.679304590970203, 15.179276051784555, 15.679249332735338, 16.044240427154936, 16.43715120839841, 16.93655700331888, 17.43654596288299, 17.936535537968094, 18.436525678496306, 18.936516339678615, 19.423494872332586, 19.92348944133316, 20.423484276251624, 20.923479358024586, 21.423474669368282, 21.857462698290526, 22.357451072306876, 22.8574399549475, 23.303484472332578, 23.692586274293337, 23.925099952557066, 23.987501939016532, 24.060134887585264, 24.142906460144214, 24.235712778413372, 24.338439050444972, 24.515629011800048, 24.66914598824859, 24.848424703229036, 25.036406624644926, 25.24645313660671, 25.57510735823854, 25.875649339331108, 26.118522109538805, 26.4787007687571, 26.8463856075559, 27.110348797961613, 27.101122183745577, 27.26070428622449, 27.445705067831522, 27.741421370898664, 28.074251327761274, 28.408301052889932, 28.64400128041186, 28.999779313755624, 29.31322211105752, 29.524794421881126, 29.57996712731389, 29.730199721757305, 29.992226519134963, 30.103843400412682, 30.223320852911538, 30.35056604545466, 30.375283677070748, 30.497656101563198, 30.704915131337266, 30.918871240005405, 31.07722468585897, 31.19277290647016, 31.411508400199814, 31.71907280702574, 32.10402286975057, 32.5862890107072, 33.0724005775823, 33.55892025138466, 34.04583053640379, 34.53197240573206, 35.01619701363214, 35.48048600604048, 35.74737431838431, 36.019226172872315, 36.289786244529154, 36.568089173106564, 36.75906509679066, 36.94410074959317, 37.160398105620125, 37.455878516168895, 37.75482547427427, 38.04934074374771, 38.348113584304635, 38.59404022530636, 38.96849276017029, 39.38600464764358, 39.80541792531462, 40.226673120129085, 40.54968241316594, 40.818909435102206, 41.118679641616524, 41.19475195833233, 41.1573011391954, 41.20803163825388, 41.483821831763755, 41.54003974369559, 41.721888071556506, 42.093497499554, 42.53279743428912, 42.97400967211348, 43.31816624544394, 43.6579271116573, 44.00074627214458, 43.821673700238385, 43.523249776765304, 43.56381508276951, 43.844033292872304, 44.253926799513685, 44.74582399253274, 45.2378988500209
1BL8.pdb, 24, 24, 0.10830731988263041, 2.222782538315266, 0.9608768710574225, -, -, -, 1.4357229770223299, 64.94909081118703, , length, 0.0, 0.5, 1.0, 1.5, 2.0, 2.5, 3.0, 3.5, 4.0, 4.5, 5.0, 5.5, 6.0, 6.5, 7.0, 7.5, 8.0, 8.5, 9.0, 9.5, 10.0, 10.5, 11.0, 11.5, 12.0, 12.5, 13.0, 13.5, 14.0, 14.5, 15.0, 15.5, 16.0, 16.5, 17.0, 17.5, 18.0, 18.5, 19.0, 19.5, 20.0, 20.5, 21.0, 21.5, 22.0, 22.5, 23.0, 23.5, 24.0, 24.5, 25.0, 25.5, 26.0, 26.5, 27.0, 27.5, 28.0, 28.5, 29.0, 29.5, 30.0, 30.5, 31.0, 31.5, 32.0, 32.5, 33.0, 33.5, 34.0, 34.5, 35.0, 35.5, 36.0, 36.5, 37.0, 37.5, 38.0, 38.5, 39.0, 39.5, 40.0, 40.5, 41.0, 41.5, 42.0, 42.5, 43.0, 43.5, 44.0, 44.5, 45.0, 45.5, 46.0, 46.5, 47.0, 47.5, 48.0, 48.5, 49.0, 49.5, 50.0, 50.5, 51.0, 51.5, 52.0, 52.5, 53.0, 53.5, 54.0, 54.5, 55.0, 55.5, 56.0, 56.5, 57.0, 57.5, 58.0, 58.5, 59.0, 59.5, 60.0, 60.5, 61.0, 61.5, 62.0, 62.5, 63.0, 63.5, 64.0, 64.5, 65.0, 65.5, 66.0, 66.5, 67.0, 67.5, 68.0
1BL8.pdb, 24, 24, 0.10830731988263041, 2.222782538315266, 0.9608768710574225, -, -, -, 1.4357229770223299, 64.94909081118703, , R, 2.4231347144496413, 2.1991976400181916, 2.0277624659331397, 1.873236129182755, 1.7864053136864682, 1.773907602789858, 1.8366856410840091, 1.7966202714561827, 1.6936369878318818, 1.6553796608320286, 1.6822252672784859, 1.7794925638383643, 1.9469769095142375, 2.1750245741246657, 2.453220899429759, 2.57326508900968, 2.228307487665466, 1.921627370194599, 1.6643035170121854, 1.4761394524472835, 1.3375221141054343, 1.2795890732747313, 1.3098517338531517, 1.4110741577236574, 1.5903585967793497, 1.8352146701877285, 2.1159784384470495, 1.850167604996125, 1.5809973970286184, 1.373845197482273, 1.242697087558477, 1.1985750620898883, 1.245647399584768, 1.3314849972159348, 1.456410105081646, 1.672968638773611, 1.9482422372350214, 2.269770402556083, 2.626807831578317, 3.0109679628075514, 3.326529604672635, 3.5918219605884043, 3.89041572381822, 4.217113634252421, 4.567392495979755, 4.612216882430484, 4.510716619624926, 4.449506009652307, 4.360217082539245, 4.316051389543013, 4.395472696650517, 4.067652150793785, 3.7668606839714402, 3.4979612618249276, 3.2663320568707124, 3.077609584564662, 2.8658958960033476, 2.6682615451457665, 2.495951821625067, 2.3805388469646886, 2.300106024963583, 2.197221552507781, 2.0510796345864275, 1.863056208988775, 1.6824881603664341, 1.480005673492926, 1.2275536882516125, 1.2406443270755583, 1.1306586548716893, 1.062214206868874, 0.9880478571998634, 0.9636010361633143, 1.0365864643042997, 1.1279145267736639, 1.2873538068892212, 1.4867163835982171, 1.6831545925540872, 1.772015603251416, 1.9502907733838262, 2.170957767224887, 2.319147252910085, 2.5241233932233533, 2.7777687710840957, 2.782538503694265, 2.640850727961904, 2.419922653867599, 2.252704899211851, 2.101722395511116, 1.998807982712571, 1.877008523513898, 1.6940037840363007, 1.5940655291700798, 1.3550138988853866, 1.1482336742371437, 1.024255679345524, 0.9953534509946835, 1.059436148420899, 1.2034597333927688, 1.3623991768236436, 1.1760829478786743, 1.0741282753809038, 1.0609346639371244, 1.1169020442431816, 1.1794994227058875, 1.3201033348648665, 1.5116539866049803, 1.6995865253376814, 1.936802628839256, 2.0981319116655546, 2.3182642751216704, 2.094418123528884, 1.8062118372704599, 1.611022489093489, 1.4871445705220454, 1.4435342260266277, 1.5703753374303142, 1.809091642587016, 2.0814088473744135, 1.883442501586527, 1.4330051972674291, 1.0891782644003176, 1.2912632040164924, 1.7457383689400996, 1.8704197226030672, 1.6123782653408303, 1.4132615540661213, 1.2883820912728097, 1.3143200913919055, 1.4309423711546598, 1.623684363177055, 1.758900995734467, 1.9340976963507956, 1.833210255431931, 1.5816780026259778, 1.5081989968705858, 1.5870259697201154, 1.7414769029356019
1BL8.pdb, 24, 24, 0.10830731988263041, 2.222782538315266, 0.9608768710574225, -, -, -, 1.4357229770223299, 64.94909081118703, , Upper limit of R overestimation, -, -, -, -, -, -, -, -, -, -, -, -, -, -, -, -, -, -, -, -, -, -, -, -, -, -, -, -, -, -, -, -, -, -, -, -, -, -, -, -, -, -, -, -, -, -, -, -, -, -, -, -, -, -, -, -, -, -, -, -, -, -, -, -, -, -, -, -, -, -, -, -, -, -, -, -, -, -, -, -, -, -, -, -, -, -, -, -, -, -, -, -, -, -, -, -, -, -, -, -, -, -, -, -, -, -, -, -, -, -, -, -, -, -, -, -, -, -, -, -, -, -, -, -, -, -, -, -, -, -, -, -, -, -, -, -, -
1BL8.pdb, 25, 25, 0.08898337298046075, 2.4193057471473716, 0.6066333211086667, -, -, -, 1.7542814751267406, 36.846080516513105, , X, 82.56081512185777, 82.33720085843366, 82.27199616516555, 82.10730059736281, 81.92503489300516, 81.74132522428776, 81.55761555557038, 81.35482209828193, 81.17085635508575, 80.99737807586182, 80.78399290056058, 80.59791815168091, 80.41637329401885, 80.23482843635678, 80.05328357869472, 79.8814177022446, 79.70257905323092, 79.52374040421724, 79.34490175520355, 79.17067414111426, 79.00268312931462, 78.82157337803449, 78.64051344524003, 78.46173523368324, 78.28295702212645, 78.10417881056966, 77.9797512475899, 78.40097325577534, 78.8332235958992, 79.26627613051251, 79.69889428091507, 80.09882376326168, 80.29959682843237, 80.49741259545098, 80.75140756539179, 81.03310422761515, 81.2518719796663, 81.54471953990453, 81.89297168663755, 82.14365228947602, 82.4133464003888, 82.85651393627913, 83.26051330249375, 83.67964421331209, 84.15594890374415, 84.6318920287364, 85.09467156503248, 85.52020520367422, 85.87162865403127, 85.90420680690261, 85.94254468477988, 86.16957282428363, 86.39660096378739, 86.43466350495682, 86.58286632035103, 86.87482166133931, 87.18416400145347, 87.5500833303861, 87.88921890263948, 88.25154226794844, 88.61922527671665, 88.79769494208328, 88.97541442268405, 89.33202260682283, 89.76780780068646, 90.05143361522596, 90.25188973984764, 90.45234586446932, 90.57708694250944, 90.87500023632094, 91.17310497798378, 91.27986625686131, 91.35083134582558, 91.69924080278047, 92.06080870104546, 92.41631236754516, 92.80678865160851, 93.16835422723909
1BL8.pdb, 25, 25, 0.08898337298046075, 2.4193057471473716, 0.6066333211086667, -, -, -, 1.7542814751267406, 36.846080516513105, , Y, 26.438026024326703, 26.45303780625517, 26.404251461179484, 26.397652513499192, 26.398676316698683, 26.40032657949109, 26.401976842283492, 26.502344834589966, 26.48516654282357, 26.47078657360811, 26.463493373738, 26.463374460490193, 26.463337689224254, 26.463300917958318, 26.46326414669238, 26.460904923028306, 26.448632497777613, 26.43636007252692, 26.424087647276227, 26.42010270713484, 26.419155974619585, 26.427319651711244, 26.434997287552292, 26.42041389660168, 26.405830505651068, 26.39124711470045, 26.38734496704308, 26.357335291200986, 26.285576930820568, 26.20767498777842, 26.124383541652538, 26.044447665538616, 25.985395485629397, 25.926733547209462, 25.754872962772577, 25.485659761421488, 25.069093737413777, 24.722012536214308, 24.427454966117008, 24.132345999350385, 24.10401343798882, 24.31486655178212, 24.312675521755583, 24.41445983637746, 24.469259728765326, 24.526847323901883, 24.57237480828363, 24.5760859864504, 24.59237526963677, 24.937126652040767, 25.320330171898398, 25.71120509631928, 26.10208002074016, 26.557642948976344, 26.938713325056145, 27.29324104977517, 27.65297536578817, 27.576724059839805, 27.55962709979275, 27.53459336925522, 27.53337385552424, 27.86143381962252, 28.189802625150037, 28.131714262100243, 28.07069688117199, 28.363882458170718, 28.821147290061102, 29.278412121951487, 29.66289606233811, 29.891885421256116, 30.121089400992332, 30.444052156932393, 30.784287597517128, 31.036818847607023, 31.267830385985086, 31.357821427837855, 31.45711792065463, 31.75346151171725
1BL8.pdb, 25, 25, 0.08898337298046075, 2.4193057471473716, 0.6066333211086667, -, -, -, 1.7542814751267406, 36.846080516513105, , Z, 46.28016970498183, 45.88751725329338, 45.45013847944894, 44.97808782132457, 44.512529495433675, 44.047504728079865, 43.582479960726054, 43.20783411641091, 42.74340160955445, 42.274681540512304, 41.8514185792933, 41.387462669796406, 40.92158557945569, 40.45570848911497, 39.98983139877425, 39.526518589185706, 39.0597572741676, 38.592995959149505, 38.1262346441314, 37.68923895565758, 37.224202352526014, 36.75822744722789, 36.29223666443381, 35.82551868129952, 35.35880069816523, 34.892082715030945, 34.44450945964086, 34.18970812926818, 33.94899934720133, 33.71162884344717, 33.47518842612279, 33.20702182644651, 32.75298679253145, 32.297544480817166, 31.92824082950508, 31.635753522438453, 31.466598509787637, 31.27793501246033, 31.073233825621053, 30.81193295051365, 30.562671796379462, 30.59076867003736, 30.436558768888418, 30.639125642809383, 30.78100874140362, 30.92288957250668, 31.095502913188234, 31.2513045255672, 31.521966789746507, 31.44746070677926, 31.30462423712398, 31.090907093842414, 30.877189950560847, 30.806860377902158, 30.700575286998152, 30.557107187035076, 30.399575606924117, 30.226495430744755, 29.95723805749048, 30.192486465717, 30.46081973604847, 30.793273098942812, 31.125821004815705, 31.387349438927682, 31.616435684061514, 31.67290386471417, 31.64595547667484, 31.619007088635513, 31.470389381833, 31.140523435011122, 30.810980985734766, 30.456462993895354, 30.097013691324875, 29.874851531048826, 29.6530628193157, 29.39532623140312, 29.10568612062275, 28.948869129639768
1BL8.pdb, 25, 25, 0.08898337298046075, 2.4193057471473716, 0.6066333211086667, -, -, -, 1.7542814751267406, 36.846080516513105, , distance, 0.0, 0.452111313970713, 0.879493573723086, 1.3793921400576656, 1.8789137312026152, 2.378608382951021, 2.8784090865594467, 3.301181917293672, 3.8003863175529413, 4.299923730263972, 4.771957913191287, 5.2718297763583335, 5.771801734615091, 6.271778163847416, 6.771758073744269, 7.265775758315813, 7.765563829647863, 8.265377536116576, 8.765212492389788, 9.23566284866986, 9.729912848729976, 10.229830292099935, 10.729752132803869, 11.229536684283172, 11.729339600161374, 12.229158628792339, 12.691397410562562, 12.786323023411876, 12.883165049905768, 12.99520173577923, 13.124652683354736, 13.308775331650947, 13.722341641351617, 14.143297286792233, 14.481661377675227, 14.754654431827468, 14.934162156302234, 15.134206232655357, 15.35380440389506, 15.64469665728856, 15.890534990487739, 15.835168100466209, 16.000834346904018, 15.811035956183133, 15.704919072811556, 15.613712455610274, 15.507262444169191, 15.430217073716817, 15.237206641650925, 15.27875070516941, 15.393255046128305, 15.628982675989034, 15.87696123499633, 15.951310636916093, 16.098178339342653, 16.326565471822434, 16.58447242670209, 16.849625757743528, 17.207207018926987, 17.099718927518644, 16.975156962909008, 16.756154873054495, 16.54902081621689, 16.447307564711387, 16.42045836862595, 16.528475542082468, 16.703057259875102, 16.89064060088054, 17.14613641274803, 17.614304074562714, 18.08403417476718, 18.505669189424342, 18.922180462160547, 19.33375762093801, 19.74936889026755, 20.16018729822257, 20.61878132736164, 21.003516846605876
1BL8.pdb, 25, 25, 0.08898337298046075, 2.4193057471473716, 0.6066333211086667, -, -, -, 1.7542814751267406, 36.846080516513105, , length, 0.0, 0.5, 1.0, 1.5, 2.0, 2.5, 3.0, 3.5, 4.0, 4.5, 5.0, 5.5, 6.0, 6.5, 7.0, 7.5, 8.0, 8.5, 9.0, 9.5, 10.0, 10.5, 11.0, 11.5, 12.0, 12.5, 13.0, 13.5, 14.0, 14.5, 15.0, 15.5, 16.0, 16.5, 17.0, 17.5, 18.0, 18.5, 19.0, 19.5, 20.0, 20.5, 21.0, 21.5, 22.0, 22.5, 23.0, 23.5, 24.0, 24.5, 25.0, 25.5, 26.0, 26.5, 27.0, 27.5, 28.0, 28.5, 29.0, 29.5, 30.0, 30.5, 31.0, 31.5, 32.0, 32.5, 33.0, 33.5, 34.0, 34.5, 35.0, 35.5, 36.0, 36.5, 37.0, 37.5, 38.0, 38.5
1BL8.pdb, 25, 25, 0.08898337298046075, 2.4193057471473716, 0.6066333211086667, -, -, -, 1.7542814751267406, 36.846080516513105, , R, 2.4231347144496413, 2.1991976400181916, 2.0277624659331397, 1.873236129182755, 1.7864053136864682, 1.773907602789858, 1.8366856410840091, 1.7966202714561827, 1.6936369878318818, 1.6553796608320286, 1.6822252672784859, 1.7794925638383643, 1.9469769095142375, 2.1750245741246657, 2.453220899429759, 2.57326508900968, 2.228307487665466, 1.921627370194599, 1.6643035170121854, 1.4761394524472835, 1.3375221141054343, 1.2795890732747313, 1.3098517338531517, 1.4110741577236574, 1.5903585967793497, 1.8352146701877285, 2.0831549869331707, 1.838355457715621, 1.6157488233644952, 1.4553935962957256, 1.3704446107793444, 1.3379247358057729, 1.1924985520924043, 1.132479597331109, 1.151015660080223, 1.218266287563769, 1.231463540363662, 1.2563304858477453, 1.3105975941626693, 1.4175947340738566, 1.3543512503984232, 1.2546055820638728, 1.1926765882539123, 1.045377157991998, 0.9586964506969995, 0.9694708002307921, 1.0594563277876947, 1.1778089002368466, 1.3006564947245964, 1.2118439855489966, 1.0916619486029409, 0.9138296593151254, 0.8308031579320829, 0.816007279522426, 0.8589044280081053, 0.9495929385479034, 1.1143489338231682, 1.112641499340032, 0.9325592843596842, 0.971861223328879, 1.0620243515204475, 0.9723364004146533, 0.9811017953874295, 0.9786145571418832, 0.9961227782846298, 0.9115861896754236, 0.827845735167624, 0.8489972128454171, 0.8334166082329277, 0.6666857244644722, 0.6067006474299794, 0.658131282491639, 0.8174104336193992, 0.7470982928935634, 0.7172768724100997, 0.7467218030555456, 0.8736818142401237, 1.0445396732620211
1BL8.pdb, 25, 25, 0.08898337298046075, 2.4193057471473716, 0.6066333211086667, -, -, -, 1.7542814751267406, 36.846080516513105, , Upper limit of R overestimation, -, -, -, -, -, -, -, -, -, -, -, -, -, -, -, -, -, -, -, -, -, -, -, -, -, -, -, -, -, -, -, -, -, -, -, -, -, -, -, -, -, -, -, -, -, -, -, -, -, -, -, -, -, -, -, -, -, -, -, -, -, -, -, -, -, -, -, -, -, -, -, -, -, -, -, -, -, -
1BL8.pdb, 26, 26, 0.08364616291389196, 2.4811597233259413, 0.9177468883354392, -, -, -, 1.3788730717536637, 63.457395909384886, , X, 82.56081512185777, 82.33720085843366, 82.27199616516555, 82.10730059736281, 81.92503489300516, 81.74132522428776, 81.55761555557038, 81.35482209828193, 81.17085635508575, 80.99737807586182, 80.78399290056058, 80.59791815168091, 80.41637329401885, 80.23482843635678, 80.05328357869472, 79.8814177022446, 79.70257905323092, 79.52374040421724, 79.34490175520355, 79.17067414111426, 79.00268312931462, 78.82157337803449, 78.64051344524003, 78.46173523368324, 78.28295702212645, 78.10417881056966, 77.90207932897066, 77.73087814334775, 77.54219761608704, 77.35351708882632, 77.1648365615656, 76.97615603430488, 76.78747550704416, 76.58783879019265, 76.52151964690107, 76.34626328958761, 76.15969659380767, 75.97312989802771, 75.78656320224776, 75.5999965064678, 75.43858476005643, 75.25483170579307, 75.0710786515297, 74.88732559726634, 74.70357254300298, 74.58006256469116, 74.3987524934589, 74.21744242222663, 74.14893339438791, 74.10304220426963, 74.52718686794282, 74.8121152122548, 75.09704355656676, 75.47286395527252, 75.95069668773598, 76.37966296849717, 76.78277776778269, 77.18595298391199, 77.58912820004129, 77.970082844285, 77.95086243217708, 78.10381869540828, 78.38117891220149, 78.53278850254625, 78.9057292821412, 79.28761900353445, 79.66950872492771, 80.0261191331341, 80.36667756014272, 80.70723598715135, 80.99882989480912, 81.23721392398477, 81.5168320568045, 81.9373082781571, 82.31326561793419, 82.68309514997613, 82.8942438114786, 83.07529468248482, 83.24833234744686, 83.25294261446606, 82.94841023493498, 82.5670266091924, 82.18516144307404, 81.80556381309371, 81.49466182407477, 81.06603832207429, 80.75291835523821, 80.36557535321514, 80.190080838392, 80.0538853408825, 79.89797411874925, 79.75263608373105, 79.68709354852008, 79.54357536867552, 79.39980084200192, 79.22282319404972, 78.99441615714107, 78.81740197972599, 78.73692412594502, 78.63813683116325, 78.44004827561218, 78.50883397870552, 78.38282644504415, 78.10206381447263, 77.98784842188765, 77.80588706181413, 77.63498803316021, 77.4779769876001, 77.35428534142349, 77.28901362878732, 77.30762404087224, 77.50363476121566, 77.63550608213444, 77.72437600440422, 78.06029416568748, 78.51536557879858, 78.97043699190968, 79.36807811034274, 79.6251667267682, 79.85194826313757, 79.92544121000617, 80.01455279721947, 80.10366438443278, 80.19277597164607, 80.30368194257277, 80.26431821297443, 80.12620260456475, 79.78459899241216, 79.31030790349956, 78.83909777566632, 78.3672010199351, 77.9128385299755
1BL8.pdb, 26, 26, 0.08364616291389196, 2.4811597233259413, 0.9177468883354392, -, -, -, 1.3788730717536637, 63.457395909384886, , Y, 26.438026024326703, 26.45303780625517, 26.404251461179484, 26.397652513499192, 26.398676316698683, 26.40032657949109, 26.401976842283492, 26.502344834589966, 26.48516654282357, 26.47078657360811, 26.463493373738, 26.463374460490193, 26.463337689224254, 26.463300917958318, 26.46326414669238, 26.460904923028306, 26.448632497777613, 26.43636007252692, 26.424087647276227, 26.42010270713484, 26.419155974619585, 26.427319651711244, 26.434997287552292, 26.42041389660168, 26.405830505651068, 26.39124711470045, 26.403302701354765, 26.44566703157441, 26.44744721161165, 26.449227391648893, 26.451007571686134, 26.452787751723378, 26.454567931760618, 26.564360338443823, 26.442121081339067, 26.423155418914735, 26.422244897487285, 26.421334376059832, 26.420423854632382, 26.41951333320493, 26.46306940908534, 26.461396028230936, 26.459722647376534, 26.45804926652213, 26.45637588566773, 26.59185253648466, 26.59855161572547, 26.60525069496628, 26.607092070316376, 26.602670467366075, 26.58392574977033, 26.57062657144535, 26.557327393120364, 26.54331069075866, 26.528488678163836, 26.596747862906476, 26.722647272533035, 26.848548794776487, 26.97445031701994, 27.106703836310647, 27.44100061882769, 27.569062588575672, 27.53331150223953, 27.89159031043258, 28.06659385474765, 28.23418714804897, 28.40178044135029, 28.534150976711977, 28.62510115704559, 28.716051337379206, 28.895245272385868, 29.181298307573993, 29.399882811977932, 29.510367558290003, 29.797401615519078, 30.08560756971367, 30.524092542284947, 30.987613575133448, 31.454734141624343, 31.92217052057533, 32.28156833985662, 32.56404849614667, 32.845418543807256, 33.12583807069669, 33.325030654608135, 33.48375372718565, 33.445575333107854, 33.420778799690225, 33.51851806125617, 33.635337560678366, 33.775521001477614, 33.869401249858846, 33.81952222241951, 33.909609829891515, 34.00073042813437, 33.904446714460605, 33.4764059713033, 33.045126165440145, 32.61171057352936, 32.18368725135728, 31.957037976850206, 31.765877595482863, 31.69966986069012, 31.65840242319607, 31.350957026727798, 31.048082358183585, 30.73983788685807, 30.43751007143456, 30.096260506643105, 29.686768234797384, 29.340884668196527, 28.97904431551637, 28.71399696245838, 28.522110965389455, 28.54076524031512, 28.651121871935214, 28.761478503555306, 28.747259302988866, 29.03923907752839, 29.274611128878483, 29.56664680907558, 29.87005852500026, 30.173470240924942, 30.476881956849624, 30.648719637073174, 30.655217220782543, 30.680910868899236, 30.74650607816498, 30.842667620866997, 30.94621169088285, 31.047412339159184, 31.002657638483683
1BL8.pdb, 26, 26, 0.08364616291389196, 2.4811597233259413, 0.9177468883354392, -, -, -, 1.3788730717536637, 63.457395909384886, , Z, 46.28016970498183, 45.88751725329338, 45.45013847944894, 44.97808782132457, 44.512529495433675, 44.047504728079865, 43.582479960726054, 43.20783411641091, 42.74340160955445, 42.274681540512304, 41.8514185792933, 41.387462669796406, 40.92158557945569, 40.45570848911497, 39.98983139877425, 39.526518589185706, 39.0597572741676, 38.592995959149505, 38.1262346441314, 37.68923895565758, 37.224202352526014, 36.75822744722789, 36.29223666443381, 35.82551868129952, 35.35880069816523, 34.892082715030945, 34.45935507134215, 34.01769364475221, 33.55466395931978, 33.09163427388735, 32.62860458845493, 32.1655749030225, 31.70254521759007, 31.389728332517493, 30.992696622603926, 30.524977306417092, 30.061089346909107, 29.597201387401125, 29.13331342789314, 28.669425468385153, 28.209603566704775, 27.74459602392143, 27.27958848113809, 26.814580938354748, 26.349573395571404, 25.93237862996345, 25.46645827152536, 25.000537913087275, 24.548532605412053, 24.156404689846074, 23.97726013386269, 23.56660337881839, 23.155946623774085, 22.869764128225768, 22.723284820031292, 22.496849448476237, 22.229181658220917, 21.96160260112586, 21.694023544030802, 21.417908419272806, 21.055792724676458, 20.666500499427258, 20.25831037165899, 19.94422307851382, 19.666922840231862, 19.39110998930827, 19.115297138384676, 18.796435218925506, 18.441825542674703, 18.0872158664239, 17.74137699778097, 17.40799012506044, 17.119125531399042, 16.913382013858804, 16.75145468856885, 16.577945486928712, 16.51029156377757, 16.462318099563184, 16.41923280200458, 16.462397808485157, 16.397050902195517, 16.239764575634492, 16.081619417046344, 15.924004914897111, 15.883328593031116, 15.757964916583912, 15.37912028667619, 15.071026030594847, 14.63015723014222, 14.163462478711601, 13.711137282727707, 13.323682555251022, 12.996113415245846, 12.525739305559716, 12.055605365011228, 11.704707027973537, 11.5838296202914, 11.422044090795012, 11.186118055726379, 10.947593760267706, 10.615103830698175, 10.17924942928162, 9.778502545970484, 9.376281374302703, 9.012838585176368, 8.659265065878465, 8.304828438006332, 7.938842886934483, 7.604310539963075, 7.324926068619067, 7.011135767108807, 6.7315013818588945, 6.351837816650647, 5.898757359066535, 5.632726898332131, 5.457423096814487, 5.282119295296842, 5.080467949270241, 4.880313758784337, 4.5464314243613515, 4.147462596088156, 3.760163673208209, 3.372864750328263, 2.9855658274483172, 2.5600042631116575, 2.0742416380936164, 1.5990898726363363, 1.2927630152810763, 1.1672746078415561, 1.03597479446803, 0.9053272450214346, 0.7223880631910564
1BL8.pdb, 26, 26, 0.08364616291389196, 2.4811597233259413, 0.9177468883354392, -, -, -, 1.3788730717536637, 63.457395909384886, , distance, 0.0, 0.452111313970713, 0.879493573723086, 1.3793921400576656, 1.8789137312026152, 2.378608382951021, 2.8784090865594467, 3.301181917293672, 3.8003863175529413, 4.299923730263972, 4.771957913191287, 5.2718297763583335, 5.771801734615091, 6.271778163847416, 6.771758073744269, 7.265775758315813, 7.765563829647863, 8.265377536116576, 8.765212492389788, 9.23566284866986, 9.729912848729976, 10.229830292099935, 10.729752132803869, 11.229536684283172, 11.729339600161374, 12.229158628792339, 12.705773628549963, 13.17940320079308, 13.679367928046826, 14.179335142829425, 14.679304590970203, 15.179276051784555, 15.679249332735338, 16.044240427154936, 16.43715120839841, 16.93655700331888, 17.43654596288299, 17.936535537968094, 18.436525678496306, 18.936516339678615, 19.423494872332586, 19.92348944133316, 20.423484276251624, 20.923479358024586, 21.423474669368282, 21.857462698290526, 22.357451072306876, 22.8574399549475, 23.303484472332578, 23.685903169671533, 23.70612252118644, 23.999292248881073, 24.299214224021807, 24.46011500114205, 24.46688935454744, 24.573932468950627, 24.736951124693075, 24.908841360684093, 25.089519822387985, 25.29138171590184, 25.661777332890804, 26.023145678926408, 26.378138150491928, 26.681827753958245, 26.912391093288285, 27.147035565682614, 27.38879854339673, 27.679849798568373, 28.01019355475691, 28.345507599593013, 28.686938028781174, 29.03239942971082, 29.329660645229435, 29.53364627981029, 29.720223680856197, 29.925606544145857, 30.050836241648796, 30.1673285271256, 30.28721831058822, 30.325804229950194, 30.451568205045056, 30.658671371133092, 30.87309887390716, 31.093310780129872, 31.18550088129207, 31.360510545731007, 31.737187858824544, 32.056022255610664, 32.51887203125786, 33.00861816762404, 33.491363478804374, 33.90046094824079, 34.21364004168277, 34.7028798787823, 35.192432616083984, 35.52959678016857, 35.58221478668845, 35.675703715018905, 35.83753597029649, 36.01098375214262, 36.324057264438494, 36.716222549456184, 37.11485134863902, 37.53704526051852, 37.8669101494512, 38.199403478615125, 38.53434704457329, 38.883009892631144, 39.19582521180697, 39.444356043682795, 39.725050424807, 39.951583363974606, 40.29529005023696, 40.723371869594, 40.94985723793481, 41.0823574770336, 41.22049713351738, 41.38769808432891, 41.58524273361456, 41.917646470060376, 42.330821773193236, 42.734215938210646, 43.13963318936989, 43.54701702267505, 43.98042129350232, 44.465972112334065, 44.94806230415383, 45.27844009058007, 45.44381111676435, 45.62030349646578, 45.800755121519934, 46.0212018127812
1BL8.pdb, 26, 26, 0.08364616291389196, 2.4811597233259413, 0.9177468883354392, -, -, -, 1.3788730717536637, 63.457395909384886, , length, 0.0, 0.5, 1.0, 1.5, 2.0, 2.5, 3.0, 3.5, 4.0, 4.5, 5.0, 5.5, 6.0, 6.5, 7.0, 7.5, 8.0, 8.5, 9.0, 9.5, 10.0, 10.5, 11.0, 11.5, 12.0, 12.5, 13.0, 13.5, 14.0, 14.5, 15.0, 15.5, 16.0, 16.5, 17.0, 17.5, 18.0, 18.5, 19.0, 19.5, 20.0, 20.5, 21.0, 21.5, 22.0, 22.5, 23.0, 23.5, 24.0, 24.5, 25.0, 25.5, 26.0, 26.5, 27.0, 27.5, 28.0, 28.5, 29.0, 29.5, 30.0, 30.5, 31.0, 31.5, 32.0, 32.5, 33.0, 33.5, 34.0, 34.5, 35.0, 35.5, 36.0, 36.5, 37.0, 37.5, 38.0, 38.5, 39.0, 39.5, 40.0, 40.5, 41.0, 41.5, 42.0, 42.5, 43.0, 43.5, 44.0, 44.5, 45.0, 45.5, 46.0, 46.5, 47.0, 47.5, 48.0, 48.5, 49.0, 49.5, 50.0, 50.5, 51.0, 51.5, 52.0, 52.5, 53.0, 53.5, 54.0, 54.5, 55.0, 55.5, 56.0, 56.5, 57.0, 57.5, 58.0, 58.5, 59.0, 59.5, 60.0, 60.5, 61.0, 61.5, 62.0, 62.5, 63.0, 63.5, 64.0, 64.5, 65.0, 65.5
1BL8.pdb, 26, 26, 0.08364616291389196, 2.4811597233259413, 0.9177468883354392, -, -, -, 1.3788730717536637, 63.457395909384886, , R, 2.4231347144496413, 2.1991976400181916, 2.0277624659331397, 1.873236129182755, 1.7864053136864682, 1.773907602789858, 1.8366856410840091, 1.7966202714561827, 1.6936369878318818, 1.6553796608320286, 1.6822252672784859, 1.7794925638383643, 1.9469769095142375, 2.1750245741246657, 2.453220899429759, 2.57326508900968, 2.228307487665466, 1.921627370194599, 1.6643035170121854, 1.4761394524472835, 1.3375221141054343, 1.2795890732747313, 1.3098517338531517, 1.4110741577236574, 1.5903585967793497, 1.8352146701877285, 2.1159784384470495, 1.850167604996125, 1.5809973970286184, 1.373845197482273, 1.242697087558477, 1.1985750620898883, 1.245647399584768, 1.3314849972159348, 1.456410105081646, 1.672968638773611, 1.9482422372350214, 2.269770402556083, 2.626807831578317, 3.0109679628075514, 3.326529604672635, 3.5918219605884043, 3.89041572381822, 4.217113634252421, 4.567392495979755, 4.612216882430484, 4.510716619624926, 4.449506009652307, 4.360217082539245, 4.297731419971061, 3.990547221635675, 3.7495785999886375, 3.546634638597873, 3.3367454893137123, 3.1125667313269605, 2.8808164181366807, 2.6529903187191546, 2.4750253151104955, 2.353836126712592, 2.282667452776124, 2.1478766049644564, 1.9963505607024428, 1.8319161661818963, 1.6516957175465126, 1.3891031084859051, 1.1871879222214305, 1.0674412064123895, 0.9863871124309198, 0.9473957736391521, 1.0086572425271316, 1.1304214036878917, 1.295225114382328, 1.4996266860840994, 1.6961422006950437, 1.8793947843430274, 2.113192519194847, 2.264205511374264, 2.4484053562730823, 2.6784466674800043, 2.8138777313096814, 2.6524881750558547, 2.419509620920488, 2.2377853740622973, 2.116611972219735, 2.012989178998383, 1.9196410581898582, 1.7248880342966517, 1.5701150351464377, 1.3298213688775666, 1.1328479298356409, 0.9981831409301134, 0.9460988476334453, 0.9694034764280386, 1.0467867486006854, 1.214653298295139, 1.3267116353677353, 1.277449824187956, 1.2831038207544059, 1.3148709382712616, 1.4270036926048948, 1.4053390578505751, 1.342346863732434, 1.2568365670676571, 1.2021255420074453, 1.0357794970814531, 0.9362009747818694, 0.9241036455493603, 1.0009386857291087, 1.1289582403481235, 1.2717241504072305, 1.4147717718713642, 1.4641269841741495, 1.4845232088585019, 1.5100072317084607, 1.367530950175806, 1.1874114893043934, 1.0919569208950755, 1.0145519636016083, 1.032495081962482, 0.9875768400872955, 0.9204412713523062, 0.9477121527410421, 1.0729621938339053, 1.283088048656, 1.4676931463778171, 1.502899875672389, 1.5731846129386176, 1.585443908638752, 1.556547372525829, 1.604463000622912, 1.7271687753292384, 1.8199372913544338
1BL8.pdb, 26, 26, 0.08364616291389196, 2.4811597233259413, 0.9177468883354392, -, -, -, 1.3788730717536637, 63.457395909384886, , Upper limit of R overestimation, -, -, -, -, -, -, -, -, -, -, -, -, -, -, -, -, -, -, -, -, -, -, -, -, -, -, -, -, -, -, -, -, -, -, -, -, -, -, -, -, -, -, -, -, -, -, -, -, -, -, -, -, -, -, -, -, -, -, -, -, -, -, -, -, -, -, -, -, -, -, -, -, -, -, -, -, -, -, -, -, -, -, -, -, -, -, -, -, -, -, -, -, -, -, -, -, -, -, -, -, -, -, -, -, -, -, -, -, -, -, -, -, -, -, -, -, -, -, -, -, -, -, -, -, -, -, -, -, -, -, -, -
1BL8.pdb, 27, 27, 0.08266446231039926, 2.492965487440807, 0.889522458615279, -, -, -, 1.4370680802403406, 62.73735304814532, , X, 82.56081512185777, 82.33720085843366, 82.27199616516555, 82.10730059736281, 81.92503489300516, 81.74132522428776, 81.55761555557038, 81.35482209828193, 81.17085635508575, 80.99737807586182, 80.78399290056058, 80.59791815168091, 80.41637329401885, 80.23482843635678, 80.05328357869472, 79.8814177022446, 79.70257905323092, 79.52374040421724, 79.34490175520355, 79.17067414111426, 79.00268312931462, 78.82157337803449, 78.64051344524003, 78.46173523368324, 78.28295702212645, 78.10417881056966, 77.90207932897066, 77.73087814334775, 77.54219761608704, 77.35351708882632, 77.1648365615656, 76.97615603430488, 76.78747550704416, 76.58783879019265, 76.52151964690107, 76.34626328958761, 76.15969659380767, 75.97312989802771, 75.78656320224776, 75.5999965064678, 75.43858476005643, 75.25483170579307, 75.0710786515297, 74.88732559726634, 74.70357254300298, 74.58006256469116, 74.3987524934589, 74.21744242222663, 74.14893339438791, 74.07594273251314, 73.7746178043407, 73.61993328151722, 73.64278803066392, 73.66564277981064, 73.68849752895734, 73.71135227810404, 73.73504304826554, 73.62789670503093, 73.47592469156604, 73.32395267810112, 73.17667095699144, 73.06104747948011, 72.64203186970948, 72.34854418846723, 72.28925639731733, 71.9271271448466, 71.67171229670711, 71.46769685088366, 71.28444138387631, 71.11647611730523, 70.95713731473278, 70.79779851216031, 70.58875777714663, 70.24568036814821, 69.92499456504507, 69.8441584475266, 69.56224775724573, 69.28033706696486, 68.9176537436649, 68.49528595629899, 68.06923654984178, 67.64642087431777, 67.22409368441025, 66.85370841260693, 66.49405196767057, 66.14970905315116, 65.85277554671585, 65.57559948465057, 65.415388239295, 65.28710472384121, 65.13551332109483, 64.84476646653764, 64.52529323835023, 64.38928031702322, 64.13735725235921, 63.82303573217086, 63.440439063863266, 63.15506679131217, 63.42032801958894, 63.77347816841495, 64.05631574518122, 63.96466993479138, 64.17744669775333, 64.32516169581054, 64.65024058659941, 64.745939125987, 64.68391953149894, 64.62809329251978, 64.68765665674299, 64.7472200209662, 64.7884264328585, 64.90162665568324, 65.0528423675426, 65.04502003121567, 64.63578577635221, 64.2275687223396, 63.819351668327, 63.4111346143144, 63.002917560301796, 62.952572561324395, 63.075946135519565, 62.95323451518316, 63.00216833375835, 63.094949464625415, 63.138975066036394, 63.207631721923605, 63.38210277533992, 63.56688177098676, 63.694487772954496, 63.73439723674545, 63.784763451283524
1BL8.pdb, 27, 27, 0.08266446231039926, 2.492965487440807, 0.889522458615279, -, -, -, 1.4370680802403406, 62.73735304814532, , Y, 26.438026024326703, 26.45303780625517, 26.404251461179484, 26.397652513499192, 26.398676316698683, 26.40032657949109, 26.401976842283492, 26.502344834589966, 26.48516654282357, 26.47078657360811, 26.463493373738, 26.463374460490193, 26.463337689224254, 26.463300917958318, 26.46326414669238, 26.460904923028306, 26.448632497777613, 26.43636007252692, 26.424087647276227, 26.42010270713484, 26.419155974619585, 26.427319651711244, 26.434997287552292, 26.42041389660168, 26.405830505651068, 26.39124711470045, 26.403302701354765, 26.44566703157441, 26.44744721161165, 26.449227391648893, 26.451007571686134, 26.452787751723378, 26.454567931760618, 26.564360338443823, 26.442121081339067, 26.423155418914735, 26.422244897487285, 26.421334376059832, 26.420423854632382, 26.41951333320493, 26.46306940908534, 26.461396028230936, 26.459722647376534, 26.45804926652213, 26.45637588566773, 26.59185253648466, 26.59855161572547, 26.60525069496628, 26.607092070316376, 26.60364998518291, 26.61461692845935, 26.702612060172232, 27.200576825256917, 27.698541590341602, 28.19650635542629, 28.694471120510975, 29.19247419051722, 29.671691980781613, 30.144615460851384, 30.61753894092115, 31.09320892924715, 31.480620066909108, 31.55905122530946, 31.79864097662376, 32.20920877353653, 32.49185009678409, 32.8993367712144, 33.35247804123443, 33.814641701809386, 34.27106660203396, 34.71713447275729, 35.16320234348061, 35.58265536775758, 35.93033320501334, 36.26776341798523, 36.74710087747385, 37.15187470592703, 37.5566485343802, 37.83971355942339, 38.03284559067751, 38.21368176772683, 38.23415346064767, 38.02610893270989, 37.73097712842787, 37.42217553397067, 37.112019682657355, 36.73438428076216, 36.36618140368518, 36.05829582385031, 35.87042744137335, 35.9727324999716, 36.02478664712455, 36.0416109418622, 36.087717081954416, 36.108322781473966, 36.08408958334386, 36.050414926253495, 36.08699387199274, 36.19755666326846, 36.07256911463935, 35.866128151946064, 35.47901655796688, 35.35971633923234, 35.14169950036361, 35.218818362278576, 35.39157960165779, 35.21022915583303, 35.132151861114565, 35.04396793115389, 34.9557840011932, 34.79443645138882, 34.82678503020775, 34.848861281375235, 34.77010311032209, 34.624590297117614, 34.478834355128136, 34.33307841313865, 34.18732247114917, 34.04156652915969, 33.69840733208314, 33.25473318489357, 32.79941093614323, 32.52588372418861, 32.26877041622301, 31.83840612194405, 31.42901228493255, 31.05725387089355, 30.690877611083497, 30.50481147124857, 30.260634967013175, 30.01661219373384
1BL8.pdb, 27, 27, 0.08266446231039926, 2.492965487440807, 0.889522458615279, -, -, -, 1.4370680802403406, 62.73735304814532, , Z, 46.28016970498183, 45.88751725329338, 45.45013847944894, 44.97808782132457, 44.512529495433675, 44.047504728079865, 43.582479960726054, 43.20783411641091, 42.74340160955445, 42.274681540512304, 41.8514185792933, 41.387462669796406, 40.92158557945569, 40.45570848911497, 39.98983139877425, 39.526518589185706, 39.0597572741676, 38.592995959149505, 38.1262346441314, 37.68923895565758, 37.224202352526014, 36.75822744722789, 36.29223666443381, 35.82551868129952, 35.35880069816523, 34.892082715030945, 34.45935507134215, 34.01769364475221, 33.55466395931978, 33.09163427388735, 32.62860458845493, 32.1655749030225, 31.70254521759007, 31.389728332517493, 30.992696622603926, 30.524977306417092, 30.061089346909107, 29.597201387401125, 29.13331342789314, 28.669425468385153, 28.209603566704775, 27.74459602392143, 27.27958848113809, 26.814580938354748, 26.349573395571404, 25.93237862996345, 25.46645827152536, 25.000537913087275, 24.548532605412053, 24.159632785527084, 23.891312951731194, 23.484338377247965, 23.523181049344448, 23.562023721440934, 23.60086639353742, 23.6397090656339, 23.677407680421325, 23.64250439850493, 23.5855141438808, 23.528523889256675, 23.483962237550504, 23.4136626757247, 23.25871444433164, 23.02661627635549, 22.747492393598648, 22.632457767540654, 22.574789084757615, 22.519673508100436, 22.46843809818279, 22.367130075773936, 22.207021985087888, 22.04691389440184, 21.901210922356352, 21.794355819922767, 21.70643034348985, 21.681024846152333, 21.76278370197067, 21.84454255778901, 21.98579727404988, 22.171014634735315, 22.359967936232604, 22.571615362966625, 22.666557084617896, 22.506438311350443, 22.3475601867284, 22.16364264228475, 22.041865521005164, 21.893895391156178, 21.557886019327526, 21.112634617838083, 20.693122918001823, 20.2904059007522, 19.906307314671437, 19.485687144513705, 19.05428225970408, 18.807541610265368, 18.63703154849079, 18.240786865058826, 17.978648254644106, 17.681145868429038, 17.346630832189316, 17.04410879557523, 16.663244947083523, 16.26803247719216, 15.938554024356726, 15.51451605788334, 15.172740787717386, 14.682212324410024, 14.193667751070903, 13.705123177731782, 13.276286874375602, 12.810076335236394, 12.334002341385379, 11.951002446096787, 11.703372832703419, 11.454145943728673, 11.204919054753926, 10.95569216577918, 10.706465276804433, 10.504966774457152, 10.313933593847727, 10.182393288009322, 9.80580075924975, 9.410583782362169, 9.159974554753868, 8.889891598025482, 8.604662684499857, 8.31926238660706, 7.898307643242203, 7.463909338007336, 7.030417936872514
1BL8.pdb, 27, 27, 0.08266446231039926, 2.492965487440807, 0.889522458615279, -, -, -, 1.4370680802403406, 62.73735304814532, , distance, 0.0, 0.452111313970713, 0.879493573723086, 1.3793921400576656, 1.8789137312026152, 2.378608382951021, 2.8784090865594467, 3.301181917293672, 3.8003863175529413, 4.299923730263972, 4.771957913191287, 5.2718297763583335, 5.771801734615091, 6.271778163847416, 6.771758073744269, 7.265775758315813, 7.765563829647863, 8.265377536116576, 8.765212492389788, 9.23566284866986, 9.729912848729976, 10.229830292099935, 10.729752132803869, 11.229536684283172, 11.729339600161374, 12.229158628792339, 12.705773628549963, 13.17940320079308, 13.679367928046826, 14.179335142829425, 14.679304590970203, 15.179276051784555, 15.679249332735338, 16.044240427154936, 16.43715120839841, 16.93655700331888, 17.43654596288299, 17.936535537968094, 18.436525678496306, 18.936516339678615, 19.423494872332586, 19.92348944133316, 20.423484276251624, 20.923479358024586, 21.423474669368282, 21.857462698290526, 22.357451072306876, 22.8574399549475, 23.303484472332578, 23.692586274293337, 24.051805636320594, 24.48794192609474, 24.45389996700067, 24.4300459970169, 24.416409876078177, 24.41300872602422, 24.420607865778962, 24.550305853241166, 24.72491517515028, 24.908338831585414, 25.087844954946412, 25.269556459433925, 25.585045683569067, 25.956779795300957, 26.317263733111556, 26.6258969007411, 26.87501008844931, 27.11877761238427, 27.360000468679704, 27.643496237835013, 27.976872886301546, 28.315154047635893, 28.65812335479665, 29.00554293972604, 29.328422469999975, 29.548406202133478, 29.746453965560903, 29.951539826262476, 30.10566164116343, 30.224663930052383, 30.345476934028557, 30.39215897650686, 30.448339707216153, 30.650191682792897, 30.847402111947027, 31.062282926118336, 31.18764129433895, 31.33298891565032, 31.586493389341292, 31.949273697057038, 32.39210912712355, 32.882095155207836, 33.36299612237821, 33.78262142513817, 34.26641776467762, 34.62508069408328, 34.95897435766481, 35.438575575741396, 35.532841164315705, 35.548454463801995, 35.61537980442773, 35.80926392913371, 35.982037529946126, 36.18040034095885, 36.31121915298404, 36.66144258950561, 36.93517398864746, 37.35774681239153, 37.72340967172928, 38.09212553302174, 38.40499546718846, 38.76164812184976, 39.1102740768248, 39.42991644567404, 39.79800740711241, 40.1698201785557, 40.54438941183388, 40.9216394146099, 41.3014967280882, 41.4374402897543, 41.46923867072477, 41.56890541610719, 41.83278935888431, 42.09850201675212, 42.2407488610661, 42.39679879991628, 42.52768630456354, 42.66013051070694, 42.9609635231064, 43.30991131819989, 43.656493321911995
1BL8.pdb, 27, 27, 0.08266446231039926, 2.492965487440807, 0.889522458615279, -, -, -, 1.4370680802403406, 62.73735304814532, , length, 0.0, 0.5, 1.0, 1.5, 2.0, 2.5, 3.0, 3.5, 4.0, 4.5, 5.0, 5.5, 6.0, 6.5, 7.0, 7.5, 8.0, 8.5, 9.0, 9.5, 10.0, 10.5, 11.0, 11.5, 12.0, 12.5, 13.0, 13.5, 14.0, 14.5, 15.0, 15.5, 16.0, 16.5, 17.0, 17.5, 18.0, 18.5, 19.0, 19.5, 20.0, 20.5, 21.0, 21.5, 22.0, 22.5, 23.0, 23.5, 24.0, 24.5, 25.0, 25.5, 26.0, 26.5, 27.0, 27.5, 28.0, 28.5, 29.0, 29.5, 30.0, 30.5, 31.0, 31.5, 32.0, 32.5, 33.0, 33.5, 34.0, 34.5, 35.0, 35.5, 36.0, 36.5, 37.0, 37.5, 38.0, 38.5, 39.0, 39.5, 40.0, 40.5, 41.0, 41.5, 42.0, 42.5, 43.0, 43.5, 44.0, 44.5, 45.0, 45.5, 46.0, 46.5, 47.0, 47.5, 48.0, 48.5, 49.0, 49.5, 50.0, 50.5, 51.0, 51.5, 52.0, 52.5, 53.0, 53.5, 54.0, 54.5, 55.0, 55.5, 56.0, 56.5, 57.0, 57.5, 58.0, 58.5, 59.0, 59.5, 60.0, 60.5, 61.0, 61.5, 62.0, 62.5, 63.0, 63.5, 64.0, 64.5, 65.0
1BL8.pdb, 27, 27, 0.08266446231039926, 2.492965487440807, 0.889522458615279, -, -, -, 1.4370680802403406, 62.73735304814532, , R, 2.4231347144496413, 2.1991976400181916, 2.0277624659331397, 1.873236129182755, 1.7864053136864682, 1.773907602789858, 1.8366856410840091, 1.7966202714561827, 1.6936369878318818, 1.6553796608320286, 1.6822252672784859, 1.7794925638383643, 1.9469769095142375, 2.1750245741246657, 2.453220899429759, 2.57326508900968, 2.228307487665466, 1.921627370194599, 1.6643035170121854, 1.4761394524472835, 1.3375221141054343, 1.2795890732747313, 1.3098517338531517, 1.4110741577236574, 1.5903585967793497, 1.8352146701877285, 2.1159784384470495, 1.850167604996125, 1.5809973970286184, 1.373845197482273, 1.242697087558477, 1.1985750620898883, 1.245647399584768, 1.3314849972159348, 1.456410105081646, 1.672968638773611, 1.9482422372350214, 2.269770402556083, 2.626807831578317, 3.0109679628075514, 3.326529604672635, 3.5918219605884043, 3.89041572381822, 4.217113634252421, 4.567392495979755, 4.612216882430484, 4.510716619624926, 4.449506009652307, 4.360217082539245, 4.316051389543013, 4.4647204022085045, 4.4630006988072175, 4.122490578958864, 3.807204004480353, 3.5218751548469904, 3.2718584754534707, 3.06196362493932, 2.828829587708388, 2.620285216309401, 2.4639182423654664, 2.3614547084518134, 2.285630800942916, 2.180787375851987, 2.0365678012596855, 1.862489008713816, 1.6901081943603473, 1.4539955828642435, 1.2424085247204104, 1.100224478184642, 1.0005843961834384, 0.9460085132827634, 0.9917822909007743, 1.1133769215671956, 1.270090812916902, 1.4775380476930566, 1.6756691273854631, 1.834805422513711, 2.0573087194328448, 2.2438601427603424, 2.4219437337485017, 2.6446887036087623, 2.797781414701318, 2.7487804191716987, 2.512745244497569, 2.314839903500165, 2.1508944031989805, 2.0197972970703524, 1.9308048847462103, 1.7437392330589443, 1.5889004398232198, 1.4354281826203956, 1.2143283100681512, 1.038160729454673, 0.9906985581934009, 0.9931348244637475, 1.01751586632064, 1.0604913906975075, 1.2518118014172765, 1.3634421054007975, 1.3167027963940856, 1.3022450660401566, 1.201922532013068, 1.2102206346552893, 1.2784933601072717, 1.4207309977830436, 1.353105176494406, 1.237962288856651, 1.1317538000681582, 1.0019648859405117, 0.9677330153491082, 1.0260036074259826, 1.0866598286376394, 1.206176838801861, 1.2262169338147029, 1.0254841592052206, 0.9106410624515666, 0.8958936947197644, 0.9830119284369578, 1.1620878217554171, 1.1514654607901718, 1.1021388672177848, 0.9574949192550113, 0.9061027187911548, 0.9244096975603218, 0.948480474611991, 1.0334951066524778, 1.143757820187496, 1.331994355957014, 1.3657471066436924, 1.3903298457121314, 1.4904372237795087
1BL8.pdb, 27, 27, 0.08266446231039926, 2.492965487440807, 0.889522458615279, -, -, -, 1.4370680802403406, 62.73735304814532, , Upper limit of R overestimation, -, -, -, -, -, -, -, -, -, -, -, -, -, -, -, -, -, -, -, -, -, -, -, -, -, -, -, -, -, -, -, -, -, -, -, -, -, -, -, -, -, -, -, -, -, -, -, -, -, -, -, -, -, -, -, -, -, -, -, -, -, -, -, -, -, -, -, -, -, -, -, -, -, -, -, -, -, -, -, -, -, -, -, -, -, -, -, -, -, -, -, -, -, -, -, -, -, -, -, -, -, -, -, -, -, -, -, -, -, -, -, -, -, -, -, -, -, -, -, -, -, -, -, -, -, -, -, -, -, -, -
1BL8.pdb, 28, 28, 0.03827172176749806, 3.263043990551371, 0.6673371766848053, -, -, -, 1.5251675083977945, 73.68430002757782, , X, 82.56081512185777, 82.33720085843366, 82.27199616516555, 82.10730059736281, 81.92503489300516, 81.74132522428776, 81.55761555557038, 81.35482209828193, 81.17085635508575, 80.99737807586182, 80.78399290056058, 80.59791815168091, 80.41637329401885, 80.23482843635678, 80.05328357869472, 79.8814177022446, 79.70257905323092, 79.52374040421724, 79.34490175520355, 79.17067414111426, 79.00268312931462, 78.82157337803449, 78.64051344524003, 78.46173523368324, 78.28295702212645, 78.10417881056966, 77.90207932897066, 77.73087814334775, 77.54219761608704, 77.35351708882632, 77.1648365615656, 76.97615603430488, 76.78747550704416, 76.58783879019265, 76.52151964690107, 76.34626328958761, 76.15969659380767, 75.97312989802771, 75.78656320224776, 75.5999965064678, 75.43858476005643, 75.25483170579307, 75.0710786515297, 74.88732559726634, 74.70357254300298, 74.58006256469116, 74.3987524934589, 74.21744242222663, 74.14893339438791, 74.07594273251314, 73.7746178043407, 73.57331554770505, 73.53657652287485, 73.54165804276366, 73.54673956265246, 73.5532846632112, 73.57216314668472, 73.61854077675747, 73.71785095677737, 73.75352787941262, 73.82515224072037, 73.89802798907077, 73.8993601929765, 73.75763816404564, 73.79526838689367, 74.07430237788186, 74.31224666680906, 74.42854846064476, 74.53585804344394, 74.63780586704547, 74.68700049830463, 74.89784579394244, 75.14082802542868, 75.09250101312422, 75.04417400081975, 75.08833045839648, 75.10124383817654, 75.34754751536191, 75.62138283340475, 75.81921635476648, 75.93508417123236, 76.37444902594561, 76.87003248582387, 77.3532575875854, 77.69294698966384, 77.9701493061608, 78.09406101924384, 78.15599687367695, 78.23561616214445, 78.37716029779433, 78.33404300456499, 78.12992571878739, 77.95759572339418, 77.84655048559057, 77.75359240473054, 77.64865398023998, 77.54371555574944, 77.70828455537128, 77.69190321178745, 77.6172139027664, 77.19779423367844, 76.73074995871018, 76.24783600847375, 75.75392165176369, 75.26106190571407, 74.8696063945921, 74.64635977534431, 74.53489081240942, 74.26444203454876, 73.98531355034103, 73.68178710894281, 73.38087847365745, 73.07996983837208, 72.72724857556099, 72.31870904882018, 71.89164457357023, 71.58512082731775, 71.27764827375074, 70.93449899306319, 70.47455611893777, 70.03759263099411, 69.61062854234036, 69.20303164574374, 69.00118953875973, 68.76776718135694, 68.43977233259173, 68.03295578455197, 67.64416987226764, 67.28282422342, 66.88603304231836, 66.45347690980135, 65.98981909050573, 65.653661598796, 65.36962070242213, 65.05662366450049, 64.86576154929016, 64.65047692455214, 64.43519229981412, 64.21048969095169, 63.75254657989554, 63.388179561352885, 63.19889966431176, 63.008837724183, 62.814631401972264, 62.620425079761525, 62.40712956748891, 61.9393013568819, 61.47056068293702, 60.98481587367743, 60.4998132519475, 60.17712060215776, 59.923075919145454, 59.669031236133144, 59.41498655312084
1BL8.pdb, 28, 28, 0.03827172176749806, 3.263043990551371, 0.6673371766848053, -, -, -, 1.5251675083977945, 73.68430002757782, , Y, 26.438026024326703, 26.45303780625517, 26.404251461179484, 26.397652513499192, 26.398676316698683, 26.40032657949109, 26.401976842283492, 26.502344834589966, 26.48516654282357, 26.47078657360811, 26.463493373738, 26.463374460490193, 26.463337689224254, 26.463300917958318, 26.46326414669238, 26.460904923028306, 26.448632497777613, 26.43636007252692, 26.424087647276227, 26.42010270713484, 26.419155974619585, 26.427319651711244, 26.434997287552292, 26.42041389660168, 26.405830505651068, 26.39124711470045, 26.403302701354765, 26.44566703157441, 26.44744721161165, 26.449227391648893, 26.451007571686134, 26.452787751723378, 26.454567931760618, 26.564360338443823, 26.442121081339067, 26.423155418914735, 26.422244897487285, 26.421334376059832, 26.420423854632382, 26.41951333320493, 26.46306940908534, 26.461396028230936, 26.459722647376534, 26.45804926652213, 26.45637588566773, 26.59185253648466, 26.59855161572547, 26.60525069496628, 26.607092070316376, 26.60364998518291, 26.61461692845935, 26.58851115224678, 26.112219644661234, 25.614138586850608, 25.116057529039985, 24.617715262869698, 24.11883093954377, 23.673360854187628, 23.193202268419654, 22.8010322846117, 22.32587523953569, 21.851980158437776, 21.427525266791125, 21.01623514382447, 20.803568072451156, 20.84403074792031, 20.574494039246947, 20.11846074440648, 19.687443476736433, 19.232783237591384, 18.78768876303912, 18.544646400499573, 18.32244997625679, 17.863329134151694, 17.404208292046594, 16.99702761060297, 16.515048267581506, 16.104903274701535, 15.705836828196711, 15.325642509371198, 14.962867424593119, 14.863071527124685, 14.865748927194398, 14.948599594901388, 15.180901459193263, 15.245356329379373, 15.55312966262996, 15.954164513454288, 16.328187302836312, 16.721065692095383, 17.06127236528704, 17.24985403148444, 17.14817331477129, 17.2101930197768, 17.170586677280927, 17.139266631921224, 17.10794658656152, 17.165265958080564, 17.173780492701084, 17.150300371954575, 17.04918972409998, 17.223376349236847, 17.308640104687363, 17.324942351461832, 17.349903552835094, 17.4133076875171, 17.478754942803487, 17.705297404056424, 17.69121718166595, 17.43414410082792, 17.70638772003183, 17.983245148195607, 18.26010257635938, 18.429298505056188, 18.40761709302006, 18.36071337262911, 17.9730997294753, 17.583713993910443, 17.254032656493592, 17.123122967964747, 17.216012300754212, 17.406286992628154, 17.355782591442235, 17.02532513547859, 16.58743404515111, 16.229680838258393, 15.94560852355954, 15.714622504278163, 15.382636760056378, 15.082165860129102, 14.849902384874712, 14.928337648372661, 14.928677426156614, 14.983497663518143, 15.151601668976665, 15.133360955630442, 15.110973248399642, 15.08858554116884, 15.068335115954968, 15.10101541608236, 15.280193581566467, 15.733957073165453, 16.18736683289335, 16.638902015565904, 17.090437198238455, 17.52039452026905, 17.668867112640314, 17.820307045762732, 17.89370766359492, 17.795192656561124, 17.839549486561378, 17.944118303138534, 18.048687119715694, 18.15325593629285
1BL8.pdb, 28, 28, 0.03827172176749806, 3.263043990551371, 0.6673371766848053, -, -, -, 1.5251675083977945, 73.68430002757782, , Z, 46.28016970498183, 45.88751725329338, 45.45013847944894, 44.97808782132457, 44.512529495433675, 44.047504728079865, 43.582479960726054, 43.20783411641091, 42.74340160955445, 42.274681540512304, 41.8514185792933, 41.387462669796406, 40.92158557945569, 40.45570848911497, 39.98983139877425, 39.526518589185706, 39.0597572741676, 38.592995959149505, 38.1262346441314, 37.68923895565758, 37.224202352526014, 36.75822744722789, 36.29223666443381, 35.82551868129952, 35.35880069816523, 34.892082715030945, 34.45935507134215, 34.01769364475221, 33.55466395931978, 33.09163427388735, 32.62860458845493, 32.1655749030225, 31.70254521759007, 31.389728332517493, 30.992696622603926, 30.524977306417092, 30.061089346909107, 29.597201387401125, 29.13331342789314, 28.669425468385153, 28.209603566704775, 27.74459602392143, 27.27958848113809, 26.814580938354748, 26.349573395571404, 25.93237862996345, 25.46645827152536, 25.000537913087275, 24.548532605412053, 24.159632785527084, 23.891312951731194, 23.46769787305545, 23.506086680568348, 23.549554346779797, 23.593022012991245, 23.632739261301488, 23.640663763139052, 23.68188589651095, 23.58398175636502, 23.385015516000564, 23.246828203334413, 23.105222784844223, 22.881924875049823, 22.63543897024836, 22.306068263572005, 21.914583677480632, 21.577102285500832, 21.40826056450882, 21.24625105064186, 21.06489309464467, 20.848567456187283, 20.54461859188356, 20.23249489917055, 20.04047262903912, 19.848450358907687, 19.61231305242271, 19.53353133750993, 19.413774371123736, 19.28823477630842, 19.069188242155192, 18.74519921923669, 18.666736078705004, 18.676663633179857, 18.666668204731096, 18.424568498867078, 18.03286239111319, 17.725073488813475, 17.432993046480753, 17.1179996371838, 16.843029949924276, 16.53735695707007, 16.127542597146714, 15.69853898233988, 15.246008493603451, 14.765886928382777, 14.27802733605717, 13.790167743731564, 13.346925188217465, 12.847266150189949, 12.370611098403241, 12.478841064202772, 12.440732709851863, 12.394752666107006, 12.319629891165308, 12.239217148705489, 12.028959472930906, 11.779315547569446, 11.437101095089707, 11.083965022566092, 10.812713532160936, 10.52355380222154, 10.235797033958416, 9.948040265695294, 9.68540986082135, 9.472037188937428, 9.323671562274228, 9.39982178633417, 9.461248703689417, 9.538960481275401, 9.684957762039572, 9.852888168751644, 10.030362698282927, 9.93482750367506, 9.652012350939323, 9.590649527696431, 9.535337591089187, 9.476036346677061, 9.424017074874541, 9.372435902569343, 9.324749459036063, 9.286080519542281, 9.274640297211132, 8.992004573900356, 8.685830835624154, 8.43911485861461, 8.043002997633955, 7.592279888711904, 7.141556779789852, 6.716013284474668, 6.91405394954071, 7.011820132693807, 6.920870617752828, 6.829809765444062, 6.7381588886220545, 6.646508011800047, 6.553675321774955, 6.459049394767417, 6.373328176591399, 6.293202431846326, 6.23110304688905, 5.943698716635144, 5.525934834001869, 5.108170951368594, 4.690407068735318
1BL8.pdb, 28, 28, 0.03827172176749806, 3.263043990551371, 0.6673371766848053, -, -, -, 1.5251675083977945, 73.68430002757782, , distance, 0.0, 0.452111313970713, 0.879493573723086, 1.3793921400576656, 1.8789137312026152, 2.378608382951021, 2.8784090865594467, 3.301181917293672, 3.8003863175529413, 4.299923730263972, 4.771957913191287, 5.2718297763583335, 5.771801734615091, 6.271778163847416, 6.771758073744269, 7.265775758315813, 7.765563829647863, 8.265377536116576, 8.765212492389788, 9.23566284866986, 9.729912848729976, 10.229830292099935, 10.729752132803869, 11.229536684283172, 11.729339600161374, 12.229158628792339, 12.705773628549963, 13.17940320079308, 13.679367928046826, 14.179335142829425, 14.679304590970203, 15.179276051784555, 15.679249332735338, 16.044240427154936, 16.43715120839841, 16.93655700331888, 17.43654596288299, 17.936535537968094, 18.436525678496306, 18.936516339678615, 19.423494872332586, 19.92348944133316, 20.423484276251624, 20.923479358024586, 21.423474669368282, 21.857462698290526, 22.357451072306876, 22.8574399549475, 23.303484472332578, 23.692586274293337, 24.051805636320594, 24.519516011772232, 24.499018137290367, 24.468446200965328, 24.448063916960518, 24.44085190685998, 24.46879154071157, 24.459968827744166, 24.57323429731491, 24.798873308497097, 24.9751158311879, 25.162548804586798, 25.448060445694995, 25.806298309143475, 26.14076253473303, 26.400671661336272, 26.69571929784065, 26.91992813267143, 27.141617196370696, 27.395250935216108, 27.700018228846286, 27.98830348380041, 28.273665236266698, 28.597602085180537, 28.926554308319687, 29.259956536793418, 29.487172724042253, 29.675037549376338, 29.86469749756882, 30.155791044013363, 30.557391498129732, 30.573720966178527, 30.467296428784195, 30.35837677238827, 30.436056120684587, 30.7288209668991, 30.884079732650765, 31.007634175238653, 31.166461911465458, 31.280464874164775, 31.471002873616527, 31.83137142782958, 32.2912856642727, 32.71844059722961, 33.19856685501174, 33.68580367929481, 34.173409221400476, 34.55618217549278, 35.032721683624374, 35.5043547427653, 35.48861871081282, 35.552875053763955, 35.65698922307098, 35.81480639606562, 35.981478819138154, 36.245629186224164, 36.513231565217744, 36.8064592202229, 37.203619385489596, 37.58390033333908, 37.86309848320246, 38.1438246348735, 38.42900582637128, 38.730029635286215, 39.04134761677737, 39.304668104866, 39.398996243876105, 39.513815803508614, 39.616075223666996, 39.64914390984943, 39.60837637158596, 39.53894473053039, 39.77312440453992, 40.17566794876256, 40.415383515050124, 40.66690113559629, 40.935238538340414, 41.18098681733688, 41.44658553013785, 41.717591479666204, 41.979680661256275, 42.148310081568376, 42.529098323963794, 42.896126871309725, 43.19404502000977, 43.62328840260615, 44.11162156808957, 44.60021326939746, 45.07024282204864, 45.07737619636708, 45.10089197885184, 45.15102752910857, 45.20715356420031, 45.271461454647756, 45.341192210859724, 45.43005116710199, 45.69317893009928, 45.952365700407476, 46.23296087760146, 46.53293578006341, 46.92541391309706, 47.38693242345486, 47.849224216226034, 48.31226709319555
1BL8.pdb, 28, 28, 0.03827172176749806, 3.263043990551371, 0.6673371766848053, -, -, -, 1.5251675083977945, 73.68430002757782, , length, 0.0, 0.5, 1.0, 1.5, 2.0, 2.5, 3.0, 3.5, 4.0, 4.5, 5.0, 5.5, 6.0, 6.5, 7.0, 7.5, 8.0, 8.5, 9.0, 9.5, 10.0, 10.5, 11.0, 11.5, 12.0, 12.5, 13.0, 13.5, 14.0, 14.5, 15.0, 15.5, 16.0, 16.5, 17.0, 17.5, 18.0, 18.5, 19.0, 19.5, 20.0, 20.5, 21.0, 21.5, 22.0, 22.5, 23.0, 23.5, 24.0, 24.5, 25.0, 25.5, 26.0, 26.5, 27.0, 27.5, 28.0, 28.5, 29.0, 29.5, 30.0, 30.5, 31.0, 31.5, 32.0, 32.5, 33.0, 33.5, 34.0, 34.5, 35.0, 35.5, 36.0, 36.5, 37.0, 37.5, 38.0, 38.5, 39.0, 39.5, 40.0, 40.5, 41.0, 41.5, 42.0, 42.5, 43.0, 43.5, 44.0, 44.5, 45.0, 45.5, 46.0, 46.5, 47.0, 47.5, 48.0, 48.5, 49.0, 49.5, 50.0, 50.5, 51.0, 51.5, 52.0, 52.5, 53.0, 53.5, 54.0, 54.5, 55.0, 55.5, 56.0, 56.5, 57.0, 57.5, 58.0, 58.5, 59.0, 59.5, 60.0, 60.5, 61.0, 61.5, 62.0, 62.5, 63.0, 63.5, 64.0, 64.5, 65.0, 65.5, 66.0, 66.5, 67.0, 67.5, 68.0, 68.5, 69.0, 69.5, 70.0, 70.5, 71.0, 71.5, 72.0, 72.5, 73.0, 73.5, 74.0, 74.5, 75.0, 75.5, 76.0, 76.5
1BL8.pdb, 28, 28, 0.03827172176749806, 3.263043990551371, 0.6673371766848053, -, -, -, 1.5251675083977945, 73.68430002757782, , R, 2.4231347144496413, 2.1991976400181916, 2.0277624659331397, 1.873236129182755, 1.7864053136864682, 1.773907602789858, 1.8366856410840091, 1.7966202714561827, 1.6936369878318818, 1.6553796608320286, 1.6822252672784859, 1.7794925638383643, 1.9469769095142375, 2.1750245741246657, 2.453220899429759, 2.57326508900968, 2.228307487665466, 1.921627370194599, 1.6643035170121854, 1.4761394524472835, 1.3375221141054343, 1.2795890732747313, 1.3098517338531517, 1.4110741577236574, 1.5903585967793497, 1.8352146701877285, 2.1159784384470495, 1.850167604996125, 1.5809973970286184, 1.373845197482273, 1.242697087558477, 1.1985750620898883, 1.245647399584768, 1.3314849972159348, 1.456410105081646, 1.672968638773611, 1.9482422372350214, 2.269770402556083, 2.626807831578317, 3.0109679628075514, 3.326529604672635, 3.5918219605884043, 3.89041572381822, 4.217113634252421, 4.567392495979755, 4.612216882430484, 4.510716619624926, 4.449506009652307, 4.360217082539245, 4.316051389543013, 4.4647204022085045, 4.5235980918592436, 4.22054417225937, 3.8975673422893755, 3.6031069111252942, 3.340369923770606, 3.100093810804625, 2.9009171335207653, 2.655460690740623, 2.516454446878569, 2.3714341473412475, 2.2855679945619105, 2.15197142536174, 1.9530527147559638, 1.8418089474370918, 1.812080474144723, 1.634350286054008, 1.3805286271132378, 1.2010197144087074, 1.0791707609912415, 0.9935207928266139, 0.9108342721158031, 0.8932386058700388, 0.9997570742701578, 1.195627157362995, 1.4359276576716113, 1.6436617137030942, 1.8078006011785832, 2.0234720499225527, 2.2139919419412335, 2.3768828555636126, 2.5233018163092393, 2.682195547885138, 2.8141099176316087, 2.7213230393593375, 2.5154134038017113, 2.3330750563388514, 2.182746296836623, 2.0559531247702427, 1.9695534305438627, 1.8088730386335445, 1.637051028939756, 1.4625019203719893, 1.2886056595626494, 1.1032486960899885, 0.9906983208298747, 0.9751509763735999, 0.974077304395641, 1.1061308817792694, 1.3098873792140076, 1.3773775237181587, 1.3189901419048402, 1.2910945816386015, 1.3069357168519096, 1.4062684937748298, 1.4342356623750883, 1.3931887244944718, 1.3093177408089614, 1.1995188943779218, 1.1689401234974928, 1.013639567236341, 0.9511062262876462, 0.9886654831861472, 1.078887013677614, 1.1844331744485812, 1.2962270256370125, 1.2719917926913, 1.3257973560363245, 1.4293185532590402, 1.5110245724724822, 1.5549807062091188, 1.628093960428084, 1.6499721681578632, 1.5297682647177884, 1.2781932582358229, 1.0428959085620892, 0.8305563624109875, 0.694323676061305, 0.6677223177190896, 0.7357379103385568, 0.8770219997176842, 0.9447183384922546, 0.8925437912412151, 0.8431903166378047, 0.8448374722952243, 0.8412396205102435, 0.9342585077237473, 1.1203251883056802, 1.3637846088365655, 1.2385115225624848, 1.1130509204469479, 0.9046657719231601, 0.7871927230870508, 0.7728444494298756, 0.86560958186727, 1.0373253637401998, 1.0706633077539522, 1.1916148265886237, 1.3476018469721471, 1.470125238955276, 1.5487534046194824, 1.6372763252138811, 1.799569268617319, 2.025516388982135
1BL8.pdb, 28, 28, 0.03827172176749806, 3.263043990551371, 0.6673371766848053, -, -, -, 1.5251675083977945, 73.68430002757782, , Upper limit of R overestimation, -, -, -, -, -, -, -, -, -, -, -, -, -, -, -, -, -, -, -, -, -, -, -, -, -, -, -, -, -, -, -, -, -, -, -, -, -, -, -, -, -, -, -, -, -, -, -, -, -, -, -, -, -, -, -, -, -, -, -, -, -, -, -, -, -, -, -, -, -, -, -, -, -, -, -, -, -, -, -, -, -, -, -, -, -, -, -, -, -, -, -, -, -, -, -, -, -, -, -, -, -, -, -, -, -, -, -, -, -, -, -, -, -, -, -, -, -, -, -, -, -, -, -, -, -, -, -, -, -, -, -, -, -, -, -, -, -, -, -, -, -, -, -, -, -, -, -, -, -, -, -, -, -, -
1BL8.pdb, 29, 29, 0.033729991159491816, 3.389367892004912, 0.6037327366879364, -, -, -, 1.433896733324282, 63.01937487919376, , X, 82.56081512185777, 82.33720085843366, 82.27199616516555, 82.10730059736281, 81.92503489300516, 81.74132522428776, 81.55761555557038, 81.35482209828193, 81.17085635508575, 80.99737807586182, 80.78399290056058, 80.59791815168091, 80.41637329401885, 80.23482843635678, 80.05328357869472, 79.8814177022446, 79.70257905323092, 79.52374040421724, 79.34490175520355, 79.17067414111426, 79.00268312931462, 78.82157337803449, 78.64051344524003, 78.46173523368324, 78.28295702212645, 78.10417881056966, 77.90207932897066, 77.73087814334775, 77.54219761608704, 77.35351708882632, 77.1648365615656, 76.97615603430488, 76.78747550704416, 76.58783879019265, 76.52151964690107, 76.34626328958761, 76.15969659380767, 75.97312989802771, 75.78656320224776, 75.5999965064678, 75.43858476005643, 75.25483170579307, 75.0710786515297, 74.88732559726634, 74.70357254300298, 74.58006256469116, 74.3987524934589, 74.21744242222663, 74.14893339438791, 74.07594273251314, 73.7746178043407, 73.57331554770505, 73.53657652287485, 73.54165804276366, 73.54673956265246, 73.5532846632112, 73.57216314668472, 73.61854077675747, 73.71785095677737, 73.75352787941262, 73.82515224072037, 73.89802798907077, 73.8993601929765, 73.75763816404564, 73.79526838689367, 74.07430237788186, 74.31224666680906, 74.42854846064476, 74.53585804344394, 74.63780586704547, 74.57671213106805, 74.44258624751822, 74.30150302591429, 74.16942705378828, 74.12691056681916, 74.08324552597381, 74.05771319500788, 73.71191330664439, 73.23930241515028, 72.75394180505126, 72.27055717092338, 71.78674701888215, 71.31192235162573, 71.00826157064073, 70.92239493143009, 70.83269031762038, 70.74298570381066, 70.56580716212798, 70.40030080467571, 70.27154598474931, 70.13779029492603, 70.0043691495082, 69.85467827080814, 69.50907747348248, 69.18436509150466, 68.9812277192856, 68.77545838327984, 68.49280764173017, 67.99986715325964, 67.62513345468052, 67.25630825420161, 66.89110338223053, 66.4850980754161, 66.05767051594188, 65.88490361882951, 65.67909512130346, 65.38751788048376, 65.0373965898681, 64.66838420400029, 64.2949175007769, 63.92080595328341, 63.55794742495292, 63.116921278549874, 62.685891558267656, 62.27718696437822, 61.87569076659687, 61.472532008820984, 61.136638766432796, 60.9195433155293, 60.59607255512749, 60.251479380154734, 59.89842362394025, 59.47643445422129, 59.04958609961074, 58.71323443073548, 58.43675200694426, 58.358059163703125, 58.25458289967054, 57.96580650932948, 57.7312160700667, 57.68734505809215
1BL8.pdb, 29, 29, 0.033729991159491816, 3.389367892004912, 0.6037327366879364, -, -, -, 1.433896733324282, 63.01937487919376, , Y, 26.438026024326703, 26.45303780625517, 26.404251461179484, 26.397652513499192, 26.398676316698683, 26.40032657949109, 26.401976842283492, 26.502344834589966, 26.48516654282357, 26.47078657360811, 26.463493373738, 26.463374460490193, 26.463337689224254, 26.463300917958318, 26.46326414669238, 26.460904923028306, 26.448632497777613, 26.43636007252692, 26.424087647276227, 26.42010270713484, 26.419155974619585, 26.427319651711244, 26.434997287552292, 26.42041389660168, 26.405830505651068, 26.39124711470045, 26.403302701354765, 26.44566703157441, 26.44744721161165, 26.449227391648893, 26.451007571686134, 26.452787751723378, 26.454567931760618, 26.564360338443823, 26.442121081339067, 26.423155418914735, 26.422244897487285, 26.421334376059832, 26.420423854632382, 26.41951333320493, 26.46306940908534, 26.461396028230936, 26.459722647376534, 26.45804926652213, 26.45637588566773, 26.59185253648466, 26.59855161572547, 26.60525069496628, 26.607092070316376, 26.60364998518291, 26.61461692845935, 26.58851115224678, 26.112219644661234, 25.614138586850608, 25.116057529039985, 24.617715262869698, 24.11883093954377, 23.673360854187628, 23.193202268419654, 22.8010322846117, 22.32587523953569, 21.851980158437776, 21.427525266791125, 21.01623514382447, 20.803568072451156, 20.84403074792031, 20.574494039246947, 20.11846074440648, 19.687443476736433, 19.232783237591384, 18.77953786648742, 18.32692626539791, 17.87826938793868, 17.414021262906907, 16.964397908278936, 16.648342950892385, 16.214006059043882, 15.868983996184998, 15.735846524794765, 15.619421825966459, 15.499890686029847, 15.385538446852655, 15.254647975289327, 14.940342948853882, 14.502040533253606, 14.061721129036274, 13.62140172481894, 13.204440185450409, 12.768858480635146, 12.401598951734933, 12.038981525742557, 11.662498518056557, 11.292970074449768, 11.059899938239557, 10.860781102575565, 10.744886902829107, 10.647919191000549, 10.563278820063461, 10.516261626401523, 10.751235446682024, 10.953486922563524, 11.126798778426586, 11.243175478860657, 11.22583071577052, 10.926185987126296, 10.649053981987322, 10.460053122788324, 10.364449994676772, 10.319683047473744, 10.55061178902425, 10.881617571996017, 11.225536622598499, 11.450136713727263, 11.67056879426407, 11.776572322174953, 11.485823380486591, 11.201868510839915, 10.861646891395583, 10.419172670851461, 10.053191220881219, 9.692380031288518, 9.338940522665755, 9.262854118712498, 9.228264703388728, 9.024623582961285, 8.705501257060154, 8.25790457603438, 7.807240737301818, 7.5525451883732835, 7.119976262200014, 6.678227704793902
1BL8.pdb, 29, 29, 0.033729991159491816, 3.389367892004912, 0.6037327366879364, -, -, -, 1.433896733324282, 63.01937487919376, , Z, 46.28016970498183, 45.88751725329338, 45.45013847944894, 44.97808782132457, 44.512529495433675, 44.047504728079865, 43.582479960726054, 43.20783411641091, 42.74340160955445, 42.274681540512304, 41.8514185792933, 41.387462669796406, 40.92158557945569, 40.45570848911497, 39.98983139877425, 39.526518589185706, 39.0597572741676, 38.592995959149505, 38.1262346441314, 37.68923895565758, 37.224202352526014, 36.75822744722789, 36.29223666443381, 35.82551868129952, 35.35880069816523, 34.892082715030945, 34.45935507134215, 34.01769364475221, 33.55466395931978, 33.09163427388735, 32.62860458845493, 32.1655749030225, 31.70254521759007, 31.389728332517493, 30.992696622603926, 30.524977306417092, 30.061089346909107, 29.597201387401125, 29.13331342789314, 28.669425468385153, 28.209603566704775, 27.74459602392143, 27.27958848113809, 26.814580938354748, 26.349573395571404, 25.93237862996345, 25.46645827152536, 25.000537913087275, 24.548532605412053, 24.159632785527084, 23.891312951731194, 23.46769787305545, 23.506086680568348, 23.549554346779797, 23.593022012991245, 23.632739261301488, 23.640663763139052, 23.68188589651095, 23.58398175636502, 23.385015516000564, 23.246828203334413, 23.105222784844223, 22.881924875049823, 22.63543897024836, 22.306068263572005, 21.914583677480632, 21.577102285500832, 21.40826056450882, 21.24625105064186, 21.06489309464467, 21.122592417749292, 21.287374048767948, 21.456756385437817, 21.58636369180422, 21.753523790942907, 21.44160062421835, 21.297987295680766, 21.404674752058746, 21.43915085554808, 21.468652849837262, 21.499335383488187, 21.54230120543047, 21.55103044168607, 21.419313436342954, 21.194924628929858, 20.97567156844736, 20.75641850796486, 20.757417170775845, 20.891413820703995, 20.577642287403606, 20.260627885459105, 19.959947866885564, 19.66707802418774, 19.437895343745737, 19.113991718767405, 18.680329756152812, 18.23507000811524, 17.893437075465723, 17.834665175136514, 17.60157303434003, 17.334835672084875, 17.040576598977722, 16.922496317397545, 16.998432646663595, 16.637470215446648, 16.28349203128033, 15.923962633514302, 15.591587753250902, 15.257310946857762, 15.15561684273408, 15.133805798025639, 15.131019072356473, 15.140470744462343, 15.054895024506111, 14.90569267200407, 14.840379150630485, 14.758451536185472, 14.716842115103677, 14.777133268823105, 14.818229225972384, 14.787527865590148, 14.766739725983072, 14.9768130215202, 15.2346570921728, 15.498450669144889, 15.76625360125353, 15.962309483745697, 16.113594254318958, 15.980951543183398, 15.990803293165923, 15.908477929305127
1BL8.pdb, 29, 29, 0.033729991159491816, 3.389367892004912, 0.6037327366879364, -, -, -, 1.433896733324282, 63.01937487919376, , distance, 0.0, 0.452111313970713, 0.879493573723086, 1.3793921400576656, 1.8789137312026152, 2.378608382951021, 2.8784090865594467, 3.301181917293672, 3.8003863175529413, 4.299923730263972, 4.771957913191287, 5.2718297763583335, 5.771801734615091, 6.271778163847416, 6.771758073744269, 7.265775758315813, 7.765563829647863, 8.265377536116576, 8.765212492389788, 9.23566284866986, 9.729912848729976, 10.229830292099935, 10.729752132803869, 11.229536684283172, 11.729339600161374, 12.229158628792339, 12.705773628549963, 13.17940320079308, 13.679367928046826, 14.179335142829425, 14.679304590970203, 15.179276051784555, 15.679249332735338, 16.044240427154936, 16.43715120839841, 16.93655700331888, 17.43654596288299, 17.936535537968094, 18.436525678496306, 18.936516339678615, 19.423494872332586, 19.92348944133316, 20.423484276251624, 20.923479358024586, 21.423474669368282, 21.857462698290526, 22.357451072306876, 22.8574399549475, 23.303484472332578, 23.692586274293337, 24.051805636320594, 24.519516011772232, 24.499018137290367, 24.468446200965328, 24.448063916960518, 24.44085190685998, 24.46879154071157, 24.459968827744166, 24.57323429731491, 24.798873308497097, 24.9751158311879, 25.162548804586798, 25.448060445694995, 25.806298309143475, 26.14076253473303, 26.400671661336272, 26.69571929784065, 26.91992813267143, 27.141617196370696, 27.395250935216108, 27.482758893429537, 27.501552939219973, 27.52612429684394, 27.597683074118972, 27.612256979778273, 28.011811703479697, 28.300932220697106, 28.439373443886105, 28.60949951780761, 28.789378765541166, 28.97623100137394, 29.158192039954574, 29.3791739476682, 29.727434871977646, 30.11959652282301, 30.512939226282917, 30.909364693503775, 31.151547425949907, 31.293979854715715, 31.759523556562275, 32.228567836946475, 32.691506942196455, 33.15230432734437, 33.57591860910858, 34.052623997945254, 34.53159386289248, 35.01272841731841, 35.43618239370353, 35.70252813519948, 35.939002385813154, 36.21921097887349, 36.53665763015672, 36.75847043047874, 36.89423793957421, 37.38171797581557, 37.869311847336654, 38.36296474399097, 38.82291984944359, 39.272863786542004, 39.430834861346185, 39.49111001687373, 39.53224506194592, 39.65328088731607, 39.85107474800945, 40.134045459984286, 40.495717842712054, 40.87144353634208, 41.20512793266302, 41.44139974534495, 41.722493049477094, 42.07029368787896, 42.415315423078646, 42.517940924364744, 42.57672636843148, 42.65498700276142, 42.74940855473233, 42.842302228510796, 42.987455840868876, 43.35456672914355, 43.670834126610735, 43.949730419632424
1BL8.pdb, 29, 29, 0.033729991159491816, 3.389367892004912, 0.6037327366879364, -, -, -, 1.433896733324282, 63.01937487919376, , length, 0.0, 0.5, 1.0, 1.5, 2.0, 2.5, 3.0, 3.5, 4.0, 4.5, 5.0, 5.5, 6.0, 6.5, 7.0, 7.5, 8.0, 8.5, 9.0, 9.5, 10.0, 10.5, 11.0, 11.5, 12.0, 12.5, 13.0, 13.5, 14.0, 14.5, 15.0, 15.5, 16.0, 16.5, 17.0, 17.5, 18.0, 18.5, 19.0, 19.5, 20.0, 20.5, 21.0, 21.5, 22.0, 22.5, 23.0, 23.5, 24.0, 24.5, 25.0, 25.5, 26.0, 26.5, 27.0, 27.5, 28.0, 28.5, 29.0, 29.5, 30.0, 30.5, 31.0, 31.5, 32.0, 32.5, 33.0, 33.5, 34.0, 34.5, 35.0, 35.5, 36.0, 36.5, 37.0, 37.5, 38.0, 38.5, 39.0, 39.5, 40.0, 40.5, 41.0, 41.5, 42.0, 42.5, 43.0, 43.5, 44.0, 44.5, 45.0, 45.5, 46.0, 46.5, 47.0, 47.5, 48.0, 48.5, 49.0, 49.5, 50.0, 50.5, 51.0, 51.5, 52.0, 52.5, 53.0, 53.5, 54.0, 54.5, 55.0, 55.5, 56.0, 56.5, 57.0, 57.5, 58.0, 58.5, 59.0, 59.5, 60.0, 60.5, 61.0, 61.5, 62.0, 62.5, 63.0, 63.5, 64.0, 64.5, 65.0
1BL8.pdb, 29, 29, 0.033729991159491816, 3.389367892004912, 0.6037327366879364, -, -, -, 1.433896733324282, 63.01937487919376, , R, 2.4231347144496413, 2.1991976400181916, 2.0277624659331397, 1.873236129182755, 1.7864053136864682, 1.773907602789858, 1.8366856410840091, 1.7966202714561827, 1.6936369878318818, 1.6553796608320286, 1.6822252672784859, 1.7794925638383643, 1.9469769095142375, 2.1750245741246657, 2.453220899429759, 2.57326508900968, 2.228307487665466, 1.921627370194599, 1.6643035170121854, 1.4761394524472835, 1.3375221141054343, 1.2795890732747313, 1.3098517338531517, 1.4110741577236574, 1.5903585967793497, 1.8352146701877285, 2.1159784384470495, 1.850167604996125, 1.5809973970286184, 1.373845197482273, 1.242697087558477, 1.1985750620898883, 1.245647399584768, 1.3314849972159348, 1.456410105081646, 1.672968638773611, 1.9482422372350214, 2.269770402556083, 2.626807831578317, 3.0109679628075514, 3.326529604672635, 3.5918219605884043, 3.89041572381822, 4.217113634252421, 4.567392495979755, 4.612216882430484, 4.510716619624926, 4.449506009652307, 4.360217082539245, 4.316051389543013, 4.4647204022085045, 4.5235980918592436, 4.22054417225937, 3.8975673422893755, 3.6031069111252942, 3.340369923770606, 3.100093810804625, 2.9009171335207653, 2.655460690740623, 2.516454446878569, 2.3714341473412475, 2.2855679945619105, 2.15197142536174, 1.9530527147559638, 1.8418089474370918, 1.812080474144723, 1.634350286054008, 1.3805286271132378, 1.2010197144087074, 1.0791707609912415, 0.9504962702904054, 0.872743361589686, 0.89304695254804, 1.0085209276017837, 1.1184309004050759, 1.3124363126935568, 1.474900308135648, 1.2920564626418747, 1.0577855043875508, 0.8804815660923815, 0.7958990776631234, 0.8142645857005868, 0.9035791341264674, 0.9384603274866627, 0.912046766264456, 0.985544306172113, 1.152200042490382, 1.2712777069454506, 1.321557937577861, 1.1149019112702492, 0.984756019320693, 0.9330550492800267, 0.9698396014666946, 0.9263025545654178, 0.9263117634399576, 0.9535545911851426, 1.0586685632315689, 1.2032100398526477, 1.2981453889170274, 1.2391998149414167, 1.239546101327039, 1.305329162031449, 1.358586641494595, 1.309611013184996, 1.1112529536777171, 0.9610244838894051, 0.8346076028143106, 0.7567394917405936, 0.7437861180906276, 0.650515991300062, 0.6043544480855658, 0.6646923210960081, 0.7561422279585441, 0.8751586367192656, 0.9536852847464883, 0.8782378226838534, 0.9009947143163886, 0.9566264953591617, 0.9753766880552632, 0.9603152712468583, 1.0053657441301405, 1.1376830423980486, 1.1305794823080708, 1.163238322060978, 1.2301802336825092, 1.3516967306058425, 1.4685211605713735, 1.6121584068841655, 1.51473500864283, 1.6326298151570096, 1.6966398969923997
1BL8.pdb, 29, 29, 0.033729991159491816, 3.389367892004912, 0.6037327366879364, -, -, -, 1.433896733324282, 63.01937487919376, , Upper limit of R overestimation, -, -, -, -, -, -, -, -, -, -, -, -, -, -, -, -, -, -, -, -, -, -, -, -, -, -, -, -, -, -, -, -, -, -, -, -, -, -, -, -, -, -, -, -, -, -, -, -, -, -, -, -, -, -, -, -, -, -, -, -, -, -, -, -, -, -, -, -, -, -, -, -, -, -, -, -, -, -, -, -, -, -, -, -, -, -, -, -, -, -, -, -, -, -, -, -, -, -, -, -, -, -, -, -, -, -, -, -, -, -, -, -, -, -, -, -, -, -, -, -, -, -, -, -, -, -, -, -, -, -, -
1BL8.pdb, 30, 30, 0.03371689752523156, 3.3897561570436734, 0.6039352155045226, -, -, -, 1.5154886189213828, 63.39417510121827, , X, 82.56081512185777, 82.33720085843366, 82.27199616516555, 82.10730059736281, 81.92503489300516, 81.74132522428776, 81.55761555557038, 81.35482209828193, 81.17085635508575, 80.99737807586182, 80.78399290056058, 80.59791815168091, 80.41637329401885, 80.23482843635678, 80.05328357869472, 79.8814177022446, 79.70257905323092, 79.52374040421724, 79.34490175520355, 79.17067414111426, 79.00268312931462, 78.82157337803449, 78.64051344524003, 78.46173523368324, 78.28295702212645, 78.10417881056966, 77.90207932897066, 77.73087814334775, 77.54219761608704, 77.35351708882632, 77.1648365615656, 76.97615603430488, 76.78747550704416, 76.58783879019265, 76.52151964690107, 76.34626328958761, 76.15969659380767, 75.97312989802771, 75.78656320224776, 75.5999965064678, 75.43858476005643, 75.25483170579307, 75.0710786515297, 74.88732559726634, 74.70357254300298, 74.58006256469116, 74.3987524934589, 74.21744242222663, 74.14893339438791, 74.07594273251314, 73.69170599182522, 73.2092789361666, 72.72685188050797, 72.24442482484935, 71.76199776919071, 71.2795707135321, 70.82821192201091, 70.39168333727797, 69.91079245256543, 69.42990156785291, 68.94490831688034, 68.73706691517405, 68.51941256362073, 68.28880159579641, 67.8398211511604, 67.52175239156207, 67.2235402623145, 66.84358796625925, 66.44368702563729, 66.01074532875305, 65.53657120977114, 65.04437545897314, 64.55102652813866, 64.13572503111564, 63.80944294994764, 63.48316086877963, 63.34790628824979, 63.046731340048325, 62.83674417790191, 62.68611756982742, 62.52013273595413, 62.361025050435174, 62.2192056574944, 61.90805369357477, 61.41193575744913, 60.915817821323486, 60.419699885197836, 59.98319844840027, 59.61328711601234, 59.173685108625335, 58.706711530247674, 58.23795097583397, 57.76877063656397, 57.39448391829808, 57.065130565162676, 56.75769215915129, 56.479025011377004, 56.20035786360272, 56.05111509828828, 56.066317943708015, 56.14423543279405, 56.14398788877756, 56.130135439252165, 55.81223655310101, 55.466639293215735, 55.233430946976696, 54.898913249709196, 54.683862806584095, 54.474285713368054, 54.66390121862689, 54.9288132435945, 55.193725268562105, 55.320869500740876, 55.41232126748651, 55.36354455098168, 55.028645625558624, 54.69390939455224, 54.3063542625154, 53.89305689300853, 53.51872552316873, 53.12942218187844, 52.73886301877632, 52.75025797893132, 52.763786751064046, 52.599009607337116, 52.35399995828022, 51.99266085758873, 51.76386858927704, 51.72885514851771, 51.89260364090073, 52.193275973276876, 52.3727443620994
1BL8.pdb, 30, 30, 0.03371689752523156, 3.3897561570436734, 0.6039352155045226, -, -, -, 1.5154886189213828, 63.39417510121827, , Y, 26.438026024326703, 26.45303780625517, 26.404251461179484, 26.397652513499192, 26.398676316698683, 26.40032657949109, 26.401976842283492, 26.502344834589966, 26.48516654282357, 26.47078657360811, 26.463493373738, 26.463374460490193, 26.463337689224254, 26.463300917958318, 26.46326414669238, 26.460904923028306, 26.448632497777613, 26.43636007252692, 26.424087647276227, 26.42010270713484, 26.419155974619585, 26.427319651711244, 26.434997287552292, 26.42041389660168, 26.405830505651068, 26.39124711470045, 26.403302701354765, 26.44566703157441, 26.44744721161165, 26.449227391648893, 26.451007571686134, 26.452787751723378, 26.454567931760618, 26.564360338443823, 26.442121081339067, 26.423155418914735, 26.422244897487285, 26.421334376059832, 26.420423854632382, 26.41951333320493, 26.46306940908534, 26.461396028230936, 26.459722647376534, 26.45804926652213, 26.45637588566773, 26.59185253648466, 26.59855161572547, 26.60525069496628, 26.607092070316376, 26.60364998518291, 26.564115425075553, 26.574683371678162, 26.585251318280775, 26.595819264883385, 26.606387211485995, 26.616955158088608, 26.515525209996337, 26.40514203607422, 26.28861145348911, 26.172080870904, 26.087487682848394, 25.758330598626006, 25.40853280856178, 24.98021917888453, 24.836467609797545, 24.63638740672666, 24.354350168008633, 24.322233827274086, 24.39101776574256, 24.6305393075671, 24.618650382820825, 24.53617232094305, 24.458441849851994, 24.549135042523975, 24.78525655601161, 25.021378069499246, 25.324201503856898, 25.647518755915367, 26.079669539248037, 26.548088337587615, 27.01115759618202, 27.47508450498192, 27.94339201301796, 28.31360695057593, 28.309142804078594, 28.30467865758126, 28.300214511083922, 28.382715928329965, 28.6255934220228, 28.699582795677802, 28.712889965306214, 28.73806802387891, 28.762714892561416, 28.88700988708053, 29.132802729645384, 29.257889108359578, 29.278993939299994, 29.30009877024041, 29.66776354898364, 29.99360873681603, 30.260029587333435, 30.497233985481877, 30.727508354398566, 30.84916837275924, 31.094881007300774, 31.448345014829368, 31.58625130237593, 31.813085161639933, 32.04562121429099, 32.36498104419842, 32.69640046790624, 33.02781989161405, 33.45158754041599, 33.80456535334118, 34.12814433586406, 34.4912235566464, 34.85174472494676, 35.13276388016413, 35.369856553705674, 35.68995485918216, 36.00365876259886, 36.31573582709877, 36.80657271406435, 37.3016651999904, 37.69786508878965, 38.04642720959853, 38.176286965649375, 38.347796054291884, 38.706766889717336, 38.943036315378684, 39.093717918174214, 39.29457330995313
1BL8.pdb, 30, 30, 0.03371689752523156, 3.3897561570436734, 0.6039352155045226, -, -, -, 1.5154886189213828, 63.39417510121827, , Z, 46.28016970498183, 45.88751725329338, 45.45013847944894, 44.97808782132457, 44.512529495433675, 44.047504728079865, 43.582479960726054, 43.20783411641091, 42.74340160955445, 42.274681540512304, 41.8514185792933, 41.387462669796406, 40.92158557945569, 40.45570848911497, 39.98983139877425, 39.526518589185706, 39.0597572741676, 38.592995959149505, 38.1262346441314, 37.68923895565758, 37.224202352526014, 36.75822744722789, 36.29223666443381, 35.82551868129952, 35.35880069816523, 34.892082715030945, 34.45935507134215, 34.01769364475221, 33.55466395931978, 33.09163427388735, 32.62860458845493, 32.1655749030225, 31.70254521759007, 31.389728332517493, 30.992696622603926, 30.524977306417092, 30.061089346909107, 29.597201387401125, 29.13331342789314, 28.669425468385153, 28.209603566704775, 27.74459602392143, 27.27958848113809, 26.814580938354748, 26.349573395571404, 25.93237862996345, 25.46645827152536, 25.000537913087275, 24.548532605412053, 24.159632785527084, 24.060056914034117, 24.19102429345798, 24.32199167288184, 24.4529590523057, 24.583926431729562, 24.714893811153424, 24.75446223982808, 24.821420579220383, 24.893285593815605, 24.965150608410827, 25.02299207651474, 24.773702862845315, 24.570070980004676, 24.454459492029518, 24.32911183614735, 24.114676011508912, 24.022647229293803, 24.30375012542988, 24.389670914404057, 24.460570527121277, 24.452401812349535, 24.423342816301176, 24.399577162334783, 24.548988469336376, 24.84527656288214, 25.141564656427906, 25.486775170929935, 25.64008844018447, 25.62543540219936, 25.53682117953069, 25.447289639451874, 25.35110758649657, 25.248842181192593, 25.1523557572455, 25.090331045634073, 25.02830633402265, 24.966281622411223, 24.964223694794953, 25.189049807233253, 25.141188940276948, 24.963164063028287, 24.79107608018638, 24.620013690671207, 24.41114097337756, 24.14349978708617, 23.787510537085534, 23.37290324474455, 22.958295952403564, 22.72221307124383, 22.380394616845063, 21.965292728097825, 21.52525834836206, 21.084304692662354, 20.88364694875447, 20.642124834585598, 20.427410314854075, 20.082555763801768, 19.697291558817426, 19.307654932174312, 19.01970987577178, 18.755167280682176, 18.49062468559257, 18.26417456655364, 17.93898566096398, 17.657282782382392, 17.57971868510429, 17.491561379428948, 17.498448407418394, 17.630148888801916, 17.666791412007115, 17.66364031631886, 17.655187746881406, 17.74078209830073, 17.80934158126367, 18.009681753603825, 18.268813689658984, 18.589079982093704, 18.920927694729713, 19.255959935987498, 19.565061378706137, 19.912900930842426, 20.333889097468983
1BL8.pdb, 30, 30, 0.03371689752523156, 3.3897561570436734, 0.6039352155045226, -, -, -, 1.5154886189213828, 63.39417510121827, , distance, 0.0, 0.452111313970713, 0.879493573723086, 1.3793921400576656, 1.8789137312026152, 2.378608382951021, 2.8784090865594467, 3.301181917293672, 3.8003863175529413, 4.299923730263972, 4.771957913191287, 5.2718297763583335, 5.771801734615091, 6.271778163847416, 6.771758073744269, 7.265775758315813, 7.765563829647863, 8.265377536116576, 8.765212492389788, 9.23566284866986, 9.729912848729976, 10.229830292099935, 10.729752132803869, 11.229536684283172, 11.729339600161374, 12.229158628792339, 12.705773628549963, 13.17940320079308, 13.679367928046826, 14.179335142829425, 14.679304590970203, 15.179276051784555, 15.679249332735338, 16.044240427154936, 16.43715120839841, 16.93655700331888, 17.43654596288299, 17.936535537968094, 18.436525678496306, 18.936516339678615, 19.423494872332586, 19.92348944133316, 20.423484276251624, 20.923479358024586, 21.423474669368282, 21.857462698290526, 22.357451072306876, 22.8574399549475, 23.303484472332578, 23.692586274293337, 23.925099952557066, 23.987501939016532, 24.060134887585264, 24.142906460144214, 24.235712778413372, 24.338439050444972, 24.515629011800048, 24.66914598824859, 24.848424703229036, 25.036406624644926, 25.24645313660671, 25.57510735823854, 25.875649339331108, 26.118522109538805, 26.4787007687571, 26.8463856075559, 27.110348797961613, 27.101122183745577, 27.26070428622449, 27.445705067831522, 27.741421370898664, 28.074251327761274, 28.408301052889932, 28.553390199581706, 28.527184390649435, 28.50972477290261, 28.332697138812442, 28.41544161547254, 28.561957970194207, 28.728073805005057, 28.913082196751027, 29.105543293009607, 29.297848722619218, 29.604710446728674, 29.9964237665587, 30.391314498245862, 30.789260385394307, 31.1110936449608, 31.244356790302618, 31.605838021739665, 32.071919082716484, 32.537256465179404, 33.003212065784716, 33.43046762866209, 33.87217010408243, 34.346360780792935, 34.82920801197454, 35.31253265624533, 35.611412785438574, 35.85805067780262, 36.10618556570736, 36.42981699938138, 36.76699744150349, 37.14738214699204, 37.591089462029046, 37.95068366066639, 38.44476576738417, 38.89299604879369, 39.34227765645741, 39.45249385313727, 39.500892862492314, 39.555553372900235, 39.7001343345058, 39.93155811214538, 40.225602567703056, 40.57819902868898, 40.94067740658171, 41.25894455368992, 41.502308986860506, 41.806298242733575, 42.149898864922335, 42.50067729210722, 42.55200021847781, 42.62006112054747, 42.704967561825576, 42.8000318483751, 42.88350819478009, 42.88149555779086, 42.79532301383363, 42.55128071756085, 42.161437758457645, 41.83084868452377
1BL8.pdb, 30, 30, 0.03371689752523156, 3.3897561570436734, 0.6039352155045226, -, -, -, 1.5154886189213828, 63.39417510121827, , length, 0.0, 0.5, 1.0, 1.5, 2.0, 2.5, 3.0, 3.5, 4.0, 4.5, 5.0, 5.5, 6.0, 6.5, 7.0, 7.5, 8.0, 8.5, 9.0, 9.5, 10.0, 10.5, 11.0, 11.5, 12.0, 12.5, 13.0, 13.5, 14.0, 14.5, 15.0, 15.5, 16.0, 16.5, 17.0, 17.5, 18.0, 18.5, 19.0, 19.5, 20.0, 20.5, 21.0, 21.5, 22.0, 22.5, 23.0, 23.5, 24.0, 24.5, 25.0, 25.5, 26.0, 26.5, 27.0, 27.5, 28.0, 28.5, 29.0, 29.5, 30.0, 30.5, 31.0, 31.5, 32.0, 32.5, 33.0, 33.5, 34.0, 34.5, 35.0, 35.5, 36.0, 36.5, 37.0, 37.5, 38.0, 38.5, 39.0, 39.5, 40.0, 40.5, 41.0, 41.5, 42.0, 42.5, 43.0, 43.5, 44.0, 44.5, 45.0, 45.5, 46.0, 46.5, 47.0, 47.5, 48.0, 48.5, 49.0, 49.5, 50.0, 50.5, 51.0, 51.5, 52.0, 52.5, 53.0, 53.5, 54.0, 54.5, 55.0, 55.5, 56.0, 56.5, 57.0, 57.5, 58.0, 58.5, 59.0, 59.5, 60.0, 60.5, 61.0, 61.5, 62.0, 62.5, 63.0, 63.5, 64.0, 64.5, 65.0, 65.5
1BL8.pdb, 30, 30, 0.03371689752523156, 3.3897561570436734, 0.6039352155045226, -, -, -, 1.5154886189213828, 63.39417510121827, , R, 2.4231347144496413, 2.1991976400181916, 2.0277624659331397, 1.873236129182755, 1.7864053136864682, 1.773907602789858, 1.8366856410840091, 1.7966202714561827, 1.6936369878318818, 1.6553796608320286, 1.6822252672784859, 1.7794925638383643, 1.9469769095142375, 2.1750245741246657, 2.453220899429759, 2.57326508900968, 2.228307487665466, 1.921627370194599, 1.6643035170121854, 1.4761394524472835, 1.3375221141054343, 1.2795890732747313, 1.3098517338531517, 1.4110741577236574, 1.5903585967793497, 1.8352146701877285, 2.1159784384470495, 1.850167604996125, 1.5809973970286184, 1.373845197482273, 1.242697087558477, 1.1985750620898883, 1.245647399584768, 1.3314849972159348, 1.456410105081646, 1.672968638773611, 1.9482422372350214, 2.269770402556083, 2.626807831578317, 3.0109679628075514, 3.326529604672635, 3.5918219605884043, 3.89041572381822, 4.217113634252421, 4.567392495979755, 4.612216882430484, 4.510716619624926, 4.449506009652307, 4.360217082539245, 4.316051389543013, 4.395472696650517, 4.067652150793785, 3.7668606839714402, 3.4979612618249276, 3.2663320568707124, 3.077609584564662, 2.8658958960033476, 2.6682615451457665, 2.495951821625067, 2.3805388469646886, 2.300106024963583, 2.197221552507781, 2.0510796345864275, 1.863056208988775, 1.6824881603664341, 1.480005673492926, 1.2275536882516125, 1.2406443270755583, 1.1306586548716893, 1.062214206868874, 0.9880478571998634, 0.9636010361633143, 1.0365864643042997, 1.1069873081585424, 1.1822901263215098, 1.344206964659394, 1.4801081541333243, 1.3418663708016578, 1.120129900686511, 0.9240636017134358, 0.8123782816495222, 0.8019619510497478, 0.8843039013164962, 0.9604726135306492, 0.9031934453758947, 0.9479928202792309, 1.0896188702925498, 1.253705392593817, 1.3152821156826713, 1.185287689577264, 1.0208306364096553, 0.9353466958722572, 0.9498352276728559, 0.9467861168663942, 0.9265945763622603, 0.940329733380616, 1.0005671454887093, 1.1545644641469148, 1.250514801537634, 1.240255299424645, 1.2357822359805435, 1.2683921298009118, 1.3783449201109956, 1.1943976557391176, 1.028793312005813, 0.946081386654753, 0.8370227387256142, 0.7544307431353632, 0.7490907768013417, 0.6403422034076645, 0.6058273808742207, 0.6870808029442004, 0.7841438924473954, 0.8950088174296451, 0.9453013660037701, 0.876782344879361, 0.9083901966401013, 0.9518516760623394, 0.9873350473014657, 0.9600883239946665, 1.0133476957385557, 1.158270237127626, 1.123442873857496, 1.1684954886862906, 1.238504551739887, 1.364956881473948, 1.4794448440893846, 1.5942851134606513, 1.577220085076386, 1.612238171337376, 1.6550139315293464, 1.7235321669716908
1BL8.pdb, 30, 30, 0.03371689752523156, 3.3897561570436734, 0.6039352155045226, -, -, -, 1.5154886189213828, 63.39417510121827, , Upper limit of R overestimation, -, -, -, -, -, -, -, -, -, -, -, -, -, -, -, -, -, -, -, -, -, -, -, -, -, -, -, -, -, -, -, -, -, -, -, -, -, -, -, -, -, -, -, -, -, -, -, -, -, -, -, -, -, -, -, -, -, -, -, -, -, -, -, -, -, -, -, -, -, -, -, -, -, -, -, -, -, -, -, -, -, -, -, -, -, -, -, -, -, -, -, -, -, -, -, -, -, -, -, -, -, -, -, -, -, -, -, -, -, -, -, -, -, -, -, -, -, -, -, -, -, -, -, -, -, -, -, -, -, -, -, -
1BL8.pdb, 31, 31, 0.0327184277860428, 3.4198168189508698, 0.6017844349889199, -, -, -, 1.4539777215781662, 61.00659490871481, , X, 82.56081512185777, 82.33720085843366, 82.27199616516555, 82.10730059736281, 81.92503489300516, 81.74132522428776, 81.55761555557038, 81.35482209828193, 81.17085635508575, 80.99737807586182, 80.78399290056058, 80.59791815168091, 80.41637329401885, 80.23482843635678, 80.05328357869472, 79.8814177022446, 79.70257905323092, 79.52374040421724, 79.34490175520355, 79.17067414111426, 79.00268312931462, 78.82157337803449, 78.64051344524003, 78.46173523368324, 78.28295702212645, 78.10417881056966, 77.90207932897066, 77.73087814334775, 77.54219761608704, 77.35351708882632, 77.1648365615656, 76.97615603430488, 76.78747550704416, 76.58783879019265, 76.52151964690107, 76.34626328958761, 76.15969659380767, 75.97312989802771, 75.78656320224776, 75.5999965064678, 75.43858476005643, 75.25483170579307, 75.0710786515297, 74.88732559726634, 74.70357254300298, 74.58006256469116, 74.3987524934589, 74.21744242222663, 74.14893339438791, 74.10304220426963, 74.52718686794282, 74.8121152122548, 75.09704355656676, 75.47286395527252, 75.95069668773598, 76.37966296849717, 76.78277776778269, 77.18595298391199, 77.58912820004129, 77.97333422889108, 78.25957517797443, 78.54567744987625, 78.97953668209408, 79.42491333299007, 79.84766404854582, 80.30488203848438, 80.72588051669403, 81.0932743652041, 81.46007989738935, 81.80997514185125, 82.14887273225045, 82.50470146361208, 82.81801728325274, 82.89491545159171, 82.94679602707515, 82.9986766025586, 83.0483157315816, 83.11965609074682, 83.3392271683481, 83.66490300718469, 83.97684722038028, 84.29097039816372, 84.63196390924726, 84.97287273396195, 85.25088286955128, 85.48016470834114, 85.70944654713101, 85.9519637805678, 86.08882329692773, 86.12734482605602, 86.04370018897622, 86.04783725289177, 85.97297244472605, 85.91760629057323, 85.72284418382894, 85.4001558792373, 85.15785139701147, 84.86941237091999, 84.70702008020253, 84.78200193022315, 84.91793561314958, 84.97965200519009, 84.9637216908901, 84.84980530140945, 84.68544403377405, 84.31189508857307, 83.9357034877119, 83.59660858213711, 83.37322670207583, 83.04786226185125, 83.09515142962536, 83.27767929492127, 83.46020716021718, 83.84776012851513, 84.2107726156208, 84.49332599434274, 84.77587937306468, 84.97142606749583, 85.01831773732557, 85.10732728416208, 85.45157716489369, 85.85522199973889, 86.33831919058106, 86.60108607833962, 86.73043163001526, 86.97571999161552, 87.0713274548375
1BL8.pdb, 31, 31, 0.0327184277860428, 3.4198168189508698, 0.6017844349889199, -, -, -, 1.4539777215781662, 61.00659490871481, , Y, 26.438026024326703, 26.45303780625517, 26.404251461179484, 26.397652513499192, 26.398676316698683, 26.40032657949109, 26.401976842283492, 26.502344834589966, 26.48516654282357, 26.47078657360811, 26.463493373738, 26.463374460490193, 26.463337689224254, 26.463300917958318, 26.46326414669238, 26.460904923028306, 26.448632497777613, 26.43636007252692, 26.424087647276227, 26.42010270713484, 26.419155974619585, 26.427319651711244, 26.434997287552292, 26.42041389660168, 26.405830505651068, 26.39124711470045, 26.403302701354765, 26.44566703157441, 26.44744721161165, 26.449227391648893, 26.451007571686134, 26.452787751723378, 26.454567931760618, 26.564360338443823, 26.442121081339067, 26.423155418914735, 26.422244897487285, 26.421334376059832, 26.420423854632382, 26.41951333320493, 26.46306940908534, 26.461396028230936, 26.459722647376534, 26.45804926652213, 26.45637588566773, 26.59185253648466, 26.59855161572547, 26.60525069496628, 26.607092070316376, 26.602670467366075, 26.58392574977033, 26.57062657144535, 26.557327393120364, 26.54331069075866, 26.528488678163836, 26.596747862906476, 26.722647272533035, 26.848548794776487, 26.97445031701994, 27.10466968803952, 27.071628598820574, 27.033947953931335, 27.02745097617785, 27.041527686383645, 27.061659585670082, 27.07248396299104, 27.156012457273846, 27.32989607652931, 27.50272183096728, 27.697169626777402, 27.793850731688007, 27.822407193511587, 27.462289200564935, 27.00499832409548, 26.5378826959598, 26.07076706782412, 25.607288537653528, 25.169317865937217, 24.92507489221329, 24.933623891276234, 24.940655739590515, 24.94385511219231, 24.760599434609336, 24.556886888097477, 24.55680053461409, 24.535965853905438, 24.515131173196785, 24.5012732614718, 24.340120621360466, 24.162951746332553, 24.194892809431593, 24.054895025812645, 24.017557374026875, 23.681541247077163, 23.330773111998706, 23.077022536880218, 22.776837791241913, 22.53489838000131, 22.165256915807497, 21.959042270008876, 21.91863529471213, 21.8241464485098, 21.664667436881803, 21.426364859601428, 21.167524157482408, 20.836477023545232, 20.507611507324675, 20.15130959348246, 19.716978941060805, 19.404507592319703, 19.058786477152267, 18.70519824186902, 18.351610006585773, 18.135953541834713, 17.85679080897282, 17.543635751192827, 17.230480693412833, 16.853850913073163, 16.359645160745185, 15.878679923318261, 15.517496947752287, 15.25632304337715, 15.127658689376297, 14.893929521597766, 14.594181166085779, 14.292187604143649, 14.128741646583498
1BL8.pdb, 31, 31, 0.0327184277860428, 3.4198168189508698, 0.6017844349889199, -, -, -, 1.4539777215781662, 61.00659490871481, , Z, 46.28016970498183, 45.88751725329338, 45.45013847944894, 44.97808782132457, 44.512529495433675, 44.047504728079865, 43.582479960726054, 43.20783411641091, 42.74340160955445, 42.274681540512304, 41.8514185792933, 41.387462669796406, 40.92158557945569, 40.45570848911497, 39.98983139877425, 39.526518589185706, 39.0597572741676, 38.592995959149505, 38.1262346441314, 37.68923895565758, 37.224202352526014, 36.75822744722789, 36.29223666443381, 35.82551868129952, 35.35880069816523, 34.892082715030945, 34.45935507134215, 34.01769364475221, 33.55466395931978, 33.09163427388735, 32.62860458845493, 32.1655749030225, 31.70254521759007, 31.389728332517493, 30.992696622603926, 30.524977306417092, 30.061089346909107, 29.597201387401125, 29.13331342789314, 28.669425468385153, 28.209603566704775, 27.74459602392143, 27.27958848113809, 26.814580938354748, 26.349573395571404, 25.93237862996345, 25.46645827152536, 25.000537913087275, 24.548532605412053, 24.156404689846074, 23.97726013386269, 23.56660337881839, 23.155946623774085, 22.869764128225768, 22.723284820031292, 22.496849448476237, 22.229181658220917, 21.96160260112586, 21.694023544030802, 21.415212832843476, 21.006587814653095, 20.598380936139286, 20.4278867651187, 20.238298941428923, 19.979018072436823, 19.776942486251478, 19.543371095379673, 19.252265282632898, 18.95976380970037, 18.660158448253803, 18.30639652509644, 18.021882845868532, 17.873147878520022, 17.706472867550275, 17.535852247932027, 17.365231628313783, 17.18476122260725, 16.968421071839312, 16.644674821403843, 16.265466127889123, 15.874772691851263, 15.485884696318555, 15.281867391745568, 15.246596666530905, 14.877066437739643, 14.433224399981944, 13.989382362224244, 13.5524589561418, 13.155698922796795, 12.689729737640777, 12.258031933254541, 11.826066378987743, 11.33545031218513, 11.038989783274303, 10.796329153078204, 10.555952332187916, 10.295204827539866, 9.991619347486463, 9.829940031205284, 9.506212174285967, 9.026963644817037, 8.546650318409808, 8.077625757452655, 7.65322557720193, 7.317586739271966, 7.288108261508959, 7.271317674247517, 7.237494495787163, 7.134701235645957, 6.9191554019791806, 6.65247782033965, 6.349725548242815, 6.04697327614598, 5.838990988396961, 5.673249544565042, 5.404739772006154, 5.136229999447266, 4.981645775306263, 5.039535860074447, 5.092173003102477, 5.1234967872855455, 5.139422932933145, 5.131511661863305, 5.362259579089571, 5.7409687704615004, 6.035173358666432, 6.422359241116938
1BL8.pdb, 31, 31, 0.0327184277860428, 3.4198168189508698, 0.6017844349889199, -, -, -, 1.4539777215781662, 61.00659490871481, , distance, 0.0, 0.452111313970713, 0.879493573723086, 1.3793921400576656, 1.8789137312026152, 2.378608382951021, 2.8784090865594467, 3.301181917293672, 3.8003863175529413, 4.299923730263972, 4.771957913191287, 5.2718297763583335, 5.771801734615091, 6.271778163847416, 6.771758073744269, 7.265775758315813, 7.765563829647863, 8.265377536116576, 8.765212492389788, 9.23566284866986, 9.729912848729976, 10.229830292099935, 10.729752132803869, 11.229536684283172, 11.729339600161374, 12.229158628792339, 12.705773628549963, 13.17940320079308, 13.679367928046826, 14.179335142829425, 14.679304590970203, 15.179276051784555, 15.679249332735338, 16.044240427154936, 16.43715120839841, 16.93655700331888, 17.43654596288299, 17.936535537968094, 18.436525678496306, 18.936516339678615, 19.423494872332586, 19.92348944133316, 20.423484276251624, 20.923479358024586, 21.423474669368282, 21.857462698290526, 22.357451072306876, 22.8574399549475, 23.303484472332578, 23.685903169671533, 23.70612252118644, 23.999292248881073, 24.299214224021807, 24.46011500114205, 24.46688935454744, 24.573932468950627, 24.736951124693075, 24.908841360684093, 25.089519822387985, 25.293387969408197, 25.644805689348, 26.00059091325803, 26.10581372491038, 26.236942031249008, 26.448075256312556, 26.606631202770526, 26.80930602260244, 27.0824061989714, 27.36329244586611, 27.658890525633012, 28.009640181357597, 28.292232788809205, 28.426645195223117, 28.58127414193565, 28.74708226387019, 28.920585156510242, 29.111347896867983, 29.344514505307547, 29.684297253545715, 30.072656461596374, 30.47516090523143, 30.879021571118173, 31.112668859584907, 31.183960010024883, 31.574204164846375, 32.03698425507085, 32.50086693729743, 32.95988397051234, 33.377816186248396, 33.855778743087015, 34.27342984833755, 34.7120133771678, 35.19424526146838, 35.507844450934165, 35.75970342106938, 35.994137123673, 36.26384692670201, 36.570793178638496, 36.76250800542586, 37.11224755762608, 37.60029616024976, 38.09143134492475, 38.57451589128153, 39.01790661123082, 39.374802974765274, 39.43126282367268, 39.48101659174639, 39.55914760286006, 39.72656778724936, 39.98746107733194, 40.312437977484294, 40.67862940550264, 41.04764457227639, 41.30459503422674, 41.53651312359907, 41.87655130032433, 42.21977232471147, 42.464520914104135, 42.52532139638874, 42.59619216065763, 42.67887283136704, 42.76031621951644, 42.84163868236411, 42.70673626650374, 42.439240983558996, 42.26904904126831, 41.958411056324486
1BL8.pdb, 31, 31, 0.0327184277860428, 3.4198168189508698, 0.6017844349889199, -, -, -, 1.4539777215781662, 61.00659490871481, , length, 0.0, 0.5, 1.0, 1.5, 2.0, 2.5, 3.0, 3.5, 4.0, 4.5, 5.0, 5.5, 6.0, 6.5, 7.0, 7.5, 8.0, 8.5, 9.0, 9.5, 10.0, 10.5, 11.0, 11.5, 12.0, 12.5, 13.0, 13.5, 14.0, 14.5, 15.0, 15.5, 16.0, 16.5, 17.0, 17.5, 18.0, 18.5, 19.0, 19.5, 20.0, 20.5, 21.0, 21.5, 22.0, 22.5, 23.0, 23.5, 24.0, 24.5, 25.0, 25.5, 26.0, 26.5, 27.0, 27.5, 28.0, 28.5, 29.0, 29.5, 30.0, 30.5, 31.0, 31.5, 32.0, 32.5, 33.0, 33.5, 34.0, 34.5, 35.0, 35.5, 36.0, 36.5, 37.0, 37.5, 38.0, 38.5, 39.0, 39.5, 40.0, 40.5, 41.0, 41.5, 42.0, 42.5, 43.0, 43.5, 44.0, 44.5, 45.0, 45.5, 46.0, 46.5, 47.0, 47.5, 48.0, 48.5, 49.0, 49.5, 50.0, 50.5, 51.0, 51.5, 52.0, 52.5, 53.0, 53.5, 54.0, 54.5, 55.0, 55.5, 56.0, 56.5, 57.0, 57.5, 58.0, 58.5, 59.0, 59.5, 60.0, 60.5, 61.0, 61.5, 62.0, 62.5, 63.0
1BL8.pdb, 31, 31, 0.0327184277860428, 3.4198168189508698, 0.6017844349889199, -, -, -, 1.4539777215781662, 61.00659490871481, , R, 2.4231347144496413, 2.1991976400181916, 2.0277624659331397, 1.873236129182755, 1.7864053136864682, 1.773907602789858, 1.8366856410840091, 1.7966202714561827, 1.6936369878318818, 1.6553796608320286, 1.6822252672784859, 1.7794925638383643, 1.9469769095142375, 2.1750245741246657, 2.453220899429759, 2.57326508900968, 2.228307487665466, 1.921627370194599, 1.6643035170121854, 1.4761394524472835, 1.3375221141054343, 1.2795890732747313, 1.3098517338531517, 1.4110741577236574, 1.5903585967793497, 1.8352146701877285, 2.1159784384470495, 1.850167604996125, 1.5809973970286184, 1.373845197482273, 1.242697087558477, 1.1985750620898883, 1.245647399584768, 1.3314849972159348, 1.456410105081646, 1.672968638773611, 1.9482422372350214, 2.269770402556083, 2.626807831578317, 3.0109679628075514, 3.326529604672635, 3.5918219605884043, 3.89041572381822, 4.217113634252421, 4.567392495979755, 4.612216882430484, 4.510716619624926, 4.449506009652307, 4.360217082539245, 4.297731419971061, 3.990547221635675, 3.7495785999886375, 3.546634638597873, 3.3367454893137123, 3.1125667313269605, 2.8808164181366807, 2.6529903187191546, 2.4750253151104955, 2.353836126712592, 2.2806811367746684, 2.0522263975407316, 1.8804894664113303, 1.570961083641111, 1.2882708159116198, 1.0985293347893812, 0.9532998706388494, 0.8833254698177817, 0.8702604393008948, 0.9583447301955825, 1.133277878346132, 1.3110062038629233, 1.471369824440163, 1.2870236216130677, 1.0457547631251312, 0.8712020829259637, 0.7935680881010536, 0.8120038856089011, 0.9017963639038489, 0.9387066484383597, 0.9138409948378081, 0.9778604359100558, 1.135136204011022, 1.2694713429319893, 1.3240326346838804, 1.174075616107007, 1.010667839495495, 0.9397796654194863, 0.9654325359196516, 0.9505041243140107, 0.917011987837594, 0.8864612420712419, 0.9913585212368137, 1.139491980349876, 1.240944899061661, 1.2586574614897597, 1.2459851722558741, 1.222055712119956, 1.2976651230109293, 1.3515241879182684, 1.2006567462817288, 1.0284824789846567, 0.891456571398296, 0.7993849690546275, 0.7373020698671211, 0.7144891267412161, 0.6121227983547706, 0.6194712839810705, 0.7138349274223614, 0.8299587174222345, 0.9403084072785619, 0.9031761302315053, 0.8690593209099071, 0.9383381214815176, 0.9524638489558805, 0.9613492157760528, 0.9579813035397837, 1.053652803070574, 1.1396613693355349, 1.1309213626178738, 1.2049868170957763, 1.283631773745987, 1.4020636028862428, 1.5447858545733286, 1.5830448995414725, 1.5912435724740073, 1.619336894047951, 1.6664363940998044
1BL8.pdb, 31, 31, 0.0327184277860428, 3.4198168189508698, 0.6017844349889199, -, -, -, 1.4539777215781662, 61.00659490871481, , Upper limit of R overestimation, -, -, -, -, -, -, -, -, -, -, -, -, -, -, -, -, -, -, -, -, -, -, -, -, -, -, -, -, -, -, -, -, -, -, -, -, -, -, -, -, -, -, -, -, -, -, -, -, -, -, -, -, -, -, -, -, -, -, -, -, -, -, -, -, -, -, -, -, -, -, -, -, -, -, -, -, -, -, -, -, -, -, -, -, -, -, -, -, -, -, -, -, -, -, -, -, -, -, -, -, -, -, -, -, -, -, -, -, -, -, -, -, -, -, -, -, -, -, -, -, -, -, -, -, -, -, -
1BL8.pdb, 32, 32, 0.03238954721197846, 3.429919525150131, 0.6581324800333594, -, -, -, 1.5252637653518497, 75.93549386446674, , X, 82.56081512185777, 82.33720085843366, 82.27199616516555, 82.10730059736281, 81.92503489300516, 81.74132522428776, 81.55761555557038, 81.35482209828193, 81.17085635508575, 80.99737807586182, 80.78399290056058, 80.59791815168091, 80.41637329401885, 80.23482843635678, 80.05328357869472, 79.8814177022446, 79.70257905323092, 79.52374040421724, 79.34490175520355, 79.17067414111426, 79.00268312931462, 78.82157337803449, 78.64051344524003, 78.46173523368324, 78.28295702212645, 78.10417881056966, 77.90207932897066, 77.73087814334775, 77.54219761608704, 77.35351708882632, 77.1648365615656, 76.97615603430488, 76.78747550704416, 76.58783879019265, 76.52151964690107, 76.34626328958761, 76.15969659380767, 75.97312989802771, 75.78656320224776, 75.5999965064678, 75.43858476005643, 75.25483170579307, 75.0710786515297, 74.88732559726634, 74.70357254300298, 74.58006256469116, 74.3987524934589, 74.21744242222663, 74.14893339438791, 74.07594273251314, 73.69170599182522, 73.2092789361666, 72.72685188050797, 72.24442482484935, 71.76199776919071, 71.2795707135321, 70.82821192201091, 70.39168333727797, 69.91079245256543, 69.42990156785291, 68.94490831688034, 68.73706691517405, 68.51941256362073, 68.28880159579641, 67.8398211511604, 67.52175239156207, 67.2235402623145, 66.84358796625925, 66.44368702563729, 66.01074532875305, 65.53657120977114, 65.04437545897314, 64.55102652813866, 64.138936786363, 63.80692928653573, 63.42827986356082, 62.97121299741084, 62.61194786812103, 62.272443294034396, 62.06202062061684, 61.89429797564217, 61.7265753306675, 61.55885268569283, 61.70444266147468, 61.884151316757276, 62.05800518502074, 62.231859053284204, 62.470265265301016, 62.75759289266915, 62.94931655864391, 63.01940987258405, 62.88530667673113, 62.6469727460967, 62.43388658091376, 62.220800415730814, 62.00771425054787, 61.799710847344365, 61.60333585332831, 61.42341725054143, 61.51589501014608, 61.516068054993, 61.44430408059299, 61.36080326929246, 61.21114302521546, 60.91990065147321, 60.63280232760925, 60.583633408351794, 60.48436887228355, 60.366338432063884, 60.247021271013956, 60.12676502878792, 60.00428674923177, 59.87675513357351, 59.671370312069804, 59.33559754480806, 58.98034240790727, 58.607642535396046, 58.32408525939382, 57.996727392530666, 57.64191899095361, 57.260997610945026, 56.844053498449604, 56.71026547002586, 56.35531273951706, 56.021299593730795, 55.77213856977975, 55.52124693463389, 55.278905048568966, 55.04204815898004, 55.189668756227604, 55.39970108110979, 55.62025986147527, 55.82395147238404, 55.90405248539923, 55.883532834485244, 55.5561637935015, 55.22879475251774, 54.927863546129316, 54.64643115788906, 54.351791416857694, 53.93629962352111, 53.60364976656178, 53.270999909602445, 52.87375569141351, 52.4407802211498, 52.47454149011557, 52.54767053405042, 52.475574614861074, 52.52563293196145, 52.28890204501943, 52.16581775727452, 52.03473235710806, 52.335045959777815, 52.63535956244756, 52.899279698448964, 52.9911367002728, 53.09009545471465, 53.19174880636366
1BL8.pdb, 32, 32, 0.03238954721197846, 3.429919525150131, 0.6581324800333594, -, -, -, 1.5252637653518497, 75.93549386446674, , Y, 26.438026024326703, 26.45303780625517, 26.404251461179484, 26.397652513499192, 26.398676316698683, 26.40032657949109, 26.401976842283492, 26.502344834589966, 26.48516654282357, 26.47078657360811, 26.463493373738, 26.463374460490193, 26.463337689224254, 26.463300917958318, 26.46326414669238, 26.460904923028306, 26.448632497777613, 26.43636007252692, 26.424087647276227, 26.42010270713484, 26.419155974619585, 26.427319651711244, 26.434997287552292, 26.42041389660168, 26.405830505651068, 26.39124711470045, 26.403302701354765, 26.44566703157441, 26.44744721161165, 26.449227391648893, 26.451007571686134, 26.452787751723378, 26.454567931760618, 26.564360338443823, 26.442121081339067, 26.423155418914735, 26.422244897487285, 26.421334376059832, 26.420423854632382, 26.41951333320493, 26.46306940908534, 26.461396028230936, 26.459722647376534, 26.45804926652213, 26.45637588566773, 26.59185253648466, 26.59855161572547, 26.60525069496628, 26.607092070316376, 26.60364998518291, 26.564115425075553, 26.574683371678162, 26.585251318280775, 26.595819264883385, 26.606387211485995, 26.616955158088608, 26.515525209996337, 26.40514203607422, 26.28861145348911, 26.172080870904, 26.087487682848394, 25.758330598626006, 25.40853280856178, 24.98021917888453, 24.836467609797545, 24.63638740672666, 24.354350168008633, 24.322233827274086, 24.39101776574256, 24.6305393075671, 24.618650382820825, 24.53617232094305, 24.458441849851994, 24.411816197035897, 24.075922691248344, 23.810339201817346, 23.729427532748737, 23.605966974269446, 23.386805421665894, 22.96172636245605, 22.498285337490106, 22.034844312524164, 21.571403287558223, 21.115891038075713, 20.759622233297264, 20.486281538974676, 20.21294084465209, 19.976761742381644, 19.751102524127962, 19.623211054129833, 19.650203052446898, 19.728827994677175, 19.65581162934844, 19.58757918604932, 19.519346742750198, 19.451114299451074, 19.38007237263903, 19.30192789376156, 19.283711318605707, 19.705012985413987, 20.132611064462704, 20.56426114416923, 20.99512524018514, 21.27566408870834, 21.493899847884588, 21.61788965653137, 21.667072660103546, 21.927127862494476, 22.219320585791777, 22.522362642665037, 22.833322815647733, 23.175819641070923, 23.59003682067428, 23.951335047972684, 24.314277699226427, 24.5807294937715, 24.760782276528285, 25.075742988169797, 25.447741751823035, 25.792065640440015, 26.100818153571222, 26.256479862101614, 26.670560115444, 27.0133140064605, 27.347943626548723, 27.48341399711903, 27.633110250515287, 27.77995817433873, 27.919777173082156, 28.232240704256416, 28.55529488860369, 28.884080769916903, 29.214786598233804, 29.68663160850954, 30.159643543540223, 30.533356954464285, 30.907070365388346, 31.29249138360765, 31.62321661575285, 31.827068907312107, 32.05139456114523, 32.407464210204544, 32.76353385926386, 33.04366200504418, 33.28178207233368, 33.75782721354813, 34.24983420403154, 34.73800694126332, 35.217398625457534, 35.6194144949968, 36.10355157069088, 36.375314217544506, 36.73479091776898, 37.09426761799346, 37.4767614530124, 37.96825004458988, 38.379537713670146, 38.76039498149635
1BL8.pdb, 32, 32, 0.03238954721197846, 3.429919525150131, 0.6581324800333594, -, -, -, 1.5252637653518497, 75.93549386446674, , Z, 46.28016970498183, 45.88751725329338, 45.45013847944894, 44.97808782132457, 44.512529495433675, 44.047504728079865, 43.582479960726054, 43.20783411641091, 42.74340160955445, 42.274681540512304, 41.8514185792933, 41.387462669796406, 40.92158557945569, 40.45570848911497, 39.98983139877425, 39.526518589185706, 39.0597572741676, 38.592995959149505, 38.1262346441314, 37.68923895565758, 37.224202352526014, 36.75822744722789, 36.29223666443381, 35.82551868129952, 35.35880069816523, 34.892082715030945, 34.45935507134215, 34.01769364475221, 33.55466395931978, 33.09163427388735, 32.62860458845493, 32.1655749030225, 31.70254521759007, 31.389728332517493, 30.992696622603926, 30.524977306417092, 30.061089346909107, 29.597201387401125, 29.13331342789314, 28.669425468385153, 28.209603566704775, 27.74459602392143, 27.27958848113809, 26.814580938354748, 26.349573395571404, 25.93237862996345, 25.46645827152536, 25.000537913087275, 24.548532605412053, 24.159632785527084, 24.060056914034117, 24.19102429345798, 24.32199167288184, 24.4529590523057, 24.583926431729562, 24.714893811153424, 24.75446223982808, 24.821420579220383, 24.893285593815605, 24.965150608410827, 25.02299207651474, 24.773702862845315, 24.570070980004676, 24.454459492029518, 24.32911183614735, 24.114676011508912, 24.022647229293803, 24.30375012542988, 24.389670914404057, 24.460570527121277, 24.452401812349535, 24.423342816301176, 24.399577162334783, 24.43966417785964, 24.28700180751658, 24.227815021523966, 24.357020559121683, 24.623840558915802, 24.763738846090313, 24.664240018015434, 24.74845124494639, 24.83266247187735, 24.916873698808303, 24.84784679204452, 24.592884675128865, 24.212017641484476, 23.831150607840087, 23.467546784426847, 23.126195423263404, 22.708358552614587, 22.235242590859027, 21.815310955212496, 21.394296579386474, 20.947151614202856, 20.500006649019237, 20.052861683835616, 19.603982612677008, 19.15095630913117, 18.723850726799817, 18.47096187864105, 18.224035255483873, 17.98224899026601, 17.74271981898678, 17.412650045079435, 17.086594729514648, 16.797903951188363, 16.30276412291894, 15.8935631830542, 15.505372215058216, 15.126185398511302, 14.753570037818475, 14.418611820228335, 14.169293118304394, 13.950709233615724, 13.876350100576849, 13.693237302312335, 13.412745233883197, 13.325414172521832, 13.392150570711053, 13.359522316705243, 13.305046870897442, 13.337187571933377, 13.183951845801422, 13.103153768488918, 12.99300007340628, 12.581456692904736, 12.175880041312187, 11.764065675646386, 11.346513928620169, 11.023361656223488, 10.704751462266035, 10.399495727432704, 10.084625305254592, 10.063416128597034, 10.054451866710345, 9.99816867649443, 9.941885486278515, 9.860595532226812, 9.692797317921682, 9.455540161654662, 9.394319004857303, 9.282254390978913, 9.170189777100523, 9.179442769009993, 9.25580424950881, 9.21493065646917, 9.265736800277118, 9.258575490561135, 9.217506802870489, 9.207912739926048, 9.18642902402965, 9.027465419239492, 8.852570473494236, 8.677675527748978, 8.544732039815859, 8.54585255984139, 8.32317367569659, 8.015579238746765
1BL8.pdb, 32, 32, 0.03238954721197846, 3.429919525150131, 0.6581324800333594, -, -, -, 1.5252637653518497, 75.93549386446674, , distance, 0.0, 0.452111313970713, 0.879493573723086, 1.3793921400576656, 1.8789137312026152, 2.378608382951021, 2.8784090865594467, 3.301181917293672, 3.8003863175529413, 4.299923730263972, 4.771957913191287, 5.2718297763583335, 5.771801734615091, 6.271778163847416, 6.771758073744269, 7.265775758315813, 7.765563829647863, 8.265377536116576, 8.765212492389788, 9.23566284866986, 9.729912848729976, 10.229830292099935, 10.729752132803869, 11.229536684283172, 11.729339600161374, 12.229158628792339, 12.705773628549963, 13.17940320079308, 13.679367928046826, 14.179335142829425, 14.679304590970203, 15.179276051784555, 15.679249332735338, 16.044240427154936, 16.43715120839841, 16.93655700331888, 17.43654596288299, 17.936535537968094, 18.436525678496306, 18.936516339678615, 19.423494872332586, 19.92348944133316, 20.423484276251624, 20.923479358024586, 21.423474669368282, 21.857462698290526, 22.357451072306876, 22.8574399549475, 23.303484472332578, 23.692586274293337, 23.925099952557066, 23.987501939016532, 24.060134887585264, 24.142906460144214, 24.235712778413372, 24.338439050444972, 24.515629011800048, 24.66914598824859, 24.848424703229036, 25.036406624644926, 25.24645313660671, 25.57510735823854, 25.875649339331108, 26.118522109538805, 26.4787007687571, 26.8463856075559, 27.110348797961613, 27.101122183745577, 27.26070428622449, 27.445705067831522, 27.741421370898664, 28.074251327761274, 28.408301052889932, 28.64400128041186, 28.999779313755624, 29.31322211105752, 29.524794421881126, 29.57996712731389, 29.730199721757305, 29.992226519134963, 30.103843400412682, 30.223320852911538, 30.35056604545466, 30.375283677070748, 30.497656101563198, 30.704915131337266, 30.918871240005405, 31.07722468585897, 31.19277290647016, 31.411508400199814, 31.71907280702574, 32.10402286975057, 32.5862890107072, 33.0724005775823, 33.55892025138466, 34.04583053640379, 34.53197240573206, 35.01619701363214, 35.45877216298018, 35.51864534324344, 35.63406119392928, 35.79358139666344, 35.964589772310724, 36.27384968132442, 36.674764929189436, 37.05773136183829, 37.475370011562916, 37.82940043346202, 38.17696205379283, 38.520235641857816, 38.861381542279375, 39.173943298518395, 39.41809248582469, 39.69010367940393, 39.92403490886769, 40.26656686671869, 40.70424074847391, 40.930316413397726, 41.06089223933897, 41.29331269907494, 41.56384487937251, 41.792641208980406, 41.99600726244926, 42.28207300764187, 42.581797714420325, 43.061923855023565, 43.539281660618826, 44.016642721886, 44.495375349864574, 44.67036348042644, 44.80869699647949, 44.93550340921217, 45.08533809885405, 45.086468836122634, 45.142335563166625, 45.413726200616885, 45.6889767312823, 45.97315770790404, 46.31128212160293, 46.69950901869522, 47.02593726568921, 47.36029302328167, 47.697546423119796, 47.97311604965874, 48.21677235822533, 48.29694913984921, 48.28955827445536, 48.421171172975306, 48.505984515782096, 48.73437033618201, 48.92058714474069, 49.17677706190577, 49.19802509189794, 49.22434299906561, 49.250620496804736, 49.307105353320445, 49.516225287204975, 49.7851555838605
1BL8.pdb, 32, 32, 0.03238954721197846, 3.429919525150131, 0.6581324800333594, -, -, -, 1.5252637653518497, 75.93549386446674, , length, 0.0, 0.5, 1.0, 1.5, 2.0, 2.5, 3.0, 3.5, 4.0, 4.5, 5.0, 5.5, 6.0, 6.5, 7.0, 7.5, 8.0, 8.5, 9.0, 9.5, 10.0, 10.5, 11.0, 11.5, 12.0, 12.5, 13.0, 13.5, 14.0, 14.5, 15.0, 15.5, 16.0, 16.5, 17.0, 17.5, 18.0, 18.5, 19.0, 19.5, 20.0, 20.5, 21.0, 21.5, 22.0, 22.5, 23.0, 23.5, 24.0, 24.5, 25.0, 25.5, 26.0, 26.5, 27.0, 27.5, 28.0, 28.5, 29.0, 29.5, 30.0, 30.5, 31.0, 31.5, 32.0, 32.5, 33.0, 33.5, 34.0, 34.5, 35.0, 35.5, 36.0, 36.5, 37.0, 37.5, 38.0, 38.5, 39.0, 39.5, 40.0, 40.5, 41.0, 41.5, 42.0, 42.5, 43.0, 43.5, 44.0, 44.5, 45.0, 45.5, 46.0, 46.5, 47.0, 47.5, 48.0, 48.5, 49.0, 49.5, 50.0, 50.5, 51.0, 51.5, 52.0, 52.5, 53.0, 53.5, 54.0, 54.5, 55.0, 55.5, 56.0, 56.5, 57.0, 57.5, 58.0, 58.5, 59.0, 59.5, 60.0, 60.5, 61.0, 61.5, 62.0, 62.5, 63.0, 63.5, 64.0, 64.5, 65.0, 65.5, 66.0, 66.5, 67.0, 67.5, 68.0, 68.5, 69.0, 69.5, 70.0, 70.5, 71.0, 71.5, 72.0, 72.5, 73.0, 73.5, 74.0, 74.5, 75.0, 75.5, 76.0, 76.5, 77.0, 77.5, 78.0, 78.5
1BL8.pdb, 32, 32, 0.03238954721197846, 3.429919525150131, 0.6581324800333594, -, -, -, 1.5252637653518497, 75.93549386446674, , R, 2.4231347144496413, 2.1991976400181916, 2.0277624659331397, 1.873236129182755, 1.7864053136864682, 1.773907602789858, 1.8366856410840091, 1.7966202714561827, 1.6936369878318818, 1.6553796608320286, 1.6822252672784859, 1.7794925638383643, 1.9469769095142375, 2.1750245741246657, 2.453220899429759, 2.57326508900968, 2.228307487665466, 1.921627370194599, 1.6643035170121854, 1.4761394524472835, 1.3375221141054343, 1.2795890732747313, 1.3098517338531517, 1.4110741577236574, 1.5903585967793497, 1.8352146701877285, 2.1159784384470495, 1.850167604996125, 1.5809973970286184, 1.373845197482273, 1.242697087558477, 1.1985750620898883, 1.245647399584768, 1.3314849972159348, 1.456410105081646, 1.672968638773611, 1.9482422372350214, 2.269770402556083, 2.626807831578317, 3.0109679628075514, 3.326529604672635, 3.5918219605884043, 3.89041572381822, 4.217113634252421, 4.567392495979755, 4.612216882430484, 4.510716619624926, 4.449506009652307, 4.360217082539245, 4.316051389543013, 4.395472696650517, 4.067652150793785, 3.7668606839714402, 3.4979612618249276, 3.2663320568707124, 3.077609584564662, 2.8658958960033476, 2.6682615451457665, 2.495951821625067, 2.3805388469646886, 2.300106024963583, 2.197221552507781, 2.0510796345864275, 1.863056208988775, 1.6824881603664341, 1.480005673492926, 1.2275536882516125, 1.2406443270755583, 1.1306586548716893, 1.062214206868874, 0.9880478571998634, 0.9636010361633143, 1.0365864643042997, 1.1279145267736639, 1.2873538068892212, 1.4867163835982171, 1.6831545925540872, 1.772015603251416, 1.9502907733838262, 2.170957767224887, 2.319147252910085, 2.5241233932233533, 2.7777687710840957, 2.782538503694265, 2.640850727961904, 2.419922653867599, 2.252704899211851, 2.101722395511116, 1.998807982712571, 1.877008523513898, 1.6940037840363007, 1.5940655291700798, 1.3550138988853866, 1.1482336742371437, 1.024255679345524, 0.9953534509946835, 1.059436148420899, 1.2034597333927688, 1.3750159727806666, 1.3155305898426732, 1.2953325116754795, 1.325907363821158, 1.4355620056697682, 1.4091015423887208, 1.3425837920970016, 1.2672934708898156, 1.1980554928323013, 1.0376070548710472, 0.9285559542760766, 0.9092764061334808, 0.9844412652565722, 1.1187822053644054, 1.2629835796358204, 1.413071799286711, 1.4577078186126764, 1.4810901614575434, 1.4945600153816239, 1.3897198587424038, 1.1809646344871294, 0.9588759409441097, 0.7775625027538666, 0.6602920512343409, 0.6971919621257241, 0.7764694611695719, 0.9193597915645815, 0.8294736355206243, 0.8300700930666793, 0.9242117218672199, 1.1034885348855275, 1.0733229785805718, 1.083384440264516, 1.177773437059149, 1.3575406703918027, 1.2623244029133804, 1.1720475330284619, 1.0740978392831022, 1.0706692724973381, 1.1378140163888801, 1.1887031905272956, 1.1401879538741744, 1.0358635852735758, 0.9504564214873947, 0.9647275895778038, 1.0398004611996594, 1.1864872396964299, 1.1283404480010217, 1.0648665621428473, 1.076461149666454, 1.1129836374992674, 1.298003648977207, 1.517547208150087, 1.5799011391298219, 1.5733424124674933, 1.646725041610341, 1.7484134539291696, 1.768396723868253, 1.8089741684142187, 1.9024316959975467
1BL8.pdb, 32, 32, 0.03238954721197846, 3.429919525150131, 0.6581324800333594, -, -, -, 1.5252637653518497, 75.93549386446674, , Upper limit of R overestimation, -, -, -, -, -, -, -, -, -, -, -, -, -, -, -, -, -, -, -, -, -, -, -, -, -, -, -, -, -, -, -, -, -, -, -, -, -, -, -, -, -, -, -, -, -, -, -, -, -, -, -, -, -, -, -, -, -, -, -, -, -, -, -, -, -, -, -, -, -, -, -, -, -, -, -, -, -, -, -, -, -, -, -, -, -, -, -, -, -, -, -, -, -, -, -, -, -, -, -, -, -, -, -, -, -, -, -, -, -, -, -, -, -, -, -, -, -, -, -, -, -, -, -, -, -, -, -, -, -, -, -, -, -, -, -, -, -, -, -, -, -, -, -, -, -, -, -, -, -, -, -, -, -, -, -, -, -, -
1BL8.pdb, 33, 33, 0.03238532211520437, 3.4300499799645974, 0.6112313704330883, -, -, -, 1.4991991525013841, 63.117014952266004, , X, 82.56081512185777, 82.33720085843366, 82.27199616516555, 82.10730059736281, 81.92503489300516, 81.74132522428776, 81.55761555557038, 81.35482209828193, 81.17085635508575, 80.99737807586182, 80.78399290056058, 80.59791815168091, 80.41637329401885, 80.23482843635678, 80.05328357869472, 79.8814177022446, 79.70257905323092, 79.52374040421724, 79.34490175520355, 79.17067414111426, 79.00268312931462, 78.82157337803449, 78.64051344524003, 78.46173523368324, 78.28295702212645, 78.10417881056966, 77.90207932897066, 77.73087814334775, 77.54219761608704, 77.35351708882632, 77.1648365615656, 76.97615603430488, 76.78747550704416, 76.58783879019265, 76.52151964690107, 76.34626328958761, 76.15969659380767, 75.97312989802771, 75.78656320224776, 75.5999965064678, 75.43858476005643, 75.25483170579307, 75.0710786515297, 74.88732559726634, 74.70357254300298, 74.58006256469116, 74.3987524934589, 74.21744242222663, 74.14893339438791, 74.07594273251314, 73.7746178043407, 73.61993328151722, 73.64278803066392, 73.66564277981064, 73.68849752895734, 73.71135227810404, 73.73504304826554, 73.62789670503093, 73.47592469156604, 73.32395267810112, 73.17667095699144, 73.06104747948011, 72.64203186970948, 72.34854418846723, 72.28925639731733, 71.9271271448466, 71.67171229670711, 71.46769685088366, 71.28444138387631, 71.11647611730523, 70.95713731473278, 70.79779851216031, 70.7539917458137, 71.02175294300065, 71.2895141401876, 71.60476916606176, 71.97933562272053, 72.2494660643992, 72.49213845009264, 72.87211093247022, 73.25140907509166, 73.6307072177131, 73.99781827613069, 74.18633028803183, 74.08101594113188, 74.00280467270701, 73.92459340428215, 74.00768565869822, 74.25434766423399, 74.15440955117239, 74.05084661093376, 73.94837289818295, 73.84025537770994, 73.90893020303744, 73.92960337167841, 73.85367591791768, 73.70227908357315, 73.58376076429693, 73.90875006617648, 74.05884508003746, 74.1461021124849, 74.20433984459783, 74.19675258154471, 73.95075203096877, 74.26189031318421, 74.574533882379, 74.55115444062903, 74.58537542997847, 74.65200331625078, 74.86638012361612, 75.11405073912368, 75.36280079984913, 75.68958465807273, 75.93434491600576, 76.12194590610613, 76.37884993796371, 76.63575396982127, 76.86105737756384, 77.06193496823967, 77.31838269460575, 77.55291731297973, 77.79890897114123, 78.26118053056733, 78.74754477745829, 79.17167035605152, 79.54728340264204, 79.73126442326347, 79.9782782852939, 80.41296252179659, 80.84757934885435, 81.2209845326822
1BL8.pdb, 33, 33, 0.03238532211520437, 3.4300499799645974, 0.6112313704330883, -, -, -, 1.4991991525013841, 63.117014952266004, , Y, 26.438026024326703, 26.45303780625517, 26.404251461179484, 26.397652513499192, 26.398676316698683, 26.40032657949109, 26.401976842283492, 26.502344834589966, 26.48516654282357, 26.47078657360811, 26.463493373738, 26.463374460490193, 26.463337689224254, 26.463300917958318, 26.46326414669238, 26.460904923028306, 26.448632497777613, 26.43636007252692, 26.424087647276227, 26.42010270713484, 26.419155974619585, 26.427319651711244, 26.434997287552292, 26.42041389660168, 26.405830505651068, 26.39124711470045, 26.403302701354765, 26.44566703157441, 26.44744721161165, 26.449227391648893, 26.451007571686134, 26.452787751723378, 26.454567931760618, 26.564360338443823, 26.442121081339067, 26.423155418914735, 26.422244897487285, 26.421334376059832, 26.420423854632382, 26.41951333320493, 26.46306940908534, 26.461396028230936, 26.459722647376534, 26.45804926652213, 26.45637588566773, 26.59185253648466, 26.59855161572547, 26.60525069496628, 26.607092070316376, 26.60364998518291, 26.61461692845935, 26.702612060172232, 27.200576825256917, 27.698541590341602, 28.19650635542629, 28.694471120510975, 29.19247419051722, 29.671691980781613, 30.144615460851384, 30.61753894092115, 31.09320892924715, 31.480620066909108, 31.55905122530946, 31.79864097662376, 32.20920877353653, 32.49185009678409, 32.8993367712144, 33.35247804123443, 33.814641701809386, 34.27106660203396, 34.71713447275729, 35.16320234348061, 35.60171997565867, 36.019876048181146, 36.43803212070362, 36.78371006412032, 37.01830983370989, 37.314286347698015, 37.4001300370753, 37.51325444481681, 37.61665668120028, 37.720058917583756, 37.84665144022881, 38.15446298084488, 38.58680214568849, 39.02530954692703, 39.46381694816558, 39.88188600638105, 40.31637132511605, 40.689504862988784, 41.062910433601346, 41.44811965704105, 41.81907866551136, 42.05006114344223, 42.25416172351972, 42.39002966340955, 42.48755345772109, 42.59153785479629, 42.63624514164207, 42.44802149092375, 42.24284086571078, 42.07548642887682, 42.01013849684914, 42.31425061716532, 42.418136533703446, 42.530655677241874, 42.71562243609445, 42.81255535782048, 42.85995907584029, 42.60897787468895, 42.264734779481046, 41.92799680414496, 41.72434322337902, 41.51063558895179, 41.3832946883968, 41.66757135442905, 41.951848020461306, 42.304084764252465, 42.743784052828495, 43.105862151219085, 43.46728483674742, 43.81669159403918, 43.875199384080304, 43.91200795304873, 44.12058885107748, 44.44282150576896, 44.89173352344258, 45.236587441099765, 45.24844409238428, 45.248806467596935, 45.23445567068101
1BL8.pdb, 33, 33, 0.03238532211520437, 3.4300499799645974, 0.6112313704330883, -, -, -, 1.4991991525013841, 63.117014952266004, , Z, 46.28016970498183, 45.88751725329338, 45.45013847944894, 44.97808782132457, 44.512529495433675, 44.047504728079865, 43.582479960726054, 43.20783411641091, 42.74340160955445, 42.274681540512304, 41.8514185792933, 41.387462669796406, 40.92158557945569, 40.45570848911497, 39.98983139877425, 39.526518589185706, 39.0597572741676, 38.592995959149505, 38.1262346441314, 37.68923895565758, 37.224202352526014, 36.75822744722789, 36.29223666443381, 35.82551868129952, 35.35880069816523, 34.892082715030945, 34.45935507134215, 34.01769364475221, 33.55466395931978, 33.09163427388735, 32.62860458845493, 32.1655749030225, 31.70254521759007, 31.389728332517493, 30.992696622603926, 30.524977306417092, 30.061089346909107, 29.597201387401125, 29.13331342789314, 28.669425468385153, 28.209603566704775, 27.74459602392143, 27.27958848113809, 26.814580938354748, 26.349573395571404, 25.93237862996345, 25.46645827152536, 25.000537913087275, 24.548532605412053, 24.159632785527084, 23.891312951731194, 23.484338377247965, 23.523181049344448, 23.562023721440934, 23.60086639353742, 23.6397090656339, 23.677407680421325, 23.64250439850493, 23.5855141438808, 23.528523889256675, 23.483962237550504, 23.4136626757247, 23.25871444433164, 23.02661627635549, 22.747492393598648, 22.632457767540654, 22.574789084757615, 22.519673508100436, 22.46843809818279, 22.367130075773936, 22.207021985087888, 22.04691389440184, 21.946002792459623, 22.00473472835135, 22.06346666424308, 22.159028673954136, 22.299692382128818, 22.154027995993626, 21.834074440353266, 21.529602829880318, 21.220667729066534, 20.91173262825275, 20.604853876519964, 20.301285410511536, 20.073550837698917, 19.846407146282246, 19.619263454865575, 19.467850919243254, 19.487353812075263, 19.183493274182272, 18.867817371572247, 18.565989645580437, 18.255566402616633, 17.873669140250325, 17.417691538486412, 16.955804824000175, 16.489362857520387, 16.03366256709795, 15.656417290709001, 15.232953566073016, 14.787963497952235, 14.320415790193623, 13.886641922809398, 13.575194419378839, 13.229577352425826, 12.878075130988686, 12.414134725523681, 11.931425857518501, 11.438157561062324, 11.126064030658416, 10.861303411355058, 10.588279378607984, 10.276566006336015, 9.910922361740392, 9.52079493399445, 9.199567451414087, 8.878339968833723, 8.644428972797455, 8.539584274617917, 8.322996261746011, 8.06928943257176, 7.809887343216635, 7.681766599268589, 7.571789562589614, 7.533952386567026, 7.550406261293658, 7.6713516169787, 7.8099646083630505, 8.056762165799077, 8.303576932090301, 8.632458997754698
1BL8.pdb, 33, 33, 0.03238532211520437, 3.4300499799645974, 0.6112313704330883, -, -, -, 1.4991991525013841, 63.117014952266004, , distance, 0.0, 0.452111313970713, 0.879493573723086, 1.3793921400576656, 1.8789137312026152, 2.378608382951021, 2.8784090865594467, 3.301181917293672, 3.8003863175529413, 4.299923730263972, 4.771957913191287, 5.2718297763583335, 5.771801734615091, 6.271778163847416, 6.771758073744269, 7.265775758315813, 7.765563829647863, 8.265377536116576, 8.765212492389788, 9.23566284866986, 9.729912848729976, 10.229830292099935, 10.729752132803869, 11.229536684283172, 11.729339600161374, 12.229158628792339, 12.705773628549963, 13.17940320079308, 13.679367928046826, 14.179335142829425, 14.679304590970203, 15.179276051784555, 15.679249332735338, 16.044240427154936, 16.43715120839841, 16.93655700331888, 17.43654596288299, 17.936535537968094, 18.436525678496306, 18.936516339678615, 19.423494872332586, 19.92348944133316, 20.423484276251624, 20.923479358024586, 21.423474669368282, 21.857462698290526, 22.357451072306876, 22.8574399549475, 23.303484472332578, 23.692586274293337, 24.051805636320594, 24.48794192609474, 24.45389996700067, 24.4300459970169, 24.416409876078177, 24.41300872602422, 24.420607865778962, 24.550305853241166, 24.72491517515028, 24.908338831585414, 25.087844954946412, 25.269556459433925, 25.585045683569067, 25.956779795300957, 26.317263733111556, 26.6258969007411, 26.87501008844931, 27.11877761238427, 27.360000468679704, 27.643496237835013, 27.976872886301546, 28.315154047635893, 28.5574166267411, 28.535215947172798, 28.52176456515795, 28.441124553636804, 28.26611764126134, 28.402247653463505, 28.620928496367153, 28.79448270197539, 28.975946293214687, 29.164853730134904, 29.371814580504964, 29.7036920327006, 30.104594796267204, 30.502836791613454, 30.904036578158784, 31.189643048594192, 31.29633929685214, 31.74905002205785, 32.214032167559346, 32.673427250349945, 33.13613334197404, 33.54877087976694, 34.0248528379352, 34.49926186008989, 34.9793248105166, 35.44537548732957, 35.707908707049526, 35.95181607942203, 36.22649056956272, 36.54841607042841, 36.90242364953194, 37.36044836699963, 37.63745129158912, 37.92694740038957, 38.41904650564221, 38.878902415974935, 39.32168612307892, 39.452695211485846, 39.50234295985805, 39.568442476415015, 39.713282172160405, 39.922622894676486, 40.20039459722619, 40.56016281998649, 40.92287734501247, 41.23915662016641, 41.478515118727465, 41.78572572909472, 42.13248233082204, 42.48124753542537, 42.57204005809277, 42.64058827470283, 42.725035832066986, 42.816452563883985, 42.88573785970529, 42.89536208062955, 42.655292550786115, 42.414646483695385, 42.1004873481662
1BL8.pdb, 33, 33, 0.03238532211520437, 3.4300499799645974, 0.6112313704330883, -, -, -, 1.4991991525013841, 63.117014952266004, , length, 0.0, 0.5, 1.0, 1.5, 2.0, 2.5, 3.0, 3.5, 4.0, 4.5, 5.0, 5.5, 6.0, 6.5, 7.0, 7.5, 8.0, 8.5, 9.0, 9.5, 10.0, 10.5, 11.0, 11.5, 12.0, 12.5, 13.0, 13.5, 14.0, 14.5, 15.0, 15.5, 16.0, 16.5, 17.0, 17.5, 18.0, 18.5, 19.0, 19.5, 20.0, 20.5, 21.0, 21.5, 22.0, 22.5, 23.0, 23.5, 24.0, 24.5, 25.0, 25.5, 26.0, 26.5, 27.0, 27.5, 28.0, 28.5, 29.0, 29.5, 30.0, 30.5, 31.0, 31.5, 32.0, 32.5, 33.0, 33.5, 34.0, 34.5, 35.0, 35.5, 36.0, 36.5, 37.0, 37.5, 38.0, 38.5, 39.0, 39.5, 40.0, 40.5, 41.0, 41.5, 42.0, 42.5, 43.0, 43.5, 44.0, 44.5, 45.0, 45.5, 46.0, 46.5, 47.0, 47.5, 48.0, 48.5, 49.0, 49.5, 50.0, 50.5, 51.0, 51.5, 52.0, 52.5, 53.0, 53.5, 54.0, 54.5, 55.0, 55.5, 56.0, 56.5, 57.0, 57.5, 58.0, 58.5, 59.0, 59.5, 60.0, 60.5, 61.0, 61.5, 62.0, 62.5, 63.0, 63.5, 64.0, 64.5, 65.0
1BL8.pdb, 33, 33, 0.03238532211520437, 3.4300499799645974, 0.6112313704330883, -, -, -, 1.4991991525013841, 63.117014952266004, , R, 2.4231347144496413, 2.1991976400181916, 2.0277624659331397, 1.873236129182755, 1.7864053136864682, 1.773907602789858, 1.8366856410840091, 1.7966202714561827, 1.6936369878318818, 1.6553796608320286, 1.6822252672784859, 1.7794925638383643, 1.9469769095142375, 2.1750245741246657, 2.453220899429759, 2.57326508900968, 2.228307487665466, 1.921627370194599, 1.6643035170121854, 1.4761394524472835, 1.3375221141054343, 1.2795890732747313, 1.3098517338531517, 1.4110741577236574, 1.5903585967793497, 1.8352146701877285, 2.1159784384470495, 1.850167604996125, 1.5809973970286184, 1.373845197482273, 1.242697087558477, 1.1985750620898883, 1.245647399584768, 1.3314849972159348, 1.456410105081646, 1.672968638773611, 1.9482422372350214, 2.269770402556083, 2.626807831578317, 3.0109679628075514, 3.326529604672635, 3.5918219605884043, 3.89041572381822, 4.217113634252421, 4.567392495979755, 4.612216882430484, 4.510716619624926, 4.449506009652307, 4.360217082539245, 4.316051389543013, 4.4647204022085045, 4.4630006988072175, 4.122490578958864, 3.807204004480353, 3.5218751548469904, 3.2718584754534707, 3.06196362493932, 2.828829587708388, 2.620285216309401, 2.4639182423654664, 2.3614547084518134, 2.285630800942916, 2.180787375851987, 2.0365678012596855, 1.862489008713816, 1.6901081943603473, 1.4539955828642435, 1.2424085247204104, 1.100224478184642, 1.0005843961834384, 0.9460085132827634, 0.9917822909007743, 1.0839539246323917, 1.1372237096776021, 1.2801963582822413, 1.4542332250541627, 1.379664985972319, 1.2354381906183591, 1.0846089063356943, 0.8955146348565801, 0.7966797886671615, 0.8036392868153031, 0.8975310270087804, 0.9529363537195716, 0.9142563863145825, 0.9661957844438374, 1.1137681756106197, 1.2686896166234551, 1.339378618964, 1.138857577709493, 0.9984920941113451, 0.94477539935352, 0.9756231352516944, 0.9293197929152246, 0.9166739786320441, 0.9426003946486001, 1.0333420605556674, 1.1913037233209813, 1.2758659651144524, 1.2430593705675874, 1.2306548048285104, 1.2756292809847576, 1.3235490510717236, 1.1483936716442842, 1.029143399037273, 0.9658243290916437, 0.8308067959931287, 0.7437394544472617, 0.7345047191769134, 0.6501820825689579, 0.6123627718940812, 0.680251868503035, 0.7647935774623327, 0.8664985482693761, 0.9525883240863071, 0.8729943218520195, 0.8964334520991906, 0.9514955138042569, 0.9754538501101631, 0.950213928538314, 1.0062299550850473, 1.1416134000302494, 1.1157331150658716, 1.155078642843184, 1.2379093812043438, 1.3681049404989865, 1.4792739711663931, 1.5894445678051095, 1.5721220205574662, 1.629092882013011, 1.6689470032059344
1BL8.pdb, 33, 33, 0.03238532211520437, 3.4300499799645974, 0.6112313704330883, -, -, -, 1.4991991525013841, 63.117014952266004, , Upper limit of R overestimation, -, -, -, -, -, -, -, -, -, -, -, -, -, -, -, -, -, -, -, -, -, -, -, -, -, -, -, -, -, -, -, -, -, -, -, -, -, -, -, -, -, -, -, -, -, -, -, -, -, -, -, -, -, -, -, -, -, -, -, -, -, -, -, -, -, -, -, -, -, -, -, -, -, -, -, -, -, -, -, -, -, -, -, -, -, -, -, -, -, -, -, -, -, -, -, -, -, -, -, -, -, -, -, -, -, -, -, -, -, -, -, -, -, -, -, -, -, -, -, -, -, -, -, -, -, -, -, -, -, -, -
1BL8.pdb, 34, 34, 0.030663816421840566, 3.4846719376867217, 0.6936483860391882, -, -, -, 1.495133975441882, 74.25415082488834, , X, 82.56081512185777, 82.33720085843366, 82.27199616516555, 82.10730059736281, 81.92503489300516, 81.74132522428776, 81.55761555557038, 81.35482209828193, 81.17085635508575, 80.99737807586182, 80.78399290056058, 80.59791815168091, 80.41637329401885, 80.23482843635678, 80.05328357869472, 79.8814177022446, 79.70257905323092, 79.52374040421724, 79.34490175520355, 79.17067414111426, 79.00268312931462, 78.82157337803449, 78.64051344524003, 78.46173523368324, 78.28295702212645, 78.10417881056966, 77.90207932897066, 77.73087814334775, 77.54219761608704, 77.35351708882632, 77.1648365615656, 76.97615603430488, 76.78747550704416, 76.58783879019265, 76.52151964690107, 76.34626328958761, 76.15969659380767, 75.97312989802771, 75.78656320224776, 75.5999965064678, 75.43858476005643, 75.25483170579307, 75.0710786515297, 74.88732559726634, 74.70357254300298, 74.58006256469116, 74.3987524934589, 74.21744242222663, 74.14893339438791, 74.10304220426963, 74.52718686794282, 74.8121152122548, 75.09704355656676, 75.47286395527252, 75.95069668773598, 76.37966296849717, 76.78277776778269, 77.18595298391199, 77.58912820004129, 77.970082844285, 77.95086243217708, 78.10381869540828, 78.38117891220149, 78.53278850254625, 78.9057292821412, 79.28761900353445, 79.66950872492771, 80.0261191331341, 80.36667756014272, 80.70723598715135, 80.99882989480912, 81.23721392398477, 81.5168320568045, 81.9373082781571, 82.31326561793419, 82.68309514997613, 82.8942438114786, 83.07529468248482, 83.24833234744686, 83.25294261446606, 82.94841023493498, 82.5670266091924, 82.18516144307404, 81.80556381309371, 81.49466182407477, 81.06603832207429, 80.75291835523821, 80.36557535321514, 80.190080838392, 80.0538853408825, 79.89797411874925, 79.75263608373105, 79.68709354852008, 79.54357536867552, 79.39980084200192, 79.22282319404972, 78.99441615714107, 78.81740197972599, 78.73692412594502, 78.63813683116325, 78.44004827561218, 78.50883397870552, 78.38282644504415, 78.10206381447263, 77.98784842188765, 77.80588706181413, 77.63498803316021, 77.4779769876001, 77.35428534142349, 77.28901362878732, 77.30762404087224, 77.50363476121566, 77.63550608213444, 77.72437600440422, 77.91546927520503, 78.20588043358545, 78.40198681587927, 78.60519026990471, 78.82239939568234, 79.03960852145998, 79.25087363766197, 79.3098433971712, 79.2217323283462, 79.13229057472992, 79.04284882111364, 79.06883704015472, 79.15786758433954, 78.79777602806261, 78.43648853621245, 78.07420321421658, 77.87430325543052, 77.97246211165638, 78.07062096788225, 78.18556804534002, 78.27407509563437, 78.2507353862052, 78.2988453821274, 78.53259174416391, 78.7007038075169, 78.87076317740079, 79.23580320044354, 79.47371609513439, 79.41106362397953, 79.38633103218228, 79.46665133889178, 79.54697164560126, 79.62729195231074, 79.49073504640711, 79.13577407461277, 78.78889840234494, 78.69928556737229, 78.64823701687779, 78.63794424825781, 78.67088712786826, 78.39325502137916
1BL8.pdb, 34, 34, 0.030663816421840566, 3.4846719376867217, 0.6936483860391882, -, -, -, 1.495133975441882, 74.25415082488834, , Y, 26.438026024326703, 26.45303780625517, 26.404251461179484, 26.397652513499192, 26.398676316698683, 26.40032657949109, 26.401976842283492, 26.502344834589966, 26.48516654282357, 26.47078657360811, 26.463493373738, 26.463374460490193, 26.463337689224254, 26.463300917958318, 26.46326414669238, 26.460904923028306, 26.448632497777613, 26.43636007252692, 26.424087647276227, 26.42010270713484, 26.419155974619585, 26.427319651711244, 26.434997287552292, 26.42041389660168, 26.405830505651068, 26.39124711470045, 26.403302701354765, 26.44566703157441, 26.44744721161165, 26.449227391648893, 26.451007571686134, 26.452787751723378, 26.454567931760618, 26.564360338443823, 26.442121081339067, 26.423155418914735, 26.422244897487285, 26.421334376059832, 26.420423854632382, 26.41951333320493, 26.46306940908534, 26.461396028230936, 26.459722647376534, 26.45804926652213, 26.45637588566773, 26.59185253648466, 26.59855161572547, 26.60525069496628, 26.607092070316376, 26.602670467366075, 26.58392574977033, 26.57062657144535, 26.557327393120364, 26.54331069075866, 26.528488678163836, 26.596747862906476, 26.722647272533035, 26.848548794776487, 26.97445031701994, 27.106703836310647, 27.44100061882769, 27.569062588575672, 27.53331150223953, 27.89159031043258, 28.06659385474765, 28.23418714804897, 28.40178044135029, 28.534150976711977, 28.62510115704559, 28.716051337379206, 28.895245272385868, 29.181298307573993, 29.399882811977932, 29.510367558290003, 29.797401615519078, 30.08560756971367, 30.524092542284947, 30.987613575133448, 31.454734141624343, 31.92217052057533, 32.28156833985662, 32.56404849614667, 32.845418543807256, 33.12583807069669, 33.325030654608135, 33.48375372718565, 33.445575333107854, 33.420778799690225, 33.51851806125617, 33.635337560678366, 33.775521001477614, 33.869401249858846, 33.81952222241951, 33.909609829891515, 34.00073042813437, 33.904446714460605, 33.4764059713033, 33.045126165440145, 32.61171057352936, 32.18368725135728, 31.957037976850206, 31.765877595482863, 31.69966986069012, 31.65840242319607, 31.350957026727798, 31.048082358183585, 30.73983788685807, 30.43751007143456, 30.096260506643105, 29.686768234797384, 29.340884668196527, 28.97904431551637, 28.71399696245838, 28.522110965389455, 28.210302861457137, 27.848113711218314, 27.481917928071496, 27.18753691199945, 26.84606273443049, 26.504588556861524, 26.16534739340902, 25.92670815799962, 25.801772699787286, 25.667713850410504, 25.533655001033722, 25.475924370056138, 25.41607616797716, 25.08480009356484, 24.76022376649803, 24.43994171328043, 24.066633136180968, 23.596534774696778, 23.126436413212584, 22.67867389164881, 22.300039669810932, 21.8073304536343, 21.488352098927393, 21.210715044192234, 20.85746404481887, 20.50488110549668, 20.265253919112848, 19.96199214759245, 19.472290908894816, 18.996797506401883, 18.513374048215546, 18.02995059002921, 17.546527131842872, 17.181565604775873, 16.864604462714478, 16.51273873185491, 16.134046985516257, 15.660081383698053, 15.168334734432777, 14.714204191315774, 14.473042854052935
1BL8.pdb, 34, 34, 0.030663816421840566, 3.4846719376867217, 0.6936483860391882, -, -, -, 1.495133975441882, 74.25415082488834, , Z, 46.28016970498183, 45.88751725329338, 45.45013847944894, 44.97808782132457, 44.512529495433675, 44.047504728079865, 43.582479960726054, 43.20783411641091, 42.74340160955445, 42.274681540512304, 41.8514185792933, 41.387462669796406, 40.92158557945569, 40.45570848911497, 39.98983139877425, 39.526518589185706, 39.0597572741676, 38.592995959149505, 38.1262346441314, 37.68923895565758, 37.224202352526014, 36.75822744722789, 36.29223666443381, 35.82551868129952, 35.35880069816523, 34.892082715030945, 34.45935507134215, 34.01769364475221, 33.55466395931978, 33.09163427388735, 32.62860458845493, 32.1655749030225, 31.70254521759007, 31.389728332517493, 30.992696622603926, 30.524977306417092, 30.061089346909107, 29.597201387401125, 29.13331342789314, 28.669425468385153, 28.209603566704775, 27.74459602392143, 27.27958848113809, 26.814580938354748, 26.349573395571404, 25.93237862996345, 25.46645827152536, 25.000537913087275, 24.548532605412053, 24.156404689846074, 23.97726013386269, 23.56660337881839, 23.155946623774085, 22.869764128225768, 22.723284820031292, 22.496849448476237, 22.229181658220917, 21.96160260112586, 21.694023544030802, 21.417908419272806, 21.055792724676458, 20.666500499427258, 20.25831037165899, 19.94422307851382, 19.666922840231862, 19.39110998930827, 19.115297138384676, 18.796435218925506, 18.441825542674703, 18.0872158664239, 17.74137699778097, 17.40799012506044, 17.119125531399042, 16.913382013858804, 16.75145468856885, 16.577945486928712, 16.51029156377757, 16.462318099563184, 16.41923280200458, 16.462397808485157, 16.397050902195517, 16.239764575634492, 16.081619417046344, 15.924004914897111, 15.883328593031116, 15.757964916583912, 15.37912028667619, 15.071026030594847, 14.63015723014222, 14.163462478711601, 13.711137282727707, 13.323682555251022, 12.996113415245846, 12.525739305559716, 12.055605365011228, 11.704707027973537, 11.5838296202914, 11.422044090795012, 11.186118055726379, 10.947593760267706, 10.615103830698175, 10.17924942928162, 9.778502545970484, 9.376281374302703, 9.012838585176368, 8.659265065878465, 8.304828438006332, 7.938842886934483, 7.604310539963075, 7.324926068619067, 7.011135767108807, 6.7315013818588945, 6.351837816650647, 5.898757359066535, 5.638123319208788, 5.45243438971266, 5.213362297722074, 4.928505704983057, 4.634880805268275, 4.341255905553494, 4.04088398625734, 3.6578300104333055, 3.182072244533828, 2.708755862381449, 2.2354394802290694, 1.788628670024238, 1.5297033534168774, 1.426794492670973, 1.3087027874219093, 1.1815582646455924, 1.0529540635454264, 0.913769403922651, 0.7745847442998754, 0.6036518122072718, 0.30535074707376636, 0.22354068498864849, -0.05230680633240288, -0.3813345476966855, -0.6927058141888226, -1.003766839355526, -1.2458569855598418, -1.4353898308133488, -1.395923604344426, -1.3191889695874075, -1.4184381932884391, -1.5176874169894707, -1.6169366406905024, -1.5525859070596817, -1.434757579312696, -1.3581561730893144, -1.6016893847738665, -1.6185224085339716, -1.5736836452394307, -1.5882684315786437, -1.740360942414496
1BL8.pdb, 34, 34, 0.030663816421840566, 3.4846719376867217, 0.6936483860391882, -, -, -, 1.495133975441882, 74.25415082488834, , distance, 0.0, 0.452111313970713, 0.879493573723086, 1.3793921400576656, 1.8789137312026152, 2.378608382951021, 2.8784090865594467, 3.301181917293672, 3.8003863175529413, 4.299923730263972, 4.771957913191287, 5.2718297763583335, 5.771801734615091, 6.271778163847416, 6.771758073744269, 7.265775758315813, 7.765563829647863, 8.265377536116576, 8.765212492389788, 9.23566284866986, 9.729912848729976, 10.229830292099935, 10.729752132803869, 11.229536684283172, 11.729339600161374, 12.229158628792339, 12.705773628549963, 13.17940320079308, 13.679367928046826, 14.179335142829425, 14.679304590970203, 15.179276051784555, 15.679249332735338, 16.044240427154936, 16.43715120839841, 16.93655700331888, 17.43654596288299, 17.936535537968094, 18.436525678496306, 18.936516339678615, 19.423494872332586, 19.92348944133316, 20.423484276251624, 20.923479358024586, 21.423474669368282, 21.857462698290526, 22.357451072306876, 22.8574399549475, 23.303484472332578, 23.685903169671533, 23.70612252118644, 23.999292248881073, 24.299214224021807, 24.46011500114205, 24.46688935454744, 24.573932468950627, 24.736951124693075, 24.908841360684093, 25.089519822387985, 25.29138171590184, 25.661777332890804, 26.023145678926408, 26.378138150491928, 26.681827753958245, 26.912391093288285, 27.147035565682614, 27.38879854339673, 27.679849798568373, 28.01019355475691, 28.345507599593013, 28.686938028781174, 29.03239942971082, 29.329660645229435, 29.53364627981029, 29.720223680856197, 29.925606544145857, 30.050836241648796, 30.1673285271256, 30.28721831058822, 30.325804229950194, 30.451568205045056, 30.658671371133092, 30.87309887390716, 31.093310780129872, 31.18550088129207, 31.360510545731007, 31.737187858824544, 32.056022255610664, 32.51887203125786, 33.00861816762404, 33.491363478804374, 33.90046094824079, 34.21364004168277, 34.7028798787823, 35.192432616083984, 35.52959678016857, 35.58221478668845, 35.675703715018905, 35.83753597029649, 36.01098375214262, 36.324057264438494, 36.716222549456184, 37.11485134863902, 37.53704526051852, 37.8669101494512, 38.199403478615125, 38.53434704457329, 38.883009892631144, 39.19582521180697, 39.444356043682795, 39.725050424807, 39.951583363974606, 40.29529005023696, 40.723371869594, 40.945038010066256, 41.08354627338685, 41.290050058219556, 41.54718823348847, 41.814738234731465, 42.086527739519006, 42.36965098148204, 42.74920004108409, 43.231936076298815, 43.712884435354866, 44.19425567211414, 44.63873625206654, 44.89129840107703, 45.03128858446601, 45.19134792101938, 45.36525962859976, 45.531175389848016, 45.68629260668773, 45.84633826061444, 46.03932886399411, 46.35928223489884, 46.48906543996546, 46.790619120734455, 47.12586702424019, 47.460448437680526, 47.797378035929455, 48.04042082174689, 48.25187889592923, 48.28511440844198, 48.28196534237054, 48.45132767934467, 48.62524170079356, 48.80365874634765, 48.816799983301635, 48.78622338649682, 48.807261509352735, 49.12998905377071, 49.25197523236409, 49.319226860575704, 49.436493684365644, 49.6638776487858
1BL8.pdb, 34, 34, 0.030663816421840566, 3.4846719376867217, 0.6936483860391882, -, -, -, 1.495133975441882, 74.25415082488834, , length, 0.0, 0.5, 1.0, 1.5, 2.0, 2.5, 3.0, 3.5, 4.0, 4.5, 5.0, 5.5, 6.0, 6.5, 7.0, 7.5, 8.0, 8.5, 9.0, 9.5, 10.0, 10.5, 11.0, 11.5, 12.0, 12.5, 13.0, 13.5, 14.0, 14.5, 15.0, 15.5, 16.0, 16.5, 17.0, 17.5, 18.0, 18.5, 19.0, 19.5, 20.0, 20.5, 21.0, 21.5, 22.0, 22.5, 23.0, 23.5, 24.0, 24.5, 25.0, 25.5, 26.0, 26.5, 27.0, 27.5, 28.0, 28.5, 29.0, 29.5, 30.0, 30.5, 31.0, 31.5, 32.0, 32.5, 33.0, 33.5, 34.0, 34.5, 35.0, 35.5, 36.0, 36.5, 37.0, 37.5, 38.0, 38.5, 39.0, 39.5, 40.0, 40.5, 41.0, 41.5, 42.0, 42.5, 43.0, 43.5, 44.0, 44.5, 45.0, 45.5, 46.0, 46.5, 47.0, 47.5, 48.0, 48.5, 49.0, 49.5, 50.0, 50.5, 51.0, 51.5, 52.0, 52.5, 53.0, 53.5, 54.0, 54.5, 55.0, 55.5, 56.0, 56.5, 57.0, 57.5, 58.0, 58.5, 59.0, 59.5, 60.0, 60.5, 61.0, 61.5, 62.0, 62.5, 63.0, 63.5, 64.0, 64.5, 65.0, 65.5, 66.0, 66.5, 67.0, 67.5, 68.0, 68.5, 69.0, 69.5, 70.0, 70.5, 71.0, 71.5, 72.0, 72.5, 73.0, 73.5, 74.0, 74.5, 75.0, 75.5, 76.0, 76.5, 77.0
1BL8.pdb, 34, 34, 0.030663816421840566, 3.4846719376867217, 0.6936483860391882, -, -, -, 1.495133975441882, 74.25415082488834, , R, 2.4231347144496413, 2.1991976400181916, 2.0277624659331397, 1.873236129182755, 1.7864053136864682, 1.773907602789858, 1.8366856410840091, 1.7966202714561827, 1.6936369878318818, 1.6553796608320286, 1.6822252672784859, 1.7794925638383643, 1.9469769095142375, 2.1750245741246657, 2.453220899429759, 2.57326508900968, 2.228307487665466, 1.921627370194599, 1.6643035170121854, 1.4761394524472835, 1.3375221141054343, 1.2795890732747313, 1.3098517338531517, 1.4110741577236574, 1.5903585967793497, 1.8352146701877285, 2.1159784384470495, 1.850167604996125, 1.5809973970286184, 1.373845197482273, 1.242697087558477, 1.1985750620898883, 1.245647399584768, 1.3314849972159348, 1.456410105081646, 1.672968638773611, 1.9482422372350214, 2.269770402556083, 2.626807831578317, 3.0109679628075514, 3.326529604672635, 3.5918219605884043, 3.89041572381822, 4.217113634252421, 4.567392495979755, 4.612216882430484, 4.510716619624926, 4.449506009652307, 4.360217082539245, 4.297731419971061, 3.990547221635675, 3.7495785999886375, 3.546634638597873, 3.3367454893137123, 3.1125667313269605, 2.8808164181366807, 2.6529903187191546, 2.4750253151104955, 2.353836126712592, 2.282667452776124, 2.1478766049644564, 1.9963505607024428, 1.8319161661818963, 1.6516957175465126, 1.3891031084859051, 1.1871879222214305, 1.0674412064123895, 0.9863871124309198, 0.9473957736391521, 1.0086572425271316, 1.1304214036878917, 1.295225114382328, 1.4996266860840994, 1.6961422006950437, 1.8793947843430274, 2.113192519194847, 2.264205511374264, 2.4484053562730823, 2.6784466674800043, 2.8138777313096814, 2.6524881750558547, 2.419509620920488, 2.2377853740622973, 2.116611972219735, 2.012989178998383, 1.9196410581898582, 1.7248880342966517, 1.5701150351464377, 1.3298213688775666, 1.1328479298356409, 0.9981831409301134, 0.9460988476334453, 0.9694034764280386, 1.0467867486006854, 1.214653298295139, 1.3267116353677353, 1.277449824187956, 1.2831038207544059, 1.3148709382712616, 1.4270036926048948, 1.4053390578505751, 1.342346863732434, 1.2568365670676571, 1.2021255420074453, 1.0357794970814531, 0.9362009747818694, 0.9241036455493603, 1.0009386857291087, 1.1289582403481235, 1.2717241504072305, 1.4147717718713642, 1.4641269841741495, 1.4845232088585019, 1.5100072317084607, 1.3719038936153711, 1.167689504418898, 0.9489027185112779, 0.7894657202301607, 0.6989809934511086, 0.719223388962404, 0.8399601980118554, 0.8801859704702597, 0.8122391962824684, 0.8446758214250134, 0.9788084784928657, 1.1406669448359077, 1.1885707271459713, 1.1074566645972532, 1.1126247488955836, 1.2061512516686443, 1.240437865619898, 1.0952369477212236, 1.0410371679271475, 1.046112928847494, 1.0467939771130124, 1.1591417965882793, 1.1052844788861838, 0.9995687594883984, 0.9478320917786736, 0.9959622855287509, 1.084653869160984, 1.1919010464754591, 1.1088458110409891, 1.0687309341395697, 1.0857818553466396, 1.1963707968420825, 1.3898524935500083, 1.485695072141454, 1.4813608397993705, 1.566105805473057, 1.7173650776115506, 1.7428370908558093, 1.769461165029055, 1.7896879334652418, 1.8749135918479585
1BL8.pdb, 34, 34, 0.030663816421840566, 3.4846719376867217, 0.6936483860391882, -, -, -, 1.495133975441882, 74.25415082488834, , Upper limit of R overestimation, -, -, -, -, -, -, -, -, -, -, -, -, -, -, -, -, -, -, -, -, -, -, -, -, -, -, -, -, -, -, -, -, -, -, -, -, -, -, -, -, -, -, -, -, -, -, -, -, -, -, -, -, -, -, -, -, -, -, -, -, -, -, -, -, -, -, -, -, -, -, -, -, -, -, -, -, -, -, -, -, -, -, -, -, -, -, -, -, -, -, -, -, -, -, -, -, -, -, -, -, -, -, -, -, -, -, -, -, -, -, -, -, -, -, -, -, -, -, -, -, -, -, -, -, -, -, -, -, -, -, -, -, -, -, -, -, -, -, -, -, -, -, -, -, -, -, -, -, -, -, -, -, -, -, -
1BL8.pdb, 35, 35, 0.029336820877863608, 3.528911866675788, 0.6869877995599962, -, -, -, 1.5293862136858667, 75.57186551429282, , X, 82.56081512185777, 82.33720085843366, 82.27199616516555, 82.10730059736281, 81.92503489300516, 81.74132522428776, 81.55761555557038, 81.35482209828193, 81.17085635508575, 80.99737807586182, 80.78399290056058, 80.59791815168091, 80.41637329401885, 80.23482843635678, 80.05328357869472, 79.8814177022446, 79.70257905323092, 79.52374040421724, 79.34490175520355, 79.17067414111426, 79.00268312931462, 78.82157337803449, 78.64051344524003, 78.46173523368324, 78.28295702212645, 78.10417881056966, 77.90207932897066, 77.73087814334775, 77.54219761608704, 77.35351708882632, 77.1648365615656, 76.97615603430488, 76.78747550704416, 76.58783879019265, 76.52151964690107, 76.34626328958761, 76.15969659380767, 75.97312989802771, 75.78656320224776, 75.5999965064678, 75.43858476005643, 75.25483170579307, 75.0710786515297, 74.88732559726634, 74.70357254300298, 74.58006256469116, 74.3987524934589, 74.21744242222663, 74.14893339438791, 74.07594273251314, 73.7746178043407, 73.61993328151722, 73.64278803066392, 73.66564277981064, 73.68849752895734, 73.71135227810404, 73.73504304826554, 73.62789670503093, 73.47592469156604, 73.32395267810112, 73.17667095699144, 73.06104747948011, 72.64203186970948, 72.34854418846723, 72.28925639731733, 71.9271271448466, 71.67171229670711, 71.46769685088366, 71.28444138387631, 71.11647611730523, 70.95713731473278, 70.79779851216031, 70.58875777714663, 70.24568036814821, 69.92499456504507, 69.8441584475266, 69.56224775724573, 69.28033706696486, 68.9176537436649, 68.49528595629899, 68.06923654984178, 67.64642087431777, 67.22409368441025, 66.85370841260693, 66.49405196767057, 66.14970905315116, 65.85277554671585, 65.57559948465057, 65.415388239295, 65.28710472384121, 65.13551332109483, 64.84476646653764, 64.52529323835023, 64.38928031702322, 64.13735725235921, 63.82303573217086, 63.440439063863266, 63.15506679131217, 63.42032801958894, 63.77347816841495, 64.05631574518122, 63.96466993479138, 64.17744669775333, 64.32516169581054, 64.65024058659941, 64.745939125987, 64.71951763017644, 64.70210907617955, 64.8821379552065, 65.01796086082234, 65.15378376643818, 65.28960667205402, 65.46743502241696, 65.74422561949741, 66.04324190542113, 66.4811181821578, 66.47391775215205, 66.40175198461438, 66.42663587828417, 66.70763308183354, 67.01669935284926, 67.25874718717304, 67.52025614665364, 67.7724443855571, 68.02190408380622, 68.27136378205535, 68.32922891602534, 68.28658525427892, 68.24326218896806, 68.29459146588941, 68.36142392895846, 68.53228154669155, 68.74960244173698, 68.96164492359958, 68.90262185627701, 69.19752109168749, 69.60413970466432, 70.00746293727701, 70.45659609225685, 70.84863392433188, 70.97886303219119, 71.09213503058753, 71.26402605255471, 71.51071606837206, 71.7574060841894, 71.94606626688282, 72.18901024813266, 72.64660116998307, 73.12959429430919, 73.55733477465967, 73.98498812532037, 74.41381048815076, 74.76426261381322, 75.05431264280509, 75.36465488968882, 75.62995732575114, 76.05396429249731, 76.4681296606333
1BL8.pdb, 35, 35, 0.029336820877863608, 3.528911866675788, 0.6869877995599962, -, -, -, 1.5293862136858667, 75.57186551429282, , Y, 26.438026024326703, 26.45303780625517, 26.404251461179484, 26.397652513499192, 26.398676316698683, 26.40032657949109, 26.401976842283492, 26.502344834589966, 26.48516654282357, 26.47078657360811, 26.463493373738, 26.463374460490193, 26.463337689224254, 26.463300917958318, 26.46326414669238, 26.460904923028306, 26.448632497777613, 26.43636007252692, 26.424087647276227, 26.42010270713484, 26.419155974619585, 26.427319651711244, 26.434997287552292, 26.42041389660168, 26.405830505651068, 26.39124711470045, 26.403302701354765, 26.44566703157441, 26.44744721161165, 26.449227391648893, 26.451007571686134, 26.452787751723378, 26.454567931760618, 26.564360338443823, 26.442121081339067, 26.423155418914735, 26.422244897487285, 26.421334376059832, 26.420423854632382, 26.41951333320493, 26.46306940908534, 26.461396028230936, 26.459722647376534, 26.45804926652213, 26.45637588566773, 26.59185253648466, 26.59855161572547, 26.60525069496628, 26.607092070316376, 26.60364998518291, 26.61461692845935, 26.702612060172232, 27.200576825256917, 27.698541590341602, 28.19650635542629, 28.694471120510975, 29.19247419051722, 29.671691980781613, 30.144615460851384, 30.61753894092115, 31.09320892924715, 31.480620066909108, 31.55905122530946, 31.79864097662376, 32.20920877353653, 32.49185009678409, 32.8993367712144, 33.35247804123443, 33.814641701809386, 34.27106660203396, 34.71713447275729, 35.16320234348061, 35.58265536775758, 35.93033320501334, 36.26776341798523, 36.74710087747385, 37.15187470592703, 37.5566485343802, 37.83971355942339, 38.03284559067751, 38.21368176772683, 38.23415346064767, 38.02610893270989, 37.73097712842787, 37.42217553397067, 37.112019682657355, 36.73438428076216, 36.36618140368518, 36.05829582385031, 35.87042744137335, 35.9727324999716, 36.02478664712455, 36.0416109418622, 36.087717081954416, 36.108322781473966, 36.08408958334386, 36.050414926253495, 36.08699387199274, 36.19755666326846, 36.07256911463935, 35.866128151946064, 35.47901655796688, 35.35971633923234, 35.14169950036361, 35.218818362278576, 35.39157960165779, 35.600719567093414, 35.83685737429124, 36.00261373227306, 35.96589627229193, 35.92917881231079, 35.89246135232965, 35.88312745364454, 35.9219407819374, 35.97115242870716, 36.09656384321899, 36.35437159774633, 36.62957313153371, 36.87655220684636, 37.10072053225783, 37.447852789562766, 37.76818594419432, 38.0717585845519, 38.370385373693416, 38.667564318110735, 38.964743262528046, 39.15111621390865, 39.22816422743632, 39.293972040145334, 39.29672613841435, 39.20734258506818, 38.955617481506266, 38.655280862774994, 38.370571993386235, 38.58423943322274, 38.7723411697254, 38.90792966007545, 39.061474826490155, 39.0146419322227, 39.02589494454537, 39.27000566087475, 39.472761557520535, 39.81548443248823, 40.08483705325985, 40.35418967403146, 40.781788277853174, 41.090783100396784, 41.026853898533986, 40.98533925950094, 41.07363531182932, 41.158347937816835, 41.24417023050505, 41.12966192669347, 40.756176070284475, 40.40301698536495, 40.417581085259165, 40.36758154937788, 40.24685358717058
1BL8.pdb, 35, 35, 0.029336820877863608, 3.528911866675788, 0.6869877995599962, -, -, -, 1.5293862136858667, 75.57186551429282, , Z, 46.28016970498183, 45.88751725329338, 45.45013847944894, 44.97808782132457, 44.512529495433675, 44.047504728079865, 43.582479960726054, 43.20783411641091, 42.74340160955445, 42.274681540512304, 41.8514185792933, 41.387462669796406, 40.92158557945569, 40.45570848911497, 39.98983139877425, 39.526518589185706, 39.0597572741676, 38.592995959149505, 38.1262346441314, 37.68923895565758, 37.224202352526014, 36.75822744722789, 36.29223666443381, 35.82551868129952, 35.35880069816523, 34.892082715030945, 34.45935507134215, 34.01769364475221, 33.55466395931978, 33.09163427388735, 32.62860458845493, 32.1655749030225, 31.70254521759007, 31.389728332517493, 30.992696622603926, 30.524977306417092, 30.061089346909107, 29.597201387401125, 29.13331342789314, 28.669425468385153, 28.209603566704775, 27.74459602392143, 27.27958848113809, 26.814580938354748, 26.349573395571404, 25.93237862996345, 25.46645827152536, 25.000537913087275, 24.548532605412053, 24.159632785527084, 23.891312951731194, 23.484338377247965, 23.523181049344448, 23.562023721440934, 23.60086639353742, 23.6397090656339, 23.677407680421325, 23.64250439850493, 23.5855141438808, 23.528523889256675, 23.483962237550504, 23.4136626757247, 23.25871444433164, 23.02661627635549, 22.747492393598648, 22.632457767540654, 22.574789084757615, 22.519673508100436, 22.46843809818279, 22.367130075773936, 22.207021985087888, 22.04691389440184, 21.901210922356352, 21.794355819922767, 21.70643034348985, 21.681024846152333, 21.76278370197067, 21.84454255778901, 21.98579727404988, 22.171014634735315, 22.359967936232604, 22.571615362966625, 22.666557084617896, 22.506438311350443, 22.3475601867284, 22.16364264228475, 22.041865521005164, 21.893895391156178, 21.557886019327526, 21.112634617838083, 20.693122918001823, 20.2904059007522, 19.906307314671437, 19.485687144513705, 19.05428225970408, 18.807541610265368, 18.63703154849079, 18.240786865058826, 17.978648254644106, 17.681145868429038, 17.346630832189316, 17.04410879557523, 16.663244947083523, 16.26803247719216, 15.938554024356726, 15.51451605788334, 15.061183931651895, 14.623398310420164, 14.246039837968409, 13.766244083044915, 13.286448328121423, 12.80665257319793, 12.3454093028071, 11.930826566260048, 11.543765117296276, 11.33776890188471, 11.1097483348838, 10.73737392185077, 10.30334382128914, 10.056245951971407, 9.872715080007845, 9.576171541511739, 9.277078385224756, 8.96539879824198, 8.65003466910795, 8.334670539973919, 7.920048464713577, 7.428190735929481, 6.934437311841579, 6.448544989921432, 5.9925007018777645, 5.650771639018449, 5.315257788297323, 4.965482547529062, 4.701346085382783, 4.4535528207126935, 4.196224586189508, 3.9438846306954196, 3.784667216243176, 3.5489793087563335, 3.185831160964325, 2.8227441512432185, 2.5169941231754436, 2.175536656161612, 1.8340791891477803, 1.6623761996614497, 1.4754949964791528, 1.3019290606124483, 1.1856594574819468, 0.9425137533227379, 0.6976946718217767, 0.45540824189620777, 0.32823780700904553, 0.2022117474459493, 0.032016710685318694, -0.35430336968825743, -0.5639781581021227, -0.7715009653987412
1BL8.pdb, 35, 35, 0.029336820877863608, 3.528911866675788, 0.6869877995599962, -, -, -, 1.5293862136858667, 75.57186551429282, , distance, 0.0, 0.452111313970713, 0.879493573723086, 1.3793921400576656, 1.8789137312026152, 2.378608382951021, 2.8784090865594467, 3.301181917293672, 3.8003863175529413, 4.299923730263972, 4.771957913191287, 5.2718297763583335, 5.771801734615091, 6.271778163847416, 6.771758073744269, 7.265775758315813, 7.765563829647863, 8.265377536116576, 8.765212492389788, 9.23566284866986, 9.729912848729976, 10.229830292099935, 10.729752132803869, 11.229536684283172, 11.729339600161374, 12.229158628792339, 12.705773628549963, 13.17940320079308, 13.679367928046826, 14.179335142829425, 14.679304590970203, 15.179276051784555, 15.679249332735338, 16.044240427154936, 16.43715120839841, 16.93655700331888, 17.43654596288299, 17.936535537968094, 18.436525678496306, 18.936516339678615, 19.423494872332586, 19.92348944133316, 20.423484276251624, 20.923479358024586, 21.423474669368282, 21.857462698290526, 22.357451072306876, 22.8574399549475, 23.303484472332578, 23.692586274293337, 24.051805636320594, 24.48794192609474, 24.45389996700067, 24.4300459970169, 24.416409876078177, 24.41300872602422, 24.420607865778962, 24.550305853241166, 24.72491517515028, 24.908338831585414, 25.087844954946412, 25.269556459433925, 25.585045683569067, 25.956779795300957, 26.317263733111556, 26.6258969007411, 26.87501008844931, 27.11877761238427, 27.360000468679704, 27.643496237835013, 27.976872886301546, 28.315154047635893, 28.65812335479665, 29.00554293972604, 29.328422469999975, 29.548406202133478, 29.746453965560903, 29.951539826262476, 30.10566164116343, 30.224663930052383, 30.345476934028557, 30.39215897650686, 30.448339707216153, 30.650191682792897, 30.847402111947027, 31.062282926118336, 31.18764129433895, 31.33298891565032, 31.586493389341292, 31.949273697057038, 32.39210912712355, 32.882095155207836, 33.36299612237821, 33.78262142513817, 34.26641776467762, 34.62508069408328, 34.95897435766481, 35.438575575741396, 35.532841164315705, 35.548454463801995, 35.61537980442773, 35.80926392913371, 35.982037529946126, 36.18040034095885, 36.31121915298404, 36.66144258950561, 37.10649433536817, 37.5422773350067, 37.81801740866854, 38.1534717481232, 38.4924976085901, 38.83500145306799, 39.15305285398659, 39.40329549266375, 39.6273709408235, 39.6587364946975, 39.92594038798801, 40.35186843249265, 40.787333443024316, 40.95349908161114, 41.08939732717416, 41.34863103019853, 41.602775325544314, 41.87444610378951, 42.154105421294496, 42.437812988419275, 42.844598372146805, 43.32225228885047, 43.799021992509694, 44.22024008830752, 44.58446399118291, 44.768714939798414, 44.923656572287584, 45.102399695616036, 45.41888722815795, 45.60897759680899, 45.76496882237427, 45.92710686100537, 45.9407348415509, 46.06065853887415, 46.43192145654225, 46.79725194084518, 47.135860804088765, 47.471663092020925, 47.810335908695016, 48.05376058253186, 48.267344053756354, 48.313224571431746, 48.31239078251183, 48.48470650390518, 48.66204595020617, 48.84162521768179, 48.86932004493552, 48.83170291668138, 48.84360091161162, 49.17559179556077, 49.30259439278531, 49.413199123955984
1BL8.pdb, 35, 35, 0.029336820877863608, 3.528911866675788, 0.6869877995599962, -, -, -, 1.5293862136858667, 75.57186551429282, , length, 0.0, 0.5, 1.0, 1.5, 2.0, 2.5, 3.0, 3.5, 4.0, 4.5, 5.0, 5.5, 6.0, 6.5, 7.0, 7.5, 8.0, 8.5, 9.0, 9.5, 10.0, 10.5, 11.0, 11.5, 12.0, 12.5, 13.0, 13.5, 14.0, 14.5, 15.0, 15.5, 16.0, 16.5, 17.0, 17.5, 18.0, 18.5, 19.0, 19.5, 20.0, 20.5, 21.0, 21.5, 22.0, 22.5, 23.0, 23.5, 24.0, 24.5, 25.0, 25.5, 26.0, 26.5, 27.0, 27.5, 28.0, 28.5, 29.0, 29.5, 30.0, 30.5, 31.0, 31.5, 32.0, 32.5, 33.0, 33.5, 34.0, 34.5, 35.0, 35.5, 36.0, 36.5, 37.0, 37.5, 38.0, 38.5, 39.0, 39.5, 40.0, 40.5, 41.0, 41.5, 42.0, 42.5, 43.0, 43.5, 44.0, 44.5, 45.0, 45.5, 46.0, 46.5, 47.0, 47.5, 48.0, 48.5, 49.0, 49.5, 50.0, 50.5, 51.0, 51.5, 52.0, 52.5, 53.0, 53.5, 54.0, 54.5, 55.0, 55.5, 56.0, 56.5, 57.0, 57.5, 58.0, 58.5, 59.0, 59.5, 60.0, 60.5, 61.0, 61.5, 62.0, 62.5, 63.0, 63.5, 64.0, 64.5, 65.0, 65.5, 66.0, 66.5, 67.0, 67.5, 68.0, 68.5, 69.0, 69.5, 70.0, 70.5, 71.0, 71.5, 72.0, 72.5, 73.0, 73.5, 74.0, 74.5, 75.0, 75.5, 76.0, 76.5, 77.0, 77.5, 78.0, 78.5
1BL8.pdb, 35, 35, 0.029336820877863608, 3.528911866675788, 0.6869877995599962, -, -, -, 1.5293862136858667, 75.57186551429282, , R, 2.4231347144496413, 2.1991976400181916, 2.0277624659331397, 1.873236129182755, 1.7864053136864682, 1.773907602789858, 1.8366856410840091, 1.7966202714561827, 1.6936369878318818, 1.6553796608320286, 1.6822252672784859, 1.7794925638383643, 1.9469769095142375, 2.1750245741246657, 2.453220899429759, 2.57326508900968, 2.228307487665466, 1.921627370194599, 1.6643035170121854, 1.4761394524472835, 1.3375221141054343, 1.2795890732747313, 1.3098517338531517, 1.4110741577236574, 1.5903585967793497, 1.8352146701877285, 2.1159784384470495, 1.850167604996125, 1.5809973970286184, 1.373845197482273, 1.242697087558477, 1.1985750620898883, 1.245647399584768, 1.3314849972159348, 1.456410105081646, 1.672968638773611, 1.9482422372350214, 2.269770402556083, 2.626807831578317, 3.0109679628075514, 3.326529604672635, 3.5918219605884043, 3.89041572381822, 4.217113634252421, 4.567392495979755, 4.612216882430484, 4.510716619624926, 4.449506009652307, 4.360217082539245, 4.316051389543013, 4.4647204022085045, 4.4630006988072175, 4.122490578958864, 3.807204004480353, 3.5218751548469904, 3.2718584754534707, 3.06196362493932, 2.828829587708388, 2.620285216309401, 2.4639182423654664, 2.3614547084518134, 2.285630800942916, 2.180787375851987, 2.0365678012596855, 1.862489008713816, 1.6901081943603473, 1.4539955828642435, 1.2424085247204104, 1.100224478184642, 1.0005843961834384, 0.9460085132827634, 0.9917822909007743, 1.1133769215671956, 1.270090812916902, 1.4775380476930566, 1.6756691273854631, 1.834805422513711, 2.0573087194328448, 2.2438601427603424, 2.4219437337485017, 2.6446887036087623, 2.797781414701318, 2.7487804191716987, 2.512745244497569, 2.314839903500165, 2.1508944031989805, 2.0197972970703524, 1.9308048847462103, 1.7437392330589443, 1.5889004398232198, 1.4354281826203956, 1.2143283100681512, 1.038160729454673, 0.9906985581934009, 0.9931348244637475, 1.01751586632064, 1.0604913906975075, 1.2518118014172765, 1.3634421054007975, 1.3167027963940856, 1.3022450660401566, 1.201922532013068, 1.2102206346552893, 1.2784933601072717, 1.4207309977830436, 1.353105176494406, 1.2364567884040212, 1.203888519226406, 1.0558061457087229, 0.9353375030145874, 0.9136366218375787, 0.993263249360905, 1.1221288024228673, 1.2497961559889426, 1.4296009308907833, 1.5012471693663736, 1.5145334108491064, 1.4805053624997564, 1.5093966900255111, 1.3690055540508541, 1.1707736603972814, 0.9308685995040555, 0.7660211987390304, 0.6897173246928863, 0.7208940987836314, 0.8591515439077706, 0.8676191997363785, 0.8152333983279805, 0.8577412455742026, 0.9634885805150781, 1.0646927660250647, 1.067448625476179, 1.1346565560539434, 1.2895911299358955, 1.3180502649579773, 1.1718699680093172, 1.0696789236733673, 1.0443543285509422, 1.0818523703424696, 1.154362938099259, 1.1942386876310183, 1.1130408453578742, 1.0073298976046026, 0.9501703737640632, 0.9931826315485606, 1.076065287803384, 1.1842039101439696, 1.1085496006945195, 1.0670734010399325, 1.0856723931319183, 1.194490068639802, 1.3840322273734595, 1.495840611331543, 1.4859600777230346, 1.5645352459116553, 1.7142638731244282, 1.7513795647028538, 1.7897463388211872
1BL8.pdb, 35, 35, 0.029336820877863608, 3.528911866675788, 0.6869877995599962, -, -, -, 1.5293862136858667, 75.57186551429282, , Upper limit of R overestimation, -, -, -, -, -, -, -, -, -, -, -, -, -, -, -, -, -, -, -, -, -, -, -, -, -, -, -, -, -, -, -, -, -, -, -, -, -, -, -, -, -, -, -, -, -, -, -, -, -, -, -, -, -, -, -, -, -, -, -, -, -, -, -, -, -, -, -, -, -, -, -, -, -, -, -, -, -, -, -, -, -, -, -, -, -, -, -, -, -, -, -, -, -, -, -, -, -, -, -, -, -, -, -, -, -, -, -, -, -, -, -, -, -, -, -, -, -, -, -, -, -, -, -, -, -, -, -, -, -, -, -, -, -, -, -, -, -, -, -, -, -, -, -, -, -, -, -, -, -, -, -, -, -, -, -, -, -, -
