Snapshot, Tunnel cluster, Tunnel, Throughput, Cost, Bottleneck radius, Average R error bound, Max. R error bound, Bottleneck R error bound, Curvature, Length, , Axis, Values...
2ACE.pdb, 1, 1, 0.8064846594179933, 0.215070402778196, 1.9973107474936853, -, -, -, 1.25960131969509, 11.644068597386772, , X, 3.769402191235131, 3.3400726728007384, 2.893188443726914, 2.7643768302080565, 2.4992685053328545, 2.234160180457653, 1.9586504106798364, 1.655072636187362, 1.3514948616948874, 1.365446956812653, 1.3199273408553356, 1.3629461202505655, 1.562999989969489, 1.655954716058934, 1.4185231376376473, 1.1449159158930864, 0.8665832693320625, 0.5995664952271003, 0.5525635863626759, 0.6515946135043768, 0.7262073672115825, 0.8008201209187884, 0.8754328746259941, 0.8006718546253893, 0.7475124880510746
2ACE.pdb, 1, 1, 0.8064846594179933, 0.215070402778196, 1.9973107474936853, -, -, -, 1.25960131969509, 11.644068597386772, , Y, 67.70555873545213, 67.65194291336107, 67.65415239500771, 67.75780874553023, 67.85089690791433, 67.94398507029844, 68.03556827094813, 68.12309037494708, 68.21061247894603, 68.00686972892264, 67.70649041551223, 67.41309763134923, 67.17525645345336, 66.9505927454641, 66.58590989105157, 66.25977084231747, 65.93305460784897, 65.5977859084531, 65.1992916490488, 64.73491909295342, 64.25639921449694, 63.777879336040456, 63.299359457583975, 63.022593930932814, 62.78768818505431
2ACE.pdb, 1, 1, 0.8064846594179933, 0.215070402778196, 1.9973107474936853, -, -, -, 1.25960131969509, 11.644068597386772, , Z, 64.32331952194659, 64.57291518579062, 64.7421698095862, 65.16785631874285, 65.58144085678292, 65.99502539482299, 66.40156557527962, 66.78909675614871, 67.1766279370178, 67.59157953999735, 67.98304230146663, 68.35703798887836, 68.74197690550334, 69.10544113761637, 69.26652705606034, 69.52875986593341, 69.78506148163237, 70.04254340634162, 70.26822163636959, 70.41693275956231, 70.54123747751872, 70.66554219547513, 70.78984691343152, 71.16377265215473, 71.54404501812843
2ACE.pdb, 1, 1, 0.8064846594179933, 0.215070402778196, 1.9973107474936853, -, -, -, 1.25960131969509, 11.644068597386772, , distance, 0.0, 0.49949623340657096, 0.9725372520454258, 1.3137916276958286, 1.7936644216822473, 2.2821953628499405, 2.776118686673317, 3.2748709144082775, 3.7739533714101223, 4.068330447429586, 4.403805029018511, 4.706107626208518, 4.967289427575521, 5.282548724188295, 5.587087486761764, 6.006233430045754, 6.434186336276017, 6.870231908004038, 7.209111350801669, 7.461738823289503, 7.7343545199445, 8.028881205584375, 8.342998680725408, 8.80541414122289, 9.244249283737998
2ACE.pdb, 1, 1, 0.8064846594179933, 0.215070402778196, 1.9973107474936853, -, -, -, 1.25960131969509, 11.644068597386772, , length, 0.0, 0.5, 1.0, 1.5, 2.0, 2.5, 3.0, 3.5, 4.0, 4.5, 5.0, 5.5, 6.0, 6.5, 7.0, 7.5, 8.0, 8.5, 9.0, 9.5, 10.0, 10.5, 11.0, 11.5, 12.0
2ACE.pdb, 1, 1, 0.8064846594179933, 0.215070402778196, 1.9973107474936853, -, -, -, 1.25960131969509, 11.644068597386772, , R, 3.2179875353164493, 3.1444607804488807, 3.060079453814604, 2.9159372615447148, 2.756538317798229, 2.651333189620819, 2.6009777279642505, 2.601549249189858, 2.6623293739993223, 2.5246725559260104, 2.331243272193725, 2.2031357449564988, 2.1324146558826573, 2.0678226719790502, 2.0528148914781066, 2.000373261568566, 2.0131997326228244, 2.0922605076095477, 2.1601896225342503, 2.183065906195392, 2.2476229269290577, 2.3758013210912408, 2.561611611521976, 2.6186022693579125, 2.6812886779985985
2ACE.pdb, 1, 1, 0.8064846594179933, 0.215070402778196, 1.9973107474936853, -, -, -, 1.25960131969509, 11.644068597386772, , Upper limit of R overestimation, -, -, -, -, -, -, -, -, -, -, -, -, -, -, -, -, -, -, -, -, -, -, -, -, -
2ACE.pdb, 2, 2, 0.8002824925175481, 0.22279049799793182, 1.7294906349163837, -, -, -, 1.0917124079218246, 10.962192750560362, , X, 3.769402191235131, 3.810541898268034, 3.860642650167368, 4.0655091144455175, 4.123571482429884, 4.147891292459812, 4.119629568797574, 4.08255387808977, 4.045478187381964, 4.008402496674159, 3.971326805966354, 3.934251115258549, 3.8924075611269564, 3.8193818056076005, 3.6920327581555483, 3.4315962334101306, 3.115815942192013, 2.800035650973895, 2.517594713516375, 2.3135694838261887, 2.1095442541360026, 1.8861494389258282, 1.6557828624783517
2ACE.pdb, 2, 2, 0.8002824925175481, 0.22279049799793182, 1.7294906349163837, -, -, -, 1.0917124079218246, 10.962192750560362, , Y, 67.70555873545213, 67.2263844970562, 66.749183043259, 66.33864158817838, 66.02759123453902, 65.74271789490987, 65.50642408781789, 65.27907809600943, 65.05173210420098, 64.82438611239253, 64.59704012058407, 64.36969412877562, 64.1473125069824, 63.94552799280136, 63.78852415249279, 63.43229993483416, 63.11654206867111, 62.80078420250806, 62.482374603261135, 62.29620084570281, 62.11002708814449, 61.944837445827616, 61.78942802531473
2ACE.pdb, 2, 2, 0.8002824925175481, 0.22279049799793182, 1.7294906349163837, -, -, -, 1.0917124079218246, 10.962192750560362, , Z, 64.32331952194659, 64.46006590677239, 64.60055664823427, 64.79043521911402, 65.1693149943931, 65.57686319459565, 66.01654969581969, 66.46032801116101, 66.90410632650232, 67.34788464184362, 67.79166295718493, 68.23544127252624, 68.68123325466688, 69.12993927119291, 69.58217057699979, 69.79849014985972, 70.02338963326144, 70.24828911666316, 70.49200692332764, 70.9087958838898, 71.32558484445195, 71.74087434635312, 72.15654146373399
2ACE.pdb, 2, 2, 0.8002824925175481, 0.22279049799793182, 1.7294906349163837, -, -, -, 1.0917124079218246, 10.962192750560362, , distance, 0.0, 0.4999999999999955, 0.9999198518662968, 1.4745639599638771, 1.9122549935471465, 2.3595274747891763, 2.797477584563275, 3.248488503218794, 3.712071426435011, 4.184049592723039, 4.66187384146938, 5.143915282465988, 5.6274024776332965, 6.102779904385911, 6.557793864746638, 6.953585193766135, 7.3469073920144945, 7.752531806236631, 8.179326298418573, 8.645756217073645, 9.115745851773923, 9.578761416743314, 10.041282549337247
2ACE.pdb, 2, 2, 0.8002824925175481, 0.22279049799793182, 1.7294906349163837, -, -, -, 1.0917124079218246, 10.962192750560362, , length, 0.0, 0.5, 1.0, 1.5, 2.0, 2.5, 3.0, 3.5, 4.0, 4.5, 5.0, 5.5, 6.0, 6.5, 7.0, 7.5, 8.0, 8.5, 9.0, 9.5, 10.0, 10.5, 11.0
2ACE.pdb, 2, 2, 0.8002824925175481, 0.22279049799793182, 1.7294906349163837, -, -, -, 1.0917124079218246, 10.962192750560362, , R, 3.2179875353172602, 3.0886906603246342, 3.0044771840404763, 2.8550514373308205, 2.5828319064651946, 2.3282616809986747, 2.089137720019022, 1.9012865381341784, 1.7791708155189903, 1.7302083877693621, 1.7576792182702037, 1.8597200404522387, 2.0270584425112546, 2.2303962243814484, 2.4460929226168173, 2.47112575281249, 2.5221922470949676, 2.6332579440947517, 2.768496003872985, 2.7379959251744475, 2.766007538767267, 2.8386611457007533, 2.9595082071444243
2ACE.pdb, 2, 2, 0.8002824925175481, 0.22279049799793182, 1.7294906349163837, -, -, -, 1.0917124079218246, 10.962192750560362, , Upper limit of R overestimation, -, -, -, -, -, -, -, -, -, -, -, -, -, -, -, -, -, -, -, -, -, -, -
2ACE.pdb, 3, 3, 0.4351735361672408, 0.8320103937285568, 0.6135922753846215, -, -, -, 1.180690623601279, 16.419524017031762, , X, 3.769402191235131, 3.3400726728007384, 2.893188443726914, 2.4221008375639697, 1.993981584147186, 1.618185880428031, 1.2423901767088759, 0.8665944729897208, 0.49079876927056576, 0.11500306555141071, -0.3140601154574455, -0.7717789556708183, -1.2483097855497445, -1.7113997433948416, -2.173951521483447, -2.5967990573204345, -3.0055043305946696, -3.4037374262131452, -3.894758231912663, -4.38577903761218, -4.875589905252478, -5.363495773416556, -5.817400652624122, -6.226136674155159, -6.6835674663356395, -7.16001545453838, -7.632302190869261, -8.025245807206748, -8.255554859568537, -8.497398696123126, -8.648779040651284, -8.89729245958554, -9.143965118106658, -9.480808315701447, -9.536040923966167
2ACE.pdb, 3, 3, 0.4351735361672408, 0.8320103937285568, 0.6135922753846215, -, -, -, 1.180690623601279, 16.419524017031762, , Y, 67.70555873545213, 67.65194291336107, 67.65415239500771, 67.65184993334006, 67.693794341882, 67.76708791901179, 67.84038149614159, 67.91367507327139, 67.9869686504012, 68.06026222753098, 68.23165131943853, 68.3835108795798, 68.37263596040015, 68.3683395513442, 68.37685767658246, 68.47723575211232, 68.58709679374095, 68.79655117928237, 68.70349125051834, 68.61043132175432, 68.51180865563686, 68.40442768022918, 68.36277963255831, 68.39003593081182, 68.42206788598372, 68.48877129756634, 68.56833795444018, 68.76158084994091, 69.19407229236084, 69.59499853589186, 69.93640571474268, 70.36498285984808, 70.71297408787433, 70.85244415770293, 71.3170931172056
2ACE.pdb, 3, 3, 0.4351735361672408, 0.8320103937285568, 0.6135922753846215, -, -, -, 1.180690623601279, 16.419524017031762, , Z, 64.32331952194659, 64.57291518579062, 64.7421698095862, 64.69024654271753, 64.86022855693251, 65.18179603137256, 65.50336350581259, 65.82493098025263, 66.14649845469266, 66.46806592913269, 66.46627143197253, 66.3883922852114, 66.27266588218114, 66.08417388815421, 65.89776091085575, 65.74027275508956, 65.47401995955475, 65.47918463069584, 65.4637438396335, 65.44830304857113, 65.43092614814228, 65.41050092032096, 65.52951409350148, 65.81515500525704, 65.8541708650072, 65.71822792629347, 65.5749854825085, 65.50840732810886, 65.53691574956189, 65.4302458740238, 65.72747711340828, 65.79502495795496, 65.8912013992546, 66.11046618463972, 66.14503054473134
2ACE.pdb, 3, 3, 0.4351735361672408, 0.8320103937285568, 0.6135922753846215, -, -, -, 1.180690623601279, 16.419524017031762, , distance, 0.0, 0.49949623340657096, 0.9725372520454258, 1.397405099318125, 1.8548660449957346, 2.317002238572122, 2.792216091605073, 3.274819389048567, 3.7619693459089367, 4.252103560383799, 4.641517069427666, 5.034527866276986, 5.424239738265118, 5.794745581606726, 6.184897841513522, 6.567477462471139, 6.928245032102662, 7.3471232896641, 7.812540682821626, 8.281990292674905, 8.752869227888858, 9.223893235921802, 9.684711323476265, 10.129406663263127, 10.588742411610607, 11.045875313876962, 11.502604856050889, 11.90098051514046, 12.17735933962926, 12.460725208369777, 12.69486360283738, 13.026266039849055, 13.351324127185022, 13.735532735678014, 13.906711621838593
2ACE.pdb, 3, 3, 0.4351735361672408, 0.8320103937285568, 0.6135922753846215, -, -, -, 1.180690623601279, 16.419524017031762, , length, 0.0, 0.5, 1.0, 1.5, 2.0, 2.5, 3.0, 3.5, 4.0, 4.5, 5.0, 5.5, 6.0, 6.5, 7.0, 7.5, 8.0, 8.5, 9.0, 9.5, 10.0, 10.5, 11.0, 11.5, 12.0, 12.5, 13.0, 13.5, 14.0, 14.5, 15.0, 15.5, 16.0, 16.5, 17.0
2ACE.pdb, 3, 3, 0.4351735361672408, 0.8320103937285568, 0.6135922753846215, -, -, -, 1.180690623601279, 16.419524017031762, , R, 3.2179875353164493, 3.1444607804488807, 3.060079453814604, 2.8977908125128367, 2.724367266291861, 2.5709122171761982, 2.474555300169593, 2.439467303007377, 2.4672660559656685, 2.556665288998795, 2.511527307396443, 2.4467489930445527, 2.296942036196072, 2.160846478840562, 2.0794598823650428, 1.9916118632848416, 1.9049855016817463, 1.8321430668678853, 1.554749401762947, 1.3385493920051, 1.1948990135685067, 1.1336666306530878, 1.1236648951419954, 1.1488447096722942, 1.0874670739163173, 0.9628622177805046, 0.9038578112090905, 0.8610211280744213, 0.7253355905877394, 0.624464538772497, 0.7909232167110685, 0.9378270513635454, 1.1028820484920017, 1.1498902074698703, 1.4533652775461179
2ACE.pdb, 3, 3, 0.4351735361672408, 0.8320103937285568, 0.6135922753846215, -, -, -, 1.180690623601279, 16.419524017031762, , Upper limit of R overestimation, -, -, -, -, -, -, -, -, -, -, -, -, -, -, -, -, -, -, -, -, -, -, -, -, -, -, -, -, -, -, -, -, -, -, -
2ACE.pdb, 4, 4, 0.4103802320840977, 0.8906711537220747, 1.006805970317211, -, -, -, 1.2953956604442596, 18.688609928678847, , X, 3.769402191235131, 3.3400726728007384, 2.893188443726914, 2.7643768302080565, 2.4992685053328545, 2.234160180457653, 1.9586504106798364, 1.655072636187362, 1.3514948616948874, 1.284319694704086, 1.0700259350866, 0.8557321754691136, 0.5832844241579052, 0.12889391430905736, -0.32664568432346497, -0.5293225669813959, -0.706800093002963, -0.8842776190245298, -1.0617551450460967, -1.1947133888995982, -1.0864761722075231, -0.997223113841525, -0.9335314736881221, -1.0063500296181391, -1.1286627047137636, -1.3195076474056149, -1.485839346477044, -1.4840923905663443, -1.4441968023299179, -1.4043012140934914, -1.3174098858159908, -1.456830221890256, -1.838391997154774, -2.2169794481384963, -2.637304638519522, -3.1189099070376325, -3.608836731555101, -4.10021002557921, -4.59158331960332, -4.839271406440337
2ACE.pdb, 4, 4, 0.4103802320840977, 0.8906711537220747, 1.006805970317211, -, -, -, 1.2953956604442596, 18.688609928678847, , Y, 67.70555873545213, 67.65194291336107, 67.65415239500771, 67.75780874553023, 67.85089690791433, 67.94398507029844, 68.03556827094813, 68.12309037494708, 68.21061247894603, 68.5810083128602, 69.012114251967, 69.44322019107379, 69.81008853999984, 69.97670781797343, 70.1521481428343, 70.4161134450351, 70.68800974296954, 70.95990604090397, 71.23180233883842, 71.48853930524177, 71.64746713694907, 71.80627136125094, 72.02910593529973, 72.51742671200616, 72.99420946876035, 73.31078534286804, 73.1060679981377, 72.9219078229871, 72.83945321499819, 72.7569986070093, 72.59362550276381, 72.3817333383391, 72.36488624877008, 72.62806765968581, 72.75962214291965, 72.84311924611124, 72.91471364809784, 72.98356692713412, 73.0524202061704, 72.99569644718731
2ACE.pdb, 4, 4, 0.4103802320840977, 0.8906711537220747, 1.006805970317211, -, -, -, 1.2953956604442596, 18.688609928678847, , Z, 64.32331952194659, 64.57291518579062, 64.7421698095862, 65.16785631874285, 65.58144085678292, 65.99502539482299, 66.40156557527962, 66.78909675614871, 67.1766279370178, 67.42756471220704, 67.5625678745991, 67.69757103699115, 67.76915027319167, 67.64369277481559, 67.53553522555184, 67.8703817735413, 68.25061082415002, 68.63083987475873, 69.01106892536747, 69.4091856623335, 69.87073376300295, 70.33005384280104, 70.58387301440267, 70.5694332494685, 70.65683171285221, 70.93212984128685, 71.32831824136638, 71.75485068275775, 72.24638865653054, 72.73792663030335, 73.14679298810978, 73.40668172913975, 73.6893871319361, 73.81527772086527, 74.04486669795492, 74.14289213899183, 74.21134479123121, 74.27308223437431, 74.33481967751743, 74.62099409972929
2ACE.pdb, 4, 4, 0.4103802320840977, 0.8906711537220747, 1.006805970317211, -, -, -, 1.2953956604442596, 18.688609928678847, , distance, 0.0, 0.49949623340657096, 0.9725372520454258, 1.3137916276958286, 1.7936644216822473, 2.2821953628499405, 2.776118686673317, 3.2748709144082775, 3.7739533714101223, 4.071656318797564, 4.414345860957874, 4.784821165091509, 5.14335898904024, 5.425522758939686, 5.751672596181996, 6.197402036114347, 6.659956296705156, 7.1275692736592156, 7.5993071807632235, 8.051050855775065, 8.36014361648277, 8.695827622470079, 8.944561223329098, 9.218232986636258, 9.595532448811714, 10.049474737682377, 10.288492162368641, 10.489859794971123, 10.784874199739788, 11.094587170790746, 11.297014554165006, 11.47552104001176, 11.869284351240216, 12.254188251018894, 12.692435890107252, 13.048654258019083, 13.392040480514128, 13.739939772361192, 14.09699051799699, 14.426951161986706
2ACE.pdb, 4, 4, 0.4103802320840977, 0.8906711537220747, 1.006805970317211, -, -, -, 1.2953956604442596, 18.688609928678847, , length, 0.0, 0.5, 1.0, 1.5, 2.0, 2.5, 3.0, 3.5, 4.0, 4.5, 5.0, 5.5, 6.0, 6.5, 7.0, 7.5, 8.0, 8.5, 9.0, 9.5, 10.0, 10.5, 11.0, 11.5, 12.0, 12.5, 13.0, 13.5, 14.0, 14.5, 15.0, 15.5, 16.0, 16.5, 17.0, 17.5, 18.0, 18.5, 19.0, 19.5
2ACE.pdb, 4, 4, 0.4103802320840977, 0.8906711537220747, 1.006805970317211, -, -, -, 1.2953956604442596, 18.688609928678847, , R, 3.2179875353164493, 3.1444607804488807, 3.060079453814604, 2.9159372615447148, 2.756538317798229, 2.651333189620819, 2.6009777279642505, 2.601549249189858, 2.6623293739993223, 2.4849912975426967, 2.222138333597861, 2.010898373243334, 1.8525253379539541, 1.7352680177091693, 1.6798385517037397, 1.4214336243483214, 1.1995405060275228, 1.0567749923891143, 1.0065862658693083, 1.0413226235665696, 1.0996281506526007, 1.2297749352379634, 1.3118022567028214, 1.164544124814726, 1.100933683314286, 1.1293137868702012, 1.2049932119169022, 1.18873162716385, 1.1990386640668467, 1.299417579107998, 1.4258335258276333, 1.3546680445214192, 1.300165607673811, 1.2824430102085924, 1.169082286202816, 1.0843036289177448, 1.082327410460687, 1.1723060653940194, 1.3479114261566414, 1.395084977735432
2ACE.pdb, 4, 4, 0.4103802320840977, 0.8906711537220747, 1.006805970317211, -, -, -, 1.2953956604442596, 18.688609928678847, , Upper limit of R overestimation, -, -, -, -, -, -, -, -, -, -, -, -, -, -, -, -, -, -, -, -, -, -, -, -, -, -, -, -, -, -, -, -, -, -, -, -, -, -, -, -
2ACE.pdb, 5, 5, 0.39460813987557675, 0.9298620574371534, 0.7625356952138964, -, -, -, 1.3775539160303978, 25.838261746391996, , X, 3.769402191235131, 3.810541898268034, 3.860642650167368, 4.0655091144455175, 4.123571482429884, 4.147891292459812, 4.119629568797574, 4.08255387808977, 4.045478187381964, 4.008402496674159, 3.971326805966354, 3.934251115258549, 3.8924075611269564, 3.8193818056076005, 3.6920327581555483, 3.5327460243163493, 3.3750409551120715, 3.2173358859077936, 3.2224326937080976, 3.3890264181908893, 3.561926822439285, 3.7208440420654965, 3.6792914602699316, 3.6421126679181626, 3.604933875566393, 3.5640119480987167, 3.4375849059481136, 3.174816148551327, 2.9120473911545406, 2.665470404442328, 2.693638133120327, 2.938724858010361, 3.1838115829003955, 3.3356216091925903, 3.306596707992814, 3.232775664951465, 3.138685430658763, 3.04210911822558, 2.944567816400779, 2.847026514575978, 2.7499545532894403, 2.709645994843448, 2.800797170808744, 3.035400703714994, 3.43917384847019, 3.8518380775941665, 4.073690211554367, 4.146467248642074, 4.214819911831938, 4.283172575021802, 4.53038957672596, 4.814354316741651, 5.053720548704177, 5.239824494874293
2ACE.pdb, 5, 5, 0.39460813987557675, 0.9298620574371534, 0.7625356952138964, -, -, -, 1.3775539160303978, 25.838261746391996, , Y, 67.70555873545213, 67.2263844970562, 66.749183043259, 66.33864158817838, 66.02759123453902, 65.74271789490987, 65.50642408781789, 65.27907809600943, 65.05173210420098, 64.82438611239253, 64.59704012058407, 64.36969412877562, 64.1473125069824, 63.94552799280136, 63.78852415249279, 63.342471202369126, 62.88633047727562, 62.43018975218212, 61.994683885551915, 61.57964747590413, 61.167720559616335, 60.76112620121094, 60.2740309339469, 59.77790194421191, 59.281772954476935, 58.82690622835696, 58.41094598719248, 57.991660576757035, 57.57237516632159, 57.14175457276457, 56.73533379641162, 56.34915663129234, 55.96297946617306, 55.590518194246684, 55.24464783503818, 54.83066640216204, 54.35875992975093, 53.881661982651025, 53.4038905180536, 52.92611905345618, 52.44827700511519, 52.09733234717351, 51.66172528322538, 51.458998982983864, 51.19095172162529, 50.921580344047996, 50.65342542369002, 50.450879799841154, 50.25193952931014, 50.05299925877913, 49.87475423817729, 49.65326684023172, 49.3656303281074, 49.042771966229594
2ACE.pdb, 5, 5, 0.39460813987557675, 0.9298620574371534, 0.7625356952138964, -, -, -, 1.3775539160303978, 25.838261746391996, , Z, 64.32331952194659, 64.46006590677239, 64.60055664823427, 64.79043521911402, 65.1693149943931, 65.57686319459565, 66.01654969581969, 66.46032801116101, 66.90410632650232, 67.34788464184362, 67.79166295718493, 68.23544127252624, 68.68123325466688, 69.12993927119291, 69.58217057699979, 69.7381699791614, 69.86880209641612, 69.99943421367082, 70.17673097799614, 70.40031834264278, 70.62478208351926, 70.70328407662262, 70.72898232358527, 70.77871926100414, 70.82845619842303, 70.71418716864027, 70.56806900418745, 70.6398487000083, 70.71162839582914, 70.77252683183659, 70.68641155266285, 70.48442221031254, 70.28243286796223, 70.02670700646668, 69.66680250561774, 69.43200935459664, 69.29641743720475, 69.18254319869695, 69.07199853779123, 68.96145387688551, 68.85084346682159, 68.60356531201626, 68.3759407777226, 68.56005859019552, 68.48813099497423, 68.40358931919461, 68.22075673255044, 67.76957198275939, 67.31597449357332, 66.86237700438726, 66.48496132506027, 66.1436352869546, 65.81413265995594, 65.48487741621936
2ACE.pdb, 5, 5, 0.39460813987557675, 0.9298620574371534, 0.7625356952138964, -, -, -, 1.3775539160303978, 25.838261746391996, , distance, 0.0, 0.4999999999999955, 0.9999198518662968, 1.4745639599638771, 1.9122549935471465, 2.3595274747891763, 2.797477584563275, 3.248488503218794, 3.712071426435011, 4.184049592723039, 4.66187384146938, 5.143915282465988, 5.6274024776332965, 6.102779904385911, 6.557793864746638, 6.9579554782051085, 7.357503569330341, 7.768691853119979, 8.196077894716469, 8.637209569954802, 9.082665052558912, 9.430347227721834, 9.81163805573146, 10.22429120347556, 10.644436100153813, 10.941473610591899, 11.202536540751545, 11.602236459276261, 12.009452808810435, 12.425976770598163, 12.727609505057996, 12.946701507329523, 13.18112727070542, 13.397425189452976, 13.566182210930144, 13.861801197129662, 14.257157671383311, 14.671098506480142, 15.09198522203023, 15.517567608910669, 15.947488590897407, 16.21913432359929, 16.576082968275493, 16.805934068257862, 17.034874528019472, 17.27302312673769, 17.49450938128922, 17.599510767410347, 17.713926840710172, 17.84162629873947, 17.97746884591603, 18.173902087861528, 18.44518830053853, 18.756624656005
2ACE.pdb, 5, 5, 0.39460813987557675, 0.9298620574371534, 0.7625356952138964, -, -, -, 1.3775539160303978, 25.838261746391996, , length, 0.0, 0.5, 1.0, 1.5, 2.0, 2.5, 3.0, 3.5, 4.0, 4.5, 5.0, 5.5, 6.0, 6.5, 7.0, 7.5, 8.0, 8.5, 9.0, 9.5, 10.0, 10.5, 11.0, 11.5, 12.0, 12.5, 13.0, 13.5, 14.0, 14.5, 15.0, 15.5, 16.0, 16.5, 17.0, 17.5, 18.0, 18.5, 19.0, 19.5, 20.0, 20.5, 21.0, 21.5, 22.0, 22.5, 23.0, 23.5, 24.0, 24.5, 25.0, 25.5, 26.0, 26.5
2ACE.pdb, 5, 5, 0.39460813987557675, 0.9298620574371534, 0.7625356952138964, -, -, -, 1.3775539160303978, 25.838261746391996, , R, 3.2179875353172602, 3.0886906603246342, 3.0044771840404763, 2.8550514373308205, 2.5828319064651946, 2.3282616809986747, 2.089137720019022, 1.9012865381341784, 1.7791708155189903, 1.7302083877693621, 1.7576792182702037, 1.8597200404522387, 2.0270584425112546, 2.2303962243814484, 2.4460929226168173, 2.5067396869051826, 2.6117206065353336, 2.7727378017810556, 2.8672403008074743, 2.9004366143719786, 2.984200318177654, 3.0345153707247188, 2.8118413808333957, 2.6144504324386806, 2.470302119875669, 2.3168041994688235, 2.124888690456342, 1.94429850855626, 1.8292558497304547, 1.774515855958723, 1.648907256760216, 1.4772702292942625, 1.3826340542479358, 1.2930513176892378, 1.1298452673041233, 0.9705499513248581, 0.8228499373276095, 0.7627895121793542, 0.8092833905944796, 0.9579011825499752, 1.1916404793870976, 1.3077015345178946, 1.486178737896517, 1.615279513918261, 1.654811163415228, 1.7626588963319039, 1.7841037248643352, 1.7930882313517071, 1.874957113019987, 2.0261125151028168, 2.145640748513984, 2.2659288873945798, 2.4109237663625933, 2.5633455024105545
2ACE.pdb, 5, 5, 0.39460813987557675, 0.9298620574371534, 0.7625356952138964, -, -, -, 1.3775539160303978, 25.838261746391996, , Upper limit of R overestimation, -, -, -, -, -, -, -, -, -, -, -, -, -, -, -, -, -, -, -, -, -, -, -, -, -, -, -, -, -, -, -, -, -, -, -, -, -, -, -, -, -, -, -, -, -, -, -, -, -, -, -, -, -, -
2ACE.pdb, 6, 6, 0.35543101168227753, 1.034424108536377, 0.728519905353294, -, -, -, 1.323818538351143, 18.935591187345434, , X, 3.769402191235131, 3.9909218595242524, 4.295148225796317, 4.688537627453249, 4.932865372036846, 5.221461438112345, 5.570300594357788, 5.748818098389131, 5.921785084042933, 6.153428872135137, 6.406424115340876, 6.705120107755812, 7.001657386707047, 7.2971535817355795, 7.5926497767641115, 7.706296524579498, 7.763169350569844, 7.8205149020224, 7.836622581485084, 7.843294520290575, 7.653806248867566, 7.5985025099165995, 7.601516734572887, 7.358591896534033, 7.079276438078243, 6.726965763374148, 6.326363348607621, 6.165759096041594, 6.082932779696859, 6.005638696931431, 5.928344614166004, 5.851050531400578, 5.774692751748456, 5.788056625752227, 5.806205597095694, 5.829345598755081, 5.634024200056917, 5.331213370195036, 5.028402540333156, 4.636664787580496, 4.1672897717561606
2ACE.pdb, 6, 6, 0.35543101168227753, 1.034424108536377, 0.728519905353294, -, -, -, 1.323818538351143, 18.935591187345434, , Y, 67.70555873545213, 68.05264766674537, 68.3994168074535, 68.6662591897069, 68.6262173032307, 68.84804712170202, 69.06835003057279, 69.21696835028187, 69.55045181316578, 69.93542593831484, 70.20919081345762, 70.61010118135228, 71.0124517848402, 71.41549697153532, 71.81854215823044, 72.26481577593897, 72.74898134708175, 73.20045039935928, 73.6944079062637, 74.19343334152127, 74.5542905181497, 74.83734401631385, 75.17270560303189, 75.41367051016344, 75.52677450420654, 75.73890950925788, 76.01646898056005, 76.3599080626414, 76.84334945915708, 77.32563183275771, 77.80791420635832, 78.29019657995893, 78.77262080559201, 79.26863806402201, 79.76521233919952, 80.26236760307508, 80.69000894148992, 81.08318086040914, 81.47635277932837, 81.72487511503482, 81.86916307292667
2ACE.pdb, 6, 6, 0.35543101168227753, 1.034424108536377, 0.728519905353294, -, -, -, 1.323818538351143, 18.935591187345434, , Z, 64.32331952194659, 64.55042513540974, 64.74179853313942, 64.78430847216875, 64.41984651108096, 64.08602297599313, 63.90980388018936, 63.64444974209465, 63.61247327506961, 63.777006497842564, 63.52062789904173, 63.513445905597386, 63.52148584815363, 63.5368668821095, 63.55224791606536, 63.39236293412991, 63.281236063464625, 63.163899719909224, 63.112457914029406, 63.082192341442706, 63.17260838554537, 62.909101675174995, 62.588002987709494, 62.36039570698117, 61.961583681331575, 61.840475708722565, 61.92709158830608, 62.17243538808513, 62.26893844165218, 62.37584651844532, 62.48275459523846, 62.5896626720316, 62.69483094635312, 62.63328189102976, 62.57837902123413, 62.53040836432766, 62.48305288409196, 62.42204924902214, 62.36104561395231, 62.31335746788757, 62.365838451600574
2ACE.pdb, 6, 6, 0.35543101168227753, 1.034424108536377, 0.728519905353294, -, -, -, 1.323818538351143, 18.935591187345434, , distance, 0.0, 0.4702325481415364, 0.96590506766825, 1.4072192882220356, 1.4868006696046001, 1.8628111605524997, 2.2959595724673094, 2.5813389036099665, 2.9226161178209, 3.3097354694826495, 3.7237577863918743, 4.208408461624736, 4.693181493312889, 5.179496051107348, 5.668192494763974, 6.095296704964171, 6.517071865256601, 6.924565175585747, 7.339944272753253, 7.760767506567834, 7.957251914682665, 8.21732211008974, 8.570572191473774, 8.72641620457248, 8.815014453316197, 8.913272145464536, 9.019489329918326, 9.233991079134302, 9.647389528626277, 10.066737863194689, 10.493154801846151, 10.925812747101988, 11.364551383017771, 11.859004868820598, 12.354296034478423, 12.85034420548001, 13.246106736972122, 13.60201663458657, 13.966759444047188, 14.189197426937593, 14.303766444402797
2ACE.pdb, 6, 6, 0.35543101168227753, 1.034424108536377, 0.728519905353294, -, -, -, 1.323818538351143, 18.935591187345434, , length, 0.0, 0.5, 1.0, 1.5, 2.0, 2.5, 3.0, 3.5, 4.0, 4.5, 5.0, 5.5, 6.0, 6.5, 7.0, 7.5, 8.0, 8.5, 9.0, 9.5, 10.0, 10.5, 11.0, 11.5, 12.0, 12.5, 13.0, 13.5, 14.0, 14.5, 15.0, 15.5, 16.0, 16.5, 17.0, 17.5, 18.0, 18.5, 19.0, 19.5, 20.0
2ACE.pdb, 6, 6, 0.35543101168227753, 1.034424108536377, 0.728519905353294, -, -, -, 1.323818538351143, 18.935591187345434, , R, 3.2179875353164493, 2.9559600779101367, 2.74365504753844, 2.64289524802346, 2.6979985614306545, 2.527362263812234, 2.398910986315809, 2.335927302467927, 2.095309035231964, 1.7945407222948728, 1.5615802853040455, 1.2922059216553423, 1.0909806113527467, 0.9748303120344999, 0.9561132483859356, 0.8348066741489615, 0.7491885154228388, 0.7546490656089713, 0.7960566483929421, 0.9311080304189168, 0.9112993931521567, 1.036324851371468, 1.2153139642054396, 1.3594986951517751, 1.4023102846461533, 1.4345133330351936, 1.482684486935748, 1.3644692582540525, 1.1786826377644544, 1.0724306168126092, 1.0604079186445499, 1.1438906791044525, 1.3133577754628352, 1.4573892066233167, 1.6708305082261434, 1.9407366052274275, 2.1365534287333836, 2.3212149362292473, 2.5591520436776425, 2.718639997320723, 2.77885712523879
2ACE.pdb, 6, 6, 0.35543101168227753, 1.034424108536377, 0.728519905353294, -, -, -, 1.323818538351143, 18.935591187345434, , Upper limit of R overestimation, -, -, -, -, -, -, -, -, -, -, -, -, -, -, -, -, -, -, -, -, -, -, -, -, -, -, -, -, -, -, -, -, -, -, -, -, -, -, -, -, -
2ACE.pdb, 7, 7, 0.3415567825372385, 1.0742413398921278, 0.7607868895610013, -, -, -, 1.2498786911704667, 22.789312023309883, , X, 3.769402191235131, 3.810541898268034, 3.860642650167368, 4.0655091144455175, 4.0276928988541565, 4.169463725545817, 4.311234552237478, 4.453005378929138, 4.680633674325597, 4.818663567116234, 4.920020885796822, 4.973239096844265, 4.989150143731152, 5.027210702542536, 5.1593994704501664, 5.220495261825218, 5.019345381667645, 4.719951152646158, 4.42055692362467, 4.098064297656671, 3.830286499270554, 3.4993453842793176, 3.157619042055687, 2.8178636124599916, 2.6648990341915355, 2.51813962019054, 2.402402165723964, 2.4704572694356117, 2.364896263133402, 2.3754898934250885, 2.323001794209425, 2.270513694993762, 2.2233759308625687, 2.4716068773529054, 2.757427219625203, 3.043247561897501, 3.327269594640866, 3.5553444172154696, 3.5083526654766137, 3.4569492693054746, 3.620088201209393, 3.684282057011351, 3.754184730967691, 3.9175704739852937, 4.114749851234704, 4.3119292284841135, 4.509108605733523, 4.706287982982933
2ACE.pdb, 7, 7, 0.3415567825372385, 1.0742413398921278, 0.7607868895610013, -, -, -, 1.2498786911704667, 22.789312023309883, , Y, 67.70555873545213, 67.2263844970562, 66.749183043259, 66.33864158817838, 65.97840388365793, 65.60912539243715, 65.23984690121635, 64.87056840999557, 64.49911718046351, 64.0295479399657, 63.540220584811664, 63.10033538075315, 62.70149341940313, 62.299238785640554, 61.884397024746626, 61.54325504399547, 61.173718295426404, 60.78304765186825, 60.39237700831009, 60.06929666193617, 59.721174233798614, 59.34727498366859, 59.04807701951955, 58.75749667836148, 58.29089889872563, 57.82044937279549, 57.49787144607913, 57.08980020233337, 56.877457751092464, 56.51751799905983, 56.16584886528415, 55.814179731508474, 55.33290250251882, 54.94480430466304, 54.57033569950863, 54.19586709435423, 53.81902367098287, 53.45577671978347, 52.98230471291408, 52.512098704222225, 52.098861870449134, 51.880778284536284, 51.77263967421356, 51.40864848124267, 50.95216793504346, 50.495687388844246, 50.03920684264504, 49.58272629644583
2ACE.pdb, 7, 7, 0.3415567825372385, 1.0742413398921278, 0.7607868895610013, -, -, -, 1.2498786911704667, 22.789312023309883, , Z, 64.32331952194659, 64.46006590677239, 64.60055664823427, 64.79043521911402, 64.4937498881505, 64.18791589948857, 63.882081910826656, 63.57624792216473, 63.346591574645416, 63.28025579796747, 63.26336102221164, 63.09196738132165, 62.79084962875695, 62.50002714834595, 62.25444715874557, 61.90296799767354, 61.72874360975355, 61.64076893220094, 61.552794254648326, 61.40387629144786, 61.5012544228558, 61.48131365889284, 61.283513359892694, 61.06835236235426, 60.97938534726806, 60.894893229563564, 61.11578542660675, 61.389625521950336, 61.698469945053844, 62.011185562717515, 62.3627162438681, 62.714246925018685, 62.80312974656527, 62.95792906459268, 63.12549993227875, 63.293070799964816, 63.45835411027356, 63.691404158706305, 63.53797893407725, 63.375917216660234, 63.22148845880038, 62.915919088059105, 62.43278385116241, 62.34299253034742, 62.39539295142594, 62.44779337250445, 62.500193793582966, 62.552594214661475
2ACE.pdb, 7, 7, 0.3415567825372385, 1.0742413398921278, 0.7607868895610013, -, -, -, 1.2498786911704667, 22.789312023309883, , distance, 0.0, 0.4999999999999955, 0.9999198518662968, 1.4745639599638771, 1.7546579385860284, 2.1385546834052978, 2.5628124758527604, 3.0104151605481784, 3.4735583692191234, 3.96257324673373, 4.449435617088548, 4.916658777685624, 5.373724846736709, 5.84249713140522, 6.332317818431571, 6.777739991052015, 7.1385657997525245, 7.484703113479246, 7.84744797475304, 8.181910902211081, 8.4686571658508, 8.832374271957896, 9.196014886144301, 9.569119680224892, 10.051748247433045, 10.537321859736577, 10.786743894250117, 11.090002147383313, 11.229881706005528, 11.509179399878168, 11.794106291287212, 12.093001114768038, 12.561202028837803, 12.899047151657026, 13.228490061852774, 13.56836324736348, 13.920470627572046, 14.26539257262103, 14.746495031228152, 15.226175674707845, 15.646255571075963, 15.887469834377193, 16.0446958994424, 16.417458167067966, 16.86749149040261, 17.320265751141996, 17.77557150140496, 18.233219099021927
2ACE.pdb, 7, 7, 0.3415567825372385, 1.0742413398921278, 0.7607868895610013, -, -, -, 1.2498786911704667, 22.789312023309883, , length, 0.0, 0.5, 1.0, 1.5, 2.0, 2.5, 3.0, 3.5, 4.0, 4.5, 5.0, 5.5, 6.0, 6.5, 7.0, 7.5, 8.0, 8.5, 9.0, 9.5, 10.0, 10.5, 11.0, 11.5, 12.0, 12.5, 13.0, 13.5, 14.0, 14.5, 15.0, 15.5, 16.0, 16.5, 17.0, 17.5, 18.0, 18.5, 19.0, 19.5, 20.0, 20.5, 21.0, 21.5, 22.0, 22.5, 23.0, 23.5
2ACE.pdb, 7, 7, 0.3415567825372385, 1.0742413398921278, 0.7607868895610013, -, -, -, 1.2498786911704667, 22.789312023309883, , R, 3.2179875353172602, 3.0886906603246342, 3.0044771840404763, 2.8550514373308205, 2.7768446108163984, 2.5771852974224747, 2.4310734127990994, 2.3445872826526926, 2.2094786320146502, 2.0730823481864995, 1.9924788905642785, 1.867169655813591, 1.709980277518023, 1.6219521014793754, 1.5983900448776565, 1.579408158408091, 1.3651321588541498, 1.1095625054259424, 0.930553073456994, 0.8023720428998216, 0.7628315812478079, 0.7935267105074066, 0.8821158266618072, 1.033610085999499, 1.1006596376584632, 1.2526187425735622, 1.1445834024716497, 0.997900301827189, 0.918337928544577, 0.9005484200626741, 0.9632182440608479, 1.1207747047799042, 1.1430121488923883, 1.1133233740961401, 1.1628178999127692, 1.3014591571780096, 1.5165218727587808, 1.7196292352177687, 1.8599363546576253, 2.062748368826886, 2.1425611543322343, 2.0443173757765787, 1.8307481562623318, 1.7029006196651677, 1.6574170066584317, 1.6901198208425723, 1.7986984940079234, 1.9760906916289458
2ACE.pdb, 7, 7, 0.3415567825372385, 1.0742413398921278, 0.7607868895610013, -, -, -, 1.2498786911704667, 22.789312023309883, , Upper limit of R overestimation, -, -, -, -, -, -, -, -, -, -, -, -, -, -, -, -, -, -, -, -, -, -, -, -, -, -, -, -, -, -, -, -, -, -, -, -, -, -, -, -, -, -, -, -, -, -, -, -
2ACE.pdb, 8, 8, 0.30507897638553716, 1.18718459692466, 0.7543021687584202, -, -, -, 1.5695904127675533, 19.53146141606069, , X, 3.769402191235131, 3.3725804173721157, 2.9782899762604083, 2.599416005811044, 2.2281546203855926, 1.826073514537505, 1.423992408689418, 1.0219113028413307, 0.6198301969932434, 0.4337479934123556, 0.22362560437264492, -0.2161047225185599, -0.6558350494097647, -1.0376817081614136, -1.415410826157613, -1.7560739310822473, -2.1276181766165068, -2.576053339356453, -2.9120015549914537, -3.220236786438767, -3.5331136844311635, -3.865612951374637, -4.215298940939503, -4.521514403144922, -4.792617608581755, -5.063720814018588, -5.321423881436824, -5.494953893514785, -5.294021775605945, -5.078924968626864, -4.869263212863849, -4.603139220558121, -4.260303876577126, -3.908506306733075, -3.556708736889025, -3.1993758408097763, -2.940232050999837, -2.9829860759912186, -2.9845288323987846, -2.875329232639513, -2.8936380069419005
2ACE.pdb, 8, 8, 0.30507897638553716, 1.18718459692466, 0.7543021687584202, -, -, -, 1.5695904127675533, 19.53146141606069, , Y, 67.70555873545213, 67.88117502836847, 68.06411525013282, 68.24818964036015, 68.39062160929099, 68.51777967877031, 68.64493774824965, 68.77209581772898, 68.89925388720832, 69.2011097733485, 69.55262480595742, 69.77001538195033, 69.98740595794325, 70.18507580336257, 70.39971183300021, 70.54249070383484, 70.87634029859476, 70.97621173245989, 71.20475913887817, 71.46608276308301, 71.7148031650596, 72.00562071038449, 72.35286739246128, 72.68073371285811, 72.99283340534919, 73.30493309784028, 73.67489504532155, 74.03325646689196, 74.39553466961627, 74.7647527564953, 75.10478878360578, 75.34585489492282, 75.67692712833532, 75.99636782645061, 76.31580852456591, 76.62107148387042, 76.88674897135155, 77.18529566897718, 77.39174028453832, 77.83772810087018, 78.21404851431623
2ACE.pdb, 8, 8, 0.30507897638553716, 1.18718459692466, 0.7543021687584202, -, -, -, 1.5695904127675533, 19.53146141606069, , Z, 64.32331952194659, 64.1003566395069, 63.85323739034012, 63.590677823537725, 63.29592678984568, 63.027297659470236, 62.75866852909479, 62.49003939871935, 62.221410268343895, 61.87374131034256, 61.61613135540244, 61.51928830153887, 61.422445247675306, 61.26260468534055, 61.01511309316174, 61.23998144078416, 61.26232694791687, 61.381522313264654, 61.65856837145602, 61.95301871621227, 62.25314487655623, 62.37080373731671, 62.28630846828523, 62.09266344687793, 61.81142185331672, 61.53018025975552, 61.31881062571876, 61.041727355685694, 61.25386856851377, 61.51330326444877, 61.80001593988876, 62.114192089478784, 62.26512310594926, 62.420674095143916, 62.57622508433857, 62.74251776129538, 62.99642093951146, 63.39218774618415, 63.847575757234594, 63.97462807931359, 64.18048381276547
2ACE.pdb, 8, 8, 0.30507897638553716, 1.18718459692466, 0.7543021687584202, -, -, -, 1.5695904127675533, 19.53146141606069, , distance, 0.0, 0.48787400985836915, 0.9876226614238118, 1.483266608298026, 1.97491545179426, 2.4730349521300123, 2.9717861139687822, 3.4708966478272814, 3.9702310225753457, 4.400419894643103, 4.828359187325516, 5.292337639443486, 5.762345263684731, 6.214823876580654, 6.714534735468019, 6.934410075433792, 7.3619549359044125, 7.7211493791118935, 7.999153591316299, 8.283412334918028, 8.584078405578198, 8.977544603362798, 9.460567845346368, 9.923078683352959, 10.371744616266811, 10.824910263559019, 11.282870573192348, 11.689178730397462, 11.675742424271538, 11.662817203492692, 11.650845730534002, 11.54789240985113, 11.500220262122912, 11.458963910698408, 11.439433628289251, 11.42581152625925, 11.448760005363692, 11.67592249135157, 11.817953689345913, 12.12167057245447, 12.443667632769353
2ACE.pdb, 8, 8, 0.30507897638553716, 1.18718459692466, 0.7543021687584202, -, -, -, 1.5695904127675533, 19.53146141606069, , length, 0.0, 0.5, 1.0, 1.5, 2.0, 2.5, 3.0, 3.5, 4.0, 4.5, 5.0, 5.5, 6.0, 6.5, 7.0, 7.5, 8.0, 8.5, 9.0, 9.5, 10.0, 10.5, 11.0, 11.5, 12.0, 12.5, 13.0, 13.5, 14.0, 14.5, 15.0, 15.5, 16.0, 16.5, 17.0, 17.5, 18.0, 18.5, 19.0, 19.5, 20.0
2ACE.pdb, 8, 8, 0.30507897638553716, 1.18718459692466, 0.7543021687584202, -, -, -, 1.5695904127675533, 19.53146141606069, , R, 3.2179875353164493, 2.9783341325801973, 2.7724505040731837, 2.6143521610177527, 2.4627289729601265, 2.3619499943809568, 2.3240787512344885, 2.3509620422461768, 2.441281714209294, 2.3283375612545165, 2.177919277466327, 1.9195138427824499, 1.7181945535633063, 1.5707270023187987, 1.4469619136797705, 1.47130389105785, 1.3878969063709072, 1.347356683225625, 1.1804206352236988, 1.066405104961329, 1.0443177667707362, 0.9836327850703914, 0.8716986113527732, 0.7899500426332042, 0.7562766969655415, 0.8309576778061256, 0.9692150923362828, 1.0963566902003676, 0.9528692778141701, 0.87423180729582, 0.8802997666385854, 0.9018760031065867, 0.9421962997625437, 1.0698595566709228, 1.2822017107972674, 1.5473041732773205, 1.7577023865330235, 1.875215160927001, 1.982393953142212, 2.142660833882545, 2.242534409960281
2ACE.pdb, 8, 8, 0.30507897638553716, 1.18718459692466, 0.7543021687584202, -, -, -, 1.5695904127675533, 19.53146141606069, , Upper limit of R overestimation, -, -, -, -, -, -, -, -, -, -, -, -, -, -, -, -, -, -, -, -, -, -, -, -, -, -, -, -, -, -, -, -, -, -, -, -, -, -, -, -, -
2ACE.pdb, 9, 9, 0.2982652812431105, 1.2097719829608717, 0.7438322167228124, -, -, -, 1.587346001748034, 24.392035382527826, , X, 3.769402191235131, 3.3400726728007384, 2.893188443726914, 2.7643768302080565, 2.4992685053328545, 2.234160180457653, 1.9586504106798364, 1.655072636187362, 1.3514948616948874, 1.365446956812653, 1.3199273408553356, 1.3629461202505655, 1.562999989969489, 1.655954716058934, 1.4185231376376473, 1.1449159158930864, 0.8665832693320625, 0.5995664952271003, 0.5525635863626759, 0.6515946135043768, 0.7262073672115825, 0.8008201209187884, 0.8754328746259941, 0.6084511980369189, 0.26545481439572866, -0.07733352046978637, -0.42012185533530144, -0.8393722763211406, -1.2517788053734606, -1.6417787397976975, -2.034029576490843, -2.421211488062304, -2.821840103883161, -3.2550207952599948, -3.621586093709518, -3.804756468369103, -4.037272453163901, -4.448083155693356, -4.8721056927151905, -5.287113289042737, -5.702120885370283, -6.100538442566528, -6.416934383521842, -6.723285837129043, -6.974613567047718, -7.225253133736306, -7.475892700424894, -7.726532267113482, -7.97717183380207, -8.227811400490658, -8.48644291495242
2ACE.pdb, 9, 9, 0.2982652812431105, 1.2097719829608717, 0.7438322167228124, -, -, -, 1.587346001748034, 24.392035382527826, , Y, 67.70555873545213, 67.65194291336107, 67.65415239500771, 67.75780874553023, 67.85089690791433, 67.94398507029844, 68.03556827094813, 68.12309037494708, 68.21061247894603, 68.00686972892264, 67.70649041551223, 67.41309763134923, 67.17525645345336, 66.9505927454641, 66.58590989105157, 66.25977084231747, 65.93305460784897, 65.5977859084531, 65.1992916490488, 64.73491909295342, 64.25639921449694, 63.777879336040456, 63.299359457583975, 63.222665426816285, 63.239666878005615, 63.259623207428476, 63.279579536851344, 63.21478479175052, 63.050078614812115, 62.86099942783437, 62.68211746894154, 62.499962080682174, 62.29532196854221, 62.06075482736156, 61.75193845555716, 61.42887426930789, 61.104176142295444, 60.91207432847132, 60.81548283403821, 60.744891686850224, 60.67430053966224, 60.63131246081965, 60.66079925596106, 60.95972149111433, 61.14417197803196, 61.314766294132426, 61.48536061023289, 61.65595492633336, 61.82654924243382, 61.99714355853429, 62.16465809198752
2ACE.pdb, 9, 9, 0.2982652812431105, 1.2097719829608717, 0.7438322167228124, -, -, -, 1.587346001748034, 24.392035382527826, , Z, 64.32331952194659, 64.57291518579062, 64.7421698095862, 65.16785631874285, 65.58144085678292, 65.99502539482299, 66.40156557527962, 66.78909675614871, 67.1766279370178, 67.59157953999735, 67.98304230146663, 68.35703798887836, 68.74197690550334, 69.10544113761637, 69.26652705606034, 69.52875986593341, 69.78506148163237, 70.04254340634162, 70.26822163636959, 70.41693275956231, 70.54123747751872, 70.66554219547513, 70.78984691343152, 70.51556187935284, 70.15217132412836, 69.78871857287163, 69.42526582161489, 69.19316292102502, 68.97264802252906, 68.72335078587986, 68.47010520120608, 68.21172912836487, 68.01592864635555, 67.93120336214425, 67.95029951969954, 67.66182464254992, 67.36668437423218, 67.44731562396373, 67.68502467232983, 67.95481270936838, 68.22460074640695, 68.5220306049508, 68.85688847354619, 68.98229137314479, 69.3729229151813, 69.7705123855202, 70.16810185585912, 70.56569132619802, 70.96328079653692, 71.36087026687584, 71.75457856279955
2ACE.pdb, 9, 9, 0.2982652812431105, 1.2097719829608717, 0.7438322167228124, -, -, -, 1.587346001748034, 24.392035382527826, , distance, 0.0, 0.49949623340657096, 0.9725372520454258, 1.3137916276958286, 1.7936644216822473, 2.2821953628499405, 2.776118686673317, 3.2748709144082775, 3.7739533714101223, 4.068330447429586, 4.403805029018511, 4.706107626208518, 4.967289427575521, 5.282548724188295, 5.587087486761764, 6.006233430045754, 6.434186336276017, 6.870231908004038, 7.209111350801669, 7.461738823289503, 7.7343545199445, 8.028881205584375, 8.342998680725408, 8.272352084556665, 8.136175430376642, 8.027098176857018, 7.948034955128078, 8.069896370944035, 8.2765940616117, 8.491814239430193, 8.72413972323026, 8.974500739636865, 9.292496920238847, 9.706861246476898, 10.160082980441928, 10.387986509843419, 10.666981333482408, 11.110258658568402, 11.55205029220933, 11.985787465840364, 12.424505479046573, 12.848730023915321, 13.188757954296486, 13.315736588635609, 13.564076276092171, 13.834615420600572, 14.117684032736816, 14.412543878873871, 14.718486324100633, 15.034834827327174, 15.366552317936083
2ACE.pdb, 9, 9, 0.2982652812431105, 1.2097719829608717, 0.7438322167228124, -, -, -, 1.587346001748034, 24.392035382527826, , length, 0.0, 0.5, 1.0, 1.5, 2.0, 2.5, 3.0, 3.5, 4.0, 4.5, 5.0, 5.5, 6.0, 6.5, 7.0, 7.5, 8.0, 8.5, 9.0, 9.5, 10.0, 10.5, 11.0, 11.5, 12.0, 12.5, 13.0, 13.5, 14.0, 14.5, 15.0, 15.5, 16.0, 16.5, 17.0, 17.5, 18.0, 18.5, 19.0, 19.5, 20.0, 20.5, 21.0, 21.5, 22.0, 22.5, 23.0, 23.5, 24.0, 24.5, 25.0
2ACE.pdb, 9, 9, 0.2982652812431105, 1.2097719829608717, 0.7438322167228124, -, -, -, 1.587346001748034, 24.392035382527826, , R, 3.2179875353164493, 3.1444607804488807, 3.060079453814604, 2.9159372615447148, 2.756538317798229, 2.651333189620819, 2.6009777279642505, 2.601549249189858, 2.6623293739993223, 2.5246725559260104, 2.331243272193725, 2.2031357449564988, 2.1324146558826573, 2.0678226719790502, 2.0528148914781066, 2.000373261568566, 2.0131997326228244, 2.0922605076095477, 2.1601896225342503, 2.183065906195392, 2.2476229269290577, 2.3758013210912408, 2.561611611521976, 2.3197510629643414, 2.008412568041204, 1.7434476962922791, 1.537856517654098, 1.3160736522641177, 1.0657925262253802, 0.8684454107965327, 0.7589971106550202, 0.751657464047558, 0.803101465679112, 0.9094633309956683, 0.9824115329521845, 1.0886657562522828, 1.2378512577534533, 1.1842101938295189, 1.0973377220686529, 1.0787895506976795, 1.1552490549979404, 1.2957113019815987, 1.435581592762155, 1.269231157792397, 1.059431666570597, 0.9247709108422772, 0.8883898958627885, 0.9546270374517762, 1.1157572078021052, 1.355874326613412, 1.6513632138487329
2ACE.pdb, 9, 9, 0.2982652812431105, 1.2097719829608717, 0.7438322167228124, -, -, -, 1.587346001748034, 24.392035382527826, , Upper limit of R overestimation, -, -, -, -, -, -, -, -, -, -, -, -, -, -, -, -, -, -, -, -, -, -, -, -, -, -, -, -, -, -, -, -, -, -, -, -, -, -, -, -, -, -, -, -, -, -, -, -, -, -, -
2ACE.pdb, 10, 10, 0.2480020485771484, 1.3943182724595444, 0.6571485133677206, -, -, -, 1.3386769151200004, 27.427167304943985, , X, 3.769402191235131, 3.810541898268034, 3.860642650167368, 4.0655091144455175, 4.123571482429884, 4.147891292459812, 4.119629568797574, 4.08255387808977, 4.045478187381964, 4.008402496674159, 3.971326805966354, 3.934251115258549, 3.8924075611269564, 3.8193818056076005, 3.6920327581555483, 3.5327460243163493, 3.3750409551120715, 3.2173358859077936, 3.2224326937080976, 3.3890264181908893, 3.561926822439285, 3.825216810320266, 4.3076390518544905, 4.6952622364052745, 5.12221844251659, 5.55468676777892, 6.029340855038665, 6.522164988693488, 7.0149334428944075, 7.507701897095327, 7.943328971644529, 8.43412332621052, 8.923033683923109, 9.37840591379253, 9.742034453853973, 10.086311590627362, 10.3409244790432, 10.470641988571263, 10.605167506890057, 10.737580262096206, 10.868493070968412, 10.995708784515125, 11.09011289812803, 11.360228331534827, 11.4479113283924, 11.296970647532941, 11.181201802323086, 11.164759946455028, 11.14831809058697, 11.122958718601712, 11.137946167924586, 11.138154547396006, 10.887077755151294, 10.63600096290658, 10.424099797320503, 10.321284962041956, 9.993475039858119
2ACE.pdb, 10, 10, 0.2480020485771484, 1.3943182724595444, 0.6571485133677206, -, -, -, 1.3386769151200004, 27.427167304943985, , Y, 67.70555873545213, 67.2263844970562, 66.749183043259, 66.33864158817838, 66.02759123453902, 65.74271789490987, 65.50642408781789, 65.27907809600943, 65.05173210420098, 64.82438611239253, 64.59704012058407, 64.36969412877562, 64.1473125069824, 63.94552799280136, 63.78852415249279, 63.342471202369126, 62.88633047727562, 62.43018975218212, 61.994683885551915, 61.57964747590413, 61.167720559616335, 60.9114311930521, 60.97336316056288, 61.11277526999893, 61.01820629897502, 60.80105681505695, 60.68532479250498, 60.607175962761104, 60.52781556249818, 60.44845516223526, 60.46706438363473, 60.41800281763472, 60.4326467983284, 60.51687043335161, 60.48956813291887, 60.45722748039654, 60.37811441572441, 60.07461947960318, 59.64859774335654, 59.21419120828633, 58.79725177260166, 58.376578679839646, 58.00777849881932, 57.90540127022919, 57.74757823432524, 57.631996079860365, 57.53827843589035, 57.52528361717269, 57.51228879845503, 57.50412699828775, 57.10922669254198, 56.707970380739695, 56.41623748449162, 56.12450458824354, 55.841880922654646, 55.607278871322016, 55.45653456116942
2ACE.pdb, 10, 10, 0.2480020485771484, 1.3943182724595444, 0.6571485133677206, -, -, -, 1.3386769151200004, 27.427167304943985, , Z, 64.32331952194659, 64.46006590677239, 64.60055664823427, 64.79043521911402, 65.1693149943931, 65.57686319459565, 66.01654969581969, 66.46032801116101, 66.90410632650232, 67.34788464184362, 67.79166295718493, 68.23544127252624, 68.68123325466688, 69.12993927119291, 69.58217057699979, 69.7381699791614, 69.86880209641612, 69.99943421367082, 70.17673097799614, 70.40031834264278, 70.62478208351926, 70.81813631257342, 70.90012840362051, 71.02323321166293, 70.9810005997789, 70.85523395364838, 70.87629823567178, 70.90728242167125, 70.93696705430408, 70.9666516869369, 71.11047009104111, 71.19150177702294, 71.27079226013278, 71.40345434799804, 71.74542325350981, 72.10491919154623, 72.49608910325652, 72.8188241823507, 73.04322395762111, 73.25209243926831, 73.46033249331937, 73.69876552637653, 74.00742204232941, 74.3140612417846, 74.76709377610928, 75.22582858588633, 75.69499903715821, 76.19455964415411, 76.69412025115001, 77.19336932531701, 77.48945096599918, 77.77790392684962, 78.09704709478967, 78.41619026272973, 78.75848617268834, 79.17557261355054, 79.52171825901564
2ACE.pdb, 10, 10, 0.2480020485771484, 1.3943182724595444, 0.6571485133677206, -, -, -, 1.3386769151200004, 27.427167304943985, , distance, 0.0, 0.4999999999999955, 0.9999198518662968, 1.4745639599638771, 1.9122549935471465, 2.3595274747891763, 2.797477584563275, 3.248488503218794, 3.712071426435011, 4.184049592723039, 4.66187384146938, 5.143915282465988, 5.6274024776332965, 6.102779904385911, 6.557793864746638, 6.9579554782051085, 7.357503569330341, 7.768691853119979, 8.196077894716469, 8.637209569954802, 9.082665052558912, 9.399251538176348, 9.42690676960119, 9.445149765633365, 9.532864824044971, 9.670847632501506, 9.865725386427343, 10.065451230404841, 10.285611495902533, 10.524937017275985, 10.76489099327398, 11.047172579956703, 11.30143986646934, 11.54410981494399, 11.951170667445451, 12.369112488819031, 12.793377508189664, 13.24052295730067, 13.699600039641926, 14.155628347683223, 14.602740506566459, 15.071441989407612, 15.537747211141232, 15.921012780220167, 16.346048418567175, 16.64348687414002, 16.959465120146458, 17.299007481663804, 17.64618549545074, 17.993948566960928, 18.437047222971504, 18.875150394494685, 19.178781269711997, 19.490510500449155, 19.834462123006723, 20.245615955319085, 20.488264939180926
2ACE.pdb, 10, 10, 0.2480020485771484, 1.3943182724595444, 0.6571485133677206, -, -, -, 1.3386769151200004, 27.427167304943985, , length, 0.0, 0.5, 1.0, 1.5, 2.0, 2.5, 3.0, 3.5, 4.0, 4.5, 5.0, 5.5, 6.0, 6.5, 7.0, 7.5, 8.0, 8.5, 9.0, 9.5, 10.0, 10.5, 11.0, 11.5, 12.0, 12.5, 13.0, 13.5, 14.0, 14.5, 15.0, 15.5, 16.0, 16.5, 17.0, 17.5, 18.0, 18.5, 19.0, 19.5, 20.0, 20.5, 21.0, 21.5, 22.0, 22.5, 23.0, 23.5, 24.0, 24.5, 25.0, 25.5, 26.0, 26.5, 27.0, 27.5, 28.0
2ACE.pdb, 10, 10, 0.2480020485771484, 1.3943182724595444, 0.6571485133677206, -, -, -, 1.3386769151200004, 27.427167304943985, , R, 3.2179875353172602, 3.0886906603246342, 3.0044771840404763, 2.8550514373308205, 2.5828319064651946, 2.3282616809986747, 2.089137720019022, 1.9012865381341784, 1.7791708155189903, 1.7302083877693621, 1.7576792182702037, 1.8597200404522387, 2.0270584425112546, 2.2303962243814484, 2.4460929226168173, 2.5067396869051826, 2.6117206065353336, 2.7727378017810556, 2.8672403008074743, 2.9004366143719786, 2.984200318177654, 2.9870095797657137, 2.6944824036696082, 2.507472641240011, 2.2662700762727095, 2.0354938162470426, 1.7084382175387605, 1.3656421848000049, 1.0744560804502283, 0.8539153076874881, 0.7171923257123325, 0.6583682636662767, 0.6660222854908295, 0.6895458228717475, 0.7392883725172585, 0.8792628811990126, 1.0660363502793206, 1.0854426487859512, 1.0456141571771589, 1.0853281445060858, 1.2071209015403839, 1.411365939246779, 1.6671458836035318, 1.6620920224119362, 1.5297870379882066, 1.3929173733035034, 1.2864080114823282, 1.1877125935282145, 1.1795349694698136, 1.25707742245415, 1.2027615884688214, 1.214119761472526, 1.1296048060038597, 1.1380820878827116, 1.2269683184206892, 1.3433644028553542, 1.4524185844214679
2ACE.pdb, 10, 10, 0.2480020485771484, 1.3943182724595444, 0.6571485133677206, -, -, -, 1.3386769151200004, 27.427167304943985, , Upper limit of R overestimation, -, -, -, -, -, -, -, -, -, -, -, -, -, -, -, -, -, -, -, -, -, -, -, -, -, -, -, -, -, -, -, -, -, -, -, -, -, -, -, -, -, -, -, -, -, -, -, -, -, -, -, -, -, -, -, -, -
2ACE.pdb, 11, 11, 0.2291416015667473, 1.4734151190728664, 0.7808350073915582, -, -, -, 1.4181842462058947, 26.38562954570595, , X, 3.769402191235131, 3.810541898268034, 3.860642650167368, 4.0655091144455175, 4.0276928988541565, 4.169463725545817, 4.311234552237478, 4.453005378929138, 4.680633674325597, 4.9863216715387635, 5.371125473966407, 5.755929276394049, 6.140733078821691, 6.5339655758230135, 7.002711040596101, 7.457605339083713, 7.912437503440409, 8.367269667797105, 8.8221018321538, 9.308398677716186, 9.772032999839867, 10.17940975466514, 10.610072736517779, 10.970311966665507, 11.348203542205653, 11.671802211102097, 11.987898784504322, 12.298123137544579, 12.611171199436711, 12.947754764523006, 13.311163171828635, 13.674571579134264, 14.036957082684074, 14.470031062459231, 14.933454464767067, 15.394971285182379, 15.86620569143321, 16.253507877744365, 16.582039578227068, 16.92424764467589, 17.117502913629433, 17.32881506832221, 17.64164241247227, 18.03642292490295, 18.428963705913134, 18.804321372446704, 19.282218017631983, 19.729615011405414, 20.17701200517884, 20.621899238102507, 20.99887414541981, 21.312947210057434, 21.604668025510264, 21.894814494954932, 22.184960964399604
2ACE.pdb, 11, 11, 0.2291416015667473, 1.4734151190728664, 0.7808350073915582, -, -, -, 1.4181842462058947, 26.38562954570595, , Y, 67.70555873545213, 67.2263844970562, 66.749183043259, 66.33864158817838, 65.97840388365793, 65.60912539243715, 65.23984690121635, 64.87056840999557, 64.49911718046351, 64.13250238382076, 63.817232078860435, 63.501961773900106, 63.18669146893977, 62.885441850856395, 62.87542455263824, 63.0287774853116, 63.18059135799047, 63.33240523066935, 63.484219103348224, 63.5075953487804, 63.4608086476399, 63.409388895605495, 63.55776022793355, 63.388025548252806, 63.27276741828045, 62.92445931592077, 62.566721111162536, 62.205563718578915, 61.850708122707445, 61.622332818568616, 61.64545967136208, 61.66858652415555, 61.67526118460046, 61.754822073375685, 61.92945851330807, 62.105403829320714, 62.254382099147975, 62.36339723858559, 62.60992076723848, 62.860097844418874, 63.154587444718906, 63.437876049390404, 63.52712602113234, 63.30129954437873, 63.0774467630997, 62.88073487832151, 62.98082154590605, 63.103119562692115, 63.22541757947818, 63.354960786024954, 63.68055362262135, 64.04519343044552, 64.42352406994284, 64.80244855517144, 65.18137304040003
2ACE.pdb, 11, 11, 0.2291416015667473, 1.4734151190728664, 0.7808350073915582, -, -, -, 1.4181842462058947, 26.38562954570595, , Z, 64.32331952194659, 64.46006590677239, 64.60055664823427, 64.79043521911402, 64.4937498881505, 64.18791589948857, 63.882081910826656, 63.57624792216473, 63.346591574645416, 63.26049326475385, 63.21018751510784, 63.15988176546183, 63.109576015815826, 63.041739450639476, 63.111501049879735, 63.25132533987942, 63.39303013982934, 63.534734939779256, 63.676439739729176, 63.74176243018636, 63.81328538014181, 63.91676976906696, 63.8742437999468, 63.57374686669208, 63.67389400217805, 63.82870151917593, 63.97693515820287, 64.1292211262461, 64.29038285059814, 64.27718002032489, 63.9345439478231, 63.591907875321304, 63.24782878101152, 63.04025251822076, 62.974895880239764, 62.89714325811708, 62.83641184425798, 62.809468234306394, 63.09329932551188, 63.35815089441966, 63.7128830931351, 64.06531890697714, 64.3900106541273, 64.59773823872312, 64.8114706605459, 65.05026730733424, 65.07214566099746, 64.88538612294734, 64.69862658489723, 64.52006788244479, 64.56341789986372, 64.68374946366693, 64.83127006355535, 64.98037157516083, 65.12947308676631
2ACE.pdb, 11, 11, 0.2291416015667473, 1.4734151190728664, 0.7808350073915582, -, -, -, 1.4181842462058947, 26.38562954570595, , distance, 0.0, 0.4999999999999955, 0.9999198518662968, 1.4745639599638771, 1.7546579385860284, 2.1385546834052978, 2.5628124758527604, 3.0104151605481784, 3.4735583692191234, 3.921380415931873, 4.350133851670987, 4.792713708167186, 5.245621493155366, 5.702524438153723, 5.937422534112388, 6.05180112428127, 6.20528079137054, 6.394272636637594, 6.6157339278081935, 6.9743521078349975, 7.369505733643146, 7.727260507942272, 8.012532369492218, 8.429475285091094, 8.803954922919122, 9.249404559327122, 9.699037091888954, 10.15020691182506, 10.604585787114473, 11.011354247731443, 11.310223239370513, 11.622924635381592, 11.955912860779883, 12.311010762610252, 12.641900302562117, 12.982664228359289, 13.351362330659821, 13.663210822190567, 13.84348773962983, 14.052046136773322, 14.115798426510683, 14.217501798753203, 14.488022515544309, 14.933877101047111, 15.38052196010838, 15.806839441222285, 16.23364829483854, 16.620070952557462, 17.01241252661051, 17.406121599873774, 17.694999779865178, 17.92495901631101, 18.141843144443378, 18.368188187715184, 18.605219749335188
2ACE.pdb, 11, 11, 0.2291416015667473, 1.4734151190728664, 0.7808350073915582, -, -, -, 1.4181842462058947, 26.38562954570595, , length, 0.0, 0.5, 1.0, 1.5, 2.0, 2.5, 3.0, 3.5, 4.0, 4.5, 5.0, 5.5, 6.0, 6.5, 7.0, 7.5, 8.0, 8.5, 9.0, 9.5, 10.0, 10.5, 11.0, 11.5, 12.0, 12.5, 13.0, 13.5, 14.0, 14.5, 15.0, 15.5, 16.0, 16.5, 17.0, 17.5, 18.0, 18.5, 19.0, 19.5, 20.0, 20.5, 21.0, 21.5, 22.0, 22.5, 23.0, 23.5, 24.0, 24.5, 25.0, 25.5, 26.0, 26.5, 27.0
2ACE.pdb, 11, 11, 0.2291416015667473, 1.4734151190728664, 0.7808350073915582, -, -, -, 1.4181842462058947, 26.38562954570595, , R, 3.2179875353172602, 3.0886906603246342, 3.0044771840404763, 2.8550514373308205, 2.7768446108163984, 2.5771852974224747, 2.4310734127990994, 2.3445872826526926, 2.2094786320146502, 1.9809308946494633, 1.7324736363757296, 1.546048333201424, 1.4334251315608637, 1.3818481119723618, 1.1877894212756543, 0.9618032886581007, 0.8207251779777054, 0.7818777452426509, 0.8502927982145971, 0.8933984277544482, 0.9585616575994163, 1.0528385623495806, 1.2793213427114378, 1.321627540850923, 1.3356222890896379, 1.183665143775706, 1.1094346797942176, 1.121633504893583, 1.221334678059438, 1.2461308434822205, 1.0437490027265057, 0.9282928858081179, 0.9087639759773007, 0.8684741078986167, 0.801668559578705, 0.8431354698393716, 0.9578856085052236, 1.0487757739695254, 1.1106336861754866, 1.2395343485455625, 1.3503069563580472, 1.5272177338646036, 1.676029533571607, 1.7174370448332588, 1.832670539010366, 1.993509998926775, 1.8851186470993486, 1.791995924908218, 1.7729927136866772, 1.8216135650727439, 1.73338007094998, 1.6507378344041457, 1.6207117263510367, 1.6683061993962482, 1.7915740508371862
2ACE.pdb, 11, 11, 0.2291416015667473, 1.4734151190728664, 0.7808350073915582, -, -, -, 1.4181842462058947, 26.38562954570595, , Upper limit of R overestimation, -, -, -, -, -, -, -, -, -, -, -, -, -, -, -, -, -, -, -, -, -, -, -, -, -, -, -, -, -, -, -, -, -, -, -, -, -, -, -, -, -, -, -, -, -, -, -, -, -, -, -, -, -, -, -
2ACE.pdb, 12, 12, 0.21998386088532462, 1.5142010949328844, 0.7526487484549906, -, -, -, 1.3002420099878607, 21.890816696486574, , X, 3.769402191235131, 3.9909218595242524, 4.295148225796317, 4.688537627453249, 5.055129589334569, 5.487577236883445, 5.774234426288222, 5.990566598377277, 6.206898770466331, 6.4692933248919084, 6.807549598217344, 7.085927491334216, 7.287227173156999, 7.48935923317996, 7.66463922006159, 7.809239044855698, 8.064932806339096, 8.544206075972204, 8.872392299699278, 9.117738459229061, 9.373111372762521, 9.628484286295983, 9.863880528280562, 10.1097690419973, 10.463753354936166, 10.887701827052021, 11.32851307737384, 11.719980005756243, 12.110025676191464, 12.497246452382933, 12.885767542418021, 13.279467270387315, 13.677110703305406, 14.074754136223495, 14.297881797332582, 14.524948971819535, 14.845251544170727, 15.23107827406321, 15.697621109955897, 16.164163945848582, 16.59217726388898, 17.01575507392761, 17.3785700123908, 17.74014608402114, 18.17088861105185, 18.594989007750797, 19.01908940444974
2ACE.pdb, 12, 12, 0.21998386088532462, 1.5142010949328844, 0.7526487484549906, -, -, -, 1.3002420099878607, 21.890816696486574, , Y, 67.70555873545213, 68.05264766674537, 68.3994168074535, 68.6662591897069, 68.66602900784132, 68.8883175700812, 69.2266715676352, 69.63708730318741, 70.04750303873963, 70.4163310316576, 70.5994651103665, 70.73502620740621, 70.98738534254106, 71.23941156191255, 71.5091028026728, 71.79557980590339, 71.98252079741731, 71.9878703623106, 72.31354182404355, 72.72154956770797, 73.12174142106892, 73.52193327442987, 73.93292171065434, 74.32541612388836, 74.35970831760861, 74.42478134342886, 74.38140670843143, 74.14637659099306, 74.03908982376691, 73.98532363082633, 74.00455072634874, 74.17280075175857, 74.34089024209965, 74.50897973244072, 74.5016708928223, 74.56409927857246, 74.77391106535781, 75.00560937340758, 74.91086789885931, 74.81612642431104, 74.82372168119903, 74.69092315969529, 74.53148227687926, 74.44005595655476, 74.39759289093361, 74.36332382288191, 74.32905475483021
2ACE.pdb, 12, 12, 0.21998386088532462, 1.5142010949328844, 0.7526487484549906, -, -, -, 1.3002420099878607, 21.890816696486574, , Z, 64.32331952194659, 64.55042513540974, 64.74179853313942, 64.78430847216875, 64.67745695686138, 64.79397659995544, 64.97258093514337, 65.15901943795424, 65.34545794076512, 65.55777276443223, 65.80014487536984, 66.13495363506826, 66.51671404354715, 66.89832302543854, 67.27963707853286, 67.6630186019268, 67.96844705461405, 68.11053948492687, 68.13217247154549, 67.98607878463932, 67.8291356244285, 67.67219246421767, 67.51217667882392, 67.35538688438349, 67.00393396912591, 66.75887649102081, 66.59523574081605, 66.39148469694203, 66.11575354031243, 65.80425291088463, 65.51421778896854, 65.25603028074825, 65.00378907972431, 64.75154787870039, 64.9741422328651, 65.26591122638425, 65.44233075905845, 65.44519266836629, 65.59803845757105, 65.75088424677583, 65.7033203442866, 65.8934112394691, 66.19107156979521, 66.19850011681372, 66.44870896865241, 66.71131986807333, 66.97393076749425
2ACE.pdb, 12, 12, 0.21998386088532462, 1.5142010949328844, 0.7526487484549906, -, -, -, 1.3002420099878607, 21.890816696486574, , distance, 0.0, 0.4702325481415364, 0.96590506766825, 1.4072192882220356, 1.6434754057103917, 2.1383549830328765, 2.598976129479884, 3.0598640952087797, 3.531410432205444, 4.02014594055451, 4.448150952680952, 4.843452424629698, 5.287386690021623, 5.7408047550838255, 6.195129738545477, 6.648469305443683, 7.0732554367981955, 7.448488440967329, 7.860113038849743, 8.196381535851978, 8.54560343214749, 8.90920904221057, 9.278551923258455, 9.654853501521016, 9.81212199165324, 10.087124461927816, 10.337732190999855, 10.43901956239541, 10.625085217288852, 10.853749411631735, 11.144669398417498, 11.538479382777163, 11.943757825003035, 12.35597812792936, 12.54829046016277, 12.791006373708031, 13.186668635307004, 13.635224871671335, 13.99370555207044, 14.36064876163502, 14.730791104205379, 15.05743566593363, 15.339203978369634, 15.62214581938803, 16.021966562768274, 16.426393580653773, 16.83595555929696
2ACE.pdb, 12, 12, 0.21998386088532462, 1.5142010949328844, 0.7526487484549906, -, -, -, 1.3002420099878607, 21.890816696486574, , length, 0.0, 0.5, 1.0, 1.5, 2.0, 2.5, 3.0, 3.5, 4.0, 4.5, 5.0, 5.5, 6.0, 6.5, 7.0, 7.5, 8.0, 8.5, 9.0, 9.5, 10.0, 10.5, 11.0, 11.5, 12.0, 12.5, 13.0, 13.5, 14.0, 14.5, 15.0, 15.5, 16.0, 16.5, 17.0, 17.5, 18.0, 18.5, 19.0, 19.5, 20.0, 20.5, 21.0, 21.5, 22.0, 22.5, 23.0
2ACE.pdb, 12, 12, 0.21998386088532462, 1.5142010949328844, 0.7526487484549906, -, -, -, 1.3002420099878607, 21.890816696486574, , R, 3.2179875353164493, 2.9559600779101367, 2.74365504753844, 2.64289524802346, 2.7162630707454265, 2.5991526075539872, 2.397054115802257, 2.1556816449933227, 1.9696931332938474, 1.8163112391637508, 1.6609007674089997, 1.4496962803535958, 1.251705097841481, 1.1341665420142153, 1.105406737725684, 1.1644333238397766, 1.253295853704198, 1.3303537762561404, 1.2120234753391959, 0.9743166365505518, 0.8131202583906787, 0.752726291671121, 0.7902804648974531, 0.9082068489204933, 0.9277768993690576, 0.9683177356150763, 0.9701117510749606, 0.9836840770207531, 1.003449869315555, 1.0699528376926017, 1.1328215264482693, 1.141653369905916, 1.2395060193948346, 1.4202973116032123, 1.3603146507792654, 1.2526815689786264, 1.224221377420276, 1.2253527406444902, 0.9826443924009536, 0.8229674003424838, 0.8093064042518292, 0.7968271307365407, 0.831930465375847, 0.8887428369849109, 0.9417696271054408, 1.0825656169964923, 1.3060194416538957
2ACE.pdb, 12, 12, 0.21998386088532462, 1.5142010949328844, 0.7526487484549906, -, -, -, 1.3002420099878607, 21.890816696486574, , Upper limit of R overestimation, -, -, -, -, -, -, -, -, -, -, -, -, -, -, -, -, -, -, -, -, -, -, -, -, -, -, -, -, -, -, -, -, -, -, -, -, -, -, -, -, -, -, -, -, -, -, -
2ACE.pdb, 13, 13, 0.1964790654636991, 1.6271993904287108, 0.6700073811965352, -, -, -, 1.256879948462504, 27.938223220705694, , X, 3.769402191235131, 3.810541898268034, 3.860642650167368, 4.0655091144455175, 4.123571482429884, 4.147891292459812, 4.119629568797574, 4.08255387808977, 4.045478187381964, 4.008402496674159, 3.971326805966354, 3.934251115258549, 3.8924075611269564, 3.8193818056076005, 3.6920327581555483, 3.5327460243163493, 3.3750409551120715, 3.2173358859077936, 3.2224326937080976, 3.3890264181908893, 3.561926822439285, 3.7208440420654965, 3.6792914602699316, 3.6421126679181626, 3.604933875566393, 3.5640119480987167, 3.60675908851547, 3.7951570166068263, 3.9835549446981826, 4.171952872789539, 4.475892261501356, 4.756424600874729, 4.957890379375718, 5.228936703359162, 5.543447031813489, 5.950512920820859, 6.353456806997652, 6.744549904517732, 7.135643002037812, 7.527841133023156, 7.92781633465466, 8.098038456577443, 8.144513236113225, 8.304638846697683, 8.30182350839276, 8.299008170087836, 8.2646977635904, 8.198238891993125, 8.319989302849594, 8.683639174077557, 8.803489607203025, 8.756228616704037, 8.714619265340792, 8.67582493502133, 8.637030604701867, 8.598236274382405, 8.559441944062943, 8.302299329086603
2ACE.pdb, 13, 13, 0.1964790654636991, 1.6271993904287108, 0.6700073811965352, -, -, -, 1.256879948462504, 27.938223220705694, , Y, 67.70555873545213, 67.2263844970562, 66.749183043259, 66.33864158817838, 66.02759123453902, 65.74271789490987, 65.50642408781789, 65.27907809600943, 65.05173210420098, 64.82438611239253, 64.59704012058407, 64.36969412877562, 64.1473125069824, 63.94552799280136, 63.78852415249279, 63.342471202369126, 62.88633047727562, 62.43018975218212, 61.994683885551915, 61.57964747590413, 61.167720559616335, 60.76112620121094, 60.2740309339469, 59.77790194421191, 59.281772954476935, 58.82690622835696, 58.407834057788385, 57.98024951533759, 57.552664972886795, 57.12508043043599, 56.75025444808588, 56.352538214695024, 55.90848097552882, 55.522132349311605, 55.179953016949625, 54.909498406184575, 54.623988297363475, 54.32082513636945, 54.01766197537543, 53.71539053448149, 53.419394894667754, 53.24533847261135, 52.9645683949576, 53.000167765274, 52.678585245554125, 52.357002725834256, 52.11489714082706, 51.9754794936573, 51.81377449888471, 51.61593746649626, 51.26250878676719, 50.80243038752469, 50.388472733343235, 49.97572039822518, 49.56296806310713, 49.15021572798907, 48.73746339287102, 48.37533527372809
2ACE.pdb, 13, 13, 0.1964790654636991, 1.6271993904287108, 0.6700073811965352, -, -, -, 1.256879948462504, 27.938223220705694, , Z, 64.32331952194659, 64.46006590677239, 64.60055664823427, 64.79043521911402, 65.1693149943931, 65.57686319459565, 66.01654969581969, 66.46032801116101, 66.90410632650232, 67.34788464184362, 67.79166295718493, 68.23544127252624, 68.68123325466688, 69.12993927119291, 69.58217057699979, 69.7381699791614, 69.86880209641612, 69.99943421367082, 70.17673097799614, 70.40031834264278, 70.62478208351926, 70.70328407662262, 70.72898232358527, 70.77871926100414, 70.82845619842303, 70.71418716864027, 70.47441565247729, 70.29643340687952, 70.11845116128174, 69.94046891568395, 69.85076876417875, 69.79112068514569, 69.70316787131196, 69.538035714313, 69.37195407008659, 69.30904704046287, 69.25249485143483, 69.18081300653488, 69.1091311616349, 69.04026431695048, 68.99120904923038, 69.33723002629797, 69.7476177638687, 70.1361075456951, 70.51896098616658, 70.90181442663805, 71.32466838849507, 71.80004680649107, 72.2082676296846, 72.48865892728782, 72.71541078869998, 72.90539569685721, 73.10398742731049, 73.38350578053557, 73.66302413376064, 73.94254248698572, 74.2220608402108, 74.3178054210888
2ACE.pdb, 13, 13, 0.1964790654636991, 1.6271993904287108, 0.6700073811965352, -, -, -, 1.256879948462504, 27.938223220705694, , distance, 0.0, 0.4999999999999955, 0.9999198518662968, 1.4745639599638771, 1.9122549935471465, 2.3595274747891763, 2.797477584563275, 3.248488503218794, 3.712071426435011, 4.184049592723039, 4.66187384146938, 5.143915282465988, 5.6274024776332965, 6.102779904385911, 6.557793864746638, 6.9579554782051085, 7.357503569330341, 7.768691853119979, 8.196077894716469, 8.637209569954802, 9.082665052558912, 9.430347227721834, 9.81163805573146, 10.22429120347556, 10.644436100153813, 10.941473610591899, 11.149444854679064, 11.413167492867759, 11.692333551219672, 11.985863987452097, 12.291074622408855, 12.639704812302545, 13.020227191151323, 13.332643566281773, 13.620820258429305, 13.905174679012825, 14.216243976970643, 14.546403005110271, 14.886036677417122, 15.234836322380133, 15.594103953509233, 15.905167729802564, 16.30525695261766, 16.45008813702473, 16.874203637964204, 17.302372586298294, 17.671878711446436, 17.970849683934738, 18.314722382382037, 18.70022473946213, 19.134866698152685, 19.601944220312227, 20.035887012527034, 20.50627042261146, 20.97802385621175, 21.451056924503956, 21.925286804163566, 22.22823528602037
2ACE.pdb, 13, 13, 0.1964790654636991, 1.6271993904287108, 0.6700073811965352, -, -, -, 1.256879948462504, 27.938223220705694, , length, 0.0, 0.5, 1.0, 1.5, 2.0, 2.5, 3.0, 3.5, 4.0, 4.5, 5.0, 5.5, 6.0, 6.5, 7.0, 7.5, 8.0, 8.5, 9.0, 9.5, 10.0, 10.5, 11.0, 11.5, 12.0, 12.5, 13.0, 13.5, 14.0, 14.5, 15.0, 15.5, 16.0, 16.5, 17.0, 17.5, 18.0, 18.5, 19.0, 19.5, 20.0, 20.5, 21.0, 21.5, 22.0, 22.5, 23.0, 23.5, 24.0, 24.5, 25.0, 25.5, 26.0, 26.5, 27.0, 27.5, 28.0, 28.5
2ACE.pdb, 13, 13, 0.1964790654636991, 1.6271993904287108, 0.6700073811965352, -, -, -, 1.256879948462504, 27.938223220705694, , R, 3.2179875353172602, 3.0886906603246342, 3.0044771840404763, 2.8550514373308205, 2.5828319064651946, 2.3282616809986747, 2.089137720019022, 1.9012865381341784, 1.7791708155189903, 1.7302083877693621, 1.7576792182702037, 1.8597200404522387, 2.0270584425112546, 2.2303962243814484, 2.4460929226168173, 2.5067396869051826, 2.6117206065353336, 2.7727378017810556, 2.8672403008074743, 2.9004366143719786, 2.984200318177654, 3.0345153707247188, 2.8118413808333957, 2.6144504324386806, 2.470302119875669, 2.3168041994688235, 2.090838548186664, 1.810980476464012, 1.586880565470461, 1.431267992170778, 1.2611723026599577, 1.1410125962062665, 1.088153187688023, 1.038359672634793, 1.0236595308802494, 0.9539764643172157, 0.8132803030027453, 0.7499568607732336, 0.7954289726014983, 0.9425414700522596, 1.1684086832259264, 1.0460317783382025, 0.8189432594315242, 0.7851449773408876, 0.6808027599897666, 0.6875715640035831, 0.7515177297665532, 0.8480755030973408, 0.9433875663098981, 1.011975220482721, 0.9952088733692968, 0.9510478569367167, 0.987849921894191, 1.0878115940226363, 1.2750047207640018, 1.5334278226719658, 1.8467182162220572, 2.030042917015181
2ACE.pdb, 13, 13, 0.1964790654636991, 1.6271993904287108, 0.6700073811965352, -, -, -, 1.256879948462504, 27.938223220705694, , Upper limit of R overestimation, -, -, -, -, -, -, -, -, -, -, -, -, -, -, -, -, -, -, -, -, -, -, -, -, -, -, -, -, -, -, -, -, -, -, -, -, -, -, -, -, -, -, -, -, -, -, -, -, -, -, -, -, -, -, -, -, -, -
2ACE.pdb, 14, 14, 0.1697238315499349, 1.7735826831902852, 0.6669175509330043, -, -, -, 1.9530949483001594, 29.14237225342278, , X, 3.769402191235131, 3.9909218595242524, 4.295148225796317, 4.688537627453249, 4.932865372036846, 5.221461438112345, 5.570300594357788, 5.748818098389131, 5.921785084042933, 6.153428872135137, 6.406424115340876, 6.705120107755812, 7.001657386707047, 7.2971535817355795, 7.5926497767641115, 7.706296524579498, 7.763169350569844, 7.8205149020224, 7.836622581485084, 7.843294520290575, 7.653806248867566, 7.5985025099165995, 7.601516734572887, 7.343464294178455, 6.9881561173718945, 6.710178929888712, 6.753305021785555, 6.796431113682397, 6.843900568637509, 6.918777777259142, 6.9927604151544696, 7.22105653578268, 7.450763645763122, 7.680470755743565, 7.910177865724007, 8.14092804154691, 8.076117776724912, 7.9444671765928225, 7.840139411403641, 7.796856439109409, 7.6841365316026655, 7.565955364738417, 7.7185353238680685, 8.006499050225711, 8.31032976047166, 8.51785188059391, 8.642709634842069, 8.518836164819652, 8.220058929072204, 7.933629873273004, 7.7498462031123925, 7.970104804751522, 8.141667114868376, 8.22042794200599, 8.247152021125308, 8.306684863789151, 8.416467197074342, 8.542628163042096, 8.417274663450684, 8.536032806975518, 8.633487377499574, 8.634563281981226
2ACE.pdb, 14, 14, 0.1697238315499349, 1.7735826831902852, 0.6669175509330043, -, -, -, 1.9530949483001594, 29.14237225342278, , Y, 67.70555873545213, 68.05264766674537, 68.3994168074535, 68.6662591897069, 68.6262173032307, 68.84804712170202, 69.06835003057279, 69.21696835028187, 69.55045181316578, 69.93542593831484, 70.20919081345762, 70.61010118135228, 71.0124517848402, 71.41549697153532, 71.81854215823044, 72.26481577593897, 72.74898134708175, 73.20045039935928, 73.6944079062637, 74.19343334152127, 74.5542905181497, 74.83734401631385, 75.17270560303189, 75.45177307520616, 75.71622782476747, 76.00519757152715, 76.39009943511417, 76.77500129870118, 77.15957679416265, 77.54492869239567, 77.94204050148456, 78.30499595918559, 78.66740953097548, 79.02982310276536, 79.39223667455525, 79.75423342043588, 79.6196168419408, 79.373319370935, 79.09003925092672, 78.6647199486944, 78.23433493972306, 77.80427510683803, 77.63035466419736, 77.61033239588322, 77.59654616032556, 77.5291643701065, 77.41893191323888, 77.24048469445091, 77.02817609007981, 76.81508628130464, 76.57540620661548, 76.37135492086821, 76.12069662120057, 75.86441328632046, 75.56805442942346, 75.34247553794918, 75.27763280971494, 75.19941655702979, 75.16871899741237, 75.53157758448725, 75.90024488840872, 76.22472130534919
2ACE.pdb, 14, 14, 0.1697238315499349, 1.7735826831902852, 0.6669175509330043, -, -, -, 1.9530949483001594, 29.14237225342278, , Z, 64.32331952194659, 64.55042513540974, 64.74179853313942, 64.78430847216875, 64.41984651108096, 64.08602297599313, 63.90980388018936, 63.64444974209465, 63.61247327506961, 63.777006497842564, 63.52062789904173, 63.513445905597386, 63.52148584815363, 63.5368668821095, 63.55224791606536, 63.39236293412991, 63.281236063464625, 63.163899719909224, 63.112457914029406, 63.082192341442706, 63.17260838554537, 62.909101675174995, 62.588002987709494, 62.51400721427944, 62.745998129896535, 62.9952750761425, 63.3114881302768, 63.6277011844111, 63.94347850921978, 64.25294032106567, 64.54418586967607, 64.80136068541269, 65.0580531991464, 65.3147457128801, 65.5714382266138, 65.82776212065676, 66.25811206460307, 66.67284773374789, 67.05138732940924, 67.29699531756798, 67.52484471971746, 67.75085744488467, 68.11373996278505, 68.52187138007042, 68.91866605668643, 69.35582992011781, 69.82726652406525, 70.22024457535026, 70.56013989947695, 70.90991934028617, 71.25478338481204, 71.65339247415142, 72.04654605519735, 72.35981127286432, 72.75586999878955, 73.18987540187004, 73.66994968192641, 74.14740714441075, 74.55419588409441, 74.87652145664143, 75.19134234592998, 75.56582917859272
2ACE.pdb, 14, 14, 0.1697238315499349, 1.7735826831902852, 0.6669175509330043, -, -, -, 1.9530949483001594, 29.14237225342278, , distance, 0.0, 0.4702325481415364, 0.96590506766825, 1.4072192882220356, 1.4868006696046001, 1.8628111605524997, 2.2959595724673094, 2.5813389036099665, 2.9226161178209, 3.3097354694826495, 3.7237577863918743, 4.208408461624736, 4.693181493312889, 5.179496051107348, 5.668192494763974, 6.095296704964171, 6.517071865256601, 6.924565175585747, 7.339944272753253, 7.760767506567834, 7.957251914682665, 8.21732211008974, 8.570572191473774, 8.720743519894533, 8.776054857927441, 8.904823113679562, 9.238437423689225, 9.586531039793355, 9.948631912078351, 10.331346522276943, 10.734261927565496, 11.157531560702326, 11.586821332816513, 12.021578376783772, 12.461230466518886, 12.905198466405942, 12.815459487751816, 12.613012673304247, 12.394339517900903, 12.04849990471921, 11.680326917823677, 11.320154794088035, 11.334218713472184, 11.5622389164985, 11.813926747800759, 12.01570484929145, 12.181632753165434, 12.175617487359222, 12.067206311339744, 11.987809702503926, 11.939988273679427, 12.102557393337172, 12.23026877392729, 12.286730137787632, 12.368386702448449, 12.550906161338549, 12.895387326562275, 13.245915930648467, 13.489711292360436, 13.976316021284491, 14.45427708144962, 14.921124177186734
2ACE.pdb, 14, 14, 0.1697238315499349, 1.7735826831902852, 0.6669175509330043, -, -, -, 1.9530949483001594, 29.14237225342278, , length, 0.0, 0.5, 1.0, 1.5, 2.0, 2.5, 3.0, 3.5, 4.0, 4.5, 5.0, 5.5, 6.0, 6.5, 7.0, 7.5, 8.0, 8.5, 9.0, 9.5, 10.0, 10.5, 11.0, 11.5, 12.0, 12.5, 13.0, 13.5, 14.0, 14.5, 15.0, 15.5, 16.0, 16.5, 17.0, 17.5, 18.0, 18.5, 19.0, 19.5, 20.0, 20.5, 21.0, 21.5, 22.0, 22.5, 23.0, 23.5, 24.0, 24.5, 25.0, 25.5, 26.0, 26.5, 27.0, 27.5, 28.0, 28.5, 29.0, 29.5, 30.0, 30.5
2ACE.pdb, 14, 14, 0.1697238315499349, 1.7735826831902852, 0.6669175509330043, -, -, -, 1.9530949483001594, 29.14237225342278, , R, 3.2179875353164493, 2.9559600779101367, 2.74365504753844, 2.64289524802346, 2.6979985614306545, 2.527362263812234, 2.398910986315809, 2.335927302467927, 2.095309035231964, 1.7945407222948728, 1.5615802853040455, 1.2922059216553423, 1.0909806113527467, 0.9748303120344999, 0.9561132483859356, 0.8348066741489615, 0.7491885154228388, 0.7546490656089713, 0.7960566483929421, 0.9311080304189168, 0.9112993931521567, 1.036324851371468, 1.2153139642054396, 1.337077329834902, 1.2978202267250332, 1.283163608781785, 1.087902251930823, 0.9789161837991256, 0.96452285556723, 1.0272781800975, 1.1674491450639723, 1.281437778198593, 1.4745740417410622, 1.7337507215243981, 2.0445916770608754, 2.3942051288327737, 2.3681967242161686, 2.2998660460007008, 2.2413231484056086, 2.0204162113883615, 1.8621540914521497, 1.7735773597117812, 1.5587118909574182, 1.313569675822381, 1.125040133468148, 0.9735426939861793, 0.8768346732952059, 0.8034071787080705, 0.7685237822317856, 0.8280808639572057, 0.9290940181587835, 0.7839992305939374, 0.7121913806444415, 0.6998818188207383, 0.7217512659111063, 0.8138296172657942, 0.937011835453748, 1.138470320816785, 1.1792677674560887, 1.194599478827565, 1.2775914896885059, 1.3541666599748625
2ACE.pdb, 14, 14, 0.1697238315499349, 1.7735826831902852, 0.6669175509330043, -, -, -, 1.9530949483001594, 29.14237225342278, , Upper limit of R overestimation, -, -, -, -, -, -, -, -, -, -, -, -, -, -, -, -, -, -, -, -, -, -, -, -, -, -, -, -, -, -, -, -, -, -, -, -, -, -, -, -, -, -, -, -, -, -, -, -, -, -, -, -, -, -, -, -, -, -, -, -, -, -
2ACE.pdb, 15, 15, 0.15866479845895387, 1.8409614879065037, 0.7998167361439616, -, -, -, 1.5156263681868565, 33.59798235716318, , X, 3.769402191235131, 3.810541898268034, 3.860642650167368, 4.0655091144455175, 4.123571482429884, 4.147891292459812, 4.119629568797574, 4.08255387808977, 4.045478187381964, 4.008402496674159, 3.971326805966354, 3.934251115258549, 3.8924075611269564, 3.8193818056076005, 3.6920327581555483, 3.5327460243163493, 3.3750409551120715, 3.2173358859077936, 3.2224326937080976, 3.3890264181908893, 3.561926822439285, 3.825216810320266, 4.3076390518544905, 4.6952622364052745, 5.12221844251659, 5.55468676777892, 5.928850077553099, 6.380720884426691, 6.8325916913002835, 7.284462498173877, 7.689949962423348, 7.987992272799504, 8.286034583175661, 8.589792936514474, 9.062912902809698, 9.434369760689341, 9.825533460118072, 10.080851422179341, 10.320331391045501, 10.5155987265877, 10.75831915702505, 10.99172199204607, 11.343759315277364, 11.699870499276312, 12.128669912673756, 12.53146248248022, 12.876868700001847, 13.223215996450689, 13.570859117891862, 13.905318998837727, 14.144538628215157, 14.42303460337824, 14.692809637864316, 14.625277530714998, 14.558949596068478, 14.45740327807802, 14.408306579188345, 14.368566384429545, 14.328826189670748, 14.593921339991278, 14.698438269980105, 14.80307006919191, 14.916870035105031, 15.037534138136381, 15.203792925441922, 15.322025214904217, 15.358031326215842, 15.394037437527468, 15.430043548839093, 15.466049660150718
2ACE.pdb, 15, 15, 0.15866479845895387, 1.8409614879065037, 0.7998167361439616, -, -, -, 1.5156263681868565, 33.59798235716318, , Y, 67.70555873545213, 67.2263844970562, 66.749183043259, 66.33864158817838, 66.02759123453902, 65.74271789490987, 65.50642408781789, 65.27907809600943, 65.05173210420098, 64.82438611239253, 64.59704012058407, 64.36969412877562, 64.1473125069824, 63.94552799280136, 63.78852415249279, 63.342471202369126, 62.88633047727562, 62.43018975218212, 61.994683885551915, 61.57964747590413, 61.167720559616335, 60.9114311930521, 60.97336316056288, 61.11277526999893, 61.01820629897502, 60.80105681505695, 60.54704629226109, 60.35661924692444, 60.16619220158778, 59.97576515625113, 59.8231238238852, 59.758664083834404, 59.69420434378361, 59.6196603146571, 59.655518132389034, 59.755987325753175, 59.64624113254788, 59.225369554306596, 58.87982299680731, 58.463773425986496, 58.08369881802695, 57.787497667258386, 57.51175904365114, 57.238466836522726, 57.14622848332639, 56.99972399284483, 56.712606731136155, 56.425919337636024, 56.14777871572527, 55.86905845281055, 55.4601554323979, 55.0624586036179, 54.661709032425755, 54.27016113715324, 53.82152546811314, 53.37191397047711, 52.918318431603254, 52.46401217835361, 52.00970592510397, 51.72259997297232, 51.304556586431524, 50.88667997318106, 50.48211419539604, 50.075523159641456, 49.80527743403481, 49.621563724170635, 49.44350757482595, 49.26545142548127, 49.08739527613659, 48.909339126791906
2ACE.pdb, 15, 15, 0.15866479845895387, 1.8409614879065037, 0.7998167361439616, -, -, -, 1.5156263681868565, 33.59798235716318, , Z, 64.32331952194659, 64.46006590677239, 64.60055664823427, 64.79043521911402, 65.1693149943931, 65.57686319459565, 66.01654969581969, 66.46032801116101, 66.90410632650232, 67.34788464184362, 67.79166295718493, 68.23544127252624, 68.68123325466688, 69.12993927119291, 69.58217057699979, 69.7381699791614, 69.86880209641612, 69.99943421367082, 70.17673097799614, 70.40031834264278, 70.62478208351926, 70.81813631257342, 70.90012840362051, 71.02323321166293, 70.9810005997789, 70.85523395364838, 70.70620680455511, 70.60848109504242, 70.51075538552972, 70.41302967601702, 70.22548842417373, 69.82923632873671, 69.43298423329969, 69.04716666249438, 68.88987173907915, 68.66386542538778, 68.64723250050199, 68.60201956856837, 68.60328604330647, 68.41638974281823, 68.26626177577026, 68.54093657284513, 68.76462817864052, 68.98462566433803, 68.98557607011678, 68.7930709051667, 68.57340084943203, 68.3546455325808, 68.12731958045242, 67.89670140700096, 68.00378102450014, 68.12326836356287, 68.2518862716204, 68.03379996370273, 67.84205032512504, 67.6483034632251, 67.44500381848201, 67.24000004978787, 67.03499628109371, 66.89169356751641, 66.63808769551181, 66.38426806885425, 66.1133878384878, 65.84873086334701, 65.48888437216095, 65.0471668030502, 64.58133467918071, 64.11550255531122, 63.64967043144174, 63.18383830757225
2ACE.pdb, 15, 15, 0.15866479845895387, 1.8409614879065037, 0.7998167361439616, -, -, -, 1.5156263681868565, 33.59798235716318, , distance, 0.0, 0.4999999999999955, 0.9999198518662968, 1.4745639599638771, 1.9122549935471465, 2.3595274747891763, 2.797477584563275, 3.248488503218794, 3.712071426435011, 4.184049592723039, 4.66187384146938, 5.143915282465988, 5.6274024776332965, 6.102779904385911, 6.557793864746638, 6.9579554782051085, 7.357503569330341, 7.768691853119979, 8.196077894716469, 8.637209569954802, 9.082665052558912, 9.399251538176348, 9.42690676960119, 9.445149765633365, 9.532864824044971, 9.670847632501506, 9.831010407660528, 10.01644412570518, 10.22299076646447, 10.44939842761591, 10.599012817789932, 10.548211069346198, 10.520952467114379, 10.532457074009457, 10.661979577748097, 10.683065192197937, 10.969300324840406, 11.404177920032868, 11.795185379352114, 12.15215977646953, 12.528844409691082, 12.973747810314347, 13.453983075027104, 13.934852541687524, 14.25178754869365, 14.538475694213256, 14.89476858725044, 15.25963465527486, 15.624380093770663, 15.987764276722675, 16.46630362322342, 16.964300036121557, 17.46128523410742, 17.66713341545135, 17.93215490215715, 18.186320619922288, 18.482252980278638, 18.79239336401792, 19.110584016951204, 19.473616275434704, 19.84426498512954, 20.220386212286574, 20.59411143342645, 20.978937812425098, 21.272609232354174, 21.471328072138995, 21.630196708370782, 21.799378204531532, 21.978634410845327, 22.167720925412798
2ACE.pdb, 15, 15, 0.15866479845895387, 1.8409614879065037, 0.7998167361439616, -, -, -, 1.5156263681868565, 33.59798235716318, , length, 0.0, 0.5, 1.0, 1.5, 2.0, 2.5, 3.0, 3.5, 4.0, 4.5, 5.0, 5.5, 6.0, 6.5, 7.0, 7.5, 8.0, 8.5, 9.0, 9.5, 10.0, 10.5, 11.0, 11.5, 12.0, 12.5, 13.0, 13.5, 14.0, 14.5, 15.0, 15.5, 16.0, 16.5, 17.0, 17.5, 18.0, 18.5, 19.0, 19.5, 20.0, 20.5, 21.0, 21.5, 22.0, 22.5, 23.0, 23.5, 24.0, 24.5, 25.0, 25.5, 26.0, 26.5, 27.0, 27.5, 28.0, 28.5, 29.0, 29.5, 30.0, 30.5, 31.0, 31.5, 32.0, 32.5, 33.0, 33.5, 34.0, 34.5
2ACE.pdb, 15, 15, 0.15866479845895387, 1.8409614879065037, 0.7998167361439616, -, -, -, 1.5156263681868565, 33.59798235716318, , R, 3.2179875353172602, 3.0886906603246342, 3.0044771840404763, 2.8550514373308205, 2.5828319064651946, 2.3282616809986747, 2.089137720019022, 1.9012865381341784, 1.7791708155189903, 1.7302083877693621, 1.7576792182702037, 1.8597200404522387, 2.0270584425112546, 2.2303962243814484, 2.4460929226168173, 2.5067396869051826, 2.6117206065353336, 2.7727378017810556, 2.8672403008074743, 2.9004366143719786, 2.984200318177654, 2.9870095797657137, 2.6944824036696082, 2.507472641240011, 2.2662700762727095, 2.0354938162470426, 1.7884241861221408, 1.4848923798359879, 1.2391820950192622, 1.0678163483047598, 0.9472520498023771, 0.830879447397451, 0.8179340613322399, 0.8945596256146313, 0.8885515151450378, 0.9238436968523334, 1.021549337565415, 0.9022137339332326, 0.8306177132871033, 0.9120525309157497, 1.0234670733776983, 1.0926407734668886, 1.1711510873592474, 1.3325991592971151, 1.3513835141619128, 1.2450077274195461, 1.183937629562915, 1.2136736814138365, 1.3239690336753402, 1.5027853481543993, 1.3896077323367044, 1.3535715954928986, 1.3930541545984632, 1.2565712458063545, 1.0380671596849385, 0.8813171498074572, 0.8140207530891521, 0.8509948086909755, 0.9890994180837698, 0.9842806616814199, 0.8801481680759, 0.8777386188093828, 0.9638922438604789, 1.1378867632063714, 1.2710861905268276, 1.3528903243341768, 1.4552586684974393, 1.6344935367322249, 1.8784547668170593, 2.174341637006222
2ACE.pdb, 15, 15, 0.15866479845895387, 1.8409614879065037, 0.7998167361439616, -, -, -, 1.5156263681868565, 33.59798235716318, , Upper limit of R overestimation, -, -, -, -, -, -, -, -, -, -, -, -, -, -, -, -, -, -, -, -, -, -, -, -, -, -, -, -, -, -, -, -, -, -, -, -, -, -, -, -, -, -, -, -, -, -, -, -, -, -, -, -, -, -, -, -, -, -, -, -, -, -, -, -, -, -, -, -, -, -
2ACE.pdb, 16, 16, 0.14867838705443132, 1.9059697820486314, 0.6655572139279733, -, -, -, 1.7896464149125968, 33.503902850626446, , X, 3.769402191235131, 3.3400726728007384, 2.893188443726914, 2.7643768302080565, 2.4992685053328545, 2.234160180457653, 1.9586504106798364, 1.655072636187362, 1.3514948616948874, 1.365446956812653, 1.3199273408553356, 1.3629461202505655, 1.562999989969489, 1.655954716058934, 1.4185231376376473, 1.1449159158930864, 0.8665832693320625, 0.5995664952271003, 0.5525635863626759, 0.6515946135043768, 0.7262073672115825, 0.8008201209187884, 0.8754328746259941, 0.6084511980369189, 0.26545481439572866, -0.07733352046978637, -0.42012185533530144, -0.8393722763211406, -1.2517788053734606, -1.6417787397976975, -2.034029576490843, -2.421211488062304, -2.821840103883161, -3.2550207952599948, -3.621586093709518, -3.804756468369103, -4.037272453163901, -4.280849617213032, -4.519457689393814, -4.766736949435251, -5.051918258441876, -5.501119283926871, -5.950320309411868, -6.354921157705563, -6.743253665167529, -7.11726915464077, -7.321650117224335, -7.5260310798078995, -7.928024682824067, -8.40546315699135, -8.752618202125822, -9.092047130944987, -9.473512346846572, -9.831024295728644, -10.259699882870407, -10.712489745327364, -11.17602407313445, -11.658171591406994, -12.139301323318007, -12.62043105522902, -13.09774588356979, -13.266256608235832, -13.420839549728322, -13.58250178848742, -13.735989068961025, -13.873085573546469, -13.865079296969343, -13.86080613039533, -14.171621443448768, -14.589963361175858
2ACE.pdb, 16, 16, 0.14867838705443132, 1.9059697820486314, 0.6655572139279733, -, -, -, 1.7896464149125968, 33.503902850626446, , Y, 67.70555873545213, 67.65194291336107, 67.65415239500771, 67.75780874553023, 67.85089690791433, 67.94398507029844, 68.03556827094813, 68.12309037494708, 68.21061247894603, 68.00686972892264, 67.70649041551223, 67.41309763134923, 67.17525645345336, 66.9505927454641, 66.58590989105157, 66.25977084231747, 65.93305460784897, 65.5977859084531, 65.1992916490488, 64.73491909295342, 64.25639921449694, 63.777879336040456, 63.299359457583975, 63.222665426816285, 63.239666878005615, 63.259623207428476, 63.279579536851344, 63.21478479175052, 63.050078614812115, 62.86099942783437, 62.68211746894154, 62.499962080682174, 62.29532196854221, 62.06075482736156, 61.75193845555716, 61.42887426930789, 61.104176142295444, 61.162971073911926, 61.30938566301911, 61.44465671954689, 61.5875090470778, 61.77103023457684, 61.95455142207588, 61.99643947163819, 61.986665480685744, 61.962047453229054, 61.76155054432423, 61.56105363541941, 61.40333464123924, 61.25535033336153, 61.42455310492124, 61.74896711579316, 62.05384581718665, 62.30996650426597, 62.505697484428055, 62.70868589346499, 62.81075249683964, 62.77335463341181, 62.73189648938845, 62.690438345365074, 62.67092313503582, 62.469207659777716, 62.81681006054736, 63.17016653885744, 63.53271321096282, 63.90144628122623, 64.25607483334349, 64.5943256924834, 64.80649172521326, 65.03769320577543
2ACE.pdb, 16, 16, 0.14867838705443132, 1.9059697820486314, 0.6655572139279733, -, -, -, 1.7896464149125968, 33.503902850626446, , Z, 64.32331952194659, 64.57291518579062, 64.7421698095862, 65.16785631874285, 65.58144085678292, 65.99502539482299, 66.40156557527962, 66.78909675614871, 67.1766279370178, 67.59157953999735, 67.98304230146663, 68.35703798887836, 68.74197690550334, 69.10544113761637, 69.26652705606034, 69.52875986593341, 69.78506148163237, 70.04254340634162, 70.26822163636959, 70.41693275956231, 70.54123747751872, 70.66554219547513, 70.78984691343152, 70.51556187935284, 70.15217132412836, 69.78871857287163, 69.42526582161489, 69.19316292102502, 68.97264802252906, 68.72335078587986, 68.47010520120608, 68.21172912836487, 68.01592864635555, 67.93120336214425, 67.95029951969954, 67.66182464254992, 67.36668437423218, 66.97961575303748, 66.56534426118759, 66.1525758073098, 65.78034119767256, 65.65976585839387, 65.53919051911518, 65.27629715046318, 64.96149192060007, 64.639284346543, 64.22937043893187, 63.81945653132073, 63.69666757725858, 63.68718410158868, 63.673594928667654, 63.596551371036774, 63.70394441780321, 63.90079610575996, 63.93986500058438, 63.8796510821941, 63.90583237500219, 64.03264887710618, 64.16224595795825, 64.2918430388103, 64.42620763308248, 64.7640872799795, 65.08843080759605, 65.40246365048202, 65.71010658351099, 66.0031551480663, 66.33972414555247, 66.70786946845897, 66.89217422885726, 66.83142936889504
2ACE.pdb, 16, 16, 0.14867838705443132, 1.9059697820486314, 0.6655572139279733, -, -, -, 1.7896464149125968, 33.503902850626446, , distance, 0.0, 0.49949623340657096, 0.9725372520454258, 1.3137916276958286, 1.7936644216822473, 2.2821953628499405, 2.776118686673317, 3.2748709144082775, 3.7739533714101223, 4.068330447429586, 4.403805029018511, 4.706107626208518, 4.967289427575521, 5.282548724188295, 5.587087486761764, 6.006233430045754, 6.434186336276017, 6.870231908004038, 7.209111350801669, 7.461738823289503, 7.7343545199445, 8.028881205584375, 8.342998680725408, 8.272352084556665, 8.136175430376642, 8.027098176857018, 7.948034955128078, 8.069896370944035, 8.2765940616117, 8.491814239430193, 8.72413972323026, 8.974500739636865, 9.292496920238847, 9.706861246476898, 10.160082980441928, 10.387986509843419, 10.666981333482408, 10.708310658347035, 10.707142617177846, 10.742939264428147, 10.833703827816333, 11.088159710219921, 11.358936256967304, 11.662080963653537, 11.984529078147908, 12.31289440434382, 12.583779285865553, 12.868396699598454, 13.30189898726573, 13.792650323664414, 14.024056777894899, 14.192464702636247, 14.411810083853355, 14.6377095950756, 14.966672957124675, 15.326146741620832, 15.732106974437071, 16.199418494094836, 16.66883644244224, 17.139984164022998, 17.602807326383704, 17.827712122878538, 17.888255085350654, 17.96727319736069, 18.049225504101965, 18.125961873115756, 18.081475718392902, 18.060733511105262, 18.354398194856692, 18.72096218082426
2ACE.pdb, 16, 16, 0.14867838705443132, 1.9059697820486314, 0.6655572139279733, -, -, -, 1.7896464149125968, 33.503902850626446, , length, 0.0, 0.5, 1.0, 1.5, 2.0, 2.5, 3.0, 3.5, 4.0, 4.5, 5.0, 5.5, 6.0, 6.5, 7.0, 7.5, 8.0, 8.5, 9.0, 9.5, 10.0, 10.5, 11.0, 11.5, 12.0, 12.5, 13.0, 13.5, 14.0, 14.5, 15.0, 15.5, 16.0, 16.5, 17.0, 17.5, 18.0, 18.5, 19.0, 19.5, 20.0, 20.5, 21.0, 21.5, 22.0, 22.5, 23.0, 23.5, 24.0, 24.5, 25.0, 25.5, 26.0, 26.5, 27.0, 27.5, 28.0, 28.5, 29.0, 29.5, 30.0, 30.5, 31.0, 31.5, 32.0, 32.5, 33.0, 33.5, 34.0, 34.5
2ACE.pdb, 16, 16, 0.14867838705443132, 1.9059697820486314, 0.6655572139279733, -, -, -, 1.7896464149125968, 33.503902850626446, , R, 3.2179875353164493, 3.1444607804488807, 3.060079453814604, 2.9159372615447148, 2.756538317798229, 2.651333189620819, 2.6009777279642505, 2.601549249189858, 2.6623293739993223, 2.5246725559260104, 2.331243272193725, 2.2031357449564988, 2.1324146558826573, 2.0678226719790502, 2.0528148914781066, 2.000373261568566, 2.0131997326228244, 2.0922605076095477, 2.1601896225342503, 2.183065906195392, 2.2476229269290577, 2.3758013210912408, 2.561611611521976, 2.3197510629643414, 2.008412568041204, 1.7434476962922791, 1.537856517654098, 1.3160736522641177, 1.0657925262253802, 0.8684454107965327, 0.7589971106550202, 0.751657464047558, 0.803101465679112, 0.9094633309956683, 0.9824115329521845, 1.0886657562522828, 1.2378512577534533, 1.1630118758265349, 1.1112349305012037, 1.1429361862179146, 1.207272448183223, 1.1178030440271223, 1.1215894441676952, 1.1263682780829436, 1.1907345177246826, 1.3314066248037304, 1.4251434079480152, 1.5972455223778348, 1.7060293905715946, 1.830779254178457, 1.683778726284881, 1.440887617693818, 1.2514925352106312, 1.1593071853681165, 1.0073917437164255, 0.8867872656070541, 0.7767995739733697, 0.6756600998225428, 0.6838034127795125, 0.8021920011929433, 1.0054648002470579, 0.9609330774455476, 0.8427400634640159, 0.8175615236900375, 0.8915204326982038, 1.0437260770777996, 1.1357926581318623, 1.2880223522352758, 1.2799528232798063, 1.351065758182119
2ACE.pdb, 16, 16, 0.14867838705443132, 1.9059697820486314, 0.6655572139279733, -, -, -, 1.7896464149125968, 33.503902850626446, , Upper limit of R overestimation, -, -, -, -, -, -, -, -, -, -, -, -, -, -, -, -, -, -, -, -, -, -, -, -, -, -, -, -, -, -, -, -, -, -, -, -, -, -, -, -, -, -, -, -, -, -, -, -, -, -, -, -, -, -, -, -, -, -, -, -, -, -, -, -, -, -, -, -, -, -
2ACE.pdb, 17, 17, 0.14177122885235816, 1.953540584960713, 0.6571485133677206, -, -, -, 2.0119365536484244, 34.54842069698484, , X, 3.769402191235131, 3.810541898268034, 3.860642650167368, 4.0655091144455175, 4.123571482429884, 4.147891292459812, 4.119629568797574, 4.08255387808977, 4.045478187381964, 4.008402496674159, 3.971326805966354, 3.934251115258549, 3.8924075611269564, 3.8193818056076005, 3.6920327581555483, 3.5327460243163493, 3.3750409551120715, 3.2173358859077936, 3.2224326937080976, 3.3890264181908893, 3.561926822439285, 3.825216810320266, 4.3076390518544905, 4.6952622364052745, 5.12221844251659, 5.55468676777892, 6.029340855038665, 6.522164988693488, 7.0149334428944075, 7.507701897095327, 7.943328971644529, 8.43412332621052, 8.923033683923109, 9.404983586151651, 9.891165308996802, 10.375668665088243, 10.865179512372821, 11.253685557174801, 11.676582248396826, 11.750177848739684, 11.636800673663005, 12.112848746640212, 12.606618963435785, 12.97593172029731, 13.411591432820291, 13.843103373805743, 14.20389578146894, 14.67910990487874, 14.81348269717271, 14.96021318688449, 14.997042071946575, 14.948139243097643, 14.887540743654462, 14.99131698113474, 15.100909653312481, 15.191389182101036, 15.46092201706959, 15.859481196276864, 16.09746326574457, 16.38994565543797, 16.68112176458154, 17.078639635869642, 17.5530575192052, 18.03462909925073, 18.498711491740732, 18.499812590232377, 18.440419417354015, 18.40151955497442, 18.634637863447274, 18.867756171920128, 19.10087448039298, 19.33399278886583, 19.567111097338685
2ACE.pdb, 17, 17, 0.14177122885235816, 1.953540584960713, 0.6571485133677206, -, -, -, 2.0119365536484244, 34.54842069698484, , Y, 67.70555873545213, 67.2263844970562, 66.749183043259, 66.33864158817838, 66.02759123453902, 65.74271789490987, 65.50642408781789, 65.27907809600943, 65.05173210420098, 64.82438611239253, 64.59704012058407, 64.36969412877562, 64.1473125069824, 63.94552799280136, 63.78852415249279, 63.342471202369126, 62.88633047727562, 62.43018975218212, 61.994683885551915, 61.57964747590413, 61.167720559616335, 60.9114311930521, 60.97336316056288, 61.11277526999893, 61.01820629897502, 60.80105681505695, 60.68532479250498, 60.607175962761104, 60.52781556249818, 60.44845516223526, 60.46706438363473, 60.41800281763472, 60.4326467983284, 60.53875078354787, 60.61596159224742, 60.70136350314225, 60.78156646308688, 60.67629492650748, 60.8356604465162, 61.22487525763425, 61.54194478043212, 61.62791608706136, 61.59205440951304, 61.820732793616074, 62.02132875517295, 62.02194058037302, 62.1970853984079, 62.28261048209261, 62.67846003931929, 63.11399359358094, 63.44309119075788, 63.78118361293896, 64.16514653895268, 64.46517066438783, 64.75984231861513, 65.05654383412929, 65.14170653829402, 65.07894437566387, 65.18287958091122, 65.16959852850617, 65.4381903438079, 65.69269575580171, 65.70152526371757, 65.7687094535583, 65.87449054292898, 66.27634890709608, 66.76929509767358, 67.2415267819762, 67.43880425098311, 67.63608171999002, 67.83335918899692, 68.03063665800383, 68.22791412701073
2ACE.pdb, 17, 17, 0.14177122885235816, 1.953540584960713, 0.6571485133677206, -, -, -, 2.0119365536484244, 34.54842069698484, , Z, 64.32331952194659, 64.46006590677239, 64.60055664823427, 64.79043521911402, 65.1693149943931, 65.57686319459565, 66.01654969581969, 66.46032801116101, 66.90410632650232, 67.34788464184362, 67.79166295718493, 68.23544127252624, 68.68123325466688, 69.12993927119291, 69.58217057699979, 69.7381699791614, 69.86880209641612, 69.99943421367082, 70.17673097799614, 70.40031834264278, 70.62478208351926, 70.81813631257342, 70.90012840362051, 71.02323321166293, 70.9810005997789, 70.85523395364838, 70.87629823567178, 70.90728242167125, 70.93696705430408, 70.9666516869369, 71.11047009104111, 71.19150177702294, 71.27079226013278, 71.311757675572, 71.22487978718857, 71.13564407936012, 71.07544112968694, 71.25198751391692, 71.1234472841106, 70.94146555783037, 70.80524663601845, 70.68742373267385, 70.62537955467403, 70.50285034895451, 70.4825279688323, 70.54762394616117, 70.43913420291895, 70.30948112524345, 70.4333601636489, 70.42369409713146, 70.62668487239819, 70.87299184443351, 71.18747601464278, 71.57075814362872, 71.95943593675001, 72.35147848428184, 72.67222077229924, 72.96538645292708, 73.37053740129886, 73.74622195626903, 73.81301879709589, 73.72172797738034, 73.65139655040736, 73.53488432818199, 73.39649380572043, 73.15461918154044, 73.09565729376051, 73.01308951536396, 72.61718870142568, 72.2212878874874, 71.82538707354914, 71.42948625961087, 71.0335854456726
2ACE.pdb, 17, 17, 0.14177122885235816, 1.953540584960713, 0.6571485133677206, -, -, -, 2.0119365536484244, 34.54842069698484, , distance, 0.0, 0.4999999999999955, 0.9999198518662968, 1.4745639599638771, 1.9122549935471465, 2.3595274747891763, 2.797477584563275, 3.248488503218794, 3.712071426435011, 4.184049592723039, 4.66187384146938, 5.143915282465988, 5.6274024776332965, 6.102779904385911, 6.557793864746638, 6.9579554782051085, 7.357503569330341, 7.768691853119979, 8.196077894716469, 8.637209569954802, 9.082665052558912, 9.399251538176348, 9.42690676960119, 9.445149765633365, 9.532864824044971, 9.670847632501506, 9.865725386427343, 10.065451230404841, 10.285611495902533, 10.524937017275985, 10.76489099327398, 11.047172579956703, 11.30143986646934, 11.487435819418303, 11.634857344105702, 11.794459438711364, 11.99511863153757, 12.386746438850455, 12.488424101481105, 12.226687833888745, 11.912240552472314, 12.126527243586095, 12.457419318552342, 12.553006156978563, 12.775685207903079, 13.134874815306258, 13.290038532734009, 13.574395783847457, 13.58587620161265, 13.547372112330685, 13.563220178179947, 13.537469841474636, 13.537509658284215, 13.746157753274671, 13.978218072128078, 14.210221781923893, 14.593461755693635, 15.091535183099941, 15.49829511043268, 15.953065592224151, 16.183567409472282, 16.416988159454743, 16.763601206334148, 17.09096281832652, 17.396202309106595, 17.234253245612305, 17.11926534730088, 17.024285204923714, 17.024530992415208, 17.039454929217296, 17.06901851478137, 17.1131458776892, 17.171724741684873
2ACE.pdb, 17, 17, 0.14177122885235816, 1.953540584960713, 0.6571485133677206, -, -, -, 2.0119365536484244, 34.54842069698484, , length, 0.0, 0.5, 1.0, 1.5, 2.0, 2.5, 3.0, 3.5, 4.0, 4.5, 5.0, 5.5, 6.0, 6.5, 7.0, 7.5, 8.0, 8.5, 9.0, 9.5, 10.0, 10.5, 11.0, 11.5, 12.0, 12.5, 13.0, 13.5, 14.0, 14.5, 15.0, 15.5, 16.0, 16.5, 17.0, 17.5, 18.0, 18.5, 19.0, 19.5, 20.0, 20.5, 21.0, 21.5, 22.0, 22.5, 23.0, 23.5, 24.0, 24.5, 25.0, 25.5, 26.0, 26.5, 27.0, 27.5, 28.0, 28.5, 29.0, 29.5, 30.0, 30.5, 31.0, 31.5, 32.0, 32.5, 33.0, 33.5, 34.0, 34.5, 35.0, 35.5, 36.0
2ACE.pdb, 17, 17, 0.14177122885235816, 1.953540584960713, 0.6571485133677206, -, -, -, 2.0119365536484244, 34.54842069698484, , R, 3.2179875353172602, 3.0886906603246342, 3.0044771840404763, 2.8550514373308205, 2.5828319064651946, 2.3282616809986747, 2.089137720019022, 1.9012865381341784, 1.7791708155189903, 1.7302083877693621, 1.7576792182702037, 1.8597200404522387, 2.0270584425112546, 2.2303962243814484, 2.4460929226168173, 2.5067396869051826, 2.6117206065353336, 2.7727378017810556, 2.8672403008074743, 2.9004366143719786, 2.984200318177654, 2.9870095797657137, 2.6944824036696082, 2.507472641240011, 2.2662700762727095, 2.0354938162470426, 1.7084382175387605, 1.3656421848000049, 1.0744560804502283, 0.8539153076874881, 0.7171923257123325, 0.6583682636662767, 0.6660222854908295, 0.693766882176786, 0.7604359411366337, 0.9227449229837128, 1.16746389875776, 1.2758031808457506, 1.0419255805908088, 0.996169045878192, 1.0727987789079108, 0.9218078420237945, 0.8329970212951947, 0.8646655336950966, 0.884780371288926, 0.88153944328826, 0.9883787610436134, 1.0999224777285286, 0.988184069978181, 0.8699411461252962, 0.8704614981996794, 0.8670818899689086, 0.8240240572062074, 0.8024556231475741, 0.8802669985168068, 1.0436289192286257, 1.12889925807377, 1.1919802927875933, 1.4077776428487203, 1.549625823125155, 1.5684160878124178, 1.4701787619546631, 1.3191430806147197, 1.2378485556330334, 1.2478847322684086, 1.3155768393806353, 1.2653894931291516, 1.2897625933868886, 1.2092823340928538, 1.2191966499662694, 1.318558527700553, 1.4985477871282145, 1.7458608315682609
2ACE.pdb, 17, 17, 0.14177122885235816, 1.953540584960713, 0.6571485133677206, -, -, -, 2.0119365536484244, 34.54842069698484, , Upper limit of R overestimation, -, -, -, -, -, -, -, -, -, -, -, -, -, -, -, -, -, -, -, -, -, -, -, -, -, -, -, -, -, -, -, -, -, -, -, -, -, -, -, -, -, -, -, -, -, -, -, -, -, -, -, -, -, -, -, -, -, -, -, -, -, -, -, -, -, -, -, -, -, -, -, -, -
2ACE.pdb, 18, 18, 0.1393147303760257, 1.9710196580869468, 0.6941933345508682, -, -, -, 1.4992052567713117, 30.733421496816458, , X, 3.769402191235131, 3.810541898268034, 3.860642650167368, 4.0655091144455175, 4.0276928988541565, 4.169463725545817, 4.311234552237478, 4.453005378929138, 4.680633674325597, 4.9863216715387635, 5.371125473966407, 5.755929276394049, 6.140733078821691, 6.5339655758230135, 6.913972863449075, 7.150083149172297, 7.506185435313193, 7.926284280299106, 8.262220753993704, 8.543852816079795, 8.815981275637586, 9.211330841774592, 9.394622938763742, 9.638264981157443, 9.872913653360207, 10.120874352648515, 10.368835051936824, 10.749856067783885, 11.184854527071973, 11.410079661669787, 11.771824273087537, 12.139745640780637, 12.500812515137154, 12.77322833220779, 13.081928470864023, 13.368100958311022, 13.815415782613313, 14.220014559598836, 14.660887781278314, 15.145640459875843, 15.630393138473371, 16.1151458170709, 16.530423036620356, 16.989987277573817, 17.379882993363534, 17.841393781167085, 18.303224597891422, 18.755290522454292, 19.16512101211682, 19.405755200654596, 19.636434833711313, 19.880323977798938, 20.12421312188656, 20.366426992547837, 20.593781213278564, 20.716293909473798, 20.97726425647295, 21.295412142124036, 21.637346126584564, 22.06590727847443, 22.491279001720912, 22.90908307639799, 23.328604732802937, 23.75430785388641
2ACE.pdb, 18, 18, 0.1393147303760257, 1.9710196580869468, 0.6941933345508682, -, -, -, 1.4992052567713117, 30.733421496816458, , Y, 67.70555873545213, 67.2263844970562, 66.749183043259, 66.33864158817838, 65.97840388365793, 65.60912539243715, 65.23984690121635, 64.87056840999557, 64.49911718046351, 64.13250238382076, 63.817232078860435, 63.501961773900106, 63.18669146893977, 62.885441850856395, 62.78858158766217, 62.576758614135855, 62.53418263385253, 62.65719196732105, 62.52877615474472, 62.320515366477814, 62.10257434056059, 61.94513839400165, 61.939625688775244, 61.6177814747086, 61.31703082263393, 61.01285185126464, 60.708672879895346, 60.63771805728887, 60.688831712366564, 60.72726095642189, 60.631693848192505, 60.52829201144805, 60.42545430294193, 60.6927359826108, 60.96175904873724, 61.338243551798804, 61.54752177254993, 61.60433546991795, 61.45410451550184, 61.34160700052176, 61.229109485541684, 61.11661197056161, 61.100155859176525, 61.09868931317703, 61.209933501298806, 61.40165572768697, 61.592602455485654, 61.70382989301704, 61.91502091707983, 62.18714546842395, 62.456905676216536, 62.7160086778136, 62.97511167941065, 63.25088997735724, 63.52575831442091, 63.7814762384329, 63.76362742621828, 63.67690960497212, 63.64904284581826, 63.84628429133952, 64.04478666512162, 64.24969992991322, 64.46047588990317, 64.68924520563677
2ACE.pdb, 18, 18, 0.1393147303760257, 1.9710196580869468, 0.6941933345508682, -, -, -, 1.4992052567713117, 30.733421496816458, , Z, 64.32331952194659, 64.46006590677239, 64.60055664823427, 64.79043521911402, 64.4937498881505, 64.18791589948857, 63.882081910826656, 63.57624792216473, 63.346591574645416, 63.26049326475385, 63.21018751510784, 63.15988176546183, 63.109576015815826, 63.041739450639476, 62.950905620241926, 62.578900251126235, 62.320611525532556, 62.13694632630579, 61.80779498148805, 61.450988555431024, 61.092793027608536, 60.88593661652252, 60.48704079647919, 60.192153448891, 59.891734988488835, 59.581911417750305, 59.272087847011775, 59.018114364010685, 58.78677679153683, 58.348689598297085, 58.01726965201918, 57.694869392477244, 57.36734921925925, 57.0443165176281, 56.76470784855919, 56.6643358980395, 56.74098150607337, 56.892016765646666, 57.01727428816832, 57.065845367174546, 57.11441644618077, 57.162987525187, 57.04251595053408, 56.899161424045, 56.63991876097599, 56.655742181898994, 56.67086465906175, 56.55187177017677, 56.52441576161099, 56.85195985037062, 57.20386708026812, 57.55512726867495, 57.90638745708178, 58.24588561161666, 58.59491219192552, 59.00103932130321, 59.369842889478754, 59.745691186447175, 60.0787695928193, 60.244393115482936, 60.41625794508051, 60.5989696964322, 60.77070810125622, 60.8958467500459
2ACE.pdb, 18, 18, 0.1393147303760257, 1.9710196580869468, 0.6941933345508682, -, -, -, 1.4992052567713117, 30.733421496816458, , distance, 0.0, 0.4999999999999955, 0.9999198518662968, 1.4745639599638771, 1.7546579385860284, 2.1385546834052978, 2.5628124758527604, 3.0104151605481784, 3.4735583692191234, 3.921380415931873, 4.350133851670987, 4.792713708167186, 5.245621493155366, 5.702524438153723, 5.995707539734483, 6.385655253471032, 6.687115904208534, 6.8953537602191, 7.301531362627488, 7.748829333261772, 8.203517295352437, 8.637860336116823, 8.922226561607852, 9.41122285075251, 9.884588131952256, 10.373739675999103, 10.863879012234287, 11.261718782775276, 11.613642704475646, 11.948757040989419, 12.403410360918286, 12.865152863829785, 13.327526763974836, 13.53633823737089, 13.759890637370006, 13.832488959703648, 14.011982661336017, 14.20086211698018, 14.528710719821861, 14.919437319704546, 15.31651999290044, 15.719477073021384, 16.108541238105932, 16.53942916338869, 16.925512757413255, 17.220681830404903, 17.52598909213103, 17.91627746861429, 18.203883819136706, 18.18707331493843, 18.165838458021952, 18.173217573333105, 18.19433942336069, 18.227465784748134, 18.257741141106887, 18.191267929621603, 18.335383008035958, 18.556554631534954, 18.807842665773688, 19.13880190272371, 19.472417765222183, 19.80255352454573, 20.14234382198279, 20.499809054167773
2ACE.pdb, 18, 18, 0.1393147303760257, 1.9710196580869468, 0.6941933345508682, -, -, -, 1.4992052567713117, 30.733421496816458, , length, 0.0, 0.5, 1.0, 1.5, 2.0, 2.5, 3.0, 3.5, 4.0, 4.5, 5.0, 5.5, 6.0, 6.5, 7.0, 7.5, 8.0, 8.5, 9.0, 9.5, 10.0, 10.5, 11.0, 11.5, 12.0, 12.5, 13.0, 13.5, 14.0, 14.5, 15.0, 15.5, 16.0, 16.5, 17.0, 17.5, 18.0, 18.5, 19.0, 19.5, 20.0, 20.5, 21.0, 21.5, 22.0, 22.5, 23.0, 23.5, 24.0, 24.5, 25.0, 25.5, 26.0, 26.5, 27.0, 27.5, 28.0, 28.5, 29.0, 29.5, 30.0, 30.5, 31.0, 31.5
2ACE.pdb, 18, 18, 0.1393147303760257, 1.9710196580869468, 0.6941933345508682, -, -, -, 1.4992052567713117, 30.733421496816458, , R, 3.2179875353172602, 3.0886906603246342, 3.0044771840404763, 2.8550514373308205, 2.7768446108163984, 2.5771852974224747, 2.4310734127990994, 2.3445872826526926, 2.2094786320146502, 1.9809308946494633, 1.7324736363757296, 1.546048333201424, 1.4334251315608637, 1.3818481119723618, 1.2407455274385226, 1.0843372123974002, 0.9638590211405345, 0.9295038101256421, 0.9431832326098375, 1.0405662926508534, 1.2248975057032179, 1.36404801445285, 1.313067317320999, 1.171171129444347, 1.1004188169147828, 1.1152667285035744, 1.2227480169849416, 1.228635891324641, 1.2210469470729342, 1.1609208707482441, 1.1142098520766712, 1.1572454320742138, 1.2819294091257336, 1.2839982333470896, 1.3273094814511, 1.2536620058269667, 1.1265555389728217, 1.034149663165858, 0.858358840469867, 0.7245748686872293, 0.6980265796972356, 0.78242643212428, 0.8408377482253782, 0.968117741565961, 1.0627778761476447, 1.1614881910248815, 1.344832724605285, 1.4791502190474684, 1.4518234971575197, 1.195898748409519, 0.9876268820874956, 0.8620835732507297, 0.8380610085691367, 0.9062660978249064, 1.0612233339549526, 1.2349138869130174, 1.1804096829987958, 1.1589683448524268, 1.1753067549188105, 1.071496697931701, 1.0600664325760065, 1.1362428567571472, 1.2902490058157707, 1.4787387362599564
2ACE.pdb, 18, 18, 0.1393147303760257, 1.9710196580869468, 0.6941933345508682, -, -, -, 1.4992052567713117, 30.733421496816458, , Upper limit of R overestimation, -, -, -, -, -, -, -, -, -, -, -, -, -, -, -, -, -, -, -, -, -, -, -, -, -, -, -, -, -, -, -, -, -, -, -, -, -, -, -, -, -, -, -, -, -, -, -, -, -, -, -, -, -, -, -, -, -, -, -, -, -, -, -, -
2ACE.pdb, 19, 19, 0.1326522625410586, 2.020024142071488, 0.6116426076798747, -, -, -, 1.3303439926980083, 25.21405472222758, , X, 3.769402191235131, 3.810541898268034, 3.860642650167368, 4.0655091144455175, 4.0276928988541565, 4.169463725545817, 4.311234552237478, 4.453005378929138, 4.680633674325597, 4.9863216715387635, 5.371125473966407, 5.755929276394049, 6.140733078821691, 6.5339655758230135, 6.913972863449075, 7.150083149172297, 7.506185435313193, 7.926284280299106, 8.262220753993704, 8.543852816079795, 8.815981275637586, 9.02399429089121, 8.96894371926182, 8.711480087658735, 8.454016456055651, 8.296646101636703, 8.28637451950161, 8.279399027301475, 8.006970410185534, 8.085716533176658, 7.996257842283821, 8.038406574235546, 8.074095555581275, 8.229101979384584, 8.066973359565619, 7.792328145968865, 7.528911021535823, 7.439130364531553, 7.620375627228643, 7.793766460037473, 7.9570535467874866, 7.977735495695232, 7.878692914502577, 7.80362466655223, 7.757050804344225, 7.726190556563089, 7.925432176138287, 7.91413547730218, 7.85760531434162, 7.80107515138106, 7.7445449884204995, 7.82937381180651, 8.072480588885524
2ACE.pdb, 19, 19, 0.1326522625410586, 2.020024142071488, 0.6116426076798747, -, -, -, 1.3303439926980083, 25.21405472222758, , Y, 67.70555873545213, 67.2263844970562, 66.749183043259, 66.33864158817838, 65.97840388365793, 65.60912539243715, 65.23984690121635, 64.87056840999557, 64.49911718046351, 64.13250238382076, 63.817232078860435, 63.501961773900106, 63.18669146893977, 62.885441850856395, 62.78858158766217, 62.576758614135855, 62.53418263385253, 62.65719196732105, 62.52877615474472, 62.320515366477814, 62.10257434056059, 62.09567568227015, 62.15680059899426, 62.1651502986623, 62.173499998330335, 62.09826327766904, 61.90816823755048, 61.73089235222265, 61.571667158686566, 61.20994067938446, 60.84429814997309, 60.392980178141634, 59.934045341834675, 59.480876730808994, 59.04338935741304, 58.64046384315518, 58.22534504279684, 57.79077222067753, 57.33672004935266, 56.88248427227612, 56.42801230926169, 56.05164853747947, 55.744166717495766, 55.287988191338655, 54.83154675636358, 54.371790913307116, 53.96613965991252, 53.478235489705945, 52.98201282315535, 52.48579015660476, 51.989567490054164, 51.53248261900945, 51.102207614819505
2ACE.pdb, 19, 19, 0.1326522625410586, 2.020024142071488, 0.6116426076798747, -, -, -, 1.3303439926980083, 25.21405472222758, , Z, 64.32331952194659, 64.46006590677239, 64.60055664823427, 64.79043521911402, 64.4937498881505, 64.18791589948857, 63.882081910826656, 63.57624792216473, 63.346591574645416, 63.26049326475385, 63.21018751510784, 63.15988176546183, 63.109576015815826, 63.041739450639476, 62.950905620241926, 62.578900251126235, 62.320611525532556, 62.13694632630579, 61.80779498148805, 61.450988555431024, 61.092793027608536, 60.67446790509678, 60.232244109792035, 59.803708509267175, 59.37517290874231, 58.93399548414938, 58.47176772240809, 58.00430157070318, 57.83914790425747, 57.50503436934792, 57.178903481785945, 56.969970110907965, 56.77482932265015, 56.71403367808861, 56.79864032032821, 56.906729600120315, 56.9961026044021, 56.95157935211212, 56.84676150790115, 56.731110677353705, 56.60152455875106, 56.33830462517227, 55.956800080311204, 55.92940318767275, 56.12778867890334, 56.31154030884109, 56.245846324568966, 56.214085891588844, 56.190265608696514, 56.16644532580418, 56.14262504291185, 56.18330635932512, 56.25921759503892
2ACE.pdb, 19, 19, 0.1326522625410586, 2.020024142071488, 0.6116426076798747, -, -, -, 1.3303439926980083, 25.21405472222758, , distance, 0.0, 0.4999999999999955, 0.9999198518662968, 1.4745639599638771, 1.7546579385860284, 2.1385546834052978, 2.5628124758527604, 3.0104151605481784, 3.4735583692191234, 3.921380415931873, 4.350133851670987, 4.792713708167186, 5.245621493155366, 5.702524438153723, 5.995707539734483, 6.385655253471032, 6.687115904208534, 6.8953537602191, 7.301531362627488, 7.748829333261772, 8.203517295352437, 8.508562988303837, 8.634862302695803, 8.691785966457282, 8.776869577867183, 8.999028467535915, 9.394329888936609, 9.796259373881306, 9.880591675270216, 10.359181234581714, 10.769674371658368, 11.214720288073886, 11.65789473606172, 12.059666136815657, 12.252472949081412, 12.384089983206419, 12.557725353752085, 12.888461879952658, 13.350720274219956, 13.81940967420027, 14.294949972776124, 14.740561556655393, 15.164426030114855, 15.521882637914043, 15.773656890481023, 16.05098578475521, 16.47087717831293, 16.89246017675658, 17.310192805486633, 17.732183709372496, 18.15813600683588, 18.55563458671636, 18.95303384735262
2ACE.pdb, 19, 19, 0.1326522625410586, 2.020024142071488, 0.6116426076798747, -, -, -, 1.3303439926980083, 25.21405472222758, , length, 0.0, 0.5, 1.0, 1.5, 2.0, 2.5, 3.0, 3.5, 4.0, 4.5, 5.0, 5.5, 6.0, 6.5, 7.0, 7.5, 8.0, 8.5, 9.0, 9.5, 10.0, 10.5, 11.0, 11.5, 12.0, 12.5, 13.0, 13.5, 14.0, 14.5, 15.0, 15.5, 16.0, 16.5, 17.0, 17.5, 18.0, 18.5, 19.0, 19.5, 20.0, 20.5, 21.0, 21.5, 22.0, 22.5, 23.0, 23.5, 24.0, 24.5, 25.0, 25.5, 26.0
2ACE.pdb, 19, 19, 0.1326522625410586, 2.020024142071488, 0.6116426076798747, -, -, -, 1.3303439926980083, 25.21405472222758, , R, 3.2179875353172602, 3.0886906603246342, 3.0044771840404763, 2.8550514373308205, 2.7768446108163984, 2.5771852974224747, 2.4310734127990994, 2.3445872826526926, 2.2094786320146502, 1.9809308946494633, 1.7324736363757296, 1.546048333201424, 1.4334251315608637, 1.3818481119723618, 1.2407455274385226, 1.0843372123974002, 0.9638590211405345, 0.9295038101256421, 0.9431832326098375, 1.0405662926508534, 1.2248975057032179, 1.2984717125505454, 1.1881107332518153, 1.0165103814967673, 0.9364010436669492, 0.9045454588645927, 0.8937283627058341, 0.9747294223749501, 0.9003801902856954, 0.9192971375400409, 0.9230020083559762, 0.9853063789566971, 1.1263848372117948, 1.2266019046754923, 1.1756387299271744, 1.1398034966270192, 1.1723616754255932, 1.0821619450054167, 0.854631532368376, 0.7128792972317957, 0.6722428555506861, 0.6670954511446836, 0.7038416015793971, 0.6604489203402752, 0.6226386489417979, 0.6876630116914737, 0.6567615686897552, 0.7097353600514373, 0.8645464179061455, 1.1068619039520038, 1.4150886367739672, 1.639521663823213, 1.7925259703541032
2ACE.pdb, 19, 19, 0.1326522625410586, 2.020024142071488, 0.6116426076798747, -, -, -, 1.3303439926980083, 25.21405472222758, , Upper limit of R overestimation, -, -, -, -, -, -, -, -, -, -, -, -, -, -, -, -, -, -, -, -, -, -, -, -, -, -, -, -, -, -, -, -, -, -, -, -, -, -, -, -, -, -, -, -, -, -, -, -, -, -, -, -, -
2ACE.pdb, 20, 20, 0.1230592701952613, 2.095089168166321, 0.7438322167228124, -, -, -, 1.6271727752427068, 39.417720443937235, , X, 3.769402191235131, 3.3400726728007384, 2.893188443726914, 2.7643768302080565, 2.4992685053328545, 2.234160180457653, 1.9586504106798364, 1.655072636187362, 1.3514948616948874, 1.365446956812653, 1.3199273408553356, 1.3629461202505655, 1.562999989969489, 1.655954716058934, 1.4185231376376473, 1.1449159158930864, 0.8665832693320625, 0.5995664952271003, 0.5525635863626759, 0.6515946135043768, 0.7262073672115825, 0.8008201209187884, 0.8754328746259941, 0.6084511980369189, 0.26545481439572866, -0.07733352046978637, -0.42012185533530144, -0.8393722763211406, -1.2517788053734606, -1.6417787397976975, -2.034029576490843, -2.421211488062304, -2.821840103883161, -3.2550207952599948, -3.621586093709518, -3.804756468369103, -4.037272453163901, -4.280849617213032, -4.519457689393814, -4.766736949435251, -5.051918258441876, -5.501119283926871, -5.950320309411868, -6.354921157705563, -6.743253665167529, -7.11726915464077, -7.321650117224335, -7.5260310798078995, -7.928024682824067, -8.40546315699135, -8.45013263263195, -8.461453651332347, -8.601712298693416, -8.859600334395227, -9.108187831460533, -9.347315890636683, -9.586443949812832, -9.825572008988981, -10.064700068165129, -10.412377176111328, -10.79134712928925, -11.108506020923228, -11.466620661450344, -11.82851658890176, -12.263265271847592, -12.592808880535827, -12.922352489224064, -13.251896097912299, -13.578645966874431, -13.906938673484817, -14.239392583413155, -14.662098778231737, -15.030394143039507, -15.442878014011056, -15.934662010804269, -16.42644600759748, -16.918936198335512, -17.409518593178724, -17.780428624468293, -18.169667165095813, -18.54321502325893, -18.95936498351286
2ACE.pdb, 20, 20, 0.1230592701952613, 2.095089168166321, 0.7438322167228124, -, -, -, 1.6271727752427068, 39.417720443937235, , Y, 67.70555873545213, 67.65194291336107, 67.65415239500771, 67.75780874553023, 67.85089690791433, 67.94398507029844, 68.03556827094813, 68.12309037494708, 68.21061247894603, 68.00686972892264, 67.70649041551223, 67.41309763134923, 67.17525645345336, 66.9505927454641, 66.58590989105157, 66.25977084231747, 65.93305460784897, 65.5977859084531, 65.1992916490488, 64.73491909295342, 64.25639921449694, 63.777879336040456, 63.299359457583975, 63.222665426816285, 63.239666878005615, 63.259623207428476, 63.279579536851344, 63.21478479175052, 63.050078614812115, 62.86099942783437, 62.68211746894154, 62.499962080682174, 62.29532196854221, 62.06075482736156, 61.75193845555716, 61.42887426930789, 61.104176142295444, 61.162971073911926, 61.30938566301911, 61.44465671954689, 61.5875090470778, 61.77103023457684, 61.95455142207588, 61.99643947163819, 61.986665480685744, 61.962047453229054, 61.76155054432423, 61.56105363541941, 61.40333464123924, 61.25535033336153, 61.38519903557962, 61.39426164825201, 61.46730873099097, 61.598728642169675, 61.73589235792929, 61.87889801089319, 62.021903663857096, 62.164909316820996, 62.307914969784896, 62.4933631758721, 62.74210272151465, 62.93296515864719, 63.01503182138757, 63.0853749660056, 63.070316393439214, 62.76117435703064, 62.452032320622074, 62.1428902842135, 61.78168735983412, 61.618859042344276, 61.48438486787034, 61.4148537172578, 61.53345402973904, 61.40540677230293, 61.398098321574814, 61.39078987084669, 61.45905383430926, 61.55322444717784, 61.81048383199353, 61.98287149420466, 62.23809038895745, 62.39924741678127
2ACE.pdb, 20, 20, 0.1230592701952613, 2.095089168166321, 0.7438322167228124, -, -, -, 1.6271727752427068, 39.417720443937235, , Z, 64.32331952194659, 64.57291518579062, 64.7421698095862, 65.16785631874285, 65.58144085678292, 65.99502539482299, 66.40156557527962, 66.78909675614871, 67.1766279370178, 67.59157953999735, 67.98304230146663, 68.35703798887836, 68.74197690550334, 69.10544113761637, 69.26652705606034, 69.52875986593341, 69.78506148163237, 70.04254340634162, 70.26822163636959, 70.41693275956231, 70.54123747751872, 70.66554219547513, 70.78984691343152, 70.51556187935284, 70.15217132412836, 69.78871857287163, 69.42526582161489, 69.19316292102502, 68.97264802252906, 68.72335078587986, 68.47010520120608, 68.21172912836487, 68.01592864635555, 67.93120336214425, 67.95029951969954, 67.66182464254992, 67.36668437423218, 66.97961575303748, 66.56534426118759, 66.1525758073098, 65.78034119767256, 65.65976585839387, 65.53919051911518, 65.27629715046318, 64.96149192060007, 64.639284346543, 64.22937043893187, 63.81945653132073, 63.69666757725858, 63.68718410158868, 63.30826539087102, 62.808475731527075, 62.3568405419296, 61.94913652185175, 61.537730518318426, 61.12255928312141, 60.7073880479244, 60.29221681272738, 59.87704557753037, 59.648944623180604, 59.49345705083113, 59.17663157561643, 58.83748711213989, 58.50570881010578, 58.357237680739075, 58.1431530916209, 57.92906850250273, 57.71498391338456, 57.63488084890072, 57.3164773162742, 56.96806506882456, 56.75575342056284, 56.71399719212946, 56.91344883815654, 57.003421539827926, 57.09339424149932, 57.106630092504936, 57.09319928627945, 57.26202663253555, 57.506239730556196, 57.70258520426827, 57.836351961877824
2ACE.pdb, 20, 20, 0.1230592701952613, 2.095089168166321, 0.7438322167228124, -, -, -, 1.6271727752427068, 39.417720443937235, , distance, 0.0, 0.49949623340657096, 0.9725372520454258, 1.3137916276958286, 1.7936644216822473, 2.2821953628499405, 2.776118686673317, 3.2748709144082775, 3.7739533714101223, 4.068330447429586, 4.403805029018511, 4.706107626208518, 4.967289427575521, 5.282548724188295, 5.587087486761764, 6.006233430045754, 6.434186336276017, 6.870231908004038, 7.209111350801669, 7.461738823289503, 7.7343545199445, 8.028881205584375, 8.342998680725408, 8.272352084556665, 8.136175430376642, 8.027098176857018, 7.948034955128078, 8.069896370944035, 8.2765940616117, 8.491814239430193, 8.72413972323026, 8.974500739636865, 9.292496920238847, 9.706861246476898, 10.160082980441928, 10.387986509843419, 10.666981333482408, 10.708310658347035, 10.707142617177846, 10.742939264428147, 10.833703827816333, 11.088159710219921, 11.358936256967304, 11.662080963653537, 11.984529078147908, 12.31289440434382, 12.583779285865553, 12.868396699598454, 13.30189898726573, 13.792650323664414, 13.794720473300154, 13.846337323420236, 13.99382994108219, 14.227502363329183, 14.46474153065625, 14.7052077355223, 14.95852671692764, 15.224056901404802, 15.50117077944064, 15.815803149685856, 16.123860823863893, 16.450477167415816, 16.859175315762144, 17.27674051231103, 17.723600934543942, 18.17590011925921, 18.630637675710602, 19.087639331827486, 19.513642377937813, 19.964888610133528, 20.42350267697129, 20.894048298790874, 21.199740683025944, 21.53392228541188, 21.945731006720756, 22.36113614833851, 22.783914833109765, 23.20932014104153, 23.43094051831627, 23.675820796019288, 23.90774393341499, 24.2246681137212
2ACE.pdb, 20, 20, 0.1230592701952613, 2.095089168166321, 0.7438322167228124, -, -, -, 1.6271727752427068, 39.417720443937235, , length, 0.0, 0.5, 1.0, 1.5, 2.0, 2.5, 3.0, 3.5, 4.0, 4.5, 5.0, 5.5, 6.0, 6.5, 7.0, 7.5, 8.0, 8.5, 9.0, 9.5, 10.0, 10.5, 11.0, 11.5, 12.0, 12.5, 13.0, 13.5, 14.0, 14.5, 15.0, 15.5, 16.0, 16.5, 17.0, 17.5, 18.0, 18.5, 19.0, 19.5, 20.0, 20.5, 21.0, 21.5, 22.0, 22.5, 23.0, 23.5, 24.0, 24.5, 25.0, 25.5, 26.0, 26.5, 27.0, 27.5, 28.0, 28.5, 29.0, 29.5, 30.0, 30.5, 31.0, 31.5, 32.0, 32.5, 33.0, 33.5, 34.0, 34.5, 35.0, 35.5, 36.0, 36.5, 37.0, 37.5, 38.0, 38.5, 39.0, 39.5, 40.0, 40.5
2ACE.pdb, 20, 20, 0.1230592701952613, 2.095089168166321, 0.7438322167228124, -, -, -, 1.6271727752427068, 39.417720443937235, , R, 3.2179875353164493, 3.1444607804488807, 3.060079453814604, 2.9159372615447148, 2.756538317798229, 2.651333189620819, 2.6009777279642505, 2.601549249189858, 2.6623293739993223, 2.5246725559260104, 2.331243272193725, 2.2031357449564988, 2.1324146558826573, 2.0678226719790502, 2.0528148914781066, 2.000373261568566, 2.0131997326228244, 2.0922605076095477, 2.1601896225342503, 2.183065906195392, 2.2476229269290577, 2.3758013210912408, 2.561611611521976, 2.3197510629643414, 2.008412568041204, 1.7434476962922791, 1.537856517654098, 1.3160736522641177, 1.0657925262253802, 0.8684454107965327, 0.7589971106550202, 0.751657464047558, 0.803101465679112, 0.9094633309956683, 0.9824115329521845, 1.0886657562522828, 1.2378512577534533, 1.1630118758265349, 1.1112349305012037, 1.1429361862179146, 1.207272448183223, 1.1178030440271223, 1.1215894441676952, 1.1263682780829436, 1.1907345177246826, 1.3314066248037304, 1.4251434079480152, 1.5972455223778348, 1.7060293905715946, 1.830779254178457, 1.729700497145389, 1.5254740966860871, 1.3011316748963924, 1.0604443688899363, 0.8965777159428536, 0.825618821587895, 0.859917531172699, 0.9951714164603089, 1.216451544094057, 1.3700083401517706, 1.5115142892177258, 1.6672066633275384, 1.7838370144137183, 1.9561286848624824, 2.0502818481954734, 1.9233944937834972, 1.8662986879604828, 1.882509657348133, 1.8702712591690838, 1.782577569264601, 1.7572368764877973, 1.6452010441947982, 1.400016644162811, 1.2063667271446716, 1.012969961953297, 0.908744145733313, 0.8732097882059366, 0.930189339207605, 0.8217467210603191, 0.8152431891076595, 0.8607252797047189, 0.9012321363291198
2ACE.pdb, 20, 20, 0.1230592701952613, 2.095089168166321, 0.7438322167228124, -, -, -, 1.6271727752427068, 39.417720443937235, , Upper limit of R overestimation, -, -, -, -, -, -, -, -, -, -, -, -, -, -, -, -, -, -, -, -, -, -, -, -, -, -, -, -, -, -, -, -, -, -, -, -, -, -, -, -, -, -, -, -, -, -, -, -, -, -, -, -, -, -, -, -, -, -, -, -, -, -, -, -, -, -, -, -, -, -, -, -, -, -, -, -, -, -, -, -, -, -
2ACE.pdb, 21, 21, 0.11842443646508208, 2.1334801887643313, 0.6941933345508682, -, -, -, 1.3159715763843194, 36.60806304183657, , X, 3.769402191235131, 3.810541898268034, 3.860642650167368, 4.0655091144455175, 4.0276928988541565, 4.169463725545817, 4.311234552237478, 4.453005378929138, 4.680633674325597, 4.9863216715387635, 5.371125473966407, 5.755929276394049, 6.140733078821691, 6.5339655758230135, 6.913972863449075, 7.150083149172297, 7.506185435313193, 7.926284280299106, 8.262220753993704, 8.543852816079795, 8.815981275637586, 9.211330841774592, 9.394622938763742, 9.638264981157443, 9.872913653360207, 10.120874352648515, 10.368835051936824, 10.749856067783885, 11.184854527071973, 11.410079661669787, 11.771824273087537, 12.139745640780637, 12.500812515137154, 12.77322833220779, 13.081928470864023, 13.368100958311022, 13.815415782613313, 14.220014559598836, 14.660887781278314, 15.145640459875843, 15.630393138473371, 16.1151458170709, 16.530423036620356, 16.989987277573817, 17.379882993363534, 17.841393781167085, 18.303224597891422, 18.755290522454292, 19.16512101211682, 19.619529753123235, 20.075399842885865, 20.514245363842385, 20.882287866758567, 21.25154990403467, 21.621375853517712, 21.88974030223398, 21.89702142279275, 21.973496519667922, 22.141093028829417, 22.30868953799091, 22.490758686904385, 22.67698828668484, 22.863277323607786, 23.06773027502501, 23.359188224256243, 23.650646173487477, 23.94210412271871, 24.124952533725423, 24.128014170215987, 24.139079769124482, 24.14840347336948, 24.165611579466226, 24.18331013312825, 24.4521120913851, 24.73398959214186, 25.01169970019636
2ACE.pdb, 21, 21, 0.11842443646508208, 2.1334801887643313, 0.6941933345508682, -, -, -, 1.3159715763843194, 36.60806304183657, , Y, 67.70555873545213, 67.2263844970562, 66.749183043259, 66.33864158817838, 65.97840388365793, 65.60912539243715, 65.23984690121635, 64.87056840999557, 64.49911718046351, 64.13250238382076, 63.817232078860435, 63.501961773900106, 63.18669146893977, 62.885441850856395, 62.78858158766217, 62.576758614135855, 62.53418263385253, 62.65719196732105, 62.52877615474472, 62.320515366477814, 62.10257434056059, 61.94513839400165, 61.939625688775244, 61.6177814747086, 61.31703082263393, 61.01285185126464, 60.708672879895346, 60.63771805728887, 60.688831712366564, 60.72726095642189, 60.631693848192505, 60.52829201144805, 60.42545430294193, 60.6927359826108, 60.96175904873724, 61.338243551798804, 61.54752177254993, 61.60433546991795, 61.45410451550184, 61.34160700052176, 61.229109485541684, 61.11661197056161, 61.100155859176525, 61.09868931317703, 61.209933501298806, 61.40165572768697, 61.592602455485654, 61.70382989301704, 61.91502091707983, 61.770230556956314, 61.59301593739173, 61.39479876701934, 61.13657750509542, 60.88769165879049, 60.64373773604621, 60.34845927238307, 59.90780609934035, 59.49044856361267, 59.10639887221881, 58.722349180824956, 58.33532568171446, 57.947447301870035, 57.55985720485154, 57.26812017604079, 57.023227472631305, 56.77833476922182, 56.53344206581234, 56.24770076309378, 55.758922199633815, 55.26035099683585, 54.76195530684101, 54.26464897228725, 53.767248091467316, 53.54347779401706, 53.34096045830168, 53.13303512204315
2ACE.pdb, 21, 21, 0.11842443646508208, 2.1334801887643313, 0.6941933345508682, -, -, -, 1.3159715763843194, 36.60806304183657, , Z, 64.32331952194659, 64.46006590677239, 64.60055664823427, 64.79043521911402, 64.4937498881505, 64.18791589948857, 63.882081910826656, 63.57624792216473, 63.346591574645416, 63.26049326475385, 63.21018751510784, 63.15988176546183, 63.109576015815826, 63.041739450639476, 62.950905620241926, 62.578900251126235, 62.320611525532556, 62.13694632630579, 61.80779498148805, 61.450988555431024, 61.092793027608536, 60.88593661652252, 60.48704079647919, 60.192153448891, 59.891734988488835, 59.581911417750305, 59.272087847011775, 59.018114364010685, 58.78677679153683, 58.348689598297085, 58.01726965201918, 57.694869392477244, 57.36734921925925, 57.0443165176281, 56.76470784855919, 56.6643358980395, 56.74098150607337, 56.892016765646666, 57.01727428816832, 57.065845367174546, 57.11441644618077, 57.162987525187, 57.04251595053408, 56.899161424045, 56.63991876097599, 56.655742181898994, 56.67086465906175, 56.55187177017677, 56.52441576161099, 56.62495308840876, 56.72876753765545, 56.84189092074139, 57.06030359133702, 57.28751373902642, 57.51927924695771, 57.75689774239602, 57.992964940541135, 58.01006496877125, 57.73726972567276, 57.46447448257427, 57.20573899005514, 56.951045255120654, 56.69598577339452, 56.35750638992595, 56.03334620167527, 55.709186013424585, 55.385025825173905, 55.09142651233706, 55.05131780423504, 55.01520259606193, 54.97687052449361, 54.92799079680189, 54.88025061500681, 54.54257429673213, 54.182764744977604, 53.822703430162846
2ACE.pdb, 21, 21, 0.11842443646508208, 2.1334801887643313, 0.6941933345508682, -, -, -, 1.3159715763843194, 36.60806304183657, , distance, 0.0, 0.4999999999999955, 0.9999198518662968, 1.4745639599638771, 1.7546579385860284, 2.1385546834052978, 2.5628124758527604, 3.0104151605481784, 3.4735583692191234, 3.921380415931873, 4.350133851670987, 4.792713708167186, 5.245621493155366, 5.702524438153723, 5.995707539734483, 6.385655253471032, 6.687115904208534, 6.8953537602191, 7.301531362627488, 7.748829333261772, 8.203517295352437, 8.637860336116823, 8.922226561607852, 9.41122285075251, 9.884588131952256, 10.373739675999103, 10.863879012234287, 11.261718782775276, 11.613642704475646, 11.948757040989419, 12.403410360918286, 12.865152863829785, 13.327526763974836, 13.53633823737089, 13.759890637370006, 13.832488959703648, 14.011982661336017, 14.20086211698018, 14.528710719821861, 14.919437319704546, 15.31651999290044, 15.719477073021384, 16.108541238105932, 16.53942916338869, 16.925512757413255, 17.220681830404903, 17.52598909213103, 17.91627746861429, 18.203883819136706, 18.593534092785948, 18.998051445236687, 19.395546864404643, 19.71683978117696, 20.040243589890363, 20.36804466634321, 20.62986817101274, 20.72411431894369, 20.94598454375273, 21.326992908157195, 21.712829951483666, 22.11222307112642, 22.518169964993884, 22.927877076399188, 23.34137462458782, 23.803268172227913, 24.266672248016306, 24.731501941982636, 25.11690242846975, 25.360702318407856, 25.62124120706144, 25.888156980294614, 26.171274606400743, 26.460833158642608, 26.907285306512723, 27.362135511302462, 27.818277916319882
2ACE.pdb, 21, 21, 0.11842443646508208, 2.1334801887643313, 0.6941933345508682, -, -, -, 1.3159715763843194, 36.60806304183657, , length, 0.0, 0.5, 1.0, 1.5, 2.0, 2.5, 3.0, 3.5, 4.0, 4.5, 5.0, 5.5, 6.0, 6.5, 7.0, 7.5, 8.0, 8.5, 9.0, 9.5, 10.0, 10.5, 11.0, 11.5, 12.0, 12.5, 13.0, 13.5, 14.0, 14.5, 15.0, 15.5, 16.0, 16.5, 17.0, 17.5, 18.0, 18.5, 19.0, 19.5, 20.0, 20.5, 21.0, 21.5, 22.0, 22.5, 23.0, 23.5, 24.0, 24.5, 25.0, 25.5, 26.0, 26.5, 27.0, 27.5, 28.0, 28.5, 29.0, 29.5, 30.0, 30.5, 31.0, 31.5, 32.0, 32.5, 33.0, 33.5, 34.0, 34.5, 35.0, 35.5, 36.0, 36.5, 37.0, 37.5
2ACE.pdb, 21, 21, 0.11842443646508208, 2.1334801887643313, 0.6941933345508682, -, -, -, 1.3159715763843194, 36.60806304183657, , R, 3.2179875353172602, 3.0886906603246342, 3.0044771840404763, 2.8550514373308205, 2.7768446108163984, 2.5771852974224747, 2.4310734127990994, 2.3445872826526926, 2.2094786320146502, 1.9809308946494633, 1.7324736363757296, 1.546048333201424, 1.4334251315608637, 1.3818481119723618, 1.2407455274385226, 1.0843372123974002, 0.9638590211405345, 0.9295038101256421, 0.9431832326098375, 1.0405662926508534, 1.2248975057032179, 1.36404801445285, 1.313067317320999, 1.171171129444347, 1.1004188169147828, 1.1152667285035744, 1.2227480169849416, 1.228635891324641, 1.2210469470729342, 1.1609208707482441, 1.1142098520766712, 1.1572454320742138, 1.2819294091257336, 1.2839982333470896, 1.3273094814511, 1.2536620058269667, 1.1265555389728217, 1.034149663165858, 0.858358840469867, 0.7245748686872293, 0.6980265796972356, 0.78242643212428, 0.8408377482253782, 0.968117741565961, 1.0627778761476447, 1.1614881910248815, 1.344832724605285, 1.4791502190474684, 1.4518234971575197, 1.2511983345592612, 1.113055995743835, 1.0497350467231406, 0.9532763715923847, 0.948722968193974, 1.0399542560455202, 1.1519673703719175, 1.1566224666597011, 1.0996154984196904, 0.9229238948430112, 0.8407983718287451, 0.8541574905303326, 0.9675161839165929, 1.170288939584033, 1.371485465704799, 1.5610938069602147, 1.8155044440376726, 2.1211592584095453, 2.37746970254637, 2.3573879085542186, 2.391590703650782, 2.485641343846417, 2.6318366105616264, 2.830153788828009, 2.8462162521805294, 2.898303526974525, 3.0059836412673415
2ACE.pdb, 21, 21, 0.11842443646508208, 2.1334801887643313, 0.6941933345508682, -, -, -, 1.3159715763843194, 36.60806304183657, , Upper limit of R overestimation, -, -, -, -, -, -, -, -, -, -, -, -, -, -, -, -, -, -, -, -, -, -, -, -, -, -, -, -, -, -, -, -, -, -, -, -, -, -, -, -, -, -, -, -, -, -, -, -, -, -, -, -, -, -, -, -, -, -, -, -, -, -, -, -, -, -, -, -, -, -, -, -, -, -, -, -
2ACE.pdb, 22, 22, 0.11434307565971094, 2.168551914262761, 0.6347665676618721, -, -, -, 1.3669084069757502, 23.908913707704848, , X, 3.769402191235131, 3.3725804173721157, 2.9782899762604083, 2.599416005811044, 2.2281546203855926, 1.826073514537505, 1.423992408689418, 1.0219113028413307, 0.6198301969932434, 0.467305114666721, 0.4375066429939067, 0.5585300069883735, 0.7715530329748821, 0.9760089514682154, 1.1782433001507422, 1.3879262103327643, 1.6121104852101624, 1.8267068410962166, 1.9269193277212746, 2.018433899518761, 1.986044193832433, 1.6902822290801898, 1.3974495752840543, 1.1773261426399706, 1.1010428233500615, 1.0225384118336749, 0.7470859932184256, 0.3485302437225104, -0.0424084719397428, -0.4582957659578938, -0.8937200263492776, -1.242495435822353, -1.55323451413655, -1.8639421904858762, -1.9243732902157578, -1.874802843478426, -1.8252323967410944, -1.9938811088162118, -2.0854869604283506, -1.8800401989197768, -1.7187680617434342, -1.7234978243057586, -1.7317960678463573, -1.7832084381481204, -1.9409851154372506, -2.0987617927263806, -2.272695993078051, -2.4583146443684853, -2.8192818296806426, -3.192896578645234
2ACE.pdb, 22, 22, 0.11434307565971094, 2.168551914262761, 0.6347665676618721, -, -, -, 1.3669084069757502, 23.908913707704848, , Y, 67.70555873545213, 67.88117502836847, 68.06411525013282, 68.24818964036015, 68.39062160929099, 68.51777967877031, 68.64493774824965, 68.77209581772898, 68.89925388720832, 69.17601759082532, 69.43987434453916, 69.8546658720833, 70.27200563317477, 70.68951363914455, 71.10706527334506, 71.52105142326306, 71.92809604656557, 72.33367431293682, 72.80435691577944, 73.27559291693828, 73.67319952821657, 73.91595694311584, 74.1336676288743, 74.39064147484882, 74.83010333799251, 75.27952373931552, 75.52140895806772, 75.6335732792809, 75.62159862079336, 75.43033049432316, 75.52670351777701, 75.5186208551666, 75.60149468127517, 75.68440597058557, 75.94482627989225, 76.282555314188, 76.62028434848375, 76.99664997292264, 77.40288321981977, 77.84921052512568, 78.23383696271111, 78.66988918942579, 79.10567257200772, 79.51890207507917, 79.87649023865886, 80.23407840223854, 80.62301994208916, 81.07140477452418, 81.40943151363349, 81.7400498674428
2ACE.pdb, 22, 22, 0.11434307565971094, 2.168551914262761, 0.6347665676618721, -, -, -, 1.3669084069757502, 23.908913707704848, , Z, 64.32331952194659, 64.1003566395069, 63.85323739034012, 63.590677823537725, 63.29592678984568, 63.027297659470236, 62.75866852909479, 62.49003939871935, 62.221410268343895, 61.84311481997287, 61.43483945510339, 61.27326859920872, 61.09877299980386, 60.91480953184771, 60.72839091424356, 60.54260880562803, 60.358065895880124, 60.164213000820816, 60.02971916367149, 59.89040055774142, 59.68636942667436, 59.36450967815442, 59.05593970686642, 58.76662487910242, 58.54080428761494, 58.33621112974513, 58.085025903586235, 57.80471807353053, 57.56590187166055, 57.41036687318193, 57.23820676736386, 56.933510347368724, 56.55066161202463, 56.16779586944143, 55.79649738371561, 55.431145676173514, 55.06579396863141, 54.81726531715236, 54.711217154130765, 54.70554536171801, 54.89763941791277, 55.14016588336014, 55.3851638070648, 55.649437799688755, 55.961266639553365, 56.273095479417975, 56.512091954234045, 56.616994386354584, 56.57819112174796, 56.544971797845335
2ACE.pdb, 22, 22, 0.11434307565971094, 2.168551914262761, 0.6347665676618721, -, -, -, 1.3669084069757502, 23.908913707704848, , distance, 0.0, 0.48787400985836915, 0.9876226614238118, 1.483266608298026, 1.97491545179426, 2.4730349521300123, 2.9717861139687822, 3.4708966478272814, 3.9702310225753457, 4.383778018116295, 4.738427552771392, 4.922516866358377, 5.096219140497649, 5.322121100825253, 5.5863998085220885, 5.875643438708612, 6.181178299293953, 6.518564725158349, 6.915742188849389, 7.330889528885974, 7.764947428309576, 8.214717328166195, 8.642455280435325, 9.071165571639254, 9.55598032360076, 10.037712558262673, 10.446923813832946, 10.81886982691497, 11.084055273166234, 11.195286645189922, 11.537497010503092, 11.86475187887622, 12.291886630724456, 12.724352170984396, 13.153376170362558, 13.582808122364955, 14.01692007178843, 14.488094330316116, 14.856323268654105, 15.076851486533494, 15.159422831355858, 15.320535357308726, 15.495689896084697, 15.67235750591368, 15.83237269823749, 16.0064131122067, 16.25985948919749, 16.63784073791115, 17.064404477848452, 17.49123319872083
2ACE.pdb, 22, 22, 0.11434307565971094, 2.168551914262761, 0.6347665676618721, -, -, -, 1.3669084069757502, 23.908913707704848, , length, 0.0, 0.5, 1.0, 1.5, 2.0, 2.5, 3.0, 3.5, 4.0, 4.5, 5.0, 5.5, 6.0, 6.5, 7.0, 7.5, 8.0, 8.5, 9.0, 9.5, 10.0, 10.5, 11.0, 11.5, 12.0, 12.5, 13.0, 13.5, 14.0, 14.5, 15.0, 15.5, 16.0, 16.5, 17.0, 17.5, 18.0, 18.5, 19.0, 19.5, 20.0, 20.5, 21.0, 21.5, 22.0, 22.5, 23.0, 23.5, 24.0, 24.5
2ACE.pdb, 22, 22, 0.11434307565971094, 2.168551914262761, 0.6347665676618721, -, -, -, 1.3669084069757502, 23.908913707704848, , R, 3.2179875353164493, 2.9783341325801973, 2.7724505040731837, 2.6143521610177527, 2.4627289729601265, 2.3619499943809568, 2.3240787512344885, 2.3509620422461768, 2.441281714209294, 2.3309530326416614, 2.2189496895206187, 1.8867883474975624, 1.52904829910899, 1.2121977244644522, 0.9553455954436383, 0.776499294775653, 0.6912458822998153, 0.7115831092341547, 0.701824987997377, 0.7957177251362939, 0.8848326472937287, 0.8351266348915583, 0.8754119432352363, 0.9173867743003252, 0.8106970372858786, 0.7957265252221912, 0.7332135159821864, 0.6808581992442386, 0.6747939827116531, 0.6397195903235491, 0.7276447440552158, 0.7076165234260401, 0.7249666590463493, 0.8500951005822963, 0.8821157600354312, 0.9329479975231503, 1.0807205986985737, 1.2137901961018818, 1.2635635885820111, 1.1123149877525003, 1.0822971048126742, 0.9876097401410546, 0.9884915497723279, 1.060889177484858, 1.162166834500447, 1.3482832687393018, 1.5524316129575984, 1.7394502128889187, 1.756162444955013, 1.8426886407028125
2ACE.pdb, 22, 22, 0.11434307565971094, 2.168551914262761, 0.6347665676618721, -, -, -, 1.3669084069757502, 23.908913707704848, , Upper limit of R overestimation, -, -, -, -, -, -, -, -, -, -, -, -, -, -, -, -, -, -, -, -, -, -, -, -, -, -, -, -, -, -, -, -, -, -, -, -, -, -, -, -, -, -, -, -, -, -, -, -, -, -
2ACE.pdb, 23, 23, 0.10713593969632032, 2.2336567864257075, 0.683429639210638, -, -, -, 1.540086582091321, 28.922645460364734, , X, 3.769402191235131, 3.9909218595242524, 4.295148225796317, 4.688537627453249, 5.055129589334569, 5.487577236883445, 5.774234426288222, 5.990566598377277, 6.206898770466331, 6.4692933248919084, 6.807549598217344, 7.085927491334216, 7.287227173156999, 7.48935923317996, 7.66463922006159, 7.809239044855698, 8.064932806339096, 8.544206075972204, 8.795462080097325, 8.942084956140514, 9.114000095064721, 8.926426889261275, 8.638837042481956, 8.355543436769642, 8.115225718933766, 7.950730272719585, 7.642788922202724, 7.475629602288505, 7.353859822901231, 7.533062830075225, 7.785505585568697, 8.18261172123933, 8.596252900061922, 8.930041714953921, 9.359395597056361, 9.854594068664158, 10.30208886999635, 10.708105104738555, 11.113879189618444, 11.387305861794456, 11.303802556441697, 11.208543619035957, 10.999050372160527, 10.647252526640683, 10.681516829783309, 10.669554869935325, 10.662020255969148, 10.62540072165353, 10.743305667288817, 11.027557267403889, 11.209700637788208, 11.391844008172527, 11.641531506534513, 11.959138251269591, 12.276744996004672, 12.587028177444665, 12.867000678290523, 13.044371470564235, 13.169735120623354, 13.28643711860778, 13.399582165509289
2ACE.pdb, 23, 23, 0.10713593969632032, 2.2336567864257075, 0.683429639210638, -, -, -, 1.540086582091321, 28.922645460364734, , Y, 67.70555873545213, 68.05264766674537, 68.3994168074535, 68.6662591897069, 68.66602900784132, 68.8883175700812, 69.2266715676352, 69.63708730318741, 70.04750303873963, 70.4163310316576, 70.5994651103665, 70.73502620740621, 70.98738534254106, 71.23941156191255, 71.5091028026728, 71.79557980590339, 71.98252079741731, 71.9878703623106, 71.95363466454712, 71.80588286145257, 71.62782431515762, 71.44017999098611, 71.27385949572891, 71.1132441351886, 70.85352793858394, 70.47012275166801, 70.17079081642119, 69.84818833324142, 69.40961071720943, 68.95098047284043, 68.57785907804734, 68.42600080305225, 68.18017708482644, 67.81992836591868, 67.71273185282448, 67.7512637575967, 67.71419405153209, 67.8240726131106, 67.93165352675258, 68.12026498347777, 68.51113015789737, 68.80532980698769, 69.09885342299117, 69.38710169114184, 69.67780946391478, 70.08096804547958, 70.48491118461426, 70.7778541609733, 70.82053136657126, 70.95894905315426, 71.26615931839426, 71.57336958363425, 71.81498616082844, 71.96213030297376, 72.10927444511908, 72.28834778447441, 72.65901814496183, 73.07278313169873, 73.50751675954317, 73.93774965892572, 74.36613431147981
2ACE.pdb, 23, 23, 0.10713593969632032, 2.2336567864257075, 0.683429639210638, -, -, -, 1.540086582091321, 28.922645460364734, , Z, 64.32331952194659, 64.55042513540974, 64.74179853313942, 64.78430847216875, 64.67745695686138, 64.79397659995544, 64.97258093514337, 65.15901943795424, 65.34545794076512, 65.55777276443223, 65.80014487536984, 66.13495363506826, 66.51671404354715, 66.89832302543854, 67.27963707853286, 67.6630186019268, 67.96844705461405, 68.11053948492687, 68.5185845477259, 68.9731955208701, 69.40172649296976, 69.76794477166362, 70.14144504319415, 70.52084910079108, 70.86563022350146, 71.141205459727, 71.32225746951585, 71.54467771457318, 71.67563618910704, 71.70525576500066, 71.72335585857873, 71.91086366218951, 71.96357873479491, 72.03074374917365, 72.08436067870043, 72.12207062210034, 72.27545765715352, 72.54576651412074, 72.81737973003602, 73.09616702398242, 73.39618630246696, 73.783937550384, 74.12246614811478, 74.3192525030168, 74.65704100285174, 74.95254069765237, 75.24697955888142, 75.59212240788386, 76.05672090668389, 76.42533870504221, 76.77526104722146, 77.12518338940072, 77.44514734645261, 77.80218313895962, 78.15921893146661, 78.44058822994411, 78.25561080717574, 78.33525646322367, 78.54807241202703, 78.77427492958735, 79.00597470908178
2ACE.pdb, 23, 23, 0.10713593969632032, 2.2336567864257075, 0.683429639210638, -, -, -, 1.540086582091321, 28.922645460364734, , distance, 0.0, 0.4702325481415364, 0.96590506766825, 1.4072192882220356, 1.6434754057103917, 2.1383549830328765, 2.598976129479884, 3.0598640952087797, 3.531410432205444, 4.02014594055451, 4.448150952680952, 4.843452424629698, 5.287386690021623, 5.7408047550838255, 6.195129738545477, 6.648469305443683, 7.0732554367981955, 7.448488440967329, 7.804336982877713, 8.074072809306063, 8.35099463505389, 8.377723065857102, 8.38419648310566, 8.429376263296255, 8.46154368619844, 8.462262545285991, 8.370521272573164, 8.39493879441544, 8.355159486445828, 8.379092994162837, 8.464663734912648, 8.807172145962776, 9.04971332045265, 9.276296077885196, 9.564613822186695, 9.892025467836543, 10.291383324556547, 10.759566822143556, 11.231274195436736, 11.626146863860315, 11.820873309402963, 12.085264377439325, 12.256930998721739, 12.249534199720214, 12.587807646976264, 12.893216013920293, 13.212090388181894, 13.54361966066996, 14.000396145869953, 14.481858719689495, 14.936089355446853, 15.393157521793206, 15.844247510601805, 16.336154463290924, 16.828538442770014, 17.26411768015737, 17.36121536096494, 17.6399129730985, 18.010346217674627, 18.39141837132415, 18.779882765480608
2ACE.pdb, 23, 23, 0.10713593969632032, 2.2336567864257075, 0.683429639210638, -, -, -, 1.540086582091321, 28.922645460364734, , length, 0.0, 0.5, 1.0, 1.5, 2.0, 2.5, 3.0, 3.5, 4.0, 4.5, 5.0, 5.5, 6.0, 6.5, 7.0, 7.5, 8.0, 8.5, 9.0, 9.5, 10.0, 10.5, 11.0, 11.5, 12.0, 12.5, 13.0, 13.5, 14.0, 14.5, 15.0, 15.5, 16.0, 16.5, 17.0, 17.5, 18.0, 18.5, 19.0, 19.5, 20.0, 20.5, 21.0, 21.5, 22.0, 22.5, 23.0, 23.5, 24.0, 24.5, 25.0, 25.5, 26.0, 26.5, 27.0, 27.5, 28.0, 28.5, 29.0, 29.5, 30.0
2ACE.pdb, 23, 23, 0.10713593969632032, 2.2336567864257075, 0.683429639210638, -, -, -, 1.540086582091321, 28.922645460364734, , R, 3.2179875353164493, 2.9559600779101367, 2.74365504753844, 2.64289524802346, 2.7162630707454265, 2.5991526075539872, 2.397054115802257, 2.1556816449933227, 1.9696931332938474, 1.8163112391637508, 1.6609007674089997, 1.4496962803535958, 1.251705097841481, 1.1341665420142153, 1.105406737725684, 1.1644333238397766, 1.253295853704198, 1.3303537762561404, 1.3189789861131276, 1.2412346000177275, 1.2353894370549048, 1.0959039285409826, 0.9899022246132962, 0.9742982947864864, 0.9771681939656447, 0.9650677706248576, 0.9842125361942462, 1.099656416210475, 1.1970743581619918, 1.2080319463372602, 1.273785999643164, 1.1538400815922953, 0.9883798060328619, 0.7838032478695673, 0.6872151759498641, 0.7118938080274524, 0.7100854673830908, 0.7091635850243616, 0.8162769054651444, 0.9243735256234724, 0.8664164598084803, 0.8113955022902206, 0.7775297111753421, 0.7692910046715862, 0.8306501125679326, 0.904473561462265, 1.0720386149765981, 1.2451415759718976, 1.1994272618147308, 1.0583644186074475, 0.8877742160712216, 0.8138359573915799, 0.7502289359501924, 0.6987552949583669, 0.7585545190286918, 0.8891787040887511, 0.9341722134638188, 0.9633771796916952, 1.0337757114581283, 1.189727378328119, 1.4210223456913065
2ACE.pdb, 23, 23, 0.10713593969632032, 2.2336567864257075, 0.683429639210638, -, -, -, 1.540086582091321, 28.922645460364734, , Upper limit of R overestimation, -, -, -, -, -, -, -, -, -, -, -, -, -, -, -, -, -, -, -, -, -, -, -, -, -, -, -, -, -, -, -, -, -, -, -, -, -, -, -, -, -, -, -, -, -, -, -, -, -, -, -, -, -, -, -, -, -, -, -, -, -
2ACE.pdb, 24, 24, 0.10117431794851642, 2.2909103295474385, 0.6895924496358536, -, -, -, 1.332951069296807, 37.971236179931054, , X, 3.769402191235131, 3.810541898268034, 3.860642650167368, 4.0655091144455175, 4.0276928988541565, 4.169463725545817, 4.311234552237478, 4.453005378929138, 4.680633674325597, 4.818663567116234, 4.920020885796822, 4.973239096844265, 4.989150143731152, 5.027210702542536, 5.1593994704501664, 5.220495261825218, 5.019345381667645, 4.719951152646158, 4.42055692362467, 4.098064297656671, 3.830286499270554, 3.4993453842793176, 3.157619042055687, 2.8178636124599916, 2.6648990341915355, 2.51813962019054, 2.402402165723964, 2.4704572694356117, 2.364896263133402, 2.3754898934250885, 2.323001794209425, 2.270513694993762, 2.2233759308625687, 2.1903305343369843, 2.158959810239651, 2.1336248898106867, 2.342104180038118, 2.5835303973218378, 2.8249566146055574, 2.577413757935669, 2.1209723101325952, 1.6719414590664328, 1.2246524959769471, 0.7778142054935778, 0.32978603070844936, -0.13021623846338343, -0.5880637983405802, -1.0452050090747147, -1.406722423235096, -1.785485728067162, -2.2074406868156573, -2.674840797832152, -3.145250682193807, -3.5849246342911685, -3.837354164249969, -3.8780278494600013, -4.218857527838491, -4.532342639793061, -4.552709117333242, -4.573075594873423, -4.593442072413604, -4.594795025477424, -4.60809550512896, -4.628244664484288, -4.648863207112346, -4.672460366112364, -4.69837528441136, -4.958123135823013, -5.247023535371618, -5.551278840415386, -5.8555341454591545, -6.156186275285147, -6.388877351097675, -6.614478779006655, -6.704504952101061, -6.432374952347445, -6.215770327987122, -5.999165703626799, -5.782122411223363
2ACE.pdb, 24, 24, 0.10117431794851642, 2.2909103295474385, 0.6895924496358536, -, -, -, 1.332951069296807, 37.971236179931054, , Y, 67.70555873545213, 67.2263844970562, 66.749183043259, 66.33864158817838, 65.97840388365793, 65.60912539243715, 65.23984690121635, 64.87056840999557, 64.49911718046351, 64.0295479399657, 63.540220584811664, 63.10033538075315, 62.70149341940313, 62.299238785640554, 61.884397024746626, 61.54325504399547, 61.173718295426404, 60.78304765186825, 60.39237700831009, 60.06929666193617, 59.721174233798614, 59.34727498366859, 59.04807701951955, 58.75749667836148, 58.29089889872563, 57.82044937279549, 57.49787144607913, 57.08980020233337, 56.877457751092464, 56.51751799905983, 56.16584886528415, 55.814179731508474, 55.33290250251882, 54.855652615699256, 54.380649002915455, 53.90384673050483, 53.473327194308155, 53.050518205692164, 52.62770921707617, 52.4117843273263, 52.259855774366365, 52.099205435595614, 51.92810191073817, 51.75429386947153, 51.58318251068958, 51.439208521948444, 51.28418489154574, 51.15026208214505, 51.20125538553971, 51.337029457441716, 51.33809245220689, 51.19412705037754, 51.05602511445481, 50.943243204893655, 50.835341153292475, 50.613413438696824, 50.3617328986645, 50.07340429982967, 49.628040636054735, 49.18267697227979, 48.73731330850486, 48.2870721048154, 47.8329854804671, 47.37732595951194, 46.92786181225639, 46.63549594733171, 46.46982112738299, 46.23837170302362, 45.91065938130412, 45.555721501899065, 45.20078362249401, 44.85265933450495, 44.447463379553085, 44.04509599287215, 43.622778025429675, 43.224733094328045, 42.79950165170796, 42.37427020908788, 41.94936644643534
2ACE.pdb, 24, 24, 0.10117431794851642, 2.2909103295474385, 0.6895924496358536, -, -, -, 1.332951069296807, 37.971236179931054, , Z, 64.32331952194659, 64.46006590677239, 64.60055664823427, 64.79043521911402, 64.4937498881505, 64.18791589948857, 63.882081910826656, 63.57624792216473, 63.346591574645416, 63.28025579796747, 63.26336102221164, 63.09196738132165, 62.79084962875695, 62.50002714834595, 62.25444715874557, 61.90296799767354, 61.72874360975355, 61.64076893220094, 61.552794254648326, 61.40387629144786, 61.5012544228558, 61.48131365889284, 61.283513359892694, 61.06835236235426, 60.97938534726806, 60.894893229563564, 61.11578542660675, 61.389625521950336, 61.698469945053844, 62.011185562717515, 62.3627162438681, 62.714246925018685, 62.80312974656527, 62.67371808462058, 62.52078854034629, 62.37299020212544, 62.45419196566518, 62.56797219572997, 62.68175242579476, 62.742710338967946, 62.628608073206394, 62.4783990074226, 62.33481715555444, 62.19294993964832, 62.05189088730453, 61.9189645809437, 61.79115698983419, 61.67087949107487, 61.38081402099821, 61.08399124506644, 60.88064089945434, 60.77842782825864, 60.68059470960397, 60.510947502931096, 60.18888495781743, 59.74268574129437, 59.51403451375808, 59.30964541479568, 59.08329079570967, 58.85693617662367, 58.63058155753767, 58.41338751176093, 58.204700454993045, 57.99983852016818, 57.78190428838835, 57.42286056927673, 56.95181888211463, 56.6249108359147, 56.51051954800484, 56.68785485502565, 56.86519016204646, 57.06110288756176, 57.22365208400416, 57.41653671755744, 57.334445864966646, 57.22979208789846, 57.08059203121963, 56.931391974540794, 56.781901563878655
2ACE.pdb, 24, 24, 0.10117431794851642, 2.2909103295474385, 0.6895924496358536, -, -, -, 1.332951069296807, 37.971236179931054, , distance, 0.0, 0.4999999999999955, 0.9999198518662968, 1.4745639599638771, 1.7546579385860284, 2.1385546834052978, 2.5628124758527604, 3.0104151605481784, 3.4735583692191234, 3.96257324673373, 4.449435617088548, 4.916658777685624, 5.373724846736709, 5.84249713140522, 6.332317818431571, 6.777739991052015, 7.1385657997525245, 7.484703113479246, 7.84744797475304, 8.181910902211081, 8.4686571658508, 8.832374271957896, 9.196014886144301, 9.569119680224892, 10.051748247433045, 10.537321859736577, 10.786743894250117, 11.090002147383313, 11.229881706005528, 11.509179399878168, 11.794106291287212, 12.093001114768038, 12.561202028837803, 13.051235170898938, 13.542372834270438, 14.034486314187484, 14.425229012918681, 14.807354560358249, 15.196324097530086, 15.421371452016862, 15.625591442550146, 15.854379096888135, 16.104596751498526, 16.368595665428415, 16.64095437487937, 16.899174413204946, 17.177336110720887, 17.444016965413866, 17.545444813784755, 17.586323612582873, 17.761436862479382, 18.075450232649967, 18.392629997235186, 18.697473770914343, 18.962081443928763, 19.277106185970265, 19.69136385033254, 20.12333882172289, 20.579409571657543, 21.037476828322372, 21.49741296729379, 21.95369477945105, 22.41738465374182, 22.885452420392205, 23.353158137755585, 23.724015745441662, 24.02079992046208, 24.418749225070467, 24.84659763777893, 25.21489054202817, 25.587653192882726, 25.95211181929648, 26.354030442678972, 26.74595539337061, 27.17586084317269, 27.453692145429834, 27.79338862395671, 28.13786932211707, 28.486594185308416
2ACE.pdb, 24, 24, 0.10117431794851642, 2.2909103295474385, 0.6895924496358536, -, -, -, 1.332951069296807, 37.971236179931054, , length, 0.0, 0.5, 1.0, 1.5, 2.0, 2.5, 3.0, 3.5, 4.0, 4.5, 5.0, 5.5, 6.0, 6.5, 7.0, 7.5, 8.0, 8.5, 9.0, 9.5, 10.0, 10.5, 11.0, 11.5, 12.0, 12.5, 13.0, 13.5, 14.0, 14.5, 15.0, 15.5, 16.0, 16.5, 17.0, 17.5, 18.0, 18.5, 19.0, 19.5, 20.0, 20.5, 21.0, 21.5, 22.0, 22.5, 23.0, 23.5, 24.0, 24.5, 25.0, 25.5, 26.0, 26.5, 27.0, 27.5, 28.0, 28.5, 29.0, 29.5, 30.0, 30.5, 31.0, 31.5, 32.0, 32.5, 33.0, 33.5, 34.0, 34.5, 35.0, 35.5, 36.0, 36.5, 37.0, 37.5, 38.0, 38.5, 39.0
2ACE.pdb, 24, 24, 0.10117431794851642, 2.2909103295474385, 0.6895924496358536, -, -, -, 1.332951069296807, 37.971236179931054, , R, 3.2179875353172602, 3.0886906603246342, 3.0044771840404763, 2.8550514373308205, 2.7768446108163984, 2.5771852974224747, 2.4310734127990994, 2.3445872826526926, 2.2094786320146502, 2.0730823481864995, 1.9924788905642785, 1.867169655813591, 1.709980277518023, 1.6219521014793754, 1.5983900448776565, 1.579408158408091, 1.3651321588541498, 1.1095625054259424, 0.930553073456994, 0.8023720428998216, 0.7628315812478079, 0.7935267105074066, 0.8821158266618072, 1.033610085999499, 1.1006596376584632, 1.2526187425735622, 1.1445834024716497, 0.997900301827189, 0.918337928544577, 0.9005484200626741, 0.9632182440608479, 1.1207747047799042, 1.1430121488923883, 1.0843534184002848, 1.1019586309969847, 1.2121500247580497, 1.3548128068285954, 1.565678724375808, 1.8383147121473473, 1.7505465861414167, 1.4236457734466832, 1.1252914639012945, 0.8880724087381902, 0.7365389349857936, 0.6894152470132466, 0.7460010255383596, 0.8989838762017737, 1.1268404351378738, 1.1512977712755523, 1.217938885970642, 1.3366407067447152, 1.4984159009339324, 1.7239196003121262, 1.9608730354049593, 1.9230073025148178, 1.7859510620270416, 1.6366301760115118, 1.4942017632312203, 1.205059000933454, 0.9832939994476684, 0.8479136675083758, 0.7981322567041347, 0.849938513274541, 1.0001631183829525, 1.225081208149498, 1.3562170793999813, 1.437890780535053, 1.5269493988730947, 1.4943053118099532, 1.3273669742988714, 1.2420573599855094, 1.2350640680214195, 1.2650017787762255, 1.3619342834568737, 1.3996508754203072, 1.4029652320876287, 1.451711295049197, 1.581356202414168, 1.7820849481628533
2ACE.pdb, 24, 24, 0.10117431794851642, 2.2909103295474385, 0.6895924496358536, -, -, -, 1.332951069296807, 37.971236179931054, , Upper limit of R overestimation, -, -, -, -, -, -, -, -, -, -, -, -, -, -, -, -, -, -, -, -, -, -, -, -, -, -, -, -, -, -, -, -, -, -, -, -, -, -, -, -, -, -, -, -, -, -, -, -, -, -, -, -, -, -, -, -, -, -, -, -, -, -, -, -, -, -, -, -, -, -, -, -, -, -, -, -, -, -, -
2ACE.pdb, 25, 25, 0.10094750605850766, 2.29315463924854, 0.6154411853453432, -, -, -, 1.2759069466654325, 31.63948919669172, , X, 3.769402191235131, 3.9909218595242524, 4.295148225796317, 4.688537627453249, 4.932865372036846, 5.221461438112345, 5.570300594357788, 5.748818098389131, 5.921785084042933, 6.153428872135137, 6.406424115340876, 6.705120107755812, 7.001657386707047, 7.2971535817355795, 7.5926497767641115, 7.706296524579498, 7.763169350569844, 7.8205149020224, 7.836622581485084, 7.843294520290575, 7.653806248867566, 7.5985025099165995, 7.601516734572887, 7.358591896534033, 7.079276438078243, 6.726965763374148, 6.326363348607621, 6.165759096041594, 6.082932779696859, 6.005638696931431, 5.928344614166004, 5.851050531400578, 5.774692751748456, 5.788056625752227, 5.806205597095694, 5.829345598755081, 5.634024200056917, 5.331213370195036, 5.028402540333156, 4.953539863171374, 5.27130875167438, 5.60702656685491, 5.944766679760332, 6.32348399027526, 6.707692082920354, 7.086917564895479, 7.29281634413276, 7.493412454912891, 7.68832725475742, 7.884971151087464, 8.045370718762044, 8.193880366764839, 8.400656749080934, 8.642280994551504, 8.873189158853659, 9.272305751714487, 9.673452034886559, 10.043816470606762, 10.384044561950146, 10.662399936019513, 10.834872090139662, 11.081268369555598, 11.485841614335143, 11.643382322910298, 11.73370115511884, 11.814281876078006, 11.909550132759694
2ACE.pdb, 25, 25, 0.10094750605850766, 2.29315463924854, 0.6154411853453432, -, -, -, 1.2759069466654325, 31.63948919669172, , Y, 67.70555873545213, 68.05264766674537, 68.3994168074535, 68.6662591897069, 68.6262173032307, 68.84804712170202, 69.06835003057279, 69.21696835028187, 69.55045181316578, 69.93542593831484, 70.20919081345762, 70.61010118135228, 71.0124517848402, 71.41549697153532, 71.81854215823044, 72.26481577593897, 72.74898134708175, 73.20045039935928, 73.6944079062637, 74.19343334152127, 74.5542905181497, 74.83734401631385, 75.17270560303189, 75.41367051016344, 75.52677450420654, 75.73890950925788, 76.01646898056005, 76.3599080626414, 76.84334945915708, 77.32563183275771, 77.80791420635832, 78.29019657995893, 78.77262080559201, 79.26863806402201, 79.76521233919952, 80.26236760307508, 80.69000894148992, 81.08318086040914, 81.47635277932837, 81.65627509512636, 81.87034191424507, 82.05111715855311, 82.22394764805173, 82.48118100372477, 82.75505043312184, 83.03178196173707, 83.35889292764661, 83.68627090289029, 84.00661388438114, 84.38960642311854, 84.84786726978878, 85.30440551328856, 85.72400379159653, 86.14875219188212, 86.58209627336694, 86.76819525554893, 86.95164011408474, 87.2633483733809, 87.58441935045549, 87.92756522400964, 88.39183368319743, 88.80007554418711, 89.08843614520698, 89.4907116462826, 89.92788218701847, 90.35902005243113, 90.78884441207944
2ACE.pdb, 25, 25, 0.10094750605850766, 2.29315463924854, 0.6154411853453432, -, -, -, 1.2759069466654325, 31.63948919669172, , Z, 64.32331952194659, 64.55042513540974, 64.74179853313942, 64.78430847216875, 64.41984651108096, 64.08602297599313, 63.90980388018936, 63.64444974209465, 63.61247327506961, 63.777006497842564, 63.52062789904173, 63.513445905597386, 63.52148584815363, 63.5368668821095, 63.55224791606536, 63.39236293412991, 63.281236063464625, 63.163899719909224, 63.112457914029406, 63.082192341442706, 63.17260838554537, 62.909101675174995, 62.588002987709494, 62.36039570698117, 61.961583681331575, 61.840475708722565, 61.92709158830608, 62.17243538808513, 62.26893844165218, 62.37584651844532, 62.48275459523846, 62.5896626720316, 62.69483094635312, 62.63328189102976, 62.57837902123413, 62.53040836432766, 62.48305288409196, 62.42204924902214, 62.36104561395231, 62.11739405583235, 61.81310312407545, 61.489801382802874, 61.16413093889631, 60.967461679533336, 60.802227897667066, 60.63513710163139, 60.317955594146596, 59.99781392421628, 59.667283774759326, 59.4807907396966, 59.57327472255724, 59.71298054445531, 59.81777959397416, 59.72850549465197, 59.6341957565509, 59.40035793116902, 59.16616054266001, 59.291333007045004, 59.45302428027432, 59.65469472603617, 59.586078737691295, 59.5213883202038, 59.4650975271022, 59.64412697820975, 59.86934781841155, 60.10895256605786, 60.34548383911303
2ACE.pdb, 25, 25, 0.10094750605850766, 2.29315463924854, 0.6154411853453432, -, -, -, 1.2759069466654325, 31.63948919669172, , distance, 0.0, 0.4702325481415364, 0.96590506766825, 1.4072192882220356, 1.4868006696046001, 1.8628111605524997, 2.2959595724673094, 2.5813389036099665, 2.9226161178209, 3.3097354694826495, 3.7237577863918743, 4.208408461624736, 4.693181493312889, 5.179496051107348, 5.668192494763974, 6.095296704964171, 6.517071865256601, 6.924565175585747, 7.339944272753253, 7.760767506567834, 7.957251914682665, 8.21732211008974, 8.570572191473774, 8.72641620457248, 8.815014453316197, 8.913272145464536, 9.019489329918326, 9.233991079134302, 9.647389528626277, 10.066737863194689, 10.493154801846151, 10.925812747101988, 11.364551383017771, 11.859004868820598, 12.354296034478423, 12.85034420548001, 13.246106736972122, 13.60201663458657, 13.966759444047188, 14.173594326642489, 14.46367837663183, 14.737731672863772, 15.016534213283267, 15.365680235816082, 15.732731297278944, 16.10905696190533, 16.537359487520533, 16.969425815226614, 17.40002992816431, 17.853443368564687, 18.294960353359542, 18.7229976372075, 19.141911374348588, 19.621637257082693, 20.1087093697815, 20.44264194074572, 20.781379687761483, 21.147016299156903, 21.509122919920415, 21.868676727636135, 22.367035707801172, 22.836386966198052, 23.24592877564083, 23.632335756832063, 24.022897025713725, 24.40615265916258, 24.797646316905123
2ACE.pdb, 25, 25, 0.10094750605850766, 2.29315463924854, 0.6154411853453432, -, -, -, 1.2759069466654325, 31.63948919669172, , length, 0.0, 0.5, 1.0, 1.5, 2.0, 2.5, 3.0, 3.5, 4.0, 4.5, 5.0, 5.5, 6.0, 6.5, 7.0, 7.5, 8.0, 8.5, 9.0, 9.5, 10.0, 10.5, 11.0, 11.5, 12.0, 12.5, 13.0, 13.5, 14.0, 14.5, 15.0, 15.5, 16.0, 16.5, 17.0, 17.5, 18.0, 18.5, 19.0, 19.5, 20.0, 20.5, 21.0, 21.5, 22.0, 22.5, 23.0, 23.5, 24.0, 24.5, 25.0, 25.5, 26.0, 26.5, 27.0, 27.5, 28.0, 28.5, 29.0, 29.5, 30.0, 30.5, 31.0, 31.5, 32.0, 32.5, 33.0
2ACE.pdb, 25, 25, 0.10094750605850766, 2.29315463924854, 0.6154411853453432, -, -, -, 1.2759069466654325, 31.63948919669172, , R, 3.2179875353164493, 2.9559600779101367, 2.74365504753844, 2.64289524802346, 2.6979985614306545, 2.527362263812234, 2.398910986315809, 2.335927302467927, 2.095309035231964, 1.7945407222948728, 1.5615802853040455, 1.2922059216553423, 1.0909806113527467, 0.9748303120344999, 0.9561132483859356, 0.8348066741489615, 0.7491885154228388, 0.7546490656089713, 0.7960566483929421, 0.9311080304189168, 0.9112993931521567, 1.036324851371468, 1.2153139642054396, 1.3594986951517751, 1.4023102846461533, 1.4345133330351936, 1.482684486935748, 1.3644692582540525, 1.1786826377644544, 1.0724306168126092, 1.0604079186445499, 1.1438906791044525, 1.3133577754628352, 1.4573892066233167, 1.6708305082261434, 1.9407366052274275, 2.1365534287333836, 2.3212149362292473, 2.5591520436776425, 2.585159750333673, 2.2399333066619773, 1.9086384968410415, 1.6192567993517089, 1.3418388753735204, 1.1226255700997423, 0.9802431653692745, 0.7773197266594107, 0.6681979485797687, 0.6569865062456679, 0.6626355392526868, 0.6160834748605621, 0.6594154095083185, 0.7762479491106338, 0.8043077335851545, 0.9314583222774906, 0.9697491347359901, 1.1017578947071596, 1.1945548958509593, 1.3424198513147156, 1.5026631013483578, 1.5725932951315507, 1.675272202706057, 1.759020164537462, 1.6537396928712056, 1.5470503376309384, 1.5157961003013818, 1.5573224236548318
2ACE.pdb, 25, 25, 0.10094750605850766, 2.29315463924854, 0.6154411853453432, -, -, -, 1.2759069466654325, 31.63948919669172, , Upper limit of R overestimation, -, -, -, -, -, -, -, -, -, -, -, -, -, -, -, -, -, -, -, -, -, -, -, -, -, -, -, -, -, -, -, -, -, -, -, -, -, -, -, -, -, -, -, -, -, -, -, -, -, -, -, -, -, -, -, -, -, -, -, -, -, -, -, -, -, -, -
2ACE.pdb, 26, 26, 0.0983928939651507, 2.31878669333293, 0.7438322167228124, -, -, -, 1.6916548975955723, 46.0823298366388, , X, 3.769402191235131, 3.3400726728007384, 2.893188443726914, 2.7643768302080565, 2.4992685053328545, 2.234160180457653, 1.9586504106798364, 1.655072636187362, 1.3514948616948874, 1.365446956812653, 1.3199273408553356, 1.3629461202505655, 1.562999989969489, 1.655954716058934, 1.4185231376376473, 1.1449159158930864, 0.8665832693320625, 0.5995664952271003, 0.5525635863626759, 0.6515946135043768, 0.7262073672115825, 0.8008201209187884, 0.8754328746259941, 0.6084511980369189, 0.26545481439572866, -0.07733352046978637, -0.42012185533530144, -0.8393722763211406, -1.2517788053734606, -1.6417787397976975, -2.034029576490843, -2.421211488062304, -2.821840103883161, -3.2550207952599948, -3.621586093709518, -3.804756468369103, -4.037272453163901, -4.280849617213032, -4.519457689393814, -4.766736949435251, -5.051918258441876, -5.501119283926871, -5.950320309411868, -6.354921157705563, -6.743253665167529, -7.11726915464077, -7.321650117224335, -7.5260310798078995, -7.928024682824067, -8.40546315699135, -8.45013263263195, -8.461453651332347, -8.601712298693416, -8.859600334395227, -9.108187831460533, -9.347315890636683, -9.586443949812832, -9.825572008988981, -10.064700068165129, -10.412377176111328, -10.79134712928925, -11.108506020923228, -11.466620661450344, -11.82851658890176, -12.180724574280234, -12.421544006053768, -12.670792545345126, -12.693971021427473, -12.705424108073705, -12.71687719471994, -12.728330281366173, -12.78613990770833, -12.902802175345416, -13.021148812026166, -13.175402267787582, -13.451492273564755, -13.76120534873904, -13.9711435536137, -14.162310410451248, -14.405450797951522, -14.648591185451796, -14.819885946815479, -15.000236769471876, -15.079892615252867, -15.183725978443581, -15.456119522224363, -15.60289731502462, -15.830655384086997, -16.244529138412986, -16.3515784581464, -16.69867573407757, -17.10748865801384, -17.49868384045196, -17.91665970390246, -18.347408673848854, -18.778157643795247
2ACE.pdb, 26, 26, 0.0983928939651507, 2.31878669333293, 0.7438322167228124, -, -, -, 1.6916548975955723, 46.0823298366388, , Y, 67.70555873545213, 67.65194291336107, 67.65415239500771, 67.75780874553023, 67.85089690791433, 67.94398507029844, 68.03556827094813, 68.12309037494708, 68.21061247894603, 68.00686972892264, 67.70649041551223, 67.41309763134923, 67.17525645345336, 66.9505927454641, 66.58590989105157, 66.25977084231747, 65.93305460784897, 65.5977859084531, 65.1992916490488, 64.73491909295342, 64.25639921449694, 63.777879336040456, 63.299359457583975, 63.222665426816285, 63.239666878005615, 63.259623207428476, 63.279579536851344, 63.21478479175052, 63.050078614812115, 62.86099942783437, 62.68211746894154, 62.499962080682174, 62.29532196854221, 62.06075482736156, 61.75193845555716, 61.42887426930789, 61.104176142295444, 61.162971073911926, 61.30938566301911, 61.44465671954689, 61.5875090470778, 61.77103023457684, 61.95455142207588, 61.99643947163819, 61.986665480685744, 61.962047453229054, 61.76155054432423, 61.56105363541941, 61.40333464123924, 61.25535033336153, 61.38519903557962, 61.39426164825201, 61.46730873099097, 61.598728642169675, 61.73589235792929, 61.87889801089319, 62.021903663857096, 62.164909316820996, 62.307914969784896, 62.4933631758721, 62.74210272151465, 62.93296515864719, 63.01503182138757, 63.0853749660056, 63.284583017029846, 63.32532666926909, 63.33939329663716, 63.399116033127555, 63.461533231051675, 63.523950428975795, 63.586367626899914, 63.77096185189698, 64.11026947767333, 64.4490915933879, 64.78237542807581, 65.03681201982388, 65.25871458929727, 65.45754077970784, 65.61493716335411, 65.8205557245363, 66.02617428571851, 66.16502936791204, 66.37355644178518, 66.62312534078204, 66.67008498652282, 67.08033829975773, 67.49466292522318, 67.83904195604214, 68.01102955754067, 68.31452605398526, 68.45618317255507, 68.65968645193858, 68.91440478177043, 69.13135493151717, 69.33029146218676, 69.52922799285636
2ACE.pdb, 26, 26, 0.0983928939651507, 2.31878669333293, 0.7438322167228124, -, -, -, 1.6916548975955723, 46.0823298366388, , Z, 64.32331952194659, 64.57291518579062, 64.7421698095862, 65.16785631874285, 65.58144085678292, 65.99502539482299, 66.40156557527962, 66.78909675614871, 67.1766279370178, 67.59157953999735, 67.98304230146663, 68.35703798887836, 68.74197690550334, 69.10544113761637, 69.26652705606034, 69.52875986593341, 69.78506148163237, 70.04254340634162, 70.26822163636959, 70.41693275956231, 70.54123747751872, 70.66554219547513, 70.78984691343152, 70.51556187935284, 70.15217132412836, 69.78871857287163, 69.42526582161489, 69.19316292102502, 68.97264802252906, 68.72335078587986, 68.47010520120608, 68.21172912836487, 68.01592864635555, 67.93120336214425, 67.95029951969954, 67.66182464254992, 67.36668437423218, 66.97961575303748, 66.56534426118759, 66.1525758073098, 65.78034119767256, 65.65976585839387, 65.53919051911518, 65.27629715046318, 64.96149192060007, 64.639284346543, 64.22937043893187, 63.81945653132073, 63.69666757725858, 63.68718410158868, 63.30826539087102, 62.808475731527075, 62.3568405419296, 61.94913652185175, 61.537730518318426, 61.12255928312141, 60.7073880479244, 60.29221681272738, 59.87704557753037, 59.648944623180604, 59.49345705083113, 59.17663157561643, 58.83748711213989, 58.50570881010578, 58.26725676991066, 57.83097021719275, 57.40890571816968, 56.91617360180664, 56.42021703091603, 55.924260460025415, 55.4283038891348, 54.994655973076206, 54.64643154774136, 54.298393674554546, 53.95934639432112, 53.723046379124696, 53.52486223817102, 53.17124424006996, 52.76021926993, 52.3747276886165, 51.98923610730301, 51.585231113941745, 51.25912643892553, 50.87079417083568, 50.47607234326557, 50.427023199006406, 50.1887137693281, 49.96970620127417, 49.78189763676601, 49.40006547479171, 49.14261598484886, 48.96065592179799, 48.78153333337075, 48.83048528958208, 48.98821791669285, 49.145950543803615
2ACE.pdb, 26, 26, 0.0983928939651507, 2.31878669333293, 0.7438322167228124, -, -, -, 1.6916548975955723, 46.0823298366388, , distance, 0.0, 0.49949623340657096, 0.9725372520454258, 1.3137916276958286, 1.7936644216822473, 2.2821953628499405, 2.776118686673317, 3.2748709144082775, 3.7739533714101223, 4.068330447429586, 4.403805029018511, 4.706107626208518, 4.967289427575521, 5.282548724188295, 5.587087486761764, 6.006233430045754, 6.434186336276017, 6.870231908004038, 7.209111350801669, 7.461738823289503, 7.7343545199445, 8.028881205584375, 8.342998680725408, 8.272352084556665, 8.136175430376642, 8.027098176857018, 7.948034955128078, 8.069896370944035, 8.2765940616117, 8.491814239430193, 8.72413972323026, 8.974500739636865, 9.292496920238847, 9.706861246476898, 10.160082980441928, 10.387986509843419, 10.666981333482408, 10.708310658347035, 10.707142617177846, 10.742939264428147, 10.833703827816333, 11.088159710219921, 11.358936256967304, 11.662080963653537, 11.984529078147908, 12.31289440434382, 12.583779285865553, 12.868396699598454, 13.30189898726573, 13.792650323664414, 13.794720473300154, 13.846337323420236, 13.99382994108219, 14.227502363329183, 14.46474153065625, 14.7052077355223, 14.95852671692764, 15.224056901404802, 15.50117077944064, 15.815803149685856, 16.123860823863893, 16.450477167415816, 16.859175315762144, 17.27674051231103, 17.624626696627818, 17.98565459503934, 18.361713478475913, 18.559469738386035, 18.75874950678038, 18.969118301760872, 19.190211443188037, 19.4059524485142, 19.609453438417017, 19.824891411711988, 20.076935468172984, 20.39723525143501, 20.734414067093798, 21.074850679116715, 21.438803670573268, 21.832255136133583, 22.22998933497442, 22.587469103506702, 22.907350735868164, 23.182709398991182, 23.495521439808055, 23.730120885551198, 23.98160847368165, 24.294161646072624, 24.740729781755153, 25.058495861558647, 25.494301537471088, 25.9377401506406, 26.3692986282599, 26.689812435908532, 26.962166465599076, 27.240975628148362
2ACE.pdb, 26, 26, 0.0983928939651507, 2.31878669333293, 0.7438322167228124, -, -, -, 1.6916548975955723, 46.0823298366388, , length, 0.0, 0.5, 1.0, 1.5, 2.0, 2.5, 3.0, 3.5, 4.0, 4.5, 5.0, 5.5, 6.0, 6.5, 7.0, 7.5, 8.0, 8.5, 9.0, 9.5, 10.0, 10.5, 11.0, 11.5, 12.0, 12.5, 13.0, 13.5, 14.0, 14.5, 15.0, 15.5, 16.0, 16.5, 17.0, 17.5, 18.0, 18.5, 19.0, 19.5, 20.0, 20.5, 21.0, 21.5, 22.0, 22.5, 23.0, 23.5, 24.0, 24.5, 25.0, 25.5, 26.0, 26.5, 27.0, 27.5, 28.0, 28.5, 29.0, 29.5, 30.0, 30.5, 31.0, 31.5, 32.0, 32.5, 33.0, 33.5, 34.0, 34.5, 35.0, 35.5, 36.0, 36.5, 37.0, 37.5, 38.0, 38.5, 39.0, 39.5, 40.0, 40.5, 41.0, 41.5, 42.0, 42.5, 43.0, 43.5, 44.0, 44.5, 45.0, 45.5, 46.0, 46.5, 47.0, 47.5
2ACE.pdb, 26, 26, 0.0983928939651507, 2.31878669333293, 0.7438322167228124, -, -, -, 1.6916548975955723, 46.0823298366388, , R, 3.2179875353164493, 3.1444607804488807, 3.060079453814604, 2.9159372615447148, 2.756538317798229, 2.651333189620819, 2.6009777279642505, 2.601549249189858, 2.6623293739993223, 2.5246725559260104, 2.331243272193725, 2.2031357449564988, 2.1324146558826573, 2.0678226719790502, 2.0528148914781066, 2.000373261568566, 2.0131997326228244, 2.0922605076095477, 2.1601896225342503, 2.183065906195392, 2.2476229269290577, 2.3758013210912408, 2.561611611521976, 2.3197510629643414, 2.008412568041204, 1.7434476962922791, 1.537856517654098, 1.3160736522641177, 1.0657925262253802, 0.8684454107965327, 0.7589971106550202, 0.751657464047558, 0.803101465679112, 0.9094633309956683, 0.9824115329521845, 1.0886657562522828, 1.2378512577534533, 1.1630118758265349, 1.1112349305012037, 1.1429361862179146, 1.207272448183223, 1.1178030440271223, 1.1215894441676952, 1.1263682780829436, 1.1907345177246826, 1.3314066248037304, 1.4251434079480152, 1.5972455223778348, 1.7060293905715946, 1.830779254178457, 1.729700497145389, 1.5254740966860871, 1.3011316748963924, 1.0604443688899363, 0.8965777159428536, 0.825618821587895, 0.859917531172699, 0.9951714164603089, 1.216451544094057, 1.3700083401517706, 1.5115142892177258, 1.6672066633275384, 1.7838370144137183, 1.9561286848624824, 2.025237874238597, 1.7995951392159135, 1.6388067859785589, 1.3859908565073398, 1.1935591920658308, 1.0842319634751538, 1.0685603625039066, 1.0447276433210009, 0.9820807006513808, 1.0168697580647819, 1.114197105928723, 1.1311793237957066, 0.9817511987508554, 0.9038300677228652, 0.8630431946931614, 0.9313104667374188, 1.0951388377865365, 1.3036018154783542, 1.5193510786504851, 1.6156867956182954, 1.6359683271585266, 1.6810317825859769, 1.6401765932329537, 1.651024260783216, 1.6581565951159711, 1.6384789352406144, 1.6896759739467826, 1.710643604860898, 1.772261272447425, 1.74059867575358, 1.7041105906776255, 1.7447012845761631
2ACE.pdb, 26, 26, 0.0983928939651507, 2.31878669333293, 0.7438322167228124, -, -, -, 1.6916548975955723, 46.0823298366388, , Upper limit of R overestimation, -, -, -, -, -, -, -, -, -, -, -, -, -, -, -, -, -, -, -, -, -, -, -, -, -, -, -, -, -, -, -, -, -, -, -, -, -, -, -, -, -, -, -, -, -, -, -, -, -, -, -, -, -, -, -, -, -, -, -, -, -, -, -, -, -, -, -, -, -, -, -, -, -, -, -, -, -, -, -, -, -, -, -, -, -, -, -, -, -, -, -, -, -, -, -, -
2ACE.pdb, 27, 27, 0.08438933639267744, 2.4723142314208855, 0.6895692719667568, -, -, -, 1.2188620879566292, 36.89999637265565, , X, 3.769402191235131, 3.810541898268034, 3.860642650167368, 4.0655091144455175, 4.0276928988541565, 4.169463725545817, 4.311234552237478, 4.453005378929138, 4.680633674325597, 4.9863216715387635, 5.371125473966407, 5.755929276394049, 6.140733078821691, 6.5339655758230135, 6.913972863449075, 7.150083149172297, 7.506185435313193, 7.926284280299106, 8.262220753993704, 8.543852816079795, 8.815981275637586, 9.211330841774592, 9.394622938763742, 9.638264981157443, 9.872913653360207, 10.120874352648515, 10.368835051936824, 10.749856067783885, 11.184854527071973, 11.410079661669787, 11.771824273087537, 12.139745640780637, 12.499085532838315, 12.621406300799318, 12.712047973354682, 12.67990484744141, 12.73106913864623, 12.798907048799538, 12.874503728190675, 13.094377739973778, 13.318560557157625, 13.585055920362654, 13.835961794238541, 13.976362126006718, 13.995456927109743, 14.189332354411388, 14.506059519418121, 14.843513788277619, 15.196005743259297, 15.548497698240974, 15.661736967340335, 15.759500955462615, 15.780960804758084, 15.763702395555278, 15.731336433961461, 16.039897922907297, 16.304233531113546, 16.5685691393198, 16.832904747526047, 17.09726185529752, 17.362699703009252, 17.40704617520245, 17.44650578112946, 17.55752966732018, 17.670389555356046, 17.766163387211154, 17.78611543916562, 17.806067491120086, 17.826019543074548, 18.09373354955465, 18.49174384685758, 18.882418790677008, 19.334690597780963, 19.772979685586225, 20.198129740157995, 20.59945099379385, 21.000828177918365
2ACE.pdb, 27, 27, 0.08438933639267744, 2.4723142314208855, 0.6895692719667568, -, -, -, 1.2188620879566292, 36.89999637265565, , Y, 67.70555873545213, 67.2263844970562, 66.749183043259, 66.33864158817838, 65.97840388365793, 65.60912539243715, 65.23984690121635, 64.87056840999557, 64.49911718046351, 64.13250238382076, 63.817232078860435, 63.501961773900106, 63.18669146893977, 62.885441850856395, 62.78858158766217, 62.576758614135855, 62.53418263385253, 62.65719196732105, 62.52877615474472, 62.320515366477814, 62.10257434056059, 61.94513839400165, 61.939625688775244, 61.6177814747086, 61.31703082263393, 61.01285185126464, 60.708672879895346, 60.63771805728887, 60.688831712366564, 60.72726095642189, 60.631693848192505, 60.52829201144805, 60.41998967619294, 60.212331096887716, 60.000605481913695, 59.66329331980104, 59.721679541798665, 59.91043376066517, 60.1598523863907, 60.09650182233714, 60.01719466075527, 59.719523420240954, 59.44763150742219, 59.35227545518976, 59.40497163584272, 59.17691084118061, 59.25738211430516, 59.3024001674072, 59.23312943681834, 59.163858706229476, 59.20214041285071, 59.25831738020451, 59.35642900482871, 59.47091347389391, 59.59122045698848, 59.85868028326361, 59.73056730002719, 59.60245431679077, 59.47434133355435, 59.327887676692306, 59.282337948097066, 59.01645793307754, 58.8298653982288, 58.78962049600144, 58.749526258496516, 58.73083249146964, 58.80710632522728, 58.88338015898492, 58.95965399274256, 59.06891185969403, 59.19684321618434, 59.34402954551941, 59.48656019634584, 59.5108736060594, 59.6333697438772, 59.66659450523341, 59.69969719647118
2ACE.pdb, 27, 27, 0.08438933639267744, 2.4723142314208855, 0.6895692719667568, -, -, -, 1.2188620879566292, 36.89999637265565, , Z, 64.32331952194659, 64.46006590677239, 64.60055664823427, 64.79043521911402, 64.4937498881505, 64.18791589948857, 63.882081910826656, 63.57624792216473, 63.346591574645416, 63.26049326475385, 63.21018751510784, 63.15988176546183, 63.109576015815826, 63.041739450639476, 62.950905620241926, 62.578900251126235, 62.320611525532556, 62.13694632630579, 61.80779498148805, 61.450988555431024, 61.092793027608536, 60.88593661652252, 60.48704079647919, 60.192153448891, 59.891734988488835, 59.581911417750305, 59.272087847011775, 59.018114364010685, 58.78677679153683, 58.348689598297085, 58.01726965201918, 57.694869392477244, 57.36602547458972, 56.927943810779915, 56.49285398261961, 56.13924657321657, 55.64531007488267, 55.19725631720645, 54.770553269166925, 54.345482746340146, 53.90570410261033, 53.61538193866029, 53.29834223400017, 52.844805639609994, 52.40455179380739, 52.11426998141309, 51.92516206816573, 51.59617874453054, 51.24839865948127, 50.90061857443199, 50.42523820323751, 49.938291470330746, 49.452564360410804, 48.966153573467665, 48.48204308536853, 48.347255993205124, 47.94264043522385, 47.53802487724258, 47.133409319261304, 46.735434505567376, 46.35252210021997, 45.982743330737236, 45.525797526311216, 45.050207572419765, 44.564764375133585, 44.07779443176613, 43.58404933770775, 43.09030424364937, 42.59655914959099, 42.2467362243799, 41.97254164758513, 41.700139476962754, 41.54159854826004, 41.41315804236423, 41.34679896489012, 41.050425839342275, 40.75411423326331
2ACE.pdb, 27, 27, 0.08438933639267744, 2.4723142314208855, 0.6895692719667568, -, -, -, 1.2188620879566292, 36.89999637265565, , distance, 0.0, 0.4999999999999955, 0.9999198518662968, 1.4745639599638771, 1.7546579385860284, 2.1385546834052978, 2.5628124758527604, 3.0104151605481784, 3.4735583692191234, 3.921380415931873, 4.350133851670987, 4.792713708167186, 5.245621493155366, 5.702524438153723, 5.995707539734483, 6.385655253471032, 6.687115904208534, 6.8953537602191, 7.301531362627488, 7.748829333261772, 8.203517295352437, 8.637860336116823, 8.922226561607852, 9.41122285075251, 9.884588131952256, 10.373739675999103, 10.863879012234287, 11.261718782775276, 11.613642704475646, 11.948757040989419, 12.403410360918286, 12.865152863829785, 13.330072326258634, 13.754927084808587, 14.16521827527767, 14.52770252421804, 14.810862548092999, 15.019352880941256, 15.201838750124345, 15.633622191042003, 16.088010401157423, 16.576602350104505, 17.06104066415624, 17.484726295179374, 17.763135022192397, 18.176184148306092, 18.448897177166486, 18.84752328428391, 19.32104765573571, 19.795874092315216, 20.171574404036114, 20.54379193176152, 20.85964684886157, 21.15455426011567, 21.444728855006126, 21.618815250119248, 22.114455282834683, 22.610287306759314, 23.10629896222906, 23.604044461555727, 24.05572583916085, 24.45122780583466, 24.883487054702094, 25.319148054495514, 25.765257012406913, 26.198021324304907, 26.566295062477277, 26.93881484743667, 27.315406960584433, 27.69753902811364, 28.08385399480901, 28.46272503603366, 28.78952849019398, 29.12289230155773, 29.376586270383406, 29.824538034193385, 30.27413580031596
2ACE.pdb, 27, 27, 0.08438933639267744, 2.4723142314208855, 0.6895692719667568, -, -, -, 1.2188620879566292, 36.89999637265565, , length, 0.0, 0.5, 1.0, 1.5, 2.0, 2.5, 3.0, 3.5, 4.0, 4.5, 5.0, 5.5, 6.0, 6.5, 7.0, 7.5, 8.0, 8.5, 9.0, 9.5, 10.0, 10.5, 11.0, 11.5, 12.0, 12.5, 13.0, 13.5, 14.0, 14.5, 15.0, 15.5, 16.0, 16.5, 17.0, 17.5, 18.0, 18.5, 19.0, 19.5, 20.0, 20.5, 21.0, 21.5, 22.0, 22.5, 23.0, 23.5, 24.0, 24.5, 25.0, 25.5, 26.0, 26.5, 27.0, 27.5, 28.0, 28.5, 29.0, 29.5, 30.0, 30.5, 31.0, 31.5, 32.0, 32.5, 33.0, 33.5, 34.0, 34.5, 35.0, 35.5, 36.0, 36.5, 37.0, 37.5, 38.0
2ACE.pdb, 27, 27, 0.08438933639267744, 2.4723142314208855, 0.6895692719667568, -, -, -, 1.2188620879566292, 36.89999637265565, , R, 3.2179875353172602, 3.0886906603246342, 3.0044771840404763, 2.8550514373308205, 2.7768446108163984, 2.5771852974224747, 2.4310734127990994, 2.3445872826526926, 2.2094786320146502, 1.9809308946494633, 1.7324736363757296, 1.546048333201424, 1.4334251315608637, 1.3818481119723618, 1.2407455274385226, 1.0843372123974002, 0.9638590211405345, 0.9295038101256421, 0.9431832326098375, 1.0405662926508534, 1.2248975057032179, 1.36404801445285, 1.313067317320999, 1.171171129444347, 1.1004188169147828, 1.1152667285035744, 1.2227480169849416, 1.228635891324641, 1.2210469470729342, 1.1609208707482441, 1.1142098520766712, 1.1572454320742138, 1.2820159824716666, 1.2915932634829956, 1.3643217839303166, 1.2672688204633165, 1.0753257012549766, 0.946400423423754, 0.9038339151657948, 0.7913149603263236, 0.7435064741621806, 0.6903527152884079, 0.734818474128609, 0.8818168988567998, 1.0638218201560399, 1.2653763531611237, 1.2083512412737427, 1.087180894449371, 0.9985311391682887, 1.007569184322914, 0.8997066446248274, 0.8643229816851572, 0.8721577938808811, 0.9568426202695015, 1.1254078412906408, 1.0942747471978826, 0.9827132171197399, 0.9685165140008887, 1.0532966081982118, 1.2139989323055538, 1.391158717751372, 1.2866702028960213, 1.127237835656377, 0.9411614402371598, 0.8155941454111204, 0.7798475137381775, 0.7913445733190421, 0.9080298364672306, 1.115971175286024, 1.2141801254943494, 1.3011563327712516, 1.4581816522683475, 1.6023712514026411, 1.7070309020629906, 1.7778936801237442, 1.8477010571253958, 1.987970882577926
2ACE.pdb, 27, 27, 0.08438933639267744, 2.4723142314208855, 0.6895692719667568, -, -, -, 1.2188620879566292, 36.89999637265565, , Upper limit of R overestimation, -, -, -, -, -, -, -, -, -, -, -, -, -, -, -, -, -, -, -, -, -, -, -, -, -, -, -, -, -, -, -, -, -, -, -, -, -, -, -, -, -, -, -, -, -, -, -, -, -, -, -, -, -, -, -, -, -, -, -, -, -, -, -, -, -, -, -, -, -, -, -, -, -, -, -, -, -
2ACE.pdb, 28, 28, 0.0839132322604841, 2.4779719632785473, 0.6107751042611311, -, -, -, 1.4842878311295447, 38.56775702940243, , X, 3.769402191235131, 3.810541898268034, 3.860642650167368, 4.0655091144455175, 4.123571482429884, 4.147891292459812, 4.119629568797574, 4.08255387808977, 4.045478187381964, 4.008402496674159, 3.971326805966354, 3.934251115258549, 3.8924075611269564, 3.8193818056076005, 3.6920327581555483, 3.5327460243163493, 3.3750409551120715, 3.2173358859077936, 3.2224326937080976, 3.3890264181908893, 3.561926822439285, 3.7208440420654965, 3.6792914602699316, 3.6421126679181626, 3.604933875566393, 3.5640119480987167, 3.60675908851547, 3.7951570166068263, 3.9835549446981826, 4.171952872789539, 4.475892261501356, 4.756424600874729, 4.957890379375718, 5.228936703359162, 5.543447031813489, 5.950512920820859, 6.353456806997652, 6.744549904517732, 7.135643002037812, 7.527841133023156, 7.92781633465466, 8.098038456577443, 8.144513236113225, 8.304638846697683, 8.30182350839276, 8.299008170087836, 8.2646977635904, 8.198238891993125, 8.319989302849594, 8.683639174077557, 8.803489607203025, 8.756228616704037, 8.714619265340792, 8.67582493502133, 8.637030604701867, 8.598236274382405, 8.559441944062943, 8.8621024792938, 9.319883170412817, 9.73778055859825, 10.208267767113384, 10.679968276583669, 11.151668786053952, 11.623260756787605, 11.917501708787999, 12.154284312580087, 12.40672117911766, 12.775242510486192, 13.140242131755137, 13.5020148024505, 13.782518684216821, 14.198026528490145, 14.613534372763468, 15.02904221703679, 15.282801271502413, 15.443827364921436, 15.450019128260227, 15.289884019869254, 15.12716891271924, 15.087892065835579
2ACE.pdb, 28, 28, 0.0839132322604841, 2.4779719632785473, 0.6107751042611311, -, -, -, 1.4842878311295447, 38.56775702940243, , Y, 67.70555873545213, 67.2263844970562, 66.749183043259, 66.33864158817838, 66.02759123453902, 65.74271789490987, 65.50642408781789, 65.27907809600943, 65.05173210420098, 64.82438611239253, 64.59704012058407, 64.36969412877562, 64.1473125069824, 63.94552799280136, 63.78852415249279, 63.342471202369126, 62.88633047727562, 62.43018975218212, 61.994683885551915, 61.57964747590413, 61.167720559616335, 60.76112620121094, 60.2740309339469, 59.77790194421191, 59.281772954476935, 58.82690622835696, 58.407834057788385, 57.98024951533759, 57.552664972886795, 57.12508043043599, 56.75025444808588, 56.352538214695024, 55.90848097552882, 55.522132349311605, 55.179953016949625, 54.909498406184575, 54.623988297363475, 54.32082513636945, 54.01766197537543, 53.71539053448149, 53.419394894667754, 53.24533847261135, 52.9645683949576, 53.000167765274, 52.678585245554125, 52.357002725834256, 52.11489714082706, 51.9754794936573, 51.81377449888471, 51.61593746649626, 51.26250878676719, 50.80243038752469, 50.388472733343235, 49.97572039822518, 49.56296806310713, 49.15021572798907, 48.73746339287102, 48.51243983734155, 48.37440528204032, 48.26953290725275, 48.1732516904844, 48.07022267507341, 47.96719365966242, 47.873390535563416, 48.07654704099356, 48.43786636175261, 48.76259180027236, 48.83030808088272, 48.919180307136585, 48.99773457741762, 49.146688175175356, 49.360325280601884, 49.573962386028406, 49.78759949145493, 50.082313839029815, 49.989978088053796, 49.73742556111982, 49.49239043210064, 49.25092519561845, 48.99646601682949
2ACE.pdb, 28, 28, 0.0839132322604841, 2.4779719632785473, 0.6107751042611311, -, -, -, 1.4842878311295447, 38.56775702940243, , Z, 64.32331952194659, 64.46006590677239, 64.60055664823427, 64.79043521911402, 65.1693149943931, 65.57686319459565, 66.01654969581969, 66.46032801116101, 66.90410632650232, 67.34788464184362, 67.79166295718493, 68.23544127252624, 68.68123325466688, 69.12993927119291, 69.58217057699979, 69.7381699791614, 69.86880209641612, 69.99943421367082, 70.17673097799614, 70.40031834264278, 70.62478208351926, 70.70328407662262, 70.72898232358527, 70.77871926100414, 70.82845619842303, 70.71418716864027, 70.47441565247729, 70.29643340687952, 70.11845116128174, 69.94046891568395, 69.85076876417875, 69.79112068514569, 69.70316787131196, 69.538035714313, 69.37195407008659, 69.30904704046287, 69.25249485143483, 69.18081300653488, 69.1091311616349, 69.04026431695048, 68.99120904923038, 69.33723002629797, 69.7476177638687, 70.1361075456951, 70.51896098616658, 70.90181442663805, 71.32466838849507, 71.80004680649107, 72.2082676296846, 72.48865892728782, 72.71541078869998, 72.90539569685721, 73.10398742731049, 73.38350578053557, 73.66302413376064, 73.94254248698572, 74.2220608402108, 74.20562933469613, 74.06014443156666, 73.95673441382161, 73.8267028193537, 73.69676571399532, 73.56682860863692, 73.44971675038884, 73.73998028395042, 73.99173879321606, 74.25377699591796, 74.58460415378993, 74.91433899350116, 75.25030008423627, 75.62471575313806, 75.80279556258404, 75.98087537203, 76.15895518147597, 76.33283974648343, 76.7766552443824, 77.14063315445127, 77.54597162403428, 77.95244220535075, 78.36008067818925
2ACE.pdb, 28, 28, 0.0839132322604841, 2.4779719632785473, 0.6107751042611311, -, -, -, 1.4842878311295447, 38.56775702940243, , distance, 0.0, 0.4999999999999955, 0.9999198518662968, 1.4745639599638771, 1.9122549935471465, 2.3595274747891763, 2.797477584563275, 3.248488503218794, 3.712071426435011, 4.184049592723039, 4.66187384146938, 5.143915282465988, 5.6274024776332965, 6.102779904385911, 6.557793864746638, 6.9579554782051085, 7.357503569330341, 7.768691853119979, 8.196077894716469, 8.637209569954802, 9.082665052558912, 9.430347227721834, 9.81163805573146, 10.22429120347556, 10.644436100153813, 10.941473610591899, 11.149444854679064, 11.413167492867759, 11.692333551219672, 11.985863987452097, 12.291074622408855, 12.639704812302545, 13.020227191151323, 13.332643566281773, 13.620820258429305, 13.905174679012825, 14.216243976970643, 14.546403005110271, 14.886036677417122, 15.234836322380133, 15.594103953509233, 15.905167729802564, 16.30525695261766, 16.45008813702473, 16.874203637964204, 17.302372586298294, 17.671878711446436, 17.970849683934738, 18.314722382382037, 18.70022473946213, 19.134866698152685, 19.601944220312227, 20.035887012527034, 20.50627042261146, 20.97802385621175, 21.451056924503956, 21.925286804163566, 22.18042958321971, 22.34518051527368, 22.498518235862573, 22.65577856752141, 22.829013104801774, 23.011809493776443, 23.201058515673324, 23.245711986424485, 23.13068414036696, 23.066279744425714, 23.295368840702547, 23.514045783096808, 23.750901818174924, 23.925211287458232, 24.02253455087771, 24.12982795932678, 24.246959158733763, 24.235628629856787, 24.60121077154884, 24.97146672812891, 25.283977729442423, 25.599323215829124, 25.98401483899004
2ACE.pdb, 28, 28, 0.0839132322604841, 2.4779719632785473, 0.6107751042611311, -, -, -, 1.4842878311295447, 38.56775702940243, , length, 0.0, 0.5, 1.0, 1.5, 2.0, 2.5, 3.0, 3.5, 4.0, 4.5, 5.0, 5.5, 6.0, 6.5, 7.0, 7.5, 8.0, 8.5, 9.0, 9.5, 10.0, 10.5, 11.0, 11.5, 12.0, 12.5, 13.0, 13.5, 14.0, 14.5, 15.0, 15.5, 16.0, 16.5, 17.0, 17.5, 18.0, 18.5, 19.0, 19.5, 20.0, 20.5, 21.0, 21.5, 22.0, 22.5, 23.0, 23.5, 24.0, 24.5, 25.0, 25.5, 26.0, 26.5, 27.0, 27.5, 28.0, 28.5, 29.0, 29.5, 30.0, 30.5, 31.0, 31.5, 32.0, 32.5, 33.0, 33.5, 34.0, 34.5, 35.0, 35.5, 36.0, 36.5, 37.0, 37.5, 38.0, 38.5, 39.0, 39.5
2ACE.pdb, 28, 28, 0.0839132322604841, 2.4779719632785473, 0.6107751042611311, -, -, -, 1.4842878311295447, 38.56775702940243, , R, 3.2179875353172602, 3.0886906603246342, 3.0044771840404763, 2.8550514373308205, 2.5828319064651946, 2.3282616809986747, 2.089137720019022, 1.9012865381341784, 1.7791708155189903, 1.7302083877693621, 1.7576792182702037, 1.8597200404522387, 2.0270584425112546, 2.2303962243814484, 2.4460929226168173, 2.5067396869051826, 2.6117206065353336, 2.7727378017810556, 2.8672403008074743, 2.9004366143719786, 2.984200318177654, 3.0345153707247188, 2.8118413808333957, 2.6144504324386806, 2.470302119875669, 2.3168041994688235, 2.090838548186664, 1.810980476464012, 1.586880565470461, 1.431267992170778, 1.2611723026599577, 1.1410125962062665, 1.088153187688023, 1.038359672634793, 1.0236595308802494, 0.9539764643172157, 0.8132803030027453, 0.7499568607732336, 0.7954289726014983, 0.9425414700522596, 1.1684086832259264, 1.0460317783382025, 0.8189432594315242, 0.7851449773408876, 0.6808027599897666, 0.6875715640035831, 0.7515177297665532, 0.8480755030973408, 0.9433875663098981, 1.011975220482721, 0.9952088733692968, 0.9510478569367167, 0.987849921894191, 1.0878115940226363, 1.2750047207640018, 1.5334278226719658, 1.8467182162220572, 1.793615825117881, 1.6136500998971832, 1.4860949952109097, 1.414144195116144, 1.4236133572351877, 1.5165304273221216, 1.6750246012401, 1.5249717503395455, 1.2698020753618393, 1.0727482369638448, 0.850979568463516, 0.699630354591922, 0.6457409773356999, 0.6145641092708183, 0.6427563868974508, 0.7818832380345269, 1.0137359163936046, 1.1398326505039371, 1.3141701559289412, 1.431419774743234, 1.466987488887436, 1.5804018990293214, 1.7595178130501985
2ACE.pdb, 28, 28, 0.0839132322604841, 2.4779719632785473, 0.6107751042611311, -, -, -, 1.4842878311295447, 38.56775702940243, , Upper limit of R overestimation, -, -, -, -, -, -, -, -, -, -, -, -, -, -, -, -, -, -, -, -, -, -, -, -, -, -, -, -, -, -, -, -, -, -, -, -, -, -, -, -, -, -, -, -, -, -, -, -, -, -, -, -, -, -, -, -, -, -, -, -, -, -, -, -, -, -, -, -, -, -, -, -, -, -, -, -, -, -, -, -
2ACE.pdb, 29, 29, 0.0836770229375733, 2.480790856048233, 0.6433350290635431, -, -, -, 1.5979410371532266, 36.012562094073466, , X, 3.769402191235131, 3.810541898268034, 3.860642650167368, 4.0655091144455175, 4.0276928988541565, 4.169463725545817, 4.311234552237478, 4.453005378929138, 4.680633674325597, 4.9863216715387635, 5.371125473966407, 5.755929276394049, 6.140733078821691, 6.5339655758230135, 6.913972863449075, 7.150083149172297, 7.506185435313193, 7.926284280299106, 8.262220753993704, 8.543852816079795, 8.815981275637586, 9.211330841774592, 9.394622938763742, 9.638264981157443, 9.872913653360207, 10.120874352648515, 10.368835051936824, 10.749856067783885, 11.184854527071973, 11.410079661669787, 11.771824273087537, 12.139745640780637, 12.499085532838315, 12.621406300799318, 12.712047973354682, 12.67990484744141, 12.73106913864623, 12.798907048799538, 12.874503728190675, 13.094377739973778, 13.318560557157625, 13.367375595353241, 13.416470623767461, 13.445434058059234, 13.292903003058944, 12.91669052348961, 12.748766358202548, 12.613650060281861, 12.279732009160407, 11.945813958038952, 11.611895906917498, 11.45879659117851, 11.621031281311351, 11.701099150556212, 11.739301757001796, 11.798507165339354, 11.848010200124335, 11.654150669276742, 11.637786429957652, 11.625319705969478, 11.612852981981304, 11.572452472538812, 11.211214337510699, 10.850345190488948, 10.490166949737276, 10.129988708985604, 10.228250057769904, 10.437021939444282, 10.630428456334032, 10.840818679872221, 11.05158200409236, 11.262345328312499, 11.282737148818374, 11.336980964152104, 11.124082681314386
2ACE.pdb, 29, 29, 0.0836770229375733, 2.480790856048233, 0.6433350290635431, -, -, -, 1.5979410371532266, 36.012562094073466, , Y, 67.70555873545213, 67.2263844970562, 66.749183043259, 66.33864158817838, 65.97840388365793, 65.60912539243715, 65.23984690121635, 64.87056840999557, 64.49911718046351, 64.13250238382076, 63.817232078860435, 63.501961773900106, 63.18669146893977, 62.885441850856395, 62.78858158766217, 62.576758614135855, 62.53418263385253, 62.65719196732105, 62.52877615474472, 62.320515366477814, 62.10257434056059, 61.94513839400165, 61.939625688775244, 61.6177814747086, 61.31703082263393, 61.01285185126464, 60.708672879895346, 60.63771805728887, 60.688831712366564, 60.72726095642189, 60.631693848192505, 60.52829201144805, 60.41998967619294, 60.212331096887716, 60.000605481913695, 59.66329331980104, 59.721679541798665, 59.91043376066517, 60.1598523863907, 60.09650182233714, 60.01719466075527, 60.07025529413926, 60.11238189578443, 60.169531536379985, 60.33771138527608, 60.59407888669942, 60.41054306004347, 60.0541805386996, 59.71025335210075, 59.36632616550191, 59.02239897890307, 58.63651748454893, 58.17207536715361, 57.71040990815762, 57.25260785746033, 56.80091098997304, 56.354307953066076, 55.92608158649312, 55.437207215956, 54.9471507065803, 54.45709419720461, 53.98286914291343, 53.652246968924274, 53.310612831545896, 52.968129004319934, 52.625645177093965, 52.23237617756598, 51.819174607866806, 51.404114491335584, 50.99961073787008, 50.595338888213334, 50.1910670385566, 49.902994381836876, 49.644228330470504, 49.4497136698163
2ACE.pdb, 29, 29, 0.0836770229375733, 2.480790856048233, 0.6433350290635431, -, -, -, 1.5979410371532266, 36.012562094073466, , Z, 64.32331952194659, 64.46006590677239, 64.60055664823427, 64.79043521911402, 64.4937498881505, 64.18791589948857, 63.882081910826656, 63.57624792216473, 63.346591574645416, 63.26049326475385, 63.21018751510784, 63.15988176546183, 63.109576015815826, 63.041739450639476, 62.950905620241926, 62.578900251126235, 62.320611525532556, 62.13694632630579, 61.80779498148805, 61.450988555431024, 61.092793027608536, 60.88593661652252, 60.48704079647919, 60.192153448891, 59.891734988488835, 59.581911417750305, 59.272087847011775, 59.018114364010685, 58.78677679153683, 58.348689598297085, 58.01726965201918, 57.694869392477244, 57.36602547458972, 56.927943810779915, 56.49285398261961, 56.13924657321657, 55.64531007488267, 55.19725631720645, 54.770553269166925, 54.345482746340146, 53.90570410261033, 53.41628578558407, 52.92048842010213, 52.42548865158348, 52.09072318955535, 51.959675692263225, 51.60136288610597, 51.36430214188379, 51.2221303252201, 51.07995850855641, 50.93778669189271, 50.886818116824664, 50.976076350031, 51.13184157147835, 51.32921898466972, 51.535004061646696, 51.74065516236017, 51.58790908831228, 51.48895717806347, 51.39052345207734, 51.2920897260912, 51.225676161183955, 51.22145996463158, 51.166372417833436, 51.11181544781415, 51.05725847779486, 51.20973090865399, 51.398363171876625, 51.599159135206726, 51.804350407393144, 52.00963823640109, 52.21492606540903, 52.5525996727806, 52.9576415241604, 53.344133105070526
2ACE.pdb, 29, 29, 0.0836770229375733, 2.480790856048233, 0.6433350290635431, -, -, -, 1.5979410371532266, 36.012562094073466, , distance, 0.0, 0.4999999999999955, 0.9999198518662968, 1.4745639599638771, 1.7546579385860284, 2.1385546834052978, 2.5628124758527604, 3.0104151605481784, 3.4735583692191234, 3.921380415931873, 4.350133851670987, 4.792713708167186, 5.245621493155366, 5.702524438153723, 5.995707539734483, 6.385655253471032, 6.687115904208534, 6.8953537602191, 7.301531362627488, 7.748829333261772, 8.203517295352437, 8.637860336116823, 8.922226561607852, 9.41122285075251, 9.884588131952256, 10.373739675999103, 10.863879012234287, 11.261718782775276, 11.613642704475646, 11.948757040989419, 12.403410360918286, 12.865152863829785, 13.330072326258634, 13.754927084808587, 14.16521827527767, 14.52770252421804, 14.810862548092999, 15.019352880941256, 15.201838750124345, 15.633622191042003, 16.088010401157423, 16.412871078310243, 16.755501215947522, 17.087295808661946, 17.1644590744811, 16.94419423342055, 17.195767362687995, 17.45567071572007, 17.549694588548782, 17.657381464051497, 17.778483067537586, 17.941958239230964, 18.184726690055115, 18.352926394773117, 18.483239161980674, 18.625758546977693, 18.773338650115356, 19.055603359063404, 19.420215660702247, 19.79266605625216, 20.17063417249066, 20.512144328457055, 20.60424382226369, 20.747517404149825, 20.90225714893015, 21.067729574031073, 21.28619976772252, 21.53807907885746, 21.787955925278933, 22.041284385099416, 22.30283643058934, 22.572434701520766, 22.625899883032385, 22.64196415577894, 22.53685289804609
2ACE.pdb, 29, 29, 0.0836770229375733, 2.480790856048233, 0.6433350290635431, -, -, -, 1.5979410371532266, 36.012562094073466, , length, 0.0, 0.5, 1.0, 1.5, 2.0, 2.5, 3.0, 3.5, 4.0, 4.5, 5.0, 5.5, 6.0, 6.5, 7.0, 7.5, 8.0, 8.5, 9.0, 9.5, 10.0, 10.5, 11.0, 11.5, 12.0, 12.5, 13.0, 13.5, 14.0, 14.5, 15.0, 15.5, 16.0, 16.5, 17.0, 17.5, 18.0, 18.5, 19.0, 19.5, 20.0, 20.5, 21.0, 21.5, 22.0, 22.5, 23.0, 23.5, 24.0, 24.5, 25.0, 25.5, 26.0, 26.5, 27.0, 27.5, 28.0, 28.5, 29.0, 29.5, 30.0, 30.5, 31.0, 31.5, 32.0, 32.5, 33.0, 33.5, 34.0, 34.5, 35.0, 35.5, 36.0, 36.5, 37.0
2ACE.pdb, 29, 29, 0.0836770229375733, 2.480790856048233, 0.6433350290635431, -, -, -, 1.5979410371532266, 36.012562094073466, , R, 3.2179875353172602, 3.0886906603246342, 3.0044771840404763, 2.8550514373308205, 2.7768446108163984, 2.5771852974224747, 2.4310734127990994, 2.3445872826526926, 2.2094786320146502, 1.9809308946494633, 1.7324736363757296, 1.546048333201424, 1.4334251315608637, 1.3818481119723618, 1.2407455274385226, 1.0843372123974002, 0.9638590211405345, 0.9295038101256421, 0.9431832326098375, 1.0405662926508534, 1.2248975057032179, 1.36404801445285, 1.313067317320999, 1.171171129444347, 1.1004188169147828, 1.1152667285035744, 1.2227480169849416, 1.228635891324641, 1.2210469470729342, 1.1609208707482441, 1.1142098520766712, 1.1572454320742138, 1.2820159824716666, 1.2915932634829956, 1.3643217839303166, 1.2672688204633165, 1.0753257012549766, 0.946400423423754, 0.9038339151657948, 0.7913149603263236, 0.7435064741621806, 0.7590801042085169, 0.8726464803085912, 1.075726918900747, 1.2418477668839696, 1.3131229903023702, 1.322002447852904, 1.1892849478529675, 1.0084093070984332, 0.9183359735240106, 0.9291041250507446, 0.9130269339773238, 0.7873993756278788, 0.6826582651361903, 0.6450122025934628, 0.7119776580920458, 0.8667391229691797, 0.8362400917234596, 0.7932735277219374, 0.8551977985551593, 1.016118047422761, 1.231100796931242, 1.191806286426878, 1.212569455574104, 1.3218187029073127, 1.5106651499053938, 1.406152828249251, 1.2821737849613202, 1.232681085173414, 1.2605619507030958, 1.3755553770684616, 1.5681964188895638, 1.6565601577957256, 1.7551999425387064, 1.8597459033546002
2ACE.pdb, 29, 29, 0.0836770229375733, 2.480790856048233, 0.6433350290635431, -, -, -, 1.5979410371532266, 36.012562094073466, , Upper limit of R overestimation, -, -, -, -, -, -, -, -, -, -, -, -, -, -, -, -, -, -, -, -, -, -, -, -, -, -, -, -, -, -, -, -, -, -, -, -, -, -, -, -, -, -, -, -, -, -, -, -, -, -, -, -, -, -, -, -, -, -, -, -, -, -, -, -, -, -, -, -, -, -, -, -, -, -, -
2ACE.pdb, 30, 30, 0.08308620301695185, 2.487876619581894, 0.7359754257002153, -, -, -, 1.8794561085431374, 41.53321429681911, , X, 3.769402191235131, 3.3400726728007384, 2.893188443726914, 2.7643768302080565, 2.4992685053328545, 2.234160180457653, 1.9586504106798364, 1.655072636187362, 1.3514948616948874, 1.365446956812653, 1.3199273408553356, 1.3629461202505655, 1.562999989969489, 1.655954716058934, 1.4185231376376473, 1.1449159158930864, 0.8665832693320625, 0.5995664952271003, 0.5525635863626759, 0.6515946135043768, 0.7262073672115825, 0.8008201209187884, 0.8754328746259941, 0.6084511980369189, 0.26545481439572866, -0.07733352046978637, -0.42012185533530144, -0.8393722763211406, -1.2517788053734606, -1.6417787397976975, -2.034029576490843, -2.421211488062304, -2.821840103883161, -3.2550207952599948, -3.621586093709518, -3.804756468369103, -4.037272453163901, -4.280849617213032, -4.519457689393814, -4.766736949435251, -5.051918258441876, -5.501119283926871, -5.950320309411868, -6.354921157705563, -6.743253665167529, -7.11726915464077, -7.321650117224335, -7.5260310798078995, -7.928024682824067, -8.40546315699135, -8.592520671749401, -8.740659222639222, -8.888068870987858, -9.110193415966611, -9.344918432120874, -9.579643448275137, -9.835999776615328, -9.684260429860462, -9.481970054484956, -9.168510148503097, -8.898162216568592, -9.009894194433569, -9.193355148122425, -9.144222475751219, -9.062932279870681, -8.766640645611748, -8.470349011352813, -8.17405737709388, -7.868682906902389, -7.569126007892898, -7.340946752923341, -7.337547168022276, -7.4756269189111135, -7.647323751302825, -7.919658079609022, -8.230213030333534, -8.535158184306631, -8.840103338279729, -9.145048492252826, -9.179528858892892, -8.80165347628276, -8.413581063421521, -8.125993840335013, -7.828488902173548, -7.630176420084398, -7.486123620651389, -7.394418813274434
2ACE.pdb, 30, 30, 0.08308620301695185, 2.487876619581894, 0.7359754257002153, -, -, -, 1.8794561085431374, 41.53321429681911, , Y, 67.70555873545213, 67.65194291336107, 67.65415239500771, 67.75780874553023, 67.85089690791433, 67.94398507029844, 68.03556827094813, 68.12309037494708, 68.21061247894603, 68.00686972892264, 67.70649041551223, 67.41309763134923, 67.17525645345336, 66.9505927454641, 66.58590989105157, 66.25977084231747, 65.93305460784897, 65.5977859084531, 65.1992916490488, 64.73491909295342, 64.25639921449694, 63.777879336040456, 63.299359457583975, 63.222665426816285, 63.239666878005615, 63.259623207428476, 63.279579536851344, 63.21478479175052, 63.050078614812115, 62.86099942783437, 62.68211746894154, 62.499962080682174, 62.29532196854221, 62.06075482736156, 61.75193845555716, 61.42887426930789, 61.104176142295444, 61.162971073911926, 61.30938566301911, 61.44465671954689, 61.5875090470778, 61.77103023457684, 61.95455142207588, 61.99643947163819, 61.986665480685744, 61.962047453229054, 61.76155054432423, 61.56105363541941, 61.40333464123924, 61.25535033336153, 60.884246749244774, 60.42167751875064, 59.94583326908019, 59.5744374142738, 59.22710924128377, 58.879781068293745, 58.68465028335706, 58.32016998211039, 57.92615074913413, 57.57836638238578, 57.23559844920186, 56.84549598516576, 56.53814611513428, 56.17957009091397, 55.91524634583763, 55.556565273657526, 55.19788420147743, 54.839203129297324, 54.48724135956959, 54.13442813051287, 53.71776708383133, 53.50289725108092, 53.593726716837196, 53.62998065363081, 53.43534591412199, 53.15846123294684, 52.89051282620381, 52.62256441946079, 52.35461601271776, 52.15860134191915, 52.072258210525796, 51.99515202412455, 51.70282685910651, 51.326635984361324, 51.037665368952524, 50.75554118141708, 50.506142415310876
2ACE.pdb, 30, 30, 0.08308620301695185, 2.487876619581894, 0.7359754257002153, -, -, -, 1.8794561085431374, 41.53321429681911, , Z, 64.32331952194659, 64.57291518579062, 64.7421698095862, 65.16785631874285, 65.58144085678292, 65.99502539482299, 66.40156557527962, 66.78909675614871, 67.1766279370178, 67.59157953999735, 67.98304230146663, 68.35703798887836, 68.74197690550334, 69.10544113761637, 69.26652705606034, 69.52875986593341, 69.78506148163237, 70.04254340634162, 70.26822163636959, 70.41693275956231, 70.54123747751872, 70.66554219547513, 70.78984691343152, 70.51556187935284, 70.15217132412836, 69.78871857287163, 69.42526582161489, 69.19316292102502, 68.97264802252906, 68.72335078587986, 68.47010520120608, 68.21172912836487, 68.01592864635555, 67.93120336214425, 67.95029951969954, 67.66182464254992, 67.36668437423218, 66.97961575303748, 66.56534426118759, 66.1525758073098, 65.78034119767256, 65.65976585839387, 65.53919051911518, 65.27629715046318, 64.96149192060007, 64.639284346543, 64.22937043893187, 63.81945653132073, 63.69666757725858, 63.68718410158868, 63.65105889856185, 63.75137063108939, 63.79334690886975, 64.00580562911375, 64.27832591650314, 64.55084620389252, 64.91222060890115, 65.16290062473203, 65.39490805580967, 65.46219187142333, 65.41906806218988, 65.59464885544047, 65.88576399191216, 66.23074111486383, 66.47843470168831, 66.6616262842676, 66.84481786684688, 67.02800944942618, 67.20882611893833, 67.3920621218037, 67.47883311507888, 67.77575822630513, 68.2476522721935, 68.71193493824217, 69.04559604796441, 69.32251152906258, 69.61442265319491, 69.90633377732723, 70.19824490145956, 70.49963433446622, 70.81547457711817, 71.12110495287133, 71.32120290468393, 71.44734578151566, 71.76474302487597, 72.15104724393701, 72.56310949227976
2ACE.pdb, 30, 30, 0.08308620301695185, 2.487876619581894, 0.7359754257002153, -, -, -, 1.8794561085431374, 41.53321429681911, , distance, 0.0, 0.49949623340657096, 0.9725372520454258, 1.3137916276958286, 1.7936644216822473, 2.2821953628499405, 2.776118686673317, 3.2748709144082775, 3.7739533714101223, 4.068330447429586, 4.403805029018511, 4.706107626208518, 4.967289427575521, 5.282548724188295, 5.587087486761764, 6.006233430045754, 6.434186336276017, 6.870231908004038, 7.209111350801669, 7.461738823289503, 7.7343545199445, 8.028881205584375, 8.342998680725408, 8.272352084556665, 8.136175430376642, 8.027098176857018, 7.948034955128078, 8.069896370944035, 8.2765940616117, 8.491814239430193, 8.72413972323026, 8.974500739636865, 9.292496920238847, 9.706861246476898, 10.160082980441928, 10.387986509843419, 10.666981333482408, 10.708310658347035, 10.707142617177846, 10.742939264428147, 10.833703827816333, 11.088159710219921, 11.358936256967304, 11.662080963653537, 11.984529078147908, 12.31289440434382, 12.583779285865553, 12.868396699598454, 13.30189898726573, 13.792650323664414, 14.135040446681058, 14.487363034440655, 14.856169895874409, 15.234826287717006, 15.616386767171052, 16.004472478242985, 16.33494892854231, 16.42532971972778, 16.504059771565533, 16.469566809578172, 16.470820297877054, 16.81866990362569, 17.180960834401215, 17.414028063803844, 17.559179811738954, 17.61300913122752, 17.68081971098702, 17.762451425638034, 17.846430660564366, 17.948676518421024, 18.13988519772268, 18.357539331732422, 18.466046413466596, 18.647344981434088, 19.041349730774375, 19.508991053796464, 19.972069589153588, 20.436888104867542, 20.903330527639834, 21.154894568412505, 21.085056394491467, 21.010755502443594, 21.131924808036167, 21.296289311704005, 21.520777066421303, 21.80053388506248, 22.098528456199826
2ACE.pdb, 30, 30, 0.08308620301695185, 2.487876619581894, 0.7359754257002153, -, -, -, 1.8794561085431374, 41.53321429681911, , length, 0.0, 0.5, 1.0, 1.5, 2.0, 2.5, 3.0, 3.5, 4.0, 4.5, 5.0, 5.5, 6.0, 6.5, 7.0, 7.5, 8.0, 8.5, 9.0, 9.5, 10.0, 10.5, 11.0, 11.5, 12.0, 12.5, 13.0, 13.5, 14.0, 14.5, 15.0, 15.5, 16.0, 16.5, 17.0, 17.5, 18.0, 18.5, 19.0, 19.5, 20.0, 20.5, 21.0, 21.5, 22.0, 22.5, 23.0, 23.5, 24.0, 24.5, 25.0, 25.5, 26.0, 26.5, 27.0, 27.5, 28.0, 28.5, 29.0, 29.5, 30.0, 30.5, 31.0, 31.5, 32.0, 32.5, 33.0, 33.5, 34.0, 34.5, 35.0, 35.5, 36.0, 36.5, 37.0, 37.5, 38.0, 38.5, 39.0, 39.5, 40.0, 40.5, 41.0, 41.5, 42.0, 42.5, 43.0
2ACE.pdb, 30, 30, 0.08308620301695185, 2.487876619581894, 0.7359754257002153, -, -, -, 1.8794561085431374, 41.53321429681911, , R, 3.2179875353164493, 3.1444607804488807, 3.060079453814604, 2.9159372615447148, 2.756538317798229, 2.651333189620819, 2.6009777279642505, 2.601549249189858, 2.6623293739993223, 2.5246725559260104, 2.331243272193725, 2.2031357449564988, 2.1324146558826573, 2.0678226719790502, 2.0528148914781066, 2.000373261568566, 2.0131997326228244, 2.0922605076095477, 2.1601896225342503, 2.183065906195392, 2.2476229269290577, 2.3758013210912408, 2.561611611521976, 2.3197510629643414, 2.008412568041204, 1.7434476962922791, 1.537856517654098, 1.3160736522641177, 1.0657925262253802, 0.8684454107965327, 0.7589971106550202, 0.751657464047558, 0.803101465679112, 0.9094633309956683, 0.9824115329521845, 1.0886657562522828, 1.2378512577534533, 1.1630118758265349, 1.1112349305012037, 1.1429361862179146, 1.207272448183223, 1.1178030440271223, 1.1215894441676952, 1.1263682780829436, 1.1907345177246826, 1.3314066248037304, 1.4251434079480152, 1.5972455223778348, 1.7060293905715946, 1.830779254178457, 1.6981876163402698, 1.6254768920847806, 1.586421902272908, 1.5671279143685974, 1.5963216140677816, 1.7037496870784299, 1.8305701238245078, 1.727951293287207, 1.6659222003787812, 1.593139085919176, 1.4848164416477156, 1.4649702620041625, 1.4458080080825453, 1.3321573715074502, 1.2514448021367879, 0.9941615731441771, 0.8169019107482063, 0.7385864307221865, 0.764142697397221, 0.8683798622350545, 0.9916267778017827, 0.9729203375446436, 0.9099762097710307, 0.9096362210683053, 0.8362121043232671, 0.7880335117043074, 0.8293598007107934, 0.9723812419534843, 1.2011095232069082, 1.3018890079821932, 1.1805528045744111, 1.1377009373537081, 1.0941673093379376, 1.0412500529996214, 0.9229651601480549, 0.8387823295144021, 0.820975241139458
2ACE.pdb, 30, 30, 0.08308620301695185, 2.487876619581894, 0.7359754257002153, -, -, -, 1.8794561085431374, 41.53321429681911, , Upper limit of R overestimation, -, -, -, -, -, -, -, -, -, -, -, -, -, -, -, -, -, -, -, -, -, -, -, -, -, -, -, -, -, -, -, -, -, -, -, -, -, -, -, -, -, -, -, -, -, -, -, -, -, -, -, -, -, -, -, -, -, -, -, -, -, -, -, -, -, -, -, -, -, -, -, -, -, -, -, -, -, -, -, -, -, -, -, -, -, -, -
2ACE.pdb, 31, 31, 0.07849310784111652, 2.5447444562505996, 0.6418572572678665, -, -, -, 1.6452055968773314, 45.02297116032855, , X, 3.769402191235131, 3.3400726728007384, 2.893188443726914, 2.7643768302080565, 2.4992685053328545, 2.234160180457653, 1.9586504106798364, 1.655072636187362, 1.3514948616948874, 1.365446956812653, 1.3199273408553356, 1.3629461202505655, 1.562999989969489, 1.655954716058934, 1.4185231376376473, 1.1449159158930864, 0.8665832693320625, 0.5995664952271003, 0.5525635863626759, 0.6515946135043768, 0.7262073672115825, 0.8008201209187884, 0.8754328746259941, 0.6084511980369189, 0.26545481439572866, -0.07733352046978637, -0.42012185533530144, -0.8393722763211406, -1.2517788053734606, -1.6417787397976975, -2.034029576490843, -2.421211488062304, -2.821840103883161, -3.2550207952599948, -3.621586093709518, -3.804756468369103, -4.037272453163901, -4.280849617213032, -4.519457689393814, -4.766736949435251, -5.051918258441876, -5.501119283926871, -5.950320309411868, -6.354921157705563, -6.743253665167529, -7.11726915464077, -7.321650117224335, -7.5260310798078995, -7.928024682824067, -8.40546315699135, -8.592520671749401, -8.740659222639222, -8.888068870987858, -9.110193415966611, -9.344918432120874, -9.579643448275137, -9.835999776615328, -9.684260429860462, -9.481970054484956, -9.168510148503097, -8.898162216568592, -9.009894194433569, -9.310605143628756, -9.56068306465465, -9.97650041214708, -10.41789465833011, -10.799551416924066, -11.181208175518021, -11.529585154478916, -11.858770777645967, -12.171018925126122, -12.403910380708982, -12.558200986625609, -12.775353902208781, -13.069844957600518, -13.25141286154606, -13.69734922134021, -14.149393116984786, -14.56361746349028, -14.95738025631515, -15.443397237494773, -15.916460409428993, -16.318030324675746, -16.596846881404215, -16.930855849024503, -17.232728005502246, -17.494449362330617, -17.72143404364484, -17.92166372628153, -18.116942190749715, -18.29774382969968, -18.42270987456154, -18.49169242761886, -18.448104582126238
2ACE.pdb, 31, 31, 0.07849310784111652, 2.5447444562505996, 0.6418572572678665, -, -, -, 1.6452055968773314, 45.02297116032855, , Y, 67.70555873545213, 67.65194291336107, 67.65415239500771, 67.75780874553023, 67.85089690791433, 67.94398507029844, 68.03556827094813, 68.12309037494708, 68.21061247894603, 68.00686972892264, 67.70649041551223, 67.41309763134923, 67.17525645345336, 66.9505927454641, 66.58590989105157, 66.25977084231747, 65.93305460784897, 65.5977859084531, 65.1992916490488, 64.73491909295342, 64.25639921449694, 63.777879336040456, 63.299359457583975, 63.222665426816285, 63.239666878005615, 63.259623207428476, 63.279579536851344, 63.21478479175052, 63.050078614812115, 62.86099942783437, 62.68211746894154, 62.499962080682174, 62.29532196854221, 62.06075482736156, 61.75193845555716, 61.42887426930789, 61.104176142295444, 61.162971073911926, 61.30938566301911, 61.44465671954689, 61.5875090470778, 61.77103023457684, 61.95455142207588, 61.99643947163819, 61.986665480685744, 61.962047453229054, 61.76155054432423, 61.56105363541941, 61.40333464123924, 61.25535033336153, 60.884246749244774, 60.42167751875064, 59.94583326908019, 59.5744374142738, 59.22710924128377, 58.879781068293745, 58.68465028335706, 58.32016998211039, 57.92615074913413, 57.57836638238578, 57.23559844920186, 56.84549598516576, 56.51380872271886, 56.089474412290386, 55.89061540891459, 55.77682580740565, 55.65738686068981, 55.53794791397397, 55.339647127012874, 55.09360317086371, 54.86134721174186, 54.691653622786426, 54.86024107025325, 54.78235465312662, 55.06756046061935, 55.36539803803491, 55.54770773868415, 55.728166208341314, 55.86393090248738, 55.95703693436049, 56.01947749935007, 56.03044538331149, 55.84724801612907, 55.64100104022265, 55.52907319845163, 55.51272666924659, 55.52224890919623, 55.32056914299402, 54.97824561162816, 54.64583873815314, 54.35164712467223, 54.1160785767641, 53.94468856689932, 53.91271055658435
2ACE.pdb, 31, 31, 0.07849310784111652, 2.5447444562505996, 0.6418572572678665, -, -, -, 1.6452055968773314, 45.02297116032855, , Z, 64.32331952194659, 64.57291518579062, 64.7421698095862, 65.16785631874285, 65.58144085678292, 65.99502539482299, 66.40156557527962, 66.78909675614871, 67.1766279370178, 67.59157953999735, 67.98304230146663, 68.35703798887836, 68.74197690550334, 69.10544113761637, 69.26652705606034, 69.52875986593341, 69.78506148163237, 70.04254340634162, 70.26822163636959, 70.41693275956231, 70.54123747751872, 70.66554219547513, 70.78984691343152, 70.51556187935284, 70.15217132412836, 69.78871857287163, 69.42526582161489, 69.19316292102502, 68.97264802252906, 68.72335078587986, 68.47010520120608, 68.21172912836487, 68.01592864635555, 67.93120336214425, 67.95029951969954, 67.66182464254992, 67.36668437423218, 66.97961575303748, 66.56534426118759, 66.1525758073098, 65.78034119767256, 65.65976585839387, 65.53919051911518, 65.27629715046318, 64.96149192060007, 64.639284346543, 64.22937043893187, 63.81945653132073, 63.69666757725858, 63.68718410158868, 63.65105889856185, 63.75137063108939, 63.79334690886975, 64.00580562911375, 64.27832591650314, 64.55084620389252, 64.91222060890115, 65.16290062473203, 65.39490805580967, 65.46219187142333, 65.41906806218988, 65.59464885544047, 65.78312071836902, 65.86915226147129, 65.86851030246802, 65.95634737056673, 66.25646810731607, 66.5565888440654, 66.84671875383776, 67.1314979615454, 67.44537447455605, 67.8165557067331, 68.20501330174537, 68.57406769891287, 68.81244590839279, 68.91082400973988, 68.81436818983619, 68.69995203215088, 68.48185162253776, 68.20086147530459, 68.1060138039159, 68.09531295644572, 68.18221176097613, 68.5365469325741, 68.87471892965192, 69.2639635546208, 69.68988755996244, 70.04024162362776, 70.34452861437846, 70.66280661005591, 71.01567475917336, 71.43862977672019, 71.90185532537697, 72.38848100333001
2ACE.pdb, 31, 31, 0.07849310784111652, 2.5447444562505996, 0.6418572572678665, -, -, -, 1.6452055968773314, 45.02297116032855, , distance, 0.0, 0.49949623340657096, 0.9725372520454258, 1.3137916276958286, 1.7936644216822473, 2.2821953628499405, 2.776118686673317, 3.2748709144082775, 3.7739533714101223, 4.068330447429586, 4.403805029018511, 4.706107626208518, 4.967289427575521, 5.282548724188295, 5.587087486761764, 6.006233430045754, 6.434186336276017, 6.870231908004038, 7.209111350801669, 7.461738823289503, 7.7343545199445, 8.028881205584375, 8.342998680725408, 8.272352084556665, 8.136175430376642, 8.027098176857018, 7.948034955128078, 8.069896370944035, 8.2765940616117, 8.491814239430193, 8.72413972323026, 8.974500739636865, 9.292496920238847, 9.706861246476898, 10.160082980441928, 10.387986509843419, 10.666981333482408, 10.708310658347035, 10.707142617177846, 10.742939264428147, 10.833703827816333, 11.088159710219921, 11.358936256967304, 11.662080963653537, 11.984529078147908, 12.31289440434382, 12.583779285865553, 12.868396699598454, 13.30189898726573, 13.792650323664414, 14.135040446681058, 14.487363034440655, 14.856169895874409, 15.234826287717006, 15.616386767171052, 16.004472478242985, 16.33494892854231, 16.42532971972778, 16.504059771565533, 16.469566809578172, 16.470820297877054, 16.81866990362569, 17.276367666864598, 17.748639012349106, 18.191490833331176, 18.60754796099457, 19.003944806634877, 19.405128067254186, 19.832859788632607, 20.277748387260512, 20.707921724785923, 21.050901759163995, 21.134340729099808, 21.419780998156035, 21.527459224156797, 21.51819947218138, 21.750178479857762, 21.99309139652157, 22.21749645272034, 22.444497698737976, 22.80361665561461, 23.196322824694946, 23.64350920463644, 24.043480174133837, 24.443459647410318, 24.782344321169404, 25.087536222620137, 25.454414304721617, 25.860042515910507, 26.263233870850627, 26.647204495763113, 26.97761014148474, 27.246138925528747, 27.36616702847597
2ACE.pdb, 31, 31, 0.07849310784111652, 2.5447444562505996, 0.6418572572678665, -, -, -, 1.6452055968773314, 45.02297116032855, , length, 0.0, 0.5, 1.0, 1.5, 2.0, 2.5, 3.0, 3.5, 4.0, 4.5, 5.0, 5.5, 6.0, 6.5, 7.0, 7.5, 8.0, 8.5, 9.0, 9.5, 10.0, 10.5, 11.0, 11.5, 12.0, 12.5, 13.0, 13.5, 14.0, 14.5, 15.0, 15.5, 16.0, 16.5, 17.0, 17.5, 18.0, 18.5, 19.0, 19.5, 20.0, 20.5, 21.0, 21.5, 22.0, 22.5, 23.0, 23.5, 24.0, 24.5, 25.0, 25.5, 26.0, 26.5, 27.0, 27.5, 28.0, 28.5, 29.0, 29.5, 30.0, 30.5, 31.0, 31.5, 32.0, 32.5, 33.0, 33.5, 34.0, 34.5, 35.0, 35.5, 36.0, 36.5, 37.0, 37.5, 38.0, 38.5, 39.0, 39.5, 40.0, 40.5, 41.0, 41.5, 42.0, 42.5, 43.0, 43.5, 44.0, 44.5, 45.0, 45.5, 46.0, 46.5
2ACE.pdb, 31, 31, 0.07849310784111652, 2.5447444562505996, 0.6418572572678665, -, -, -, 1.6452055968773314, 45.02297116032855, , R, 3.2179875353164493, 3.1444607804488807, 3.060079453814604, 2.9159372615447148, 2.756538317798229, 2.651333189620819, 2.6009777279642505, 2.601549249189858, 2.6623293739993223, 2.5246725559260104, 2.331243272193725, 2.2031357449564988, 2.1324146558826573, 2.0678226719790502, 2.0528148914781066, 2.000373261568566, 2.0131997326228244, 2.0922605076095477, 2.1601896225342503, 2.183065906195392, 2.2476229269290577, 2.3758013210912408, 2.561611611521976, 2.3197510629643414, 2.008412568041204, 1.7434476962922791, 1.537856517654098, 1.3160736522641177, 1.0657925262253802, 0.8684454107965327, 0.7589971106550202, 0.751657464047558, 0.803101465679112, 0.9094633309956683, 0.9824115329521845, 1.0886657562522828, 1.2378512577534533, 1.1630118758265349, 1.1112349305012037, 1.1429361862179146, 1.207272448183223, 1.1178030440271223, 1.1215894441676952, 1.1263682780829436, 1.1907345177246826, 1.3314066248037304, 1.4251434079480152, 1.5972455223778348, 1.7060293905715946, 1.830779254178457, 1.6981876163402698, 1.6254768920847806, 1.586421902272908, 1.5671279143685974, 1.5963216140677816, 1.7037496870784299, 1.8305701238245078, 1.727951293287207, 1.6659222003787812, 1.593139085919176, 1.4848164416477156, 1.4649702620041625, 1.4766017901627078, 1.442556611117054, 1.3931907111327297, 1.2929398437871171, 1.1034734701133626, 1.0004355837855092, 0.9183497647091836, 0.8906656392898706, 0.9568963486727982, 1.0790639196492458, 0.9686276321844445, 0.7452328317134, 0.718790432727805, 0.8066767691221788, 0.6754696400827425, 0.6448743456551633, 0.6856646108820801, 0.7926839637679972, 0.9500386229880564, 1.1193869883972, 1.1202747173469954, 1.0922211404620543, 1.0525252512908425, 0.9916973690158772, 0.9907901464032411, 0.9907158751622434, 1.019794464369617, 1.133606169156479, 1.2957238659902828, 1.4871361483291348, 1.6995447997098876, 1.8667433633433723
2ACE.pdb, 31, 31, 0.07849310784111652, 2.5447444562505996, 0.6418572572678665, -, -, -, 1.6452055968773314, 45.02297116032855, , Upper limit of R overestimation, -, -, -, -, -, -, -, -, -, -, -, -, -, -, -, -, -, -, -, -, -, -, -, -, -, -, -, -, -, -, -, -, -, -, -, -, -, -, -, -, -, -, -, -, -, -, -, -, -, -, -, -, -, -, -, -, -, -, -, -, -, -, -, -, -, -, -, -, -, -, -, -, -, -, -, -, -, -, -, -, -, -, -, -, -, -, -, -, -, -, -, -, -, -
2ACE.pdb, 32, 32, 0.07594030859629279, 2.577807660501028, 0.6469180469061779, -, -, -, 1.4970994258860397, 33.33084801873962, , X, 3.769402191235131, 3.9909218595242524, 4.295148225796317, 4.688537627453249, 5.055129589334569, 5.487577236883445, 5.774234426288222, 5.990566598377277, 6.206898770466331, 6.4692933248919084, 6.807549598217344, 7.085927491334216, 7.287227173156999, 7.48935923317996, 7.66463922006159, 7.809239044855698, 8.064932806339096, 8.544206075972204, 8.872392299699278, 9.117738459229061, 9.373111372762521, 9.628484286295983, 9.863880528280562, 10.1097690419973, 10.463753354936166, 10.887701827052021, 11.32851307737384, 11.719980005756243, 12.110025676191464, 12.497246452382933, 12.885767542418021, 13.279467270387315, 13.677110703305406, 14.074754136223495, 14.372684948690333, 14.445103605135019, 14.276882851487143, 14.121491966260779, 13.982378330228679, 13.870816124950473, 13.971920331843346, 14.10674695920855, 14.473063900041796, 14.83938084087504, 15.205697781708285, 15.441054521969482, 15.57908438144987, 15.72687883470039, 15.867755960436178, 16.003789209922797, 16.19226319177852, 16.440803932141932, 16.84671280568334, 17.15504649939508, 17.47510645218053, 17.869451276074674, 18.278279934038352, 18.710795589798643, 19.120547394555242, 19.3344654584833, 19.553373895175763, 19.772282331868222, 20.040577340296924, 20.408168160866673, 20.710793130449975, 21.085770140543175, 21.499333349831456, 21.912896559119734, 22.326783858407346, 22.656394585388053
2ACE.pdb, 32, 32, 0.07594030859629279, 2.577807660501028, 0.6469180469061779, -, -, -, 1.4970994258860397, 33.33084801873962, , Y, 67.70555873545213, 68.05264766674537, 68.3994168074535, 68.6662591897069, 68.66602900784132, 68.8883175700812, 69.2266715676352, 69.63708730318741, 70.04750303873963, 70.4163310316576, 70.5994651103665, 70.73502620740621, 70.98738534254106, 71.23941156191255, 71.5091028026728, 71.79557980590339, 71.98252079741731, 71.9878703623106, 72.31354182404355, 72.72154956770797, 73.12174142106892, 73.52193327442987, 73.93292171065434, 74.32541612388836, 74.35970831760861, 74.42478134342886, 74.38140670843143, 74.14637659099306, 74.03908982376691, 73.98532363082633, 74.00455072634874, 74.17280075175857, 74.34089024209965, 74.50897973244072, 74.78569821446715, 75.16378582148273, 75.59701840198514, 75.94242463963579, 76.18070918558534, 76.4311284443286, 76.76180245758063, 77.09001251602818, 77.40130855519506, 77.71260459436193, 78.02390063352881, 78.1111006110943, 78.06990189854042, 77.74229914522418, 77.89720218401611, 78.09796499189734, 78.28531007784945, 78.31926632302257, 78.11472913539703, 77.79117390011791, 77.49066507944066, 77.2606763633077, 77.04958605038992, 77.02633985164638, 77.26275438100863, 77.67291739539858, 78.07870392688886, 78.48449045837914, 78.74483167693376, 78.63449811841687, 78.39633198126427, 78.61117514568629, 78.75425035557939, 78.89732556547249, 79.03584695883252, 78.96464273972445
2ACE.pdb, 32, 32, 0.07594030859629279, 2.577807660501028, 0.6469180469061779, -, -, -, 1.4970994258860397, 33.33084801873962, , Z, 64.32331952194659, 64.55042513540974, 64.74179853313942, 64.78430847216875, 64.67745695686138, 64.79397659995544, 64.97258093514337, 65.15901943795424, 65.34545794076512, 65.55777276443223, 65.80014487536984, 66.13495363506826, 66.51671404354715, 66.89832302543854, 67.27963707853286, 67.6630186019268, 67.96844705461405, 68.11053948492687, 68.13217247154549, 67.98607878463932, 67.8291356244285, 67.67219246421767, 67.51217667882392, 67.35538688438349, 67.00393396912591, 66.75887649102081, 66.59523574081605, 66.39148469694203, 66.11575354031243, 65.80425291088463, 65.51421778896854, 65.25603028074825, 65.00378907972431, 64.75154787870039, 64.48123347064772, 64.24787931410397, 64.06366917523401, 63.77267884243522, 63.35570803503734, 62.941709288784246, 62.58055470095742, 62.247838121519166, 62.110336576591166, 61.972835031663166, 61.835333486735166, 61.503709189301404, 61.09207227067745, 60.77882376968704, 60.341736468332506, 59.904503059234145, 59.483895815296506, 59.253468469130354, 59.125047118755056, 58.90101579833314, 58.669983877548695, 58.466029592672385, 58.27038083512536, 58.1789718719483, 58.241195119109925, 58.43065051468407, 58.62408367421457, 58.817516833745074, 59.007950759897554, 59.32801758634332, 59.61490753184188, 59.74204527308356, 59.98390257861148, 60.22575988413939, 60.46970015620177, 60.83287809405193
2ACE.pdb, 32, 32, 0.07594030859629279, 2.577807660501028, 0.6469180469061779, -, -, -, 1.4970994258860397, 33.33084801873962, , distance, 0.0, 0.4702325481415364, 0.96590506766825, 1.4072192882220356, 1.6434754057103917, 2.1383549830328765, 2.598976129479884, 3.0598640952087797, 3.531410432205444, 4.02014594055451, 4.448150952680952, 4.843452424629698, 5.287386690021623, 5.7408047550838255, 6.195129738545477, 6.648469305443683, 7.0732554367981955, 7.448488440967329, 7.860113038849743, 8.196381535851978, 8.54560343214749, 8.90920904221057, 9.278551923258455, 9.654853501521016, 9.81212199165324, 10.087124461927816, 10.337732190999855, 10.43901956239541, 10.625085217288852, 10.853749411631735, 11.144669398417498, 11.538479382777163, 11.943757825003035, 12.35597812792936, 12.750800645137865, 13.023111885048978, 13.143428159983044, 13.240654356625528, 13.306739974826423, 13.419499880438918, 13.752968988015242, 14.115108666079612, 14.61072318744192, 15.106626740105488, 15.602791765247892, 15.888768746609626, 16.04148251985971, 16.008774340028484, 16.312350036712218, 16.64957274085955, 17.019948170257937, 17.289262579174633, 17.50396861570631, 17.61523444253364, 17.763863300529003, 18.01164907476874, 18.28815044131941, 18.6514129585584, 19.07851893917459, 19.39956136613919, 19.728588220181884, 20.064680538807448, 20.368353710708707, 20.52421229807683, 20.578447536615712, 20.970864121115444, 21.336695733251176, 21.707879390681875, 22.081717047865986, 22.26361685965725
2ACE.pdb, 32, 32, 0.07594030859629279, 2.577807660501028, 0.6469180469061779, -, -, -, 1.4970994258860397, 33.33084801873962, , length, 0.0, 0.5, 1.0, 1.5, 2.0, 2.5, 3.0, 3.5, 4.0, 4.5, 5.0, 5.5, 6.0, 6.5, 7.0, 7.5, 8.0, 8.5, 9.0, 9.5, 10.0, 10.5, 11.0, 11.5, 12.0, 12.5, 13.0, 13.5, 14.0, 14.5, 15.0, 15.5, 16.0, 16.5, 17.0, 17.5, 18.0, 18.5, 19.0, 19.5, 20.0, 20.5, 21.0, 21.5, 22.0, 22.5, 23.0, 23.5, 24.0, 24.5, 25.0, 25.5, 26.0, 26.5, 27.0, 27.5, 28.0, 28.5, 29.0, 29.5, 30.0, 30.5, 31.0, 31.5, 32.0, 32.5, 33.0, 33.5, 34.0, 34.5
2ACE.pdb, 32, 32, 0.07594030859629279, 2.577807660501028, 0.6469180469061779, -, -, -, 1.4970994258860397, 33.33084801873962, , R, 3.2179875353164493, 2.9559600779101367, 2.74365504753844, 2.64289524802346, 2.7162630707454265, 2.5991526075539872, 2.397054115802257, 2.1556816449933227, 1.9696931332938474, 1.8163112391637508, 1.6609007674089997, 1.4496962803535958, 1.251705097841481, 1.1341665420142153, 1.105406737725684, 1.1644333238397766, 1.253295853704198, 1.3303537762561404, 1.2120234753391959, 0.9743166365505518, 0.8131202583906787, 0.752726291671121, 0.7902804648974531, 0.9082068489204933, 0.9277768993690576, 0.9683177356150763, 0.9701117510749606, 0.9836840770207531, 1.003449869315555, 1.0699528376926017, 1.1328215264482693, 1.141653369905916, 1.2395060193948346, 1.4202973116032123, 1.5860346981685303, 1.643999038892658, 1.5840489612994069, 1.54681651774695, 1.5219685046272633, 1.5535897882569865, 1.4748430946489903, 1.4441616165948776, 1.2542466147029674, 1.145827164143879, 1.1289289645031841, 1.053373534410734, 0.9692472314321989, 1.108490658601068, 1.0428975822374689, 1.0459978899201752, 1.1102996328399115, 1.1456409648838646, 1.062084490075792, 0.9084308775258707, 0.8234670945109865, 0.7856260755570408, 0.8420082178726962, 0.8722577974048051, 0.8174396082888622, 0.6809220515418577, 0.649694857785954, 0.7319088957687367, 0.7995155997950989, 0.745239848596734, 0.7273139868606973, 0.6947652296428823, 0.7192182905534961, 0.8512891184044893, 1.0722593303075691, 1.2778158013556307
2ACE.pdb, 32, 32, 0.07594030859629279, 2.577807660501028, 0.6469180469061779, -, -, -, 1.4970994258860397, 33.33084801873962, , Upper limit of R overestimation, -, -, -, -, -, -, -, -, -, -, -, -, -, -, -, -, -, -, -, -, -, -, -, -, -, -, -, -, -, -, -, -, -, -, -, -, -, -, -, -, -, -, -, -, -, -, -, -, -, -, -, -, -, -, -, -, -, -, -, -, -, -, -, -, -, -, -, -, -, -
2ACE.pdb, 33, 33, 0.07555457811919708, 2.5828999948895692, 0.6536627148351095, -, -, -, 1.6693795203305943, 32.24201999407965, , X, 3.769402191235131, 3.810541898268034, 3.860642650167368, 4.0655091144455175, 4.0276928988541565, 4.169463725545817, 4.311234552237478, 4.453005378929138, 4.680633674325597, 4.818663567116234, 4.920020885796822, 4.973239096844265, 4.989150143731152, 5.027210702542536, 5.1593994704501664, 5.220495261825218, 5.019345381667645, 4.719951152646158, 4.42055692362467, 4.098064297656671, 3.830286499270554, 3.4993453842793176, 3.157619042055687, 2.8178636124599916, 2.6648990341915355, 2.51813962019054, 2.5924947611548483, 2.8183687043981114, 3.0480011852484767, 3.2686762597399834, 3.514765552353941, 3.843791157921124, 4.1291939132484705, 4.406084638817281, 4.625953745000935, 4.823392817607279, 4.732518667872062, 4.586348876992547, 4.43675914991792, 4.273775091578651, 3.912507060463924, 3.4914912946223695, 3.0715421892171593, 2.677631138074841, 2.434430623593694, 2.3889588514345146, 2.343487079275335, 2.3772596068786167, 2.5188164158814614, 2.6603732248843066, 2.6684651621589364, 2.6626832735187564, 2.6691934658434464, 3.0368174787998177, 3.3947194481090635, 3.8836860721884094, 4.253478542322979, 4.605704185874777, 4.9579298294265755, 5.294179671157332, 5.6494893025026265, 6.065807966370336, 6.482126630238046, 6.898445294105756, 7.314763957973466, 7.731082621841177, 7.969133409948792
2ACE.pdb, 33, 33, 0.07555457811919708, 2.5828999948895692, 0.6536627148351095, -, -, -, 1.6693795203305943, 32.24201999407965, , Y, 67.70555873545213, 67.2263844970562, 66.749183043259, 66.33864158817838, 65.97840388365793, 65.60912539243715, 65.23984690121635, 64.87056840999557, 64.49911718046351, 64.0295479399657, 63.540220584811664, 63.10033538075315, 62.70149341940313, 62.299238785640554, 61.884397024746626, 61.54325504399547, 61.173718295426404, 60.78304765186825, 60.39237700831009, 60.06929666193617, 59.721174233798614, 59.34727498366859, 59.04807701951955, 58.75749667836148, 58.29089889872563, 57.82044937279549, 57.51055639925814, 57.34053224246623, 57.184187416421906, 57.019212135893085, 57.13078611024905, 57.295775434941696, 57.41667293467659, 57.5264697052164, 57.760430460177744, 58.01332954481206, 57.85569614993099, 57.61933933703008, 57.37842611677447, 57.22594469979783, 57.12504229535598, 56.857197921845746, 56.58793760329016, 56.28134423542716, 55.91044720611048, 55.43355665638017, 54.95666610664986, 54.48070375542572, 54.00581569449248, 53.530927633559244, 53.2229768962007, 52.94844257587966, 52.676526747911126, 52.42761580576706, 52.22472420681402, 52.230445294921125, 52.36421267261005, 52.52522687522301, 52.68624107783598, 52.5850778085478, 52.36611777293953, 52.17468596078467, 51.98325414862981, 51.79182233647495, 51.60039052432009, 51.40895871216523, 50.971679007187625
2ACE.pdb, 33, 33, 0.07555457811919708, 2.5828999948895692, 0.6536627148351095, -, -, -, 1.6693795203305943, 32.24201999407965, , Z, 64.32331952194659, 64.46006590677239, 64.60055664823427, 64.79043521911402, 64.4937498881505, 64.18791589948857, 63.882081910826656, 63.57624792216473, 63.346591574645416, 63.28025579796747, 63.26336102221164, 63.09196738132165, 62.79084962875695, 62.50002714834595, 62.25444715874557, 61.90296799767354, 61.72874360975355, 61.64076893220094, 61.552794254648326, 61.40387629144786, 61.5012544228558, 61.48131365889284, 61.283513359892694, 61.06835236235426, 60.97938534726806, 60.894893229563564, 60.60685294874273, 60.19774493881107, 59.782022412229125, 59.36486804495029, 58.98678179849065, 58.64837447559862, 58.2589267622611, 57.85755728130813, 57.48123432788479, 57.09778806506363, 56.687164082295304, 56.271508155801335, 55.859990517236405, 55.45592466911829, 55.32700441711534, 55.29684172407053, 55.28004563217111, 55.30893491340794, 55.242195106008694, 55.09898993321587, 54.955784760423036, 54.84438049891796, 54.77772467090571, 54.71106884289346, 54.353433053036255, 53.935584424069226, 53.52373450659685, 53.32166409762922, 53.17116492254159, 53.1235170677554, 53.40400885430985, 53.72025483860283, 54.0365008228958, 54.3323996455408, 54.600038800659085, 54.8001203625545, 55.000201924449925, 55.20028348634535, 55.400365048240765, 55.60044661013619, 55.64222389748409
2ACE.pdb, 33, 33, 0.07555457811919708, 2.5828999948895692, 0.6536627148351095, -, -, -, 1.6693795203305943, 32.24201999407965, , distance, 0.0, 0.4999999999999955, 0.9999198518662968, 1.4745639599638771, 1.7546579385860284, 2.1385546834052978, 2.5628124758527604, 3.0104151605481784, 3.4735583692191234, 3.96257324673373, 4.449435617088548, 4.916658777685624, 5.373724846736709, 5.84249713140522, 6.332317818431571, 6.777739991052015, 7.1385657997525245, 7.484703113479246, 7.84744797475304, 8.181910902211081, 8.4686571658508, 8.832374271957896, 9.196014886144301, 9.569119680224892, 10.051748247433045, 10.537321859736577, 10.914912162895343, 11.196365684203009, 11.482293032451249, 11.791309136567728, 11.84775467193989, 11.856395884121776, 11.948534665320079, 12.075814646515182, 12.101792709293955, 12.135011650541623, 12.500330243626948, 12.931778296756452, 13.36873110194184, 13.73708097940932, 13.888898178334978, 14.115291999962169, 14.348146600387308, 14.593278276170777, 14.945689202367438, 15.41414659346016, 15.884527209696742, 16.330497090419602, 16.74411255426985, 17.162327209324253, 17.61692014160159, 18.080440939690032, 18.539506418071795, 18.841142284878053, 19.083164755095012, 19.10308278303939, 18.836734706151386, 18.53555656278217, 18.24311211921546, 18.187148479102373, 18.25856962013522, 18.36226595103195, 18.478913851726507, 18.60826975897093, 18.750070658686454, 18.904036499881105, 19.313774729723907
2ACE.pdb, 33, 33, 0.07555457811919708, 2.5828999948895692, 0.6536627148351095, -, -, -, 1.6693795203305943, 32.24201999407965, , length, 0.0, 0.5, 1.0, 1.5, 2.0, 2.5, 3.0, 3.5, 4.0, 4.5, 5.0, 5.5, 6.0, 6.5, 7.0, 7.5, 8.0, 8.5, 9.0, 9.5, 10.0, 10.5, 11.0, 11.5, 12.0, 12.5, 13.0, 13.5, 14.0, 14.5, 15.0, 15.5, 16.0, 16.5, 17.0, 17.5, 18.0, 18.5, 19.0, 19.5, 20.0, 20.5, 21.0, 21.5, 22.0, 22.5, 23.0, 23.5, 24.0, 24.5, 25.0, 25.5, 26.0, 26.5, 27.0, 27.5, 28.0, 28.5, 29.0, 29.5, 30.0, 30.5, 31.0, 31.5, 32.0, 32.5, 33.0
2ACE.pdb, 33, 33, 0.07555457811919708, 2.5828999948895692, 0.6536627148351095, -, -, -, 1.6693795203305943, 32.24201999407965, , R, 3.2179875353172602, 3.0886906603246342, 3.0044771840404763, 2.8550514373308205, 2.7768446108163984, 2.5771852974224747, 2.4310734127990994, 2.3445872826526926, 2.2094786320146502, 2.0730823481864995, 1.9924788905642785, 1.867169655813591, 1.709980277518023, 1.6219521014793754, 1.5983900448776565, 1.579408158408091, 1.3651321588541498, 1.1095625054259424, 0.930553073456994, 0.8023720428998216, 0.7628315812478079, 0.7935267105074066, 0.8821158266618072, 1.033610085999499, 1.1006596376584632, 1.2526187425735622, 1.2003819831198395, 1.0278577184956745, 0.9376299501077083, 0.9444127402667037, 0.8869453202586857, 0.7888488023095008, 0.7464069573112271, 0.7876358665750263, 0.8416426271158648, 0.9708087707243682, 0.8988996298883047, 0.8704472794401643, 0.941646916822084, 1.064727727138251, 0.9208568029690136, 0.7881449357001342, 0.7518146483736783, 0.8256475353652313, 0.8137649179840465, 0.681467540325452, 0.6586371817721477, 0.6920125283191538, 0.7578352305096008, 0.9262353217261281, 1.0025740576745599, 1.1296592734666828, 1.3316399609611933, 1.3234890611571157, 1.3597302993761629, 1.4134484956130775, 1.2462728280895266, 1.1302967657445886, 1.1060008632150118, 1.0416402750399678, 0.9527552272471929, 0.8882333446526496, 0.9263559166064668, 1.06258140222802, 1.2826409201952025, 1.5686672782886788, 1.7203157646597877
2ACE.pdb, 33, 33, 0.07555457811919708, 2.5828999948895692, 0.6536627148351095, -, -, -, 1.6693795203305943, 32.24201999407965, , Upper limit of R overestimation, -, -, -, -, -, -, -, -, -, -, -, -, -, -, -, -, -, -, -, -, -, -, -, -, -, -, -, -, -, -, -, -, -, -, -, -, -, -, -, -, -, -, -, -, -, -, -, -, -, -, -, -, -, -, -, -, -, -, -, -, -, -, -, -, -, -, -
2ACE.pdb, 34, 34, 0.07282684405674686, 2.619670654703067, 0.7526487484549906, -, -, -, 1.6121307810089902, 42.00534799832318, , X, 3.769402191235131, 3.9909218595242524, 4.295148225796317, 4.688537627453249, 5.055129589334569, 5.487577236883445, 5.774234426288222, 5.990566598377277, 6.206898770466331, 6.4692933248919084, 6.807549598217344, 7.085927491334216, 7.287227173156999, 7.48935923317996, 7.66463922006159, 7.809239044855698, 8.064932806339096, 8.544206075972204, 8.872392299699278, 9.117738459229061, 9.373111372762521, 9.628484286295983, 9.863880528280562, 10.1097690419973, 10.463753354936166, 10.887701827052021, 11.32851307737384, 11.719980005756243, 12.110025676191464, 12.497246452382933, 12.885767542418021, 13.279467270387315, 13.677110703305406, 14.074754136223495, 14.372684948690333, 14.445103605135019, 14.276882851487143, 14.121491966260779, 13.982378330228679, 13.870816124950473, 13.971920331843346, 14.10674695920855, 14.473063900041796, 14.83938084087504, 15.205697781708285, 15.441054521969482, 15.57908438144987, 15.72687883470039, 15.867755960436178, 16.003789209922797, 16.19226319177852, 16.330143561840682, 16.109047172758537, 16.030496374778064, 15.945216872893822, 15.920622442921205, 15.874364957883063, 16.165599895820176, 16.588475175035022, 17.011395906608886, 17.434316638182747, 17.86618520231787, 18.041485961136896, 18.200949021875164, 18.60756519393628, 18.999966576056245, 19.39236795817621, 19.785617323691522, 20.074835258427548, 20.459758627702602, 20.838597922103023, 21.24727888384438, 21.68923534538901, 22.158103433832387, 22.626647450504002, 23.08433267484669, 23.54716594241025, 23.923392271609607, 24.18314691747475, 24.49868673537608, 24.81220788907644, 25.220064848439247, 25.667411276407883, 26.115117976803845, 26.554003226605175, 26.84440040557856, 27.134797584551947, 27.412934664336245
2ACE.pdb, 34, 34, 0.07282684405674686, 2.619670654703067, 0.7526487484549906, -, -, -, 1.6121307810089902, 42.00534799832318, , Y, 67.70555873545213, 68.05264766674537, 68.3994168074535, 68.6662591897069, 68.66602900784132, 68.8883175700812, 69.2266715676352, 69.63708730318741, 70.04750303873963, 70.4163310316576, 70.5994651103665, 70.73502620740621, 70.98738534254106, 71.23941156191255, 71.5091028026728, 71.79557980590339, 71.98252079741731, 71.9878703623106, 72.31354182404355, 72.72154956770797, 73.12174142106892, 73.52193327442987, 73.93292171065434, 74.32541612388836, 74.35970831760861, 74.42478134342886, 74.38140670843143, 74.14637659099306, 74.03908982376691, 73.98532363082633, 74.00455072634874, 74.17280075175857, 74.34089024209965, 74.50897973244072, 74.78569821446715, 75.16378582148273, 75.59701840198514, 75.94242463963579, 76.18070918558534, 76.4311284443286, 76.76180245758063, 77.09001251602818, 77.40130855519506, 77.71260459436193, 78.02390063352881, 78.1111006110943, 78.06990189854042, 77.74229914522418, 77.89720218401611, 78.09796499189734, 78.28531007784945, 78.41606678832794, 78.34587128100104, 78.17405120718045, 78.03296277051591, 77.99553204151789, 77.93705030715407, 77.75135721678319, 77.53652498477638, 77.32195560862367, 77.10738623247096, 76.9100615640554, 76.67260432592236, 76.46726619574453, 76.47695811787587, 76.55228149496821, 76.62760487206056, 76.70015702662108, 76.78913899888653, 76.9615906024881, 77.13168581572306, 77.11811267102546, 76.95094055937278, 76.77818354288506, 76.6046564692521, 76.68242484842652, 76.83240347083067, 76.79404504678918, 76.62704098223952, 76.33436265830547, 76.01094185407271, 75.89974233676686, 75.87737977578675, 75.85864481517775, 75.87823958175812, 75.93066670303585, 75.98309382431358, 76.0816404368726
2ACE.pdb, 34, 34, 0.07282684405674686, 2.619670654703067, 0.7526487484549906, -, -, -, 1.6121307810089902, 42.00534799832318, , Z, 64.32331952194659, 64.55042513540974, 64.74179853313942, 64.78430847216875, 64.67745695686138, 64.79397659995544, 64.97258093514337, 65.15901943795424, 65.34545794076512, 65.55777276443223, 65.80014487536984, 66.13495363506826, 66.51671404354715, 66.89832302543854, 67.27963707853286, 67.6630186019268, 67.96844705461405, 68.11053948492687, 68.13217247154549, 67.98607878463932, 67.8291356244285, 67.67219246421767, 67.51217667882392, 67.35538688438349, 67.00393396912591, 66.75887649102081, 66.59523574081605, 66.39148469694203, 66.11575354031243, 65.80425291088463, 65.51421778896854, 65.25603028074825, 65.00378907972431, 64.75154787870039, 64.48123347064772, 64.24787931410397, 64.06366917523401, 63.77267884243522, 63.35570803503734, 62.941709288784246, 62.58055470095742, 62.247838121519166, 62.110336576591166, 61.972835031663166, 61.835333486735166, 61.503709189301404, 61.09207227067745, 60.77882376968704, 60.341736468332506, 59.904503059234145, 59.483895815296506, 59.069707074743384, 58.63007771444256, 58.167143988765844, 57.71873380740083, 57.230831096844945, 56.736500025016205, 56.49950590670315, 56.341347675470395, 56.18292407362248, 56.02450047177456, 55.99427448749092, 55.85662830298275, 55.453956618564824, 55.207922760317956, 54.907344078150125, 54.6067653959823, 54.30663859826054, 53.91568214089205, 53.67598038867718, 53.799377789064295, 53.95966774744569, 53.974268730202155, 53.99202747971049, 54.01086518545211, 54.101622563649535, 54.173645872809715, 54.33503609004458, 54.72827541459818, 54.96579507612611, 55.182828413592574, 55.40351690757981, 55.625735469473526, 55.847406922923206, 56.07173120670546, 56.47536578822546, 56.87900036974546, 57.2714372483905
2ACE.pdb, 34, 34, 0.07282684405674686, 2.619670654703067, 0.7526487484549906, -, -, -, 1.6121307810089902, 42.00534799832318, , distance, 0.0, 0.4702325481415364, 0.96590506766825, 1.4072192882220356, 1.6434754057103917, 2.1383549830328765, 2.598976129479884, 3.0598640952087797, 3.531410432205444, 4.02014594055451, 4.448150952680952, 4.843452424629698, 5.287386690021623, 5.7408047550838255, 6.195129738545477, 6.648469305443683, 7.0732554367981955, 7.448488440967329, 7.860113038849743, 8.196381535851978, 8.54560343214749, 8.90920904221057, 9.278551923258455, 9.654853501521016, 9.81212199165324, 10.087124461927816, 10.337732190999855, 10.43901956239541, 10.625085217288852, 10.853749411631735, 11.144669398417498, 11.538479382777163, 11.943757825003035, 12.35597812792936, 12.750800645137865, 13.023111885048978, 13.143428159983044, 13.240654356625528, 13.306739974826423, 13.419499880438918, 13.752968988015242, 14.115108666079612, 14.61072318744192, 15.106626740105488, 15.602791765247892, 15.888768746609626, 16.04148251985971, 16.008774340028484, 16.312350036712218, 16.64957274085955, 17.019948170257937, 17.323038136405746, 17.259666613689646, 17.257527702532485, 17.27791334989063, 17.430980933519848, 17.571948481677936, 17.77064557478826, 18.019112190040865, 18.278170708127146, 18.547092622661786, 18.78337442445598, 18.862267677931634, 19.070990007248824, 19.49869191875759, 19.972360617165393, 20.447283210773403, 20.922615570610684, 21.370481832810196, 21.85424339845163, 22.157677320269766, 22.39369606329527, 22.664958805012223, 22.960671800884146, 23.26233766598331, 23.62485457107142, 24.030711787314726, 24.260043394586123, 24.256518518735948, 24.325352178440042, 24.39933683701402, 24.634091255909784, 24.9389139570952, 25.251632045852283, 25.573804298163903, 25.723497458102177, 25.881985562803944, 26.055794289860987
2ACE.pdb, 34, 34, 0.07282684405674686, 2.619670654703067, 0.7526487484549906, -, -, -, 1.6121307810089902, 42.00534799832318, , length, 0.0, 0.5, 1.0, 1.5, 2.0, 2.5, 3.0, 3.5, 4.0, 4.5, 5.0, 5.5, 6.0, 6.5, 7.0, 7.5, 8.0, 8.5, 9.0, 9.5, 10.0, 10.5, 11.0, 11.5, 12.0, 12.5, 13.0, 13.5, 14.0, 14.5, 15.0, 15.5, 16.0, 16.5, 17.0, 17.5, 18.0, 18.5, 19.0, 19.5, 20.0, 20.5, 21.0, 21.5, 22.0, 22.5, 23.0, 23.5, 24.0, 24.5, 25.0, 25.5, 26.0, 26.5, 27.0, 27.5, 28.0, 28.5, 29.0, 29.5, 30.0, 30.5, 31.0, 31.5, 32.0, 32.5, 33.0, 33.5, 34.0, 34.5, 35.0, 35.5, 36.0, 36.5, 37.0, 37.5, 38.0, 38.5, 39.0, 39.5, 40.0, 40.5, 41.0, 41.5, 42.0, 42.5, 43.0, 43.5
2ACE.pdb, 34, 34, 0.07282684405674686, 2.619670654703067, 0.7526487484549906, -, -, -, 1.6121307810089902, 42.00534799832318, , R, 3.2179875353164493, 2.9559600779101367, 2.74365504753844, 2.64289524802346, 2.7162630707454265, 2.5991526075539872, 2.397054115802257, 2.1556816449933227, 1.9696931332938474, 1.8163112391637508, 1.6609007674089997, 1.4496962803535958, 1.251705097841481, 1.1341665420142153, 1.105406737725684, 1.1644333238397766, 1.253295853704198, 1.3303537762561404, 1.2120234753391959, 0.9743166365505518, 0.8131202583906787, 0.752726291671121, 0.7902804648974531, 0.9082068489204933, 0.9277768993690576, 0.9683177356150763, 0.9701117510749606, 0.9836840770207531, 1.003449869315555, 1.0699528376926017, 1.1328215264482693, 1.141653369905916, 1.2395060193948346, 1.4202973116032123, 1.5860346981685303, 1.643999038892658, 1.5840489612994069, 1.54681651774695, 1.5219685046272633, 1.5535897882569865, 1.4748430946489903, 1.4441616165948776, 1.2542466147029674, 1.145827164143879, 1.1289289645031841, 1.053373534410734, 0.9692472314321989, 1.108490658601068, 1.0428975822374689, 1.0459978899201752, 1.1102996328399115, 1.198995416024995, 1.1051304987945252, 1.018920626648042, 1.002326202850195, 1.008406608423409, 1.0932315348833797, 0.9883913604738326, 0.8589618465896343, 0.8307947248107332, 0.9075527201003903, 1.008288854182756, 1.0830307582997833, 1.0886601458512692, 0.9492559419114128, 0.8109846075326801, 0.7755943836931971, 0.845650441754354, 0.9682903861994681, 1.108827361756457, 1.1605170597803651, 1.088554286988526, 0.9993188210957267, 0.9967798900950253, 1.090617249728814, 1.2125895300266585, 1.3643721654635814, 1.4031255364840813, 1.4103737041742992, 1.3531507921536154, 1.3464947500079778, 1.328906871535676, 1.3575613079756201, 1.4693122009207822, 1.6296552888198161, 1.6545345419371258, 1.7564326145234959, 1.8995423154395845
2ACE.pdb, 34, 34, 0.07282684405674686, 2.619670654703067, 0.7526487484549906, -, -, -, 1.6121307810089902, 42.00534799832318, , Upper limit of R overestimation, -, -, -, -, -, -, -, -, -, -, -, -, -, -, -, -, -, -, -, -, -, -, -, -, -, -, -, -, -, -, -, -, -, -, -, -, -, -, -, -, -, -, -, -, -, -, -, -, -, -, -, -, -, -, -, -, -, -, -, -, -, -, -, -, -, -, -, -, -, -, -, -, -, -, -, -, -, -, -, -, -, -, -, -, -, -, -, -
2ACE.pdb, 35, 35, 0.06643503027630758, 2.7115307972107003, 0.671994357441331, -, -, -, 1.3518544126381247, 41.38055111791715, , X, 3.769402191235131, 3.810541898268034, 3.860642650167368, 4.0655091144455175, 4.0276928988541565, 4.169463725545817, 4.311234552237478, 4.453005378929138, 4.680633674325597, 4.9863216715387635, 5.371125473966407, 5.755929276394049, 6.140733078821691, 6.5339655758230135, 6.913972863449075, 7.150083149172297, 7.506185435313193, 7.926284280299106, 8.262220753993704, 8.543852816079795, 8.815981275637586, 9.211330841774592, 9.394622938763742, 9.638264981157443, 9.872913653360207, 10.120874352648515, 10.368835051936824, 10.749856067783885, 11.184854527071973, 11.410079661669787, 11.771824273087537, 12.139745640780637, 12.499085532838315, 12.621406300799318, 12.712047973354682, 12.67990484744141, 12.73106913864623, 12.798907048799538, 12.874503728190675, 13.094377739973778, 13.318560557157625, 13.585055920362654, 13.835961794238541, 13.976362126006718, 13.995456927109743, 14.189332354411388, 14.506059519418121, 14.843513788277619, 15.196005743259297, 15.548497698240974, 15.661736967340335, 15.759500955462615, 15.780960804758084, 15.763702395555278, 15.731336433961461, 15.696605758725372, 15.662708395763577, 15.6498700454453, 15.656125129834349, 15.404601060766957, 15.131589756214378, 14.833785988764214, 14.605339746044237, 14.288037701892424, 14.03085033742364, 13.932406078854905, 13.979181777418653, 14.181591027668743, 14.433298437528999, 14.43614870571107, 14.520792482137782, 14.604917277117472, 14.798785457444566, 14.941149097820288, 15.117200686863912, 15.377161073863848, 15.610988022082726, 15.601195167613582, 15.88698220349372, 16.19640688604526, 16.588178315103413, 16.974967258504037, 17.343787416556854, 17.712607574609667, 18.081427732662483, 18.454138490775467, 18.86946099503497
2ACE.pdb, 35, 35, 0.06643503027630758, 2.7115307972107003, 0.671994357441331, -, -, -, 1.3518544126381247, 41.38055111791715, , Y, 67.70555873545213, 67.2263844970562, 66.749183043259, 66.33864158817838, 65.97840388365793, 65.60912539243715, 65.23984690121635, 64.87056840999557, 64.49911718046351, 64.13250238382076, 63.817232078860435, 63.501961773900106, 63.18669146893977, 62.885441850856395, 62.78858158766217, 62.576758614135855, 62.53418263385253, 62.65719196732105, 62.52877615474472, 62.320515366477814, 62.10257434056059, 61.94513839400165, 61.939625688775244, 61.6177814747086, 61.31703082263393, 61.01285185126464, 60.708672879895346, 60.63771805728887, 60.688831712366564, 60.72726095642189, 60.631693848192505, 60.52829201144805, 60.41998967619294, 60.212331096887716, 60.000605481913695, 59.66329331980104, 59.721679541798665, 59.91043376066517, 60.1598523863907, 60.09650182233714, 60.01719466075527, 59.719523420240954, 59.44763150742219, 59.35227545518976, 59.40497163584272, 59.17691084118061, 59.25738211430516, 59.3024001674072, 59.23312943681834, 59.163858706229476, 59.20214041285071, 59.25831738020451, 59.35642900482871, 59.47091347389391, 59.59122045698848, 59.313882921129355, 58.95661472383839, 58.55475317708866, 58.088570087630195, 57.67645913139313, 57.32533473152539, 56.96739524822678, 56.52897652715028, 56.36182065533618, 56.21497766938774, 55.77598510884481, 55.32709074290063, 54.88971112669776, 54.58804338379856, 54.281930641311575, 53.891956979569194, 53.50221555760318, 53.075152029286876, 52.602183375851716, 52.18506236939132, 52.07683537514042, 51.95238448159303, 51.717391808405836, 51.625265346038255, 51.35952507780565, 51.051876958967746, 50.755904344846435, 50.489376046314526, 50.222847747782616, 49.95631944925071, 49.69935637749623, 49.55418621677883
2ACE.pdb, 35, 35, 0.06643503027630758, 2.7115307972107003, 0.671994357441331, -, -, -, 1.3518544126381247, 41.38055111791715, , Z, 64.32331952194659, 64.46006590677239, 64.60055664823427, 64.79043521911402, 64.4937498881505, 64.18791589948857, 63.882081910826656, 63.57624792216473, 63.346591574645416, 63.26049326475385, 63.21018751510784, 63.15988176546183, 63.109576015815826, 63.041739450639476, 62.950905620241926, 62.578900251126235, 62.320611525532556, 62.13694632630579, 61.80779498148805, 61.450988555431024, 61.092793027608536, 60.88593661652252, 60.48704079647919, 60.192153448891, 59.891734988488835, 59.581911417750305, 59.272087847011775, 59.018114364010685, 58.78677679153683, 58.348689598297085, 58.01726965201918, 57.694869392477244, 57.36602547458972, 56.927943810779915, 56.49285398261961, 56.13924657321657, 55.64531007488267, 55.19725631720645, 54.770553269166925, 54.345482746340146, 53.90570410261033, 53.61538193866029, 53.29834223400017, 52.844805639609994, 52.40455179380739, 52.11426998141309, 51.92516206816573, 51.59617874453054, 51.24839865948127, 50.90061857443199, 50.42523820323751, 49.938291470330746, 49.452564360410804, 48.966153573467665, 48.48204308536853, 48.11142042693158, 47.763267581203294, 47.64026068560146, 47.820888718878074, 47.89726181083468, 47.894956421302155, 47.774505090957376, 47.734345499578616, 47.545602502017566, 47.3133192418023, 47.11494147292155, 47.077955707004385, 47.05823070110548, 46.844237617224096, 46.47812705129975, 46.176869728966395, 45.87517878948066, 45.81856840536264, 45.857082420330514, 45.728278620692194, 45.31511096113223, 44.89498015388434, 44.485307924321006, 44.12956571001154, 43.99962949273026, 44.042847340307766, 44.141483384589094, 44.34868945857242, 44.555895532555745, 44.76310160653907, 44.95911178107797, 44.842533560006025
2ACE.pdb, 35, 35, 0.06643503027630758, 2.7115307972107003, 0.671994357441331, -, -, -, 1.3518544126381247, 41.38055111791715, , distance, 0.0, 0.4999999999999955, 0.9999198518662968, 1.4745639599638771, 1.7546579385860284, 2.1385546834052978, 2.5628124758527604, 3.0104151605481784, 3.4735583692191234, 3.921380415931873, 4.350133851670987, 4.792713708167186, 5.245621493155366, 5.702524438153723, 5.995707539734483, 6.385655253471032, 6.687115904208534, 6.8953537602191, 7.301531362627488, 7.748829333261772, 8.203517295352437, 8.637860336116823, 8.922226561607852, 9.41122285075251, 9.884588131952256, 10.373739675999103, 10.863879012234287, 11.261718782775276, 11.613642704475646, 11.948757040989419, 12.403410360918286, 12.865152863829785, 13.330072326258634, 13.754927084808587, 14.16521827527767, 14.52770252421804, 14.810862548092999, 15.019352880941256, 15.201838750124345, 15.633622191042003, 16.088010401157423, 16.576602350104505, 17.06104066415624, 17.484726295179374, 17.763135022192397, 18.176184148306092, 18.448897177166486, 18.84752328428391, 19.32104765573571, 19.795874092315216, 20.171574404036114, 20.54379193176152, 20.85964684886157, 21.15455426011567, 21.444728855006126, 21.80605604367718, 22.186258676783304, 22.432280555905372, 22.496908127149858, 22.489465612381057, 22.510874501006874, 22.618399655340795, 22.749232770918915, 22.821346915490096, 22.949311118707282, 23.27508646623222, 23.5556498987141, 23.890226417677592, 24.316788364925674, 24.747205230658164, 25.21312409731485, 25.68028896038751, 26.040773980576322, 26.342395276262973, 26.747595859546433, 27.20862092870227, 27.673923188850132, 28.091983035565548, 28.516649064365147, 28.890753510862464, 29.205542109957307, 29.47853867785852, 29.65883893209316, 29.846427106400682, 30.04116667567247, 30.24627820037054, 30.610212705644532
2ACE.pdb, 35, 35, 0.06643503027630758, 2.7115307972107003, 0.671994357441331, -, -, -, 1.3518544126381247, 41.38055111791715, , length, 0.0, 0.5, 1.0, 1.5, 2.0, 2.5, 3.0, 3.5, 4.0, 4.5, 5.0, 5.5, 6.0, 6.5, 7.0, 7.5, 8.0, 8.5, 9.0, 9.5, 10.0, 10.5, 11.0, 11.5, 12.0, 12.5, 13.0, 13.5, 14.0, 14.5, 15.0, 15.5, 16.0, 16.5, 17.0, 17.5, 18.0, 18.5, 19.0, 19.5, 20.0, 20.5, 21.0, 21.5, 22.0, 22.5, 23.0, 23.5, 24.0, 24.5, 25.0, 25.5, 26.0, 26.5, 27.0, 27.5, 28.0, 28.5, 29.0, 29.5, 30.0, 30.5, 31.0, 31.5, 32.0, 32.5, 33.0, 33.5, 34.0, 34.5, 35.0, 35.5, 36.0, 36.5, 37.0, 37.5, 38.0, 38.5, 39.0, 39.5, 40.0, 40.5, 41.0, 41.5, 42.0, 42.5, 43.0
2ACE.pdb, 35, 35, 0.06643503027630758, 2.7115307972107003, 0.671994357441331, -, -, -, 1.3518544126381247, 41.38055111791715, , R, 3.2179875353172602, 3.0886906603246342, 3.0044771840404763, 2.8550514373308205, 2.7768446108163984, 2.5771852974224747, 2.4310734127990994, 2.3445872826526926, 2.2094786320146502, 1.9809308946494633, 1.7324736363757296, 1.546048333201424, 1.4334251315608637, 1.3818481119723618, 1.2407455274385226, 1.0843372123974002, 0.9638590211405345, 0.9295038101256421, 0.9431832326098375, 1.0405662926508534, 1.2248975057032179, 1.36404801445285, 1.313067317320999, 1.171171129444347, 1.1004188169147828, 1.1152667285035744, 1.2227480169849416, 1.228635891324641, 1.2210469470729342, 1.1609208707482441, 1.1142098520766712, 1.1572454320742138, 1.2820159824716666, 1.2915932634829956, 1.3643217839303166, 1.2672688204633165, 1.0753257012549766, 0.946400423423754, 0.9038339151657948, 0.7913149603263236, 0.7435064741621806, 0.6903527152884079, 0.734818474128609, 0.8818168988567998, 1.0638218201560399, 1.2653763531611237, 1.2083512412737427, 1.087180894449371, 0.9985311391682887, 1.007569184322914, 0.8997066446248274, 0.8643229816851572, 0.8721577938808811, 0.9568426202695015, 1.1254078412906408, 1.1194888451111553, 1.1560528510435852, 1.131167535666688, 0.9932315978654147, 0.7956238243947724, 0.6949364964704103, 0.7327272353257457, 0.7535029924883276, 0.7642530398870897, 0.7569833501019296, 0.8199145715333906, 0.9579894481847413, 1.0789922639588045, 1.0560488638143317, 0.9991743281349392, 0.9806358902885681, 1.0607402972462898, 1.128070646270317, 1.1740927025505856, 1.1842070744008812, 1.0649221211626152, 1.017731698251743, 0.8862782036825032, 1.0345062869248265, 1.025939795037015, 1.0297416772325434, 1.107619788959728, 1.230565441677661, 1.4341216533125514, 1.703051230773219, 2.013037939742885, 2.0920303680782504
2ACE.pdb, 35, 35, 0.06643503027630758, 2.7115307972107003, 0.671994357441331, -, -, -, 1.3518544126381247, 41.38055111791715, , Upper limit of R overestimation, -, -, -, -, -, -, -, -, -, -, -, -, -, -, -, -, -, -, -, -, -, -, -, -, -, -, -, -, -, -, -, -, -, -, -, -, -, -, -, -, -, -, -, -, -, -, -, -, -, -, -, -, -, -, -, -, -, -, -, -, -, -, -, -, -, -, -, -, -, -, -, -, -, -, -, -, -, -, -, -, -, -, -, -, -, -, -
2ACE.pdb, 36, 36, 0.06282130357688367, 2.7674610341018404, 0.6420615686822648, -, -, -, 2.131683999781125, 48.128458804536685, , X, 3.769402191235131, 3.3400726728007384, 2.893188443726914, 2.7643768302080565, 2.4992685053328545, 2.234160180457653, 1.9586504106798364, 1.655072636187362, 1.3514948616948874, 1.365446956812653, 1.3199273408553356, 1.3629461202505655, 1.562999989969489, 1.655954716058934, 1.4185231376376473, 1.1449159158930864, 0.8665832693320625, 0.5995664952271003, 0.5525635863626759, 0.6515946135043768, 0.7262073672115825, 0.8008201209187884, 0.8754328746259941, 0.6084511980369189, 0.26545481439572866, -0.07733352046978637, -0.42012185533530144, -0.8393722763211406, -1.2517788053734606, -1.6417787397976975, -2.034029576490843, -2.421211488062304, -2.821840103883161, -3.2550207952599948, -3.621586093709518, -3.804756468369103, -4.037272453163901, -4.280849617213032, -4.519457689393814, -4.766736949435251, -5.051918258441876, -5.501119283926871, -5.950320309411868, -6.354921157705563, -6.743253665167529, -7.11726915464077, -7.321650117224335, -7.5260310798078995, -7.590688920660489, -7.600454374483672, -7.433385179761093, -7.291404436170188, -7.099378405446335, -6.764829197218163, -6.416557096556139, -6.06365244266976, -5.710151415743303, -5.697648235534632, -5.709535370556814, -5.66015411769964, -5.460154472660361, -5.53121462989285, -5.750668571202814, -6.115707855308649, -6.480417880824606, -6.84284032358208, -7.08174485020267, -7.291879187726988, -7.371407024031633, -7.29586804563132, -7.218872422544602, -7.1903791290520145, -7.170222940174627, -7.150066751297239, -7.292666489834315, -7.333788910333095, -7.390100268951713, -7.603302320367808, -7.821739421762131, -8.018043270207334, -8.247319951115982, -8.479930083472622, -8.728874528113531, -9.133161201694532, -9.624572685308143, -10.115984168921756, -10.607395652535367, -11.096645263902746, -11.512095178081717, -11.867296132024313, -12.260526228196163, -12.704154815281191, -13.147443322449744, -13.587520661338818, -14.020409736771581, -14.459163724511624, -14.814873036206919, -15.045496605944088, -15.276369548641153, -15.508334291277192
2ACE.pdb, 36, 36, 0.06282130357688367, 2.7674610341018404, 0.6420615686822648, -, -, -, 2.131683999781125, 48.128458804536685, , Y, 67.70555873545213, 67.65194291336107, 67.65415239500771, 67.75780874553023, 67.85089690791433, 67.94398507029844, 68.03556827094813, 68.12309037494708, 68.21061247894603, 68.00686972892264, 67.70649041551223, 67.41309763134923, 67.17525645345336, 66.9505927454641, 66.58590989105157, 66.25977084231747, 65.93305460784897, 65.5977859084531, 65.1992916490488, 64.73491909295342, 64.25639921449694, 63.777879336040456, 63.299359457583975, 63.222665426816285, 63.239666878005615, 63.259623207428476, 63.279579536851344, 63.21478479175052, 63.050078614812115, 62.86099942783437, 62.68211746894154, 62.499962080682174, 62.29532196854221, 62.06075482736156, 61.75193845555716, 61.42887426930789, 61.104176142295444, 61.162971073911926, 61.30938566301911, 61.44465671954689, 61.5875090470778, 61.77103023457684, 61.95455142207588, 61.99643947163819, 61.986665480685744, 61.962047453229054, 61.76155054432423, 61.56105363541941, 61.660039653782995, 61.87668216699623, 62.0276332365231, 62.46161740878654, 62.90270251074323, 63.260224275913934, 63.6058225630197, 63.94581068782217, 64.28647943981218, 64.69290238707535, 65.14475023324661, 65.5419588581719, 65.8157375987717, 66.00068425654254, 66.15013915179948, 66.22908650597056, 66.32186196764393, 66.41369504772393, 66.79011070404881, 67.22876293576535, 67.52834355376554, 67.66179375353778, 67.79288568527869, 68.19198491846161, 68.63580911227749, 69.07963330609334, 69.34260053009353, 69.80540122622918, 70.23411625354206, 70.55657573449217, 70.80208080673916, 70.92852512093205, 71.07049285236883, 71.20872496822395, 71.30538738007583, 71.15500728180143, 71.2065502230495, 71.25809316429758, 71.30963610554565, 71.28258558972304, 71.15263898707693, 70.89118747420281, 70.79720304451423, 70.93284728787062, 71.0675768216107, 71.2125838040418, 71.45393748007034, 71.69339928098061, 71.99359254646183, 72.385262360084, 72.77676018828137, 73.18309848597467
2ACE.pdb, 36, 36, 0.06282130357688367, 2.7674610341018404, 0.6420615686822648, -, -, -, 2.131683999781125, 48.128458804536685, , Z, 64.32331952194659, 64.57291518579062, 64.7421698095862, 65.16785631874285, 65.58144085678292, 65.99502539482299, 66.40156557527962, 66.78909675614871, 67.1766279370178, 67.59157953999735, 67.98304230146663, 68.35703798887836, 68.74197690550334, 69.10544113761637, 69.26652705606034, 69.52875986593341, 69.78506148163237, 70.04254340634162, 70.26822163636959, 70.41693275956231, 70.54123747751872, 70.66554219547513, 70.78984691343152, 70.51556187935284, 70.15217132412836, 69.78871857287163, 69.42526582161489, 69.19316292102502, 68.97264802252906, 68.72335078587986, 68.47010520120608, 68.21172912836487, 68.01592864635555, 67.93120336214425, 67.95029951969954, 67.66182464254992, 67.36668437423218, 66.97961575303748, 66.56534426118759, 66.1525758073098, 65.78034119767256, 65.65976585839387, 65.53919051911518, 65.27629715046318, 64.96149192060007, 64.639284346543, 64.22937043893187, 63.81945653132073, 63.38038780367031, 62.929865154539016, 62.49351694822217, 62.417324716320984, 62.40558719960264, 62.30465658863041, 62.20928165875061, 62.109952004273026, 62.0151844653566, 61.812906035197656, 61.59914864952091, 61.33808141749835, 61.08164778078899, 60.684953313159006, 60.30074871665373, 59.968440544997044, 59.63923041301529, 59.30724642605813, 59.15203446761064, 59.03616933516378, 58.754875060982144, 58.278970756606796, 57.80265643192146, 57.538258248401604, 57.30888123771038, 57.07950422701916, 56.68480681827564, 56.50929610307722, 56.49586097524829, 56.178741489222375, 55.838105447222105, 55.46513647627939, 55.04526352591568, 54.62480614582676, 54.22362821076453, 54.023710806132534, 53.94717271770484, 53.870634629277134, 53.79409654084943, 53.73708178795138, 53.898455373044, 54.13398751253691, 54.340834404155075, 54.527243757215864, 54.71524176824379, 54.65037153031238, 54.61287221761365, 54.60050354157231, 54.50993981839684, 54.30159508921258, 54.093205785276126, 53.925404521073204
2ACE.pdb, 36, 36, 0.06282130357688367, 2.7674610341018404, 0.6420615686822648, -, -, -, 2.131683999781125, 48.128458804536685, , distance, 0.0, 0.49949623340657096, 0.9725372520454258, 1.3137916276958286, 1.7936644216822473, 2.2821953628499405, 2.776118686673317, 3.2748709144082775, 3.7739533714101223, 4.068330447429586, 4.403805029018511, 4.706107626208518, 4.967289427575521, 5.282548724188295, 5.587087486761764, 6.006233430045754, 6.434186336276017, 6.870231908004038, 7.209111350801669, 7.461738823289503, 7.7343545199445, 8.028881205584375, 8.342998680725408, 8.272352084556665, 8.136175430376642, 8.027098176857018, 7.948034955128078, 8.069896370944035, 8.2765940616117, 8.491814239430193, 8.72413972323026, 8.974500739636865, 9.292496920238847, 9.706861246476898, 10.160082980441928, 10.387986509843419, 10.666981333482408, 10.708310658347035, 10.707142617177846, 10.742939264428147, 10.833703827816333, 11.088159710219921, 11.358936256967304, 11.662080963653537, 11.984529078147908, 12.31289440434382, 12.583779285865553, 12.868396699598454, 12.9030651886568, 12.85267114063689, 12.692102280944217, 12.388429282416578, 12.03642458681926, 11.610599874294913, 11.181715404316028, 10.757493415443403, 10.338255522906719, 10.247112663129425, 10.189656737471127, 10.124689780560601, 9.963160935070832, 10.131425314906748, 10.451418721237344, 10.902309011424514, 11.354035363484224, 11.808877689444525, 12.055190845702231, 12.269198713720899, 12.456187575114571, 12.608579332565153, 12.77767005825468, 12.899243136936063, 13.0285497359727, 13.175573723357795, 13.54238330820106, 13.738600842686111, 13.86352067771695, 14.275883761371237, 14.694960725514951, 15.093004661065997, 15.5501355532081, 16.01185425044223, 16.467223560917375, 16.86584646797642, 17.300864917479647, 17.73930880007458, 18.180930298417866, 18.597390069986986, 18.817128278051726, 18.933490214742754, 19.135487419785683, 19.435960800430195, 19.743302303989978, 20.17741109733309, 20.611175087732924, 21.040832639168695, 21.449124478628974, 21.82510030602715, 22.20616428850019, 22.577670428392935
2ACE.pdb, 36, 36, 0.06282130357688367, 2.7674610341018404, 0.6420615686822648, -, -, -, 2.131683999781125, 48.128458804536685, , length, 0.0, 0.5, 1.0, 1.5, 2.0, 2.5, 3.0, 3.5, 4.0, 4.5, 5.0, 5.5, 6.0, 6.5, 7.0, 7.5, 8.0, 8.5, 9.0, 9.5, 10.0, 10.5, 11.0, 11.5, 12.0, 12.5, 13.0, 13.5, 14.0, 14.5, 15.0, 15.5, 16.0, 16.5, 17.0, 17.5, 18.0, 18.5, 19.0, 19.5, 20.0, 20.5, 21.0, 21.5, 22.0, 22.5, 23.0, 23.5, 24.0, 24.5, 25.0, 25.5, 26.0, 26.5, 27.0, 27.5, 28.0, 28.5, 29.0, 29.5, 30.0, 30.5, 31.0, 31.5, 32.0, 32.5, 33.0, 33.5, 34.0, 34.5, 35.0, 35.5, 36.0, 36.5, 37.0, 37.5, 38.0, 38.5, 39.0, 39.5, 40.0, 40.5, 41.0, 41.5, 42.0, 42.5, 43.0, 43.5, 44.0, 44.5, 45.0, 45.5, 46.0, 46.5, 47.0, 47.5, 48.0, 48.5, 49.0, 49.5
2ACE.pdb, 36, 36, 0.06282130357688367, 2.7674610341018404, 0.6420615686822648, -, -, -, 2.131683999781125, 48.128458804536685, , R, 3.2179875353164493, 3.1444607804488807, 3.060079453814604, 2.9159372615447148, 2.756538317798229, 2.651333189620819, 2.6009777279642505, 2.601549249189858, 2.6623293739993223, 2.5246725559260104, 2.331243272193725, 2.2031357449564988, 2.1324146558826573, 2.0678226719790502, 2.0528148914781066, 2.000373261568566, 2.0131997326228244, 2.0922605076095477, 2.1601896225342503, 2.183065906195392, 2.2476229269290577, 2.3758013210912408, 2.561611611521976, 2.3197510629643414, 2.008412568041204, 1.7434476962922791, 1.537856517654098, 1.3160736522641177, 1.0657925262253802, 0.8684454107965327, 0.7589971106550202, 0.751657464047558, 0.803101465679112, 0.9094633309956683, 0.9824115329521845, 1.0886657562522828, 1.2378512577534533, 1.1630118758265349, 1.1112349305012037, 1.1429361862179146, 1.207272448183223, 1.1178030440271223, 1.1215894441676952, 1.1263682780829436, 1.1907345177246826, 1.3314066248037304, 1.4251434079480152, 1.5972455223778348, 1.585931898756252, 1.552851614483762, 1.4498395987607737, 1.2552430610347907, 1.0574221881713814, 0.8349118897181813, 0.6866543175996647, 0.6427661119348436, 0.7102824030915533, 0.6872224667172366, 0.7445160653153846, 0.8534139487270438, 0.8592887075641946, 0.9771619275048464, 0.9635756486202767, 0.9381962377602902, 1.0018017745317316, 1.1582184854590865, 1.0914194178825336, 1.0480318842309688, 1.0663588453922959, 1.1387630702756306, 1.298990804140311, 1.3904661241952332, 1.53855110783884, 1.7569889683116675, 1.931847215302314, 1.8947937679922346, 1.7957007291584581, 1.8336987894232082, 1.8967569798393007, 1.756798641162007, 1.657985254492747, 1.6340568226507193, 1.6687457860284498, 1.555036979707178, 1.3243481404006197, 1.1678951357957152, 1.0990158797281229, 1.0500312633671078, 1.018782315945714, 0.9568111571846316, 0.9694150279139548, 1.030348247112339, 1.1829330773552735, 1.1711378975430762, 1.1374452170777833, 1.1860318293820988, 1.2810611983294842, 1.397517952947633, 1.590833739920856, 1.8172695016994846
2ACE.pdb, 36, 36, 0.06282130357688367, 2.7674610341018404, 0.6420615686822648, -, -, -, 2.131683999781125, 48.128458804536685, , Upper limit of R overestimation, -, -, -, -, -, -, -, -, -, -, -, -, -, -, -, -, -, -, -, -, -, -, -, -, -, -, -, -, -, -, -, -, -, -, -, -, -, -, -, -, -, -, -, -, -, -, -, -, -, -, -, -, -, -, -, -, -, -, -, -, -, -, -, -, -, -, -, -, -, -, -, -, -, -, -, -, -, -, -, -, -, -, -, -, -, -, -, -, -, -, -, -, -, -, -, -, -, -, -, -
2ACE.pdb, 37, 37, 0.06014383548639815, 2.8110163274926316, 0.6536627148351095, -, -, -, 1.5065933858163143, 34.60741595340348, , X, 3.769402191235131, 3.810541898268034, 3.860642650167368, 4.0655091144455175, 4.0276928988541565, 4.169463725545817, 4.311234552237478, 4.453005378929138, 4.680633674325597, 4.818663567116234, 4.920020885796822, 4.973239096844265, 4.989150143731152, 5.027210702542536, 5.1593994704501664, 5.220495261825218, 5.019345381667645, 4.719951152646158, 4.42055692362467, 4.098064297656671, 3.830286499270554, 3.4993453842793176, 3.157619042055687, 2.8178636124599916, 2.6648990341915355, 2.51813962019054, 2.5924947611548483, 2.8183687043981114, 3.0480011852484767, 3.2686762597399834, 3.514765552353941, 3.843791157921124, 4.1291939132484705, 4.406084638817281, 4.625953745000935, 4.823392817607279, 4.732518667872062, 4.586348876992547, 4.43675914991792, 4.273775091578651, 3.912507060463924, 3.4914912946223695, 3.0715421892171593, 2.677631138074841, 2.434430623593694, 2.3889588514345146, 2.343487079275335, 2.3772596068786167, 2.5188164158814614, 2.6603732248843066, 2.6684651621589364, 2.6626832735187564, 2.6691934658434464, 3.0368174787998177, 3.3947194481090635, 3.852540673880979, 3.9861645181987937, 4.080436888114082, 4.024358309800323, 3.8743540084789245, 3.8357665034902393, 3.9314304086188, 4.004960849344244, 4.078491290069689, 4.2092989224635815, 4.4394442008681, 4.748118221913552, 4.98826093656504, 5.214754125328863, 5.466737220405036, 5.723341101276705, 6.027364876902112
2ACE.pdb, 37, 37, 0.06014383548639815, 2.8110163274926316, 0.6536627148351095, -, -, -, 1.5065933858163143, 34.60741595340348, , Y, 67.70555873545213, 67.2263844970562, 66.749183043259, 66.33864158817838, 65.97840388365793, 65.60912539243715, 65.23984690121635, 64.87056840999557, 64.49911718046351, 64.0295479399657, 63.540220584811664, 63.10033538075315, 62.70149341940313, 62.299238785640554, 61.884397024746626, 61.54325504399547, 61.173718295426404, 60.78304765186825, 60.39237700831009, 60.06929666193617, 59.721174233798614, 59.34727498366859, 59.04807701951955, 58.75749667836148, 58.29089889872563, 57.82044937279549, 57.51055639925814, 57.34053224246623, 57.184187416421906, 57.019212135893085, 57.13078611024905, 57.295775434941696, 57.41667293467659, 57.5264697052164, 57.760430460177744, 58.01332954481206, 57.85569614993099, 57.61933933703008, 57.37842611677447, 57.22594469979783, 57.12504229535598, 56.857197921845746, 56.58793760329016, 56.28134423542716, 55.91044720611048, 55.43355665638017, 54.95666610664986, 54.48070375542572, 54.00581569449248, 53.530927633559244, 53.2229768962007, 52.94844257587966, 52.676526747911126, 52.42761580576706, 52.22472420681402, 52.241010763386925, 52.00292544805425, 51.74087144211361, 51.4635993090506, 51.117997500367714, 50.69508243330313, 50.25269907825331, 49.791752927809696, 49.33080677736609, 48.87420971021462, 48.47800806743078, 48.38585827116965, 48.18155274703168, 48.17246955069846, 48.101130311845694, 48.01390175405251, 47.951089209503614
2ACE.pdb, 37, 37, 0.06014383548639815, 2.8110163274926316, 0.6536627148351095, -, -, -, 1.5065933858163143, 34.60741595340348, , Z, 64.32331952194659, 64.46006590677239, 64.60055664823427, 64.79043521911402, 64.4937498881505, 64.18791589948857, 63.882081910826656, 63.57624792216473, 63.346591574645416, 63.28025579796747, 63.26336102221164, 63.09196738132165, 62.79084962875695, 62.50002714834595, 62.25444715874557, 61.90296799767354, 61.72874360975355, 61.64076893220094, 61.552794254648326, 61.40387629144786, 61.5012544228558, 61.48131365889284, 61.283513359892694, 61.06835236235426, 60.97938534726806, 60.894893229563564, 60.60685294874273, 60.19774493881107, 59.782022412229125, 59.36486804495029, 58.98678179849065, 58.64837447559862, 58.2589267622611, 57.85755728130813, 57.48123432788479, 57.09778806506363, 56.687164082295304, 56.271508155801335, 55.859990517236405, 55.45592466911829, 55.32700441711534, 55.29684172407053, 55.28004563217111, 55.30893491340794, 55.242195106008694, 55.09898993321587, 54.955784760423036, 54.84438049891796, 54.77772467090571, 54.71106884289346, 54.353433053036255, 53.935584424069226, 53.52373450659685, 53.32166409762922, 53.17116492254159, 52.996540244769626, 52.60343363108904, 52.18817417214678, 51.80558081355935, 51.477984163003676, 51.248767093084474, 51.05584139704297, 50.876615504164896, 50.69738961128682, 50.574928371759185, 50.46824095978181, 50.82292771991887, 51.20536356762298, 51.58422116796967, 52.00958427610083, 52.428636318956, 52.82058545864349
2ACE.pdb, 37, 37, 0.06014383548639815, 2.8110163274926316, 0.6536627148351095, -, -, -, 1.5065933858163143, 34.60741595340348, , distance, 0.0, 0.4999999999999955, 0.9999198518662968, 1.4745639599638771, 1.7546579385860284, 2.1385546834052978, 2.5628124758527604, 3.0104151605481784, 3.4735583692191234, 3.96257324673373, 4.449435617088548, 4.916658777685624, 5.373724846736709, 5.84249713140522, 6.332317818431571, 6.777739991052015, 7.1385657997525245, 7.484703113479246, 7.84744797475304, 8.181910902211081, 8.4686571658508, 8.832374271957896, 9.196014886144301, 9.569119680224892, 10.051748247433045, 10.537321859736577, 10.914912162895343, 11.196365684203009, 11.482293032451249, 11.791309136567728, 11.84775467193989, 11.856395884121776, 11.948534665320079, 12.075814646515182, 12.101792709293955, 12.135011650541623, 12.500330243626948, 12.931778296756452, 13.36873110194184, 13.73708097940932, 13.888898178334978, 14.115291999962169, 14.348146600387308, 14.593278276170777, 14.945689202367438, 15.41414659346016, 15.884527209696742, 16.330497090419602, 16.74411255426985, 17.162327209324253, 17.61692014160159, 18.080440939690032, 18.539506418071795, 18.841142284878053, 19.083164755095012, 19.16911799696293, 19.595290336190693, 20.05566592306311, 20.507560337658973, 20.98001055994317, 21.454711125134686, 21.923834955406473, 22.40030748309407, 22.877784235419686, 23.32019456314656, 23.708877302600374, 23.58960130876655, 23.553199249709557, 23.364829170897583, 23.212984205447157, 23.088151083115882, 22.970641102776526
2ACE.pdb, 37, 37, 0.06014383548639815, 2.8110163274926316, 0.6536627148351095, -, -, -, 1.5065933858163143, 34.60741595340348, , length, 0.0, 0.5, 1.0, 1.5, 2.0, 2.5, 3.0, 3.5, 4.0, 4.5, 5.0, 5.5, 6.0, 6.5, 7.0, 7.5, 8.0, 8.5, 9.0, 9.5, 10.0, 10.5, 11.0, 11.5, 12.0, 12.5, 13.0, 13.5, 14.0, 14.5, 15.0, 15.5, 16.0, 16.5, 17.0, 17.5, 18.0, 18.5, 19.0, 19.5, 20.0, 20.5, 21.0, 21.5, 22.0, 22.5, 23.0, 23.5, 24.0, 24.5, 25.0, 25.5, 26.0, 26.5, 27.0, 27.5, 28.0, 28.5, 29.0, 29.5, 30.0, 30.5, 31.0, 31.5, 32.0, 32.5, 33.0, 33.5, 34.0, 34.5, 35.0, 35.5
2ACE.pdb, 37, 37, 0.06014383548639815, 2.8110163274926316, 0.6536627148351095, -, -, -, 1.5065933858163143, 34.60741595340348, , R, 3.2179875353172602, 3.0886906603246342, 3.0044771840404763, 2.8550514373308205, 2.7768446108163984, 2.5771852974224747, 2.4310734127990994, 2.3445872826526926, 2.2094786320146502, 2.0730823481864995, 1.9924788905642785, 1.867169655813591, 1.709980277518023, 1.6219521014793754, 1.5983900448776565, 1.579408158408091, 1.3651321588541498, 1.1095625054259424, 0.930553073456994, 0.8023720428998216, 0.7628315812478079, 0.7935267105074066, 0.8821158266618072, 1.033610085999499, 1.1006596376584632, 1.2526187425735622, 1.2003819831198395, 1.0278577184956745, 0.9376299501077083, 0.9444127402667037, 0.8869453202586857, 0.7888488023095008, 0.7464069573112271, 0.7876358665750263, 0.8416426271158648, 0.9708087707243682, 0.8988996298883047, 0.8704472794401643, 0.941646916822084, 1.064727727138251, 0.9208568029690136, 0.7881449357001342, 0.7518146483736783, 0.8256475353652313, 0.8137649179840465, 0.681467540325452, 0.6586371817721477, 0.6920125283191538, 0.7578352305096008, 0.9262353217261281, 1.0025740576745599, 1.1296592734666828, 1.3316399609611933, 1.3234890611571157, 1.3597302993761629, 1.4242452630339324, 1.2614761273562252, 1.1474456902091186, 1.0501945645929087, 0.9311328620643482, 0.8106148428660744, 0.7449828291499574, 0.76183414038718, 0.8848673294235723, 1.0612425956019949, 1.2065477320174258, 1.1677629834841476, 1.0820092727206174, 0.9928605928416916, 0.9737507406069885, 1.0434381137208817, 1.1585893135970275
2ACE.pdb, 37, 37, 0.06014383548639815, 2.8110163274926316, 0.6536627148351095, -, -, -, 1.5065933858163143, 34.60741595340348, , Upper limit of R overestimation, -, -, -, -, -, -, -, -, -, -, -, -, -, -, -, -, -, -, -, -, -, -, -, -, -, -, -, -, -, -, -, -, -, -, -, -, -, -, -, -, -, -, -, -, -, -, -, -, -, -, -, -, -, -, -, -, -, -, -, -, -, -, -, -, -, -, -, -, -, -, -, -
2ACE.pdb, 38, 38, 0.05588818345119018, 2.88440230844398, 0.7438322167228124, -, -, -, 1.6103368880539541, 48.929255765935096, , X, 3.769402191235131, 3.3400726728007384, 2.893188443726914, 2.7643768302080565, 2.4992685053328545, 2.234160180457653, 1.9586504106798364, 1.655072636187362, 1.3514948616948874, 1.365446956812653, 1.3199273408553356, 1.3629461202505655, 1.562999989969489, 1.655954716058934, 1.4185231376376473, 1.1449159158930864, 0.8665832693320625, 0.5995664952271003, 0.5525635863626759, 0.6515946135043768, 0.7262073672115825, 0.8008201209187884, 0.8754328746259941, 0.6084511980369189, 0.26545481439572866, -0.07733352046978637, -0.42012185533530144, -0.8393722763211406, -1.2517788053734606, -1.6417787397976975, -2.034029576490843, -2.421211488062304, -2.821840103883161, -3.2550207952599948, -3.621586093709518, -3.804756468369103, -4.037272453163901, -4.280849617213032, -4.519457689393814, -4.766736949435251, -5.051918258441876, -5.501119283926871, -5.950320309411868, -6.354921157705563, -6.743253665167529, -7.11726915464077, -7.321650117224335, -7.5260310798078995, -7.928024682824067, -8.40546315699135, -8.592520671749401, -8.740659222639222, -8.888068870987858, -9.110193415966611, -9.344918432120874, -9.579643448275137, -9.835999776615328, -9.684260429860462, -9.481970054484956, -9.168510148503097, -8.898162216568592, -9.009894194433569, -9.310605143628756, -9.56068306465465, -9.681751834550145, -9.747179108334684, -9.706088247419663, -9.641740194078997, -9.643476516238348, -9.714458121971555, -9.785439727704762, -9.791192891523137, -9.750523631177654, -9.689960545514786, -9.635290765491021, -10.031483393491532, -10.46991452470043, -10.911033312812492, -11.350217153893883, -11.563249274015327, -11.639636425351904, -11.725340099642677, -11.822353118183852, -11.919366136725028, -12.017965730626868, -12.291616537707968, -12.326761351959282, -12.218808733128025, -12.092409881958353, -11.842594030648984, -11.60061827346778, -11.35864251628658, -11.15981673542912, -11.07929668526112, -11.264740173579332, -11.450183661897544, -11.628793926463183, -11.806778903861408, -11.987946254109223, -11.939689961044106, -12.015771168673837, -12.09349278489844
2ACE.pdb, 38, 38, 0.05588818345119018, 2.88440230844398, 0.7438322167228124, -, -, -, 1.6103368880539541, 48.929255765935096, , Y, 67.70555873545213, 67.65194291336107, 67.65415239500771, 67.75780874553023, 67.85089690791433, 67.94398507029844, 68.03556827094813, 68.12309037494708, 68.21061247894603, 68.00686972892264, 67.70649041551223, 67.41309763134923, 67.17525645345336, 66.9505927454641, 66.58590989105157, 66.25977084231747, 65.93305460784897, 65.5977859084531, 65.1992916490488, 64.73491909295342, 64.25639921449694, 63.777879336040456, 63.299359457583975, 63.222665426816285, 63.239666878005615, 63.259623207428476, 63.279579536851344, 63.21478479175052, 63.050078614812115, 62.86099942783437, 62.68211746894154, 62.499962080682174, 62.29532196854221, 62.06075482736156, 61.75193845555716, 61.42887426930789, 61.104176142295444, 61.162971073911926, 61.30938566301911, 61.44465671954689, 61.5875090470778, 61.77103023457684, 61.95455142207588, 61.99643947163819, 61.986665480685744, 61.962047453229054, 61.76155054432423, 61.56105363541941, 61.40333464123924, 61.25535033336153, 60.884246749244774, 60.42167751875064, 59.94583326908019, 59.5744374142738, 59.22710924128377, 58.879781068293745, 58.68465028335706, 58.32016998211039, 57.92615074913413, 57.57836638238578, 57.23559844920186, 56.84549598516576, 56.51380872271886, 56.089474412290386, 55.65267729552315, 55.21049980535673, 54.834099276576154, 54.47572721038213, 54.12289942053632, 53.78553554600252, 53.44817167146872, 53.03480577751426, 52.56735001295607, 52.095040022887694, 51.649758913970594, 51.39923938796662, 51.16143546752694, 50.92873001651657, 50.69163354665377, 50.4020699259913, 50.091654649580676, 49.77508066869056, 49.45103062517093, 49.12698058165129, 48.806363257756246, 48.475614057861115, 48.04944342975505, 47.5623912062842, 47.51135886065023, 47.10052961883657, 46.66396791457358, 46.22740621031059, 45.79796192893179, 45.31375793051926, 44.885224290593925, 44.456690650668584, 44.0262250497307, 43.59558266101696, 43.188817684176705, 42.83694667151944, 42.36222615102208, 41.888032437088526
2ACE.pdb, 38, 38, 0.05588818345119018, 2.88440230844398, 0.7438322167228124, -, -, -, 1.6103368880539541, 48.929255765935096, , Z, 64.32331952194659, 64.57291518579062, 64.7421698095862, 65.16785631874285, 65.58144085678292, 65.99502539482299, 66.40156557527962, 66.78909675614871, 67.1766279370178, 67.59157953999735, 67.98304230146663, 68.35703798887836, 68.74197690550334, 69.10544113761637, 69.26652705606034, 69.52875986593341, 69.78506148163237, 70.04254340634162, 70.26822163636959, 70.41693275956231, 70.54123747751872, 70.66554219547513, 70.78984691343152, 70.51556187935284, 70.15217132412836, 69.78871857287163, 69.42526582161489, 69.19316292102502, 68.97264802252906, 68.72335078587986, 68.47010520120608, 68.21172912836487, 68.01592864635555, 67.93120336214425, 67.95029951969954, 67.66182464254992, 67.36668437423218, 66.97961575303748, 66.56534426118759, 66.1525758073098, 65.78034119767256, 65.65976585839387, 65.53919051911518, 65.27629715046318, 64.96149192060007, 64.639284346543, 64.22937043893187, 63.81945653132073, 63.69666757725858, 63.68718410158868, 63.65105889856185, 63.75137063108939, 63.79334690886975, 64.00580562911375, 64.27832591650314, 64.55084620389252, 64.91222060890115, 65.16290062473203, 65.39490805580967, 65.46219187142333, 65.41906806218988, 65.59464885544047, 65.78312071836902, 65.86915226147129, 65.73944163836606, 65.51539177999686, 65.19185866832598, 64.84920677704471, 64.50292979759853, 64.14078724582218, 63.778644694045845, 63.72897662973495, 63.90169350628231, 64.05408881852038, 64.24063298183381, 64.24756901035185, 64.282603830323, 64.31559623424953, 64.33413247646223, 64.10927940606203, 63.72482217920629, 63.34770279905235, 62.97949084442777, 62.6112788898032, 62.24174297592983, 62.02867970050911, 62.09502217104769, 62.06318918977809, 62.41543899019691, 62.51891553925165, 62.54826875555892, 62.57762197186619, 62.67595899396155, 62.70575400339426, 62.52695346622305, 62.34815292905183, 62.16706552758869, 61.98576886224848, 61.8754289761884, 61.80267084682702, 61.93997371374652, 62.07815133237815
2ACE.pdb, 38, 38, 0.05588818345119018, 2.88440230844398, 0.7438322167228124, -, -, -, 1.6103368880539541, 48.929255765935096, , distance, 0.0, 0.49949623340657096, 0.9725372520454258, 1.3137916276958286, 1.7936644216822473, 2.2821953628499405, 2.776118686673317, 3.2748709144082775, 3.7739533714101223, 4.068330447429586, 4.403805029018511, 4.706107626208518, 4.967289427575521, 5.282548724188295, 5.587087486761764, 6.006233430045754, 6.434186336276017, 6.870231908004038, 7.209111350801669, 7.461738823289503, 7.7343545199445, 8.028881205584375, 8.342998680725408, 8.272352084556665, 8.136175430376642, 8.027098176857018, 7.948034955128078, 8.069896370944035, 8.2765940616117, 8.491814239430193, 8.72413972323026, 8.974500739636865, 9.292496920238847, 9.706861246476898, 10.160082980441928, 10.387986509843419, 10.666981333482408, 10.708310658347035, 10.707142617177846, 10.742939264428147, 10.833703827816333, 11.088159710219921, 11.358936256967304, 11.662080963653537, 11.984529078147908, 12.31289440434382, 12.583779285865553, 12.868396699598454, 13.30189898726573, 13.792650323664414, 14.135040446681058, 14.487363034440655, 14.856169895874409, 15.234826287717006, 15.616386767171052, 16.004472478242985, 16.33494892854231, 16.42532971972778, 16.504059771565533, 16.469566809578172, 16.470820297877054, 16.81866990362569, 17.276367666864598, 17.748639012349106, 18.116591773261224, 18.445744874166785, 18.65523174373768, 18.845788380059343, 19.089950474990353, 19.38078565416563, 19.680027845707947, 19.98684504430084, 20.30102278375365, 20.61347192799903, 20.916054557098143, 21.36272996891791, 21.828142683438962, 22.29298607414843, 22.76129733542471, 23.120266847620748, 23.410388448358066, 23.717944901557676, 24.044469336468282, 24.37687635837294, 24.713428263220077, 25.159739005498423, 25.5032283996388, 25.81624054327893, 25.749617452540626, 25.91442695992841, 26.117750258816702, 26.328999838626157, 26.561968532217136, 26.916409861262384, 27.386493602263993, 27.857619134345107, 28.327808223846503, 28.798828221018542, 29.246483377105392, 29.522484854404812, 29.952237674819532, 30.38448422122696
2ACE.pdb, 38, 38, 0.05588818345119018, 2.88440230844398, 0.7438322167228124, -, -, -, 1.6103368880539541, 48.929255765935096, , length, 0.0, 0.5, 1.0, 1.5, 2.0, 2.5, 3.0, 3.5, 4.0, 4.5, 5.0, 5.5, 6.0, 6.5, 7.0, 7.5, 8.0, 8.5, 9.0, 9.5, 10.0, 10.5, 11.0, 11.5, 12.0, 12.5, 13.0, 13.5, 14.0, 14.5, 15.0, 15.5, 16.0, 16.5, 17.0, 17.5, 18.0, 18.5, 19.0, 19.5, 20.0, 20.5, 21.0, 21.5, 22.0, 22.5, 23.0, 23.5, 24.0, 24.5, 25.0, 25.5, 26.0, 26.5, 27.0, 27.5, 28.0, 28.5, 29.0, 29.5, 30.0, 30.5, 31.0, 31.5, 32.0, 32.5, 33.0, 33.5, 34.0, 34.5, 35.0, 35.5, 36.0, 36.5, 37.0, 37.5, 38.0, 38.5, 39.0, 39.5, 40.0, 40.5, 41.0, 41.5, 42.0, 42.5, 43.0, 43.5, 44.0, 44.5, 45.0, 45.5, 46.0, 46.5, 47.0, 47.5, 48.0, 48.5, 49.0, 49.5, 50.0, 50.5
2ACE.pdb, 38, 38, 0.05588818345119018, 2.88440230844398, 0.7438322167228124, -, -, -, 1.6103368880539541, 48.929255765935096, , R, 3.2179875353164493, 3.1444607804488807, 3.060079453814604, 2.9159372615447148, 2.756538317798229, 2.651333189620819, 2.6009777279642505, 2.601549249189858, 2.6623293739993223, 2.5246725559260104, 2.331243272193725, 2.2031357449564988, 2.1324146558826573, 2.0678226719790502, 2.0528148914781066, 2.000373261568566, 2.0131997326228244, 2.0922605076095477, 2.1601896225342503, 2.183065906195392, 2.2476229269290577, 2.3758013210912408, 2.561611611521976, 2.3197510629643414, 2.008412568041204, 1.7434476962922791, 1.537856517654098, 1.3160736522641177, 1.0657925262253802, 0.8684454107965327, 0.7589971106550202, 0.751657464047558, 0.803101465679112, 0.9094633309956683, 0.9824115329521845, 1.0886657562522828, 1.2378512577534533, 1.1630118758265349, 1.1112349305012037, 1.1429361862179146, 1.207272448183223, 1.1178030440271223, 1.1215894441676952, 1.1263682780829436, 1.1907345177246826, 1.3314066248037304, 1.4251434079480152, 1.5972455223778348, 1.7060293905715946, 1.830779254178457, 1.6981876163402698, 1.6254768920847806, 1.586421902272908, 1.5671279143685974, 1.5963216140677816, 1.7037496870784299, 1.8305701238245078, 1.727951293287207, 1.6659222003787812, 1.593139085919176, 1.4848164416477156, 1.4649702620041625, 1.4766017901627078, 1.442556611117054, 1.2918718730905159, 1.130564773967845, 0.9524837492681733, 0.8449026835649343, 0.793178834444709, 0.809975775759153, 0.9308728875904548, 0.9347194612416736, 0.8863980491822194, 0.9319176686041941, 1.037391957097276, 0.9268222494697578, 0.861897707244391, 0.8972152780353824, 1.0199350620078556, 0.9869857568193838, 0.8816375517740225, 0.8722296751749532, 0.9586470322802811, 1.1379351764999979, 1.3901460636319625, 1.5434070683885, 1.4850837067509408, 1.3441368077708713, 1.2412362817026796, 1.0582391322954106, 0.9619061510818923, 0.9644313760409835, 1.0081150422664673, 1.02875004407902, 0.9166650079716367, 0.9045712888991329, 0.9921051880866099, 1.1710904586864999, 1.3623796411168074, 1.4273293622436745, 1.4558217273985337, 1.566141557483319
2ACE.pdb, 38, 38, 0.05588818345119018, 2.88440230844398, 0.7438322167228124, -, -, -, 1.6103368880539541, 48.929255765935096, , Upper limit of R overestimation, -, -, -, -, -, -, -, -, -, -, -, -, -, -, -, -, -, -, -, -, -, -, -, -, -, -, -, -, -, -, -, -, -, -, -, -, -, -, -, -, -, -, -, -, -, -, -, -, -, -, -, -, -, -, -, -, -, -, -, -, -, -, -, -, -, -, -, -, -, -, -, -, -, -, -, -, -, -, -, -, -, -, -, -, -, -, -, -, -, -, -, -, -, -, -, -, -, -, -, -, -, -
2ACE.pdb, 39, 39, 0.0551839297270311, 2.897083496218604, 0.6540613257602503, -, -, -, 1.36523500170189, 28.211941499935804, , X, 3.769402191235131, 3.9909218595242524, 4.295148225796317, 4.688537627453249, 4.932865372036846, 5.221461438112345, 5.570300594357788, 5.748818098389131, 5.921785084042933, 6.153428872135137, 6.406424115340876, 6.705120107755812, 7.001657386707047, 7.2971535817355795, 7.5926497767641115, 7.706296524579498, 7.763169350569844, 7.8205149020224, 7.836622581485084, 7.843294520290575, 7.653806248867566, 7.5985025099165995, 7.601516734572887, 7.7661375234218575, 8.216678365965503, 8.666403323232922, 9.106237430846216, 9.544675155876151, 10.002274465402825, 10.471087952183847, 10.866986501952544, 11.243113057087303, 11.607961218893966, 11.973590518268443, 12.194935510997281, 12.336789071907868, 12.338681183094444, 12.34057329428102, 12.342465405467596, 12.336164602213122, 12.380699476646, 12.779616157237227, 13.107615664991991, 13.43847811059548, 13.85028778423879, 13.890755735707849, 13.882827138986885, 13.876044165614225, 13.880933676934701, 13.681171599012455, 13.728183616636057, 13.495621347941315, 13.208112913193485, 13.027167137562964, 12.884395548851488, 12.816235221429118, 12.756483813400603, 12.827272932928032, 12.919678941480997, 13.012084950033964
2ACE.pdb, 39, 39, 0.0551839297270311, 2.897083496218604, 0.6540613257602503, -, -, -, 1.36523500170189, 28.211941499935804, , Y, 67.70555873545213, 68.05264766674537, 68.3994168074535, 68.6662591897069, 68.6262173032307, 68.84804712170202, 69.06835003057279, 69.21696835028187, 69.55045181316578, 69.93542593831484, 70.20919081345762, 70.61010118135228, 71.0124517848402, 71.41549697153532, 71.81854215823044, 72.26481577593897, 72.74898134708175, 73.20045039935928, 73.6944079062637, 74.19343334152127, 74.5542905181497, 74.83734401631385, 75.17270560303189, 75.41371281198464, 75.46951796398533, 75.53908709889689, 75.775514846876, 76.01509967941982, 76.20119875839515, 76.34970864317027, 76.54243563738562, 76.78735127900147, 77.05633832501194, 77.30449403382525, 77.53958645407755, 77.85312490348153, 78.3431900027754, 78.83325510206926, 79.32332020136312, 79.81047047239534, 80.26815488714269, 80.56570142115251, 80.93018490377281, 81.28992705929777, 81.54417865662599, 81.82291405597495, 82.1091800612409, 82.39793293593605, 82.82733454958293, 83.07225864869321, 83.49049744128504, 83.89056741561046, 84.2988845957537, 84.73014619108694, 85.1216697921597, 85.25584358543183, 85.36101326119638, 85.58532466964867, 85.82936538103884, 86.07340609242901
2ACE.pdb, 39, 39, 0.0551839297270311, 2.897083496218604, 0.6540613257602503, -, -, -, 1.36523500170189, 28.211941499935804, , Z, 64.32331952194659, 64.55042513540974, 64.74179853313942, 64.78430847216875, 64.41984651108096, 64.08602297599313, 63.90980388018936, 63.64444974209465, 63.61247327506961, 63.777006497842564, 63.52062789904173, 63.513445905597386, 63.52148584815363, 63.5368668821095, 63.55224791606536, 63.39236293412991, 63.281236063464625, 63.163899719909224, 63.112457914029406, 63.082192341442706, 63.17260838554537, 62.909101675174995, 62.588002987709494, 62.351414139947565, 62.14189389221422, 61.95027934364097, 61.97573278673891, 61.97329153544211, 62.001208560751735, 62.09117683138393, 62.30750586930909, 62.52648070725502, 62.73742293013819, 62.9357932607519, 62.60239628444159, 62.29464416628521, 62.195484606134144, 62.09632504598308, 61.997165485832014, 61.88562095849668, 61.783473108885126, 61.73518706488875, 61.82994160826277, 61.93537226617371, 62.032348497509005, 62.408144315992075, 62.81800881992369, 63.226078541703565, 63.386967634810965, 63.66639888864092, 63.91674121240075, 63.805147126119046, 63.82996607752163, 63.86380786764532, 64.14007864651965, 64.60407045045376, 65.08921899320968, 65.52405417545421, 65.95055770506151, 66.37706123466882
2ACE.pdb, 39, 39, 0.0551839297270311, 2.897083496218604, 0.6540613257602503, -, -, -, 1.36523500170189, 28.211941499935804, , distance, 0.0, 0.4702325481415364, 0.96590506766825, 1.4072192882220356, 1.4868006696046001, 1.8628111605524997, 2.2959595724673094, 2.5813389036099665, 2.9226161178209, 3.3097354694826495, 3.7237577863918743, 4.208408461624736, 4.693181493312889, 5.179496051107348, 5.668192494763974, 6.095296704964171, 6.517071865256601, 6.924565175585747, 7.339944272753253, 7.760767506567834, 7.957251914682665, 8.21732211008974, 8.570572191473774, 8.903816227813284, 9.209557321321336, 9.538139566788372, 9.955760417687106, 10.388690006586163, 10.789661510057716, 11.163170725946937, 11.512150151462906, 11.898064533209064, 12.304273833206475, 12.703286743724556, 13.063662950432393, 13.434609811837708, 13.824594852971483, 14.221466341460184, 14.624663652671272, 15.02866197143234, 15.440987106080238, 15.91432233005818, 16.380167935455745, 16.84423889609169, 17.27368530154325, 17.475966779769504, 17.663850989525173, 17.866561208415337, 18.215046736576532, 18.297819097778195, 18.668340133702454, 18.88974186411441, 19.09636407330177, 19.384373624041952, 19.658016315676132, 19.746810053157795, 19.82597570345955, 20.079163726186547, 20.367813727479202, 20.664531355237045
2ACE.pdb, 39, 39, 0.0551839297270311, 2.897083496218604, 0.6540613257602503, -, -, -, 1.36523500170189, 28.211941499935804, , length, 0.0, 0.5, 1.0, 1.5, 2.0, 2.5, 3.0, 3.5, 4.0, 4.5, 5.0, 5.5, 6.0, 6.5, 7.0, 7.5, 8.0, 8.5, 9.0, 9.5, 10.0, 10.5, 11.0, 11.5, 12.0, 12.5, 13.0, 13.5, 14.0, 14.5, 15.0, 15.5, 16.0, 16.5, 17.0, 17.5, 18.0, 18.5, 19.0, 19.5, 20.0, 20.5, 21.0, 21.5, 22.0, 22.5, 23.0, 23.5, 24.0, 24.5, 25.0, 25.5, 26.0, 26.5, 27.0, 27.5, 28.0, 28.5, 29.0, 29.5
2ACE.pdb, 39, 39, 0.0551839297270311, 2.897083496218604, 0.6540613257602503, -, -, -, 1.36523500170189, 28.211941499935804, , R, 3.2179875353164493, 2.9559600779101367, 2.74365504753844, 2.64289524802346, 2.6979985614306545, 2.527362263812234, 2.398910986315809, 2.335927302467927, 2.095309035231964, 1.7945407222948728, 1.5615802853040455, 1.2922059216553423, 1.0909806113527467, 0.9748303120344999, 0.9561132483859356, 0.8348066741489615, 0.7491885154228388, 0.7546490656089713, 0.7960566483929421, 0.9311080304189168, 0.9112993931521567, 1.036324851371468, 1.2153139642054396, 1.2247614155581337, 1.091596457527574, 1.0341801916243827, 0.871057558216568, 0.8065765750678153, 0.7947447533226328, 0.8214516540933796, 0.8299291788041527, 0.9482044279768909, 1.1653687717757735, 1.4289042158183625, 1.3324889657642172, 1.2007105189297307, 0.9328558735418131, 0.7451132741923305, 0.6582962042559815, 0.6771943277347927, 0.754457360242307, 0.7235797062328211, 0.7019585274843823, 0.7793750225866405, 0.8847020405975923, 0.8198218088983733, 0.8304776350925134, 0.9431974050662628, 0.9078085211651437, 0.9435592365049925, 0.9657359987651422, 0.9671787355068862, 0.9676130166545578, 0.974162105963003, 0.9022752728664347, 0.7661271186651022, 0.7153009801266941, 0.6644540665276795, 0.7082620093672918, 0.8587525293753857
2ACE.pdb, 39, 39, 0.0551839297270311, 2.897083496218604, 0.6540613257602503, -, -, -, 1.36523500170189, 28.211941499935804, , Upper limit of R overestimation, -, -, -, -, -, -, -, -, -, -, -, -, -, -, -, -, -, -, -, -, -, -, -, -, -, -, -, -, -, -, -, -, -, -, -, -, -, -, -, -, -, -, -, -, -, -, -, -, -, -, -, -, -, -, -, -, -, -, -, -
2ACE.pdb, 40, 40, 0.052249489828892624, 2.951725152225218, 0.7132012730907351, -, -, -, 1.5625610528815064, 48.31369121534521, , X, 3.769402191235131, 3.810541898268034, 3.860642650167368, 4.0655091144455175, 4.123571482429884, 4.147891292459812, 4.119629568797574, 4.08255387808977, 4.045478187381964, 4.008402496674159, 3.971326805966354, 3.934251115258549, 3.8924075611269564, 3.8193818056076005, 3.6920327581555483, 3.5327460243163493, 3.3750409551120715, 3.2173358859077936, 3.2224326937080976, 3.3890264181908893, 3.561926822439285, 3.825216810320266, 4.3076390518544905, 4.6952622364052745, 5.12221844251659, 5.55468676777892, 5.928850077553099, 6.380720884426691, 6.8325916913002835, 7.284462498173877, 7.689949962423348, 7.987992272799504, 8.286034583175661, 8.589792936514474, 9.062912902809698, 9.434369760689341, 9.825533460118072, 10.080851422179341, 10.320331391045501, 10.5155987265877, 10.75831915702505, 10.99172199204607, 11.343759315277364, 11.699870499276312, 12.128669912673756, 12.53146248248022, 12.876868700001847, 13.223215996450689, 13.570859117891862, 13.905318998837727, 14.144538628215157, 14.42303460337824, 14.692809637864316, 14.918791038141816, 15.056223431610661, 15.194899969453807, 15.357272478159574, 15.509770893489744, 15.64827015896699, 15.786500402404831, 16.191771377398954, 16.628681171127283, 16.822302437351066, 16.86595050619747, 16.886298861446363, 16.980443529979016, 16.994913669348453, 16.867848360095266, 16.776792310877756, 16.66195120010494, 16.623705125992707, 16.615516907774023, 16.789197979772318, 17.05221407834113, 17.185640594116084, 17.316136193981837, 17.448477697862508, 17.835470217860617, 18.32723960196206, 18.819008986063505, 19.312174684524653, 19.805399540876483, 20.30000084794217, 20.64126233416717, 20.93586115948064, 21.22190490023771, 21.470872006897608, 21.708126939405762, 21.945381871913916, 22.283340035634826, 22.73963480149873, 23.195151767943695, 23.65052047142174, 23.990523293589735, 24.315041329761186, 24.752768347349797, 25.18887216361279, 25.624975979875778, 26.024265715803317, 26.35582619392388, 26.741421256924827
2ACE.pdb, 40, 40, 0.052249489828892624, 2.951725152225218, 0.7132012730907351, -, -, -, 1.5625610528815064, 48.31369121534521, , Y, 67.70555873545213, 67.2263844970562, 66.749183043259, 66.33864158817838, 66.02759123453902, 65.74271789490987, 65.50642408781789, 65.27907809600943, 65.05173210420098, 64.82438611239253, 64.59704012058407, 64.36969412877562, 64.1473125069824, 63.94552799280136, 63.78852415249279, 63.342471202369126, 62.88633047727562, 62.43018975218212, 61.994683885551915, 61.57964747590413, 61.167720559616335, 60.9114311930521, 60.97336316056288, 61.11277526999893, 61.01820629897502, 60.80105681505695, 60.54704629226109, 60.35661924692444, 60.16619220158778, 59.97576515625113, 59.8231238238852, 59.758664083834404, 59.69420434378361, 59.6196603146571, 59.655518132389034, 59.755987325753175, 59.64624113254788, 59.225369554306596, 58.87982299680731, 58.463773425986496, 58.08369881802695, 57.787497667258386, 57.51175904365114, 57.238466836522726, 57.14622848332639, 56.99972399284483, 56.712606731136155, 56.425919337636024, 56.14777871572527, 55.86905845281055, 55.4601554323979, 55.0624586036179, 54.661709032425755, 54.56074720928572, 54.44186404414358, 54.322426890970824, 54.192438483054154, 54.057175483053534, 53.93454940378976, 53.81671768810508, 53.607289586821615, 53.39467033228915, 53.01232428161988, 52.53076958904998, 52.078992296770295, 51.598874964572715, 51.17385393585687, 50.84265504340095, 50.456617697021166, 50.07260377382575, 49.644134522712726, 49.20301294779858, 48.81791398216501, 48.52208475088189, 48.350756438285714, 48.16293614056336, 47.97806332018176, 47.92186023046634, 47.97588333244643, 48.029906434426515, 48.09148876768569, 48.153391364196864, 48.20397972412886, 47.96290242096373, 47.76809126771999, 47.58161626991161, 47.29076594566589, 46.94697306872134, 46.603180191776794, 46.4831072490671, 46.62592812346917, 46.81063879333171, 47.01421182191449, 47.13879136808224, 47.238913512559904, 47.4131741901632, 47.58977142761121, 47.766368665059225, 47.800079598400174, 47.57723391376497, 47.45678967142749
2ACE.pdb, 40, 40, 0.052249489828892624, 2.951725152225218, 0.7132012730907351, -, -, -, 1.5625610528815064, 48.31369121534521, , Z, 64.32331952194659, 64.46006590677239, 64.60055664823427, 64.79043521911402, 65.1693149943931, 65.57686319459565, 66.01654969581969, 66.46032801116101, 66.90410632650232, 67.34788464184362, 67.79166295718493, 68.23544127252624, 68.68123325466688, 69.12993927119291, 69.58217057699979, 69.7381699791614, 69.86880209641612, 69.99943421367082, 70.17673097799614, 70.40031834264278, 70.62478208351926, 70.81813631257342, 70.90012840362051, 71.02323321166293, 70.9810005997789, 70.85523395364838, 70.70620680455511, 70.60848109504242, 70.51075538552972, 70.41302967601702, 70.22548842417373, 69.82923632873671, 69.43298423329969, 69.04716666249438, 68.88987173907915, 68.66386542538778, 68.64723250050199, 68.60201956856837, 68.60328604330647, 68.41638974281823, 68.26626177577026, 68.54093657284513, 68.76462817864052, 68.98462566433803, 68.98557607011678, 68.7930709051667, 68.57340084943203, 68.3546455325808, 68.12731958045242, 67.89670140700096, 68.00378102450014, 68.12326836356287, 68.2518862716204, 68.59663883212458, 69.06244901907976, 69.52770420843662, 69.98238891482544, 70.43876665707889, 70.90317870501596, 71.36901997259315, 71.52445288529007, 71.5697489062164, 71.61259231319632, 71.73987123584213, 71.87080168883892, 71.97310882070732, 72.21203852800188, 72.04699703744122, 71.74760309848234, 71.44869704958315, 71.20108120680229, 70.9660014101927, 70.89713862703401, 70.63131064423534, 70.18093365031791, 69.73630522772308, 69.29593700651246, 69.15725348937055, 69.08483541626074, 69.01241734315094, 68.95783502971123, 68.90400836696969, 68.85103102889232, 68.65594792971193, 68.30202682735185, 67.93690394412835, 67.62712728034654, 67.35232452424184, 67.07752176813713, 66.99631030010971, 67.14258840674304, 67.1980188119432, 67.2294357446139, 67.44935541016343, 67.73062197361767, 67.89802564459295, 68.06722043519416, 68.23641522579535, 68.45137988822202, 68.75200528830015, 68.60029571331941
2ACE.pdb, 40, 40, 0.052249489828892624, 2.951725152225218, 0.7132012730907351, -, -, -, 1.5625610528815064, 48.31369121534521, , distance, 0.0, 0.4999999999999955, 0.9999198518662968, 1.4745639599638771, 1.9122549935471465, 2.3595274747891763, 2.797477584563275, 3.248488503218794, 3.712071426435011, 4.184049592723039, 4.66187384146938, 5.143915282465988, 5.6274024776332965, 6.102779904385911, 6.557793864746638, 6.9579554782051085, 7.357503569330341, 7.768691853119979, 8.196077894716469, 8.637209569954802, 9.082665052558912, 9.399251538176348, 9.42690676960119, 9.445149765633365, 9.532864824044971, 9.670847632501506, 9.831010407660528, 10.01644412570518, 10.22299076646447, 10.44939842761591, 10.599012817789932, 10.548211069346198, 10.520952467114379, 10.532457074009457, 10.661979577748097, 10.683065192197937, 10.969300324840406, 11.404177920032868, 11.795185379352114, 12.15215977646953, 12.528844409691082, 12.973747810314347, 13.453983075027104, 13.934852541687524, 14.25178754869365, 14.538475694213256, 14.89476858725044, 15.25963465527486, 15.624380093770663, 15.987764276722675, 16.46630362322342, 16.964300036121557, 17.46128523410742, 17.75827130226094, 18.04930134290623, 18.35036341361722, 18.679085179306103, 19.013503525963646, 19.34018482529473, 19.671106981957358, 20.122941407787234, 20.559020443389073, 20.961937920325738, 21.37285761728633, 21.75332259630914, 22.19180370462357, 22.592992386914272, 22.70643096854451, 22.843777080348666, 22.97629050861349, 23.211026567662092, 23.48386864643742, 23.86363979630931, 24.170840236611582, 24.26758059886134, 24.38705628562766, 24.51567063580633, 24.751079044503246, 24.977244747908745, 25.2112989853086, 25.45129174463068, 25.698699776568517, 25.962905218294384, 26.328763965565166, 26.60864585726638, 26.881609020673633, 27.221699873247847, 27.60238387852687, 27.986822748678318, 28.289630985546744, 28.498575913016058, 28.67440185971665, 28.84157091191088, 29.011338455059626, 29.19959870079441, 29.40852001782383, 29.621873454595978, 29.842079757976837, 30.142128865764942, 30.576286023218785, 30.91955423197725
2ACE.pdb, 40, 40, 0.052249489828892624, 2.951725152225218, 0.7132012730907351, -, -, -, 1.5625610528815064, 48.31369121534521, , length, 0.0, 0.5, 1.0, 1.5, 2.0, 2.5, 3.0, 3.5, 4.0, 4.5, 5.0, 5.5, 6.0, 6.5, 7.0, 7.5, 8.0, 8.5, 9.0, 9.5, 10.0, 10.5, 11.0, 11.5, 12.0, 12.5, 13.0, 13.5, 14.0, 14.5, 15.0, 15.5, 16.0, 16.5, 17.0, 17.5, 18.0, 18.5, 19.0, 19.5, 20.0, 20.5, 21.0, 21.5, 22.0, 22.5, 23.0, 23.5, 24.0, 24.5, 25.0, 25.5, 26.0, 26.5, 27.0, 27.5, 28.0, 28.5, 29.0, 29.5, 30.0, 30.5, 31.0, 31.5, 32.0, 32.5, 33.0, 33.5, 34.0, 34.5, 35.0, 35.5, 36.0, 36.5, 37.0, 37.5, 38.0, 38.5, 39.0, 39.5, 40.0, 40.5, 41.0, 41.5, 42.0, 42.5, 43.0, 43.5, 44.0, 44.5, 45.0, 45.5, 46.0, 46.5, 47.0, 47.5, 48.0, 48.5, 49.0, 49.5, 50.0
2ACE.pdb, 40, 40, 0.052249489828892624, 2.951725152225218, 0.7132012730907351, -, -, -, 1.5625610528815064, 48.31369121534521, , R, 3.2179875353172602, 3.0886906603246342, 3.0044771840404763, 2.8550514373308205, 2.5828319064651946, 2.3282616809986747, 2.089137720019022, 1.9012865381341784, 1.7791708155189903, 1.7302083877693621, 1.7576792182702037, 1.8597200404522387, 2.0270584425112546, 2.2303962243814484, 2.4460929226168173, 2.5067396869051826, 2.6117206065353336, 2.7727378017810556, 2.8672403008074743, 2.9004366143719786, 2.984200318177654, 2.9870095797657137, 2.6944824036696082, 2.507472641240011, 2.2662700762727095, 2.0354938162470426, 1.7884241861221408, 1.4848923798359879, 1.2391820950192622, 1.0678163483047598, 0.9472520498023771, 0.830879447397451, 0.8179340613322399, 0.8945596256146313, 0.8885515151450378, 0.9238436968523334, 1.021549337565415, 0.9022137339332326, 0.8306177132871033, 0.9120525309157497, 1.0234670733776983, 1.0926407734668886, 1.1711510873592474, 1.3325991592971151, 1.3513835141619128, 1.2450077274195461, 1.183937629562915, 1.2136736814138365, 1.3239690336753402, 1.5027853481543993, 1.3896077323367044, 1.3535715954928986, 1.3930541545984632, 1.2215257333325926, 0.973749494292762, 0.8078915132814988, 0.7319256096046094, 0.7598761670018614, 0.8743137352454906, 1.0787054602829365, 1.1581834340893784, 1.2567251201702017, 1.2134514544123771, 1.1805314771395112, 1.219415630913843, 1.341983578806616, 1.4088201625242438, 1.4762835980698896, 1.345596561046528, 1.2852301755466562, 1.2831908869861044, 1.3528573821374756, 1.3832239607421823, 1.298960078670858, 1.2545241640392781, 1.2873128120875146, 1.4022368992227614, 1.2809191987027733, 1.0660864234183145, 0.9357152972434051, 0.8900668507859906, 0.9464875859837685, 1.0938577075963534, 0.9973662707976105, 0.8758955686702343, 0.84654732645043, 0.8613363986705957, 0.9437552353460967, 1.1199652792711423, 1.134443650735668, 0.9434224347529141, 0.7889521795136583, 0.7132486331233188, 0.7931742334142236, 0.9523634682900943, 1.148976080960462, 1.4167265462775465, 1.739646038220017, 2.013166769285129, 2.176955583499561, 2.1928141499735148
2ACE.pdb, 40, 40, 0.052249489828892624, 2.951725152225218, 0.7132012730907351, -, -, -, 1.5625610528815064, 48.31369121534521, , Upper limit of R overestimation, -, -, -, -, -, -, -, -, -, -, -, -, -, -, -, -, -, -, -, -, -, -, -, -, -, -, -, -, -, -, -, -, -, -, -, -, -, -, -, -, -, -, -, -, -, -, -, -, -, -, -, -, -, -, -, -, -, -, -, -, -, -, -, -, -, -, -, -, -, -, -, -, -, -, -, -, -, -, -, -, -, -, -, -, -, -, -, -, -, -, -, -, -, -, -, -, -, -, -, -, -
2ACE.pdb, 41, 41, 0.0496750919812026, 3.00225163888613, 0.6166270396637663, -, -, -, 1.2890558199749174, 38.378830581761505, , X, 3.769402191235131, 3.8663376717312268, 3.9632731522273223, 4.071811916927313, 3.9332230443294267, 3.6957264983735567, 3.4864284720463696, 3.3970957703758096, 3.4118871675311637, 3.4316513366688435, 3.4772592553317336, 3.5266450878321014, 3.5522530131607306, 3.8105970025848923, 3.9802310327990065, 4.14986506301312, 4.341993866693923, 4.644557825629377, 5.009051388195115, 5.371858619857378, 5.774492191266887, 6.22057206267589, 6.667562789441061, 7.1065830251009015, 7.544170540833886, 7.599492215792314, 7.608861196112208, 7.626922864887629, 7.644984533663048, 7.491383032926414, 7.447360071506213, 7.6773114052167, 7.652078635549637, 7.503485546065288, 7.362321833454402, 7.227584930398169, 7.1124280121378005, 7.007167818872633, 6.901907625607465, 6.796647432342297, 6.69965278977447, 6.788797851865197, 7.174440776663084, 7.560083701460971, 7.945726626258858, 8.331369551056746, 8.71701247585463, 8.692497407577612, 8.814322155580987, 8.897824403534582, 8.980231825736883, 8.9679598818517, 9.198948402101895, 9.417005585586326, 9.325507875043119, 9.08237650416747, 8.749647440934458, 8.405605700859208, 8.101851251957184, 8.077426341864482, 8.118694302039401, 8.272896637395005, 8.42709897275061, 8.471260319595437, 8.480895194363223, 8.491619543786463, 8.692243022407029, 8.739381737077407, 8.712791828039474, 8.587728585882394, 8.44695244276415, 8.306176299645907, 8.165400156527665, 8.040259693396887, 8.014486012791771, 7.788594099613705, 7.6077108985035125, 7.831830925986569, 8.044200521783768, 8.238063789583913
2ACE.pdb, 41, 41, 0.0496750919812026, 3.00225163888613, 0.6166270396637663, -, -, -, 1.2890558199749174, 38.378830581761505, , Y, 67.70555873545213, 67.83667850329628, 67.96779827114045, 68.03926808826525, 68.11036097511669, 68.26132394347039, 68.42483147387273, 68.55826414164866, 68.49670163329714, 68.44239992280221, 68.42712835758861, 68.4968032082355, 68.56333288796739, 68.70264123613842, 68.88124386155361, 69.05984648696881, 69.29344564372695, 69.57837070065936, 69.82246263947847, 70.06921355491701, 70.28780590088229, 70.48138326141577, 70.67400713694964, 70.73206237423601, 70.78539046623028, 71.19275188748166, 71.65566601068048, 72.12024146083203, 72.5848169109836, 72.95744986790146, 73.22477202216534, 73.15306448430351, 73.18307027689546, 73.19716646479924, 73.20722714952278, 73.20737696009479, 73.51503171594703, 73.93071294418189, 74.34639417241674, 74.7620754006516, 75.17578185524208, 75.4134660910135, 75.35669098465239, 75.29991587829127, 75.24314077193017, 75.18636566556906, 75.12959055920794, 75.03237115859054, 75.16439278714782, 75.47678081118896, 75.80021140925128, 76.1111194750206, 76.41083253300317, 76.630513208882, 76.91302579875189, 77.17491262757405, 77.4246120529599, 77.67123935429363, 77.89832162217424, 77.7311592686169, 77.51895262816677, 77.191111532023, 76.86327043587924, 76.51235083766647, 76.15607227554023, 75.79133509770922, 75.84080653260844, 75.85090805892006, 75.8373734903273, 76.01049097867813, 76.3748385758356, 76.73918617299306, 77.1035337701505, 77.46999276318469, 77.90238940073722, 78.26596698711784, 78.5815031533254, 78.6261926383525, 78.78933966673996, 79.151342421006
2ACE.pdb, 41, 41, 0.0496750919812026, 3.00225163888613, 0.6166270396637663, -, -, -, 1.2890558199749174, 38.378830581761505, , Z, 64.32331952194659, 63.85065566771032, 63.37799181347405, 62.89627456567708, 62.450496639106206, 62.06249903243013, 61.638874314232, 61.1932970804792, 60.69737921845385, 60.20072974261035, 59.70796924994886, 59.22061546759909, 58.769125690908055, 58.404990876733876, 57.969875492050555, 57.53476010736723, 57.22785586645924, 57.06340366811009, 56.82347957959111, 56.583834572596665, 56.399804060016386, 56.28344017467124, 56.16926756081331, 55.93802192454948, 55.702183057380815, 55.502113715306336, 55.313677817128685, 55.129711985416606, 54.94574615370453, 54.700170148636225, 54.430273356278825, 54.040456294181524, 53.566192957459556, 53.088991332101806, 52.60960043789608, 52.12817411029922, 51.81355688501496, 51.556400496397174, 51.29924410777939, 51.0420877191616, 50.77884702617401, 50.4927946160459, 50.17965547468696, 49.866516333328015, 49.553377191969076, 49.24023805061013, 48.927098909251185, 48.442502358968476, 48.06632368222979, 47.68509942184487, 47.31305507023301, 46.92834397979286, 46.7064747128504, 46.32911621956683, 45.926854109083685, 45.60308847574742, 45.32570504538062, 45.05991480194231, 44.7820275364706, 44.31171599955141, 43.881787711578056, 43.53719831033342, 43.1926089090888, 42.84208152175871, 42.49153518595486, 42.14983542316558, 41.72127477015843, 41.242620621426084, 40.743511623119744, 40.3679126125212, 40.05577016751518, 39.743627722509146, 39.43148527750312, 39.11801333031714, 38.868620278393216, 38.61804220675923, 38.319580193905274, 37.87486335904403, 37.489437598436886, 37.20421038729511
2ACE.pdb, 41, 41, 0.0496750919812026, 3.00225163888613, 0.6166270396637663, -, -, -, 1.2890558199749174, 38.378830581761505, , distance, 0.0, 0.4999999999999964, 1.0000000000000033, 1.4964193535110413, 1.9230620571465042, 2.3292943910076356, 2.793505588182778, 3.2653880420034844, 3.728426901721109, 4.2015184235968, 4.680541458829089, 5.169389470064842, 5.6242332255168925, 6.001873414060171, 6.464745575596379, 6.932776228610276, 7.293480002482848, 7.548489931517554, 7.890856191273298, 8.249506530237205, 8.571492495886957, 8.851728388080195, 9.14874768207146, 9.518913592968829, 9.902435736913727, 10.229554123170656, 10.560229002495051, 10.90377498159078, 11.2590488547298, 11.577586350965406, 11.910560520366511, 12.275355370392086, 12.680460598190912, 13.050335774645252, 13.430883875377555, 13.818487733673289, 14.192249969003957, 14.568112183358291, 14.951248308791197, 15.341113368831845, 15.743040913953829, 16.11868496900687, 16.43707228020702, 16.76432775745607, 17.099942256454383, 17.443433297052973, 17.794344753415295, 18.169188219537208, 18.584276595820448, 19.066278478965284, 19.545466075447674, 20.006589602462736, 20.386637412139493, 20.86484097567143, 21.309098990291783, 21.6412432546562, 21.91283176442379, 22.178546719433324, 22.461625555384877, 22.79333265826958, 23.0884227333307, 23.287765223546057, 23.496058263058085, 23.6877741253071, 23.87961793461091, 24.06953495986299, 24.520788028365327, 24.97530928785264, 25.427757527049977, 25.807938488110103, 26.19064414970015, 26.57724577427787, 26.96757580718961, 27.36588854577002, 27.747753167568305, 28.07912761979814, 28.4466736149182, 28.901287263149538, 29.34589101704874, 29.7728228576698
2ACE.pdb, 41, 41, 0.0496750919812026, 3.00225163888613, 0.6166270396637663, -, -, -, 1.2890558199749174, 38.378830581761505, , length, 0.0, 0.5, 1.0, 1.5, 2.0, 2.5, 3.0, 3.5, 4.0, 4.5, 5.0, 5.5, 6.0, 6.5, 7.0, 7.5, 8.0, 8.5, 9.0, 9.5, 10.0, 10.5, 11.0, 11.5, 12.0, 12.5, 13.0, 13.5, 14.0, 14.5, 15.0, 15.5, 16.0, 16.5, 17.0, 17.5, 18.0, 18.5, 19.0, 19.5, 20.0, 20.5, 21.0, 21.5, 22.0, 22.5, 23.0, 23.5, 24.0, 24.5, 25.0, 25.5, 26.0, 26.5, 27.0, 27.5, 28.0, 28.5, 29.0, 29.5, 30.0, 30.5, 31.0, 31.5, 32.0, 32.5, 33.0, 33.5, 34.0, 34.5, 35.0, 35.5, 36.0, 36.5, 37.0, 37.5, 38.0, 38.5, 39.0, 39.5
2ACE.pdb, 41, 41, 0.0496750919812026, 3.00225163888613, 0.6166270396637663, -, -, -, 1.2890558199749174, 38.378830581761505, , R, 3.2179875353164493, 3.062849713592039, 2.958448069356962, 2.872342332319899, 2.6884946197510753, 2.527675371241329, 2.37492725664789, 2.170053902400722, 1.878997885391391, 1.6364125060393584, 1.4377104227055066, 1.241764584807131, 1.1194104138430059, 1.1280903465089396, 1.1463163058641888, 1.2559868159918661, 1.3718789396111437, 1.161930466601929, 0.9276602648512173, 0.7781653565983428, 0.6630143647249276, 0.6172429493206852, 0.6856671407868844, 0.7377926935602304, 0.8906399113287291, 0.8409519281961995, 0.8476592362848296, 0.9536843246997244, 1.1506587234922843, 1.2259412074704836, 1.3511000834207443, 1.4108414357137584, 1.2580266150888444, 1.0869757497561565, 1.001677729613509, 1.0028410650632407, 0.8712113904168768, 0.7558108470426728, 0.7473195869516793, 0.846888507562706, 1.0367176828384754, 1.110050773427416, 0.9412662597326138, 0.8671523059474375, 0.8964355282692993, 1.0255500766581145, 1.2405234509538463, 1.2755566510516236, 1.2761797907082095, 1.1940288793011034, 1.1923500749894034, 1.2224448040716327, 1.358818156808899, 1.3760872967645668, 1.2960688363078519, 1.2217185765281462, 1.1881856785833955, 1.237555187672494, 1.3244249041061091, 1.1647110270994103, 1.041532123184587, 0.9073316054423834, 0.8721602428458888, 0.8816914671888623, 0.9750635227092332, 1.1505048281138786, 1.171717629444088, 1.1856351987583786, 1.260265063358736, 1.1799240947974794, 1.0031654739414297, 0.9178551844012715, 0.9335508536270885, 1.0353895954660475, 1.1838972207863763, 1.3410213552328112, 1.5061164029094463, 1.41864816444315, 1.3840734320267005, 1.381876332974525
2ACE.pdb, 41, 41, 0.0496750919812026, 3.00225163888613, 0.6166270396637663, -, -, -, 1.2890558199749174, 38.378830581761505, , Upper limit of R overestimation, -, -, -, -, -, -, -, -, -, -, -, -, -, -, -, -, -, -, -, -, -, -, -, -, -, -, -, -, -, -, -, -, -, -, -, -, -, -, -, -, -, -, -, -, -, -, -, -, -, -, -, -, -, -, -, -, -, -, -, -, -, -, -, -, -, -, -, -, -, -, -, -, -, -, -, -, -, -, -, -
2ACE.pdb, 42, 42, 0.04673143556909998, 3.063338202238779, 0.6965850924523069, -, -, -, 1.4218838503588653, 40.76162783686482, , X, 3.769402191235131, 3.810541898268034, 3.860642650167368, 4.0655091144455175, 4.0276928988541565, 4.169463725545817, 4.311234552237478, 4.453005378929138, 4.680633674325597, 4.9863216715387635, 5.371125473966407, 5.755929276394049, 6.140733078821691, 6.5339655758230135, 6.913972863449075, 7.150083149172297, 7.506185435313193, 7.926284280299106, 8.262220753993704, 8.543852816079795, 8.815981275637586, 9.211330841774592, 9.394622938763742, 9.638264981157443, 9.872913653360207, 10.120874352648515, 10.368835051936824, 10.749856067783885, 11.184854527071973, 11.410079661669787, 11.771824273087537, 12.139745640780637, 12.499085532838315, 12.621406300799318, 12.712047973354682, 12.67990484744141, 12.73106913864623, 12.798907048799538, 12.874503728190675, 13.094377739973778, 13.318560557157625, 13.367375595353241, 13.416470623767461, 13.445434058059234, 13.292903003058944, 12.91669052348961, 12.748766358202548, 12.783215398682026, 12.784108197144947, 12.784075592844985, 12.745917217736842, 12.74405299799528, 12.865720497909571, 13.095606210207633, 13.223593597481136, 12.96221140244398, 12.69131320334668, 12.41593971507865, 12.094551573010696, 11.806897609035113, 11.87121294389278, 12.038295835300046, 12.095352008931586, 11.928838137807274, 11.75830350283939, 11.6310215466101, 11.461525159630481, 11.23824132765477, 10.925058030445696, 10.605227338068785, 10.305769224891224, 10.031671461727276, 9.763836469189249, 9.318770026257951, 9.020681158457279, 9.228468291520796, 9.4746332422976, 9.700781845993339, 9.936158936150203, 10.139671230199427, 10.119845354658215, 10.004977294309908, 9.772016220346396, 9.537275817900394, 9.466275962858138, 9.506990313415614
2ACE.pdb, 42, 42, 0.04673143556909998, 3.063338202238779, 0.6965850924523069, -, -, -, 1.4218838503588653, 40.76162783686482, , Y, 67.70555873545213, 67.2263844970562, 66.749183043259, 66.33864158817838, 65.97840388365793, 65.60912539243715, 65.23984690121635, 64.87056840999557, 64.49911718046351, 64.13250238382076, 63.817232078860435, 63.501961773900106, 63.18669146893977, 62.885441850856395, 62.78858158766217, 62.576758614135855, 62.53418263385253, 62.65719196732105, 62.52877615474472, 62.320515366477814, 62.10257434056059, 61.94513839400165, 61.939625688775244, 61.6177814747086, 61.31703082263393, 61.01285185126464, 60.708672879895346, 60.63771805728887, 60.688831712366564, 60.72726095642189, 60.631693848192505, 60.52829201144805, 60.41998967619294, 60.212331096887716, 60.000605481913695, 59.66329331980104, 59.721679541798665, 59.91043376066517, 60.1598523863907, 60.09650182233714, 60.01719466075527, 60.07025529413926, 60.11238189578443, 60.169531536379985, 60.33771138527608, 60.59407888669942, 60.41054306004347, 60.284024521524664, 60.395344721514086, 60.50567600530011, 60.821686318389915, 60.89455010268506, 61.036002976463905, 61.11058148164756, 61.14746156948187, 61.03308202590208, 60.9152154599125, 60.78669241556298, 60.63136342083984, 60.39136399456769, 60.00461265161467, 59.72930494390704, 59.452772387103565, 59.53928646994009, 59.63768477513267, 59.70824298639145, 59.865215339542516, 59.641309916464465, 59.325928334237766, 59.297383466603364, 59.40739555352932, 59.41151088169922, 59.72544207610324, 59.74648675923325, 59.77031828861762, 59.635762943278515, 59.53178425911162, 59.47970397737253, 59.42814599477918, 59.41454308357739, 59.596539924156914, 59.8376726020948, 60.04135597960559, 60.27282323134389, 60.526508865238256, 60.76487916462754
2ACE.pdb, 42, 42, 0.04673143556909998, 3.063338202238779, 0.6965850924523069, -, -, -, 1.4218838503588653, 40.76162783686482, , Z, 64.32331952194659, 64.46006590677239, 64.60055664823427, 64.79043521911402, 64.4937498881505, 64.18791589948857, 63.882081910826656, 63.57624792216473, 63.346591574645416, 63.26049326475385, 63.21018751510784, 63.15988176546183, 63.109576015815826, 63.041739450639476, 62.950905620241926, 62.578900251126235, 62.320611525532556, 62.13694632630579, 61.80779498148805, 61.450988555431024, 61.092793027608536, 60.88593661652252, 60.48704079647919, 60.192153448891, 59.891734988488835, 59.581911417750305, 59.272087847011775, 59.018114364010685, 58.78677679153683, 58.348689598297085, 58.01726965201918, 57.694869392477244, 57.36602547458972, 56.927943810779915, 56.49285398261961, 56.13924657321657, 55.64531007488267, 55.19725631720645, 54.770553269166925, 54.345482746340146, 53.90570410261033, 53.41628578558407, 52.92048842010213, 52.42548865158348, 52.09072318955535, 51.959675692263225, 51.60136288610597, 51.19260739537787, 50.7051682276458, 50.21749312395987, 49.85843070311895, 49.49219421589533, 49.04889984482875, 48.61126379518829, 48.18016527079593, 47.76956002469204, 47.366386092749984, 46.9694432143358, 46.647600793981475, 46.45284431290953, 46.219808240971204, 45.89134824709017, 45.515195068498045, 45.05174232636121, 44.59832286077018, 44.151937223961525, 43.71089110403334, 43.495105813760624, 43.278324151909985, 42.97629425810107, 42.59918434708503, 42.18102949502352, 42.06261951517158, 41.88437755236144, 41.60815359983322, 41.208814055162776, 40.803698707633, 40.36100501125889, 39.92289612084443, 39.470290463698774, 39.037322247721555, 38.61804411439117, 38.233916964577055, 37.858120880784256, 37.4684259424929, 37.10708475931915
2ACE.pdb, 42, 42, 0.04673143556909998, 3.063338202238779, 0.6965850924523069, -, -, -, 1.4218838503588653, 40.76162783686482, , distance, 0.0, 0.4999999999999955, 0.9999198518662968, 1.4745639599638771, 1.7546579385860284, 2.1385546834052978, 2.5628124758527604, 3.0104151605481784, 3.4735583692191234, 3.921380415931873, 4.350133851670987, 4.792713708167186, 5.245621493155366, 5.702524438153723, 5.995707539734483, 6.385655253471032, 6.687115904208534, 6.8953537602191, 7.301531362627488, 7.748829333261772, 8.203517295352437, 8.637860336116823, 8.922226561607852, 9.41122285075251, 9.884588131952256, 10.373739675999103, 10.863879012234287, 11.261718782775276, 11.613642704475646, 11.948757040989419, 12.403410360918286, 12.865152863829785, 13.330072326258634, 13.754927084808587, 14.16521827527767, 14.52770252421804, 14.810862548092999, 15.019352880941256, 15.201838750124345, 15.633622191042003, 16.088010401157423, 16.412871078310243, 16.755501215947522, 17.087295808661946, 17.1644590744811, 16.94419423342055, 17.195767362687995, 17.5711012625293, 17.89296504151922, 18.22297962013272, 18.362966264099214, 18.625157007195995, 18.98772964920551, 19.425254220793526, 19.82402085250836, 20.076270573144782, 20.328473853929832, 20.58616878400606, 20.77939806944121, 20.91536902604268, 21.276302046137, 21.71941048281759, 22.162478840028186, 22.464596263589765, 22.759363516793993, 23.079141706104355, 23.35619715643573, 23.55058711230196, 23.75528249200683, 23.939954143753535, 24.156192897229122, 24.459931599513315, 24.395783836580485, 24.446849015883995, 24.627682282541496, 25.083926522549252, 25.544721838085763, 26.019962871207458, 26.493869339593722, 26.962832223980648, 27.303222751278327, 27.596144891122673, 27.84651333409066, 28.087731527544054, 28.375666282443603, 28.667340040874016
2ACE.pdb, 42, 42, 0.04673143556909998, 3.063338202238779, 0.6965850924523069, -, -, -, 1.4218838503588653, 40.76162783686482, , length, 0.0, 0.5, 1.0, 1.5, 2.0, 2.5, 3.0, 3.5, 4.0, 4.5, 5.0, 5.5, 6.0, 6.5, 7.0, 7.5, 8.0, 8.5, 9.0, 9.5, 10.0, 10.5, 11.0, 11.5, 12.0, 12.5, 13.0, 13.5, 14.0, 14.5, 15.0, 15.5, 16.0, 16.5, 17.0, 17.5, 18.0, 18.5, 19.0, 19.5, 20.0, 20.5, 21.0, 21.5, 22.0, 22.5, 23.0, 23.5, 24.0, 24.5, 25.0, 25.5, 26.0, 26.5, 27.0, 27.5, 28.0, 28.5, 29.0, 29.5, 30.0, 30.5, 31.0, 31.5, 32.0, 32.5, 33.0, 33.5, 34.0, 34.5, 35.0, 35.5, 36.0, 36.5, 37.0, 37.5, 38.0, 38.5, 39.0, 39.5, 40.0, 40.5, 41.0, 41.5, 42.0, 42.5
2ACE.pdb, 42, 42, 0.04673143556909998, 3.063338202238779, 0.6965850924523069, -, -, -, 1.4218838503588653, 40.76162783686482, , R, 3.2179875353172602, 3.0886906603246342, 3.0044771840404763, 2.8550514373308205, 2.7768446108163984, 2.5771852974224747, 2.4310734127990994, 2.3445872826526926, 2.2094786320146502, 1.9809308946494633, 1.7324736363757296, 1.546048333201424, 1.4334251315608637, 1.3818481119723618, 1.2407455274385226, 1.0843372123974002, 0.9638590211405345, 0.9295038101256421, 0.9431832326098375, 1.0405662926508534, 1.2248975057032179, 1.36404801445285, 1.313067317320999, 1.171171129444347, 1.1004188169147828, 1.1152667285035744, 1.2227480169849416, 1.228635891324641, 1.2210469470729342, 1.1609208707482441, 1.1142098520766712, 1.1572454320742138, 1.2820159824716666, 1.2915932634829956, 1.3643217839303166, 1.2672688204633165, 1.0753257012549766, 0.946400423423754, 0.9038339151657948, 0.7913149603263236, 0.7435064741621806, 0.7590801042085169, 0.8726464803085912, 1.075726918900747, 1.2418477668839696, 1.3131229903023702, 1.322002447852904, 1.1893829471354058, 1.004989121664333, 0.9103996100408613, 0.8403149868064146, 0.887201561774051, 0.8968188110726922, 0.9255716742511568, 0.986225362424233, 0.8974583661649786, 0.9039632528141848, 0.9993030164414143, 1.1251451981265785, 1.1730267051922314, 1.1118876631039467, 1.1734297596148373, 1.1968116281473113, 0.9773297713890692, 0.8363076711689756, 0.8018450749083712, 0.8050970380741775, 0.78957718791886, 0.8009835938949261, 0.857079633649843, 0.945392118884786, 1.0836618408561134, 1.2927013609748386, 1.3564302737890133, 1.3513325677968648, 1.1239221570550613, 0.9189362302763007, 0.7582273014335064, 0.6964012062470406, 0.7238802262920285, 0.7105761102200594, 0.7370830781341056, 0.7467698945370818, 0.8427146342600502, 0.9060962130441061, 0.9585758938389466
2ACE.pdb, 42, 42, 0.04673143556909998, 3.063338202238779, 0.6965850924523069, -, -, -, 1.4218838503588653, 40.76162783686482, , Upper limit of R overestimation, -, -, -, -, -, -, -, -, -, -, -, -, -, -, -, -, -, -, -, -, -, -, -, -, -, -, -, -, -, -, -, -, -, -, -, -, -, -, -, -, -, -, -, -, -, -, -, -, -, -, -, -, -, -, -, -, -, -, -, -, -, -, -, -, -, -, -, -, -, -, -, -, -, -, -, -, -, -, -, -, -, -, -, -, -, -
2ACE.pdb, 43, 43, 0.043105740759545874, 3.1440990944651053, 0.6452296586616781, -, -, -, 1.5862735897254625, 50.889849388229685, , X, 3.769402191235131, 3.3400726728007384, 2.893188443726914, 2.7643768302080565, 2.4992685053328545, 2.234160180457653, 1.9586504106798364, 1.655072636187362, 1.3514948616948874, 1.365446956812653, 1.3199273408553356, 1.3629461202505655, 1.562999989969489, 1.655954716058934, 1.4185231376376473, 1.1449159158930864, 0.8665832693320625, 0.5995664952271003, 0.5525635863626759, 0.6515946135043768, 0.7262073672115825, 0.8008201209187884, 0.8754328746259941, 0.6084511980369189, 0.26545481439572866, -0.07733352046978637, -0.42012185533530144, -0.8393722763211406, -1.2517788053734606, -1.6417787397976975, -2.034029576490843, -2.421211488062304, -2.821840103883161, -3.2550207952599948, -3.621586093709518, -3.804756468369103, -4.037272453163901, -4.280849617213032, -4.519457689393814, -4.766736949435251, -5.051918258441876, -5.501119283926871, -5.950320309411868, -6.354921157705563, -6.743253665167529, -7.11726915464077, -7.321650117224335, -7.5260310798078995, -7.928024682824067, -8.40546315699135, -8.592520671749401, -8.740659222639222, -8.888068870987858, -9.110193415966611, -9.344918432120874, -9.579643448275137, -9.835999776615328, -10.24233195936412, -10.61052651273913, -10.97872106611414, -11.349268494971026, -11.721737807494323, -11.810759382460187, -11.926508435050842, -11.966494962829023, -12.220825305912454, -12.429373987565105, -12.397398316744935, -12.348435501385728, -12.298050029508271, -12.243171387640299, -12.19092276355238, -12.143117783695821, -12.524184961802844, -12.831877499304673, -13.059122166092012, -13.156554421638276, -13.253986677184542, -13.338852522712562, -13.419835835560209, -13.593629978616445, -13.849342340564295, -14.141013088011478, -14.424102471958932, -14.62886942117728, -14.565002953932288, -14.82820076344231, -14.872528335571932, -14.760165528332179, -14.927237023419941, -15.071974722656154, -15.229958423602762, -15.394870523388827, -15.666788865879493, -15.971887459726576, -16.37938507814811, -16.75819666621093, -17.24075088118841, -17.72880731311712, -18.182951745847678, -18.52058730033571, -18.85433692752886, -19.188363651128697, -19.561602803831033, -19.935770673499405, -20.309938543167775
2ACE.pdb, 43, 43, 0.043105740759545874, 3.1440990944651053, 0.6452296586616781, -, -, -, 1.5862735897254625, 50.889849388229685, , Y, 67.70555873545213, 67.65194291336107, 67.65415239500771, 67.75780874553023, 67.85089690791433, 67.94398507029844, 68.03556827094813, 68.12309037494708, 68.21061247894603, 68.00686972892264, 67.70649041551223, 67.41309763134923, 67.17525645345336, 66.9505927454641, 66.58590989105157, 66.25977084231747, 65.93305460784897, 65.5977859084531, 65.1992916490488, 64.73491909295342, 64.25639921449694, 63.777879336040456, 63.299359457583975, 63.222665426816285, 63.239666878005615, 63.259623207428476, 63.279579536851344, 63.21478479175052, 63.050078614812115, 62.86099942783437, 62.68211746894154, 62.499962080682174, 62.29532196854221, 62.06075482736156, 61.75193845555716, 61.42887426930789, 61.104176142295444, 61.162971073911926, 61.30938566301911, 61.44465671954689, 61.5875090470778, 61.77103023457684, 61.95455142207588, 61.99643947163819, 61.986665480685744, 61.962047453229054, 61.76155054432423, 61.56105363541941, 61.40333464123924, 61.25535033336153, 60.884246749244774, 60.42167751875064, 59.94583326908019, 59.5744374142738, 59.22710924128377, 58.879781068293745, 58.68465028335706, 58.51887509298059, 58.37345946568695, 58.2280438383933, 58.08505252184637, 57.95731146476683, 57.94042364203362, 57.88983094397779, 57.6421980753642, 57.2798687627239, 56.98005075514816, 56.57848422520166, 56.09555986042952, 55.61378702805606, 55.135651075527086, 54.652513764849715, 54.16877034494894, 53.87653530313336, 53.55973208929423, 53.2466779690489, 52.93967346671215, 52.6326689643754, 52.32273074108911, 52.00533567550347, 51.70908017885819, 51.40178094552268, 51.03727927011415, 50.66314545073801, 50.3951796842606, 50.4758073588104, 50.53361235220895, 50.566362349577524, 50.56978468011369, 50.42888378000008, 50.221043925390276, 50.0065430311801, 49.863703064528856, 49.82791036587798, 50.033850642657505, 50.14176148553574, 50.43601357363776, 50.333690628896235, 50.22794331908387, 50.02943313668163, 49.673353724072065, 49.30738214988095, 48.94151725810231, 48.65225919187217, 48.365077853599985, 48.07789651532781
2ACE.pdb, 43, 43, 0.043105740759545874, 3.1440990944651053, 0.6452296586616781, -, -, -, 1.5862735897254625, 50.889849388229685, , Z, 64.32331952194659, 64.57291518579062, 64.7421698095862, 65.16785631874285, 65.58144085678292, 65.99502539482299, 66.40156557527962, 66.78909675614871, 67.1766279370178, 67.59157953999735, 67.98304230146663, 68.35703798887836, 68.74197690550334, 69.10544113761637, 69.26652705606034, 69.52875986593341, 69.78506148163237, 70.04254340634162, 70.26822163636959, 70.41693275956231, 70.54123747751872, 70.66554219547513, 70.78984691343152, 70.51556187935284, 70.15217132412836, 69.78871857287163, 69.42526582161489, 69.19316292102502, 68.97264802252906, 68.72335078587986, 68.47010520120608, 68.21172912836487, 68.01592864635555, 67.93120336214425, 67.95029951969954, 67.66182464254992, 67.36668437423218, 66.97961575303748, 66.56534426118759, 66.1525758073098, 65.78034119767256, 65.65976585839387, 65.53919051911518, 65.27629715046318, 64.96149192060007, 64.639284346543, 64.22937043893187, 63.81945653132073, 63.69666757725858, 63.68718410158868, 63.65105889856185, 63.75137063108939, 63.79334690886975, 64.00580562911375, 64.27832591650314, 64.55084620389252, 64.91222060890115, 64.80776968638285, 64.50234037180455, 64.19691105722625, 63.89330149160206, 63.58539409129682, 63.112479941082555, 62.670740653576836, 62.27583822494732, 62.058098829693265, 61.75672366702832, 61.7157618007923, 61.835706373914725, 61.95940427078165, 62.094956273961024, 62.212279833386035, 62.32935667825135, 62.431674554217814, 62.66611223477895, 62.66452838787051, 62.282095137323275, 61.89966188677603, 61.516807845642, 61.139153116643875, 60.7993433290156, 60.64076441701385, 60.46169263334044, 60.28914408380411, 60.019579543197246, 59.54241893803188, 59.121296708933194, 58.697693417687155, 58.26535171032967, 57.86082929871822, 57.42972189533064, 57.00675716862783, 56.5696508115247, 56.201947156268055, 56.01584361515932, 55.78560000185501, 55.64447066614862, 55.60865346733774, 55.583785300528234, 55.60361227905121, 55.68315601521856, 55.75144161583678, 55.81903620796488, 55.98180344218158, 56.14771089908462, 56.31361835598766
2ACE.pdb, 43, 43, 0.043105740759545874, 3.1440990944651053, 0.6452296586616781, -, -, -, 1.5862735897254625, 50.889849388229685, , distance, 0.0, 0.49949623340657096, 0.9725372520454258, 1.3137916276958286, 1.7936644216822473, 2.2821953628499405, 2.776118686673317, 3.2748709144082775, 3.7739533714101223, 4.068330447429586, 4.403805029018511, 4.706107626208518, 4.967289427575521, 5.282548724188295, 5.587087486761764, 6.006233430045754, 6.434186336276017, 6.870231908004038, 7.209111350801669, 7.461738823289503, 7.7343545199445, 8.028881205584375, 8.342998680725408, 8.272352084556665, 8.136175430376642, 8.027098176857018, 7.948034955128078, 8.069896370944035, 8.2765940616117, 8.491814239430193, 8.72413972323026, 8.974500739636865, 9.292496920238847, 9.706861246476898, 10.160082980441928, 10.387986509843419, 10.666981333482408, 10.708310658347035, 10.707142617177846, 10.742939264428147, 10.833703827816333, 11.088159710219921, 11.358936256967304, 11.662080963653537, 11.984529078147908, 12.31289440434382, 12.583779285865553, 12.868396699598454, 13.30189898726573, 13.792650323664414, 14.135040446681058, 14.487363034440655, 14.856169895874409, 15.234826287717006, 15.616386767171052, 16.004472478242985, 16.33494892854231, 16.761817986595183, 17.14358407034009, 17.53129793648752, 17.925212931242903, 18.31797688752387, 18.42730122795394, 18.586046900319086, 18.790472763606868, 19.222736839550016, 19.596537587260503, 19.798398498127106, 20.019115488401503, 20.247519828471493, 20.47854228120045, 20.7260812560807, 20.986396062780184, 21.454631017316505, 21.873573893155225, 22.248821386507366, 22.55406774883072, 22.866173509115708, 23.177581501328092, 23.49693222041186, 23.870077933496887, 24.285685932274493, 24.769470685432186, 25.25315889076803, 25.625530219387002, 25.60999326281257, 25.841973987989334, 25.940726581666972, 25.955319423120716, 26.26426460658368, 26.61254272692245, 26.977081853727668, 27.307884226602262, 27.628473051126196, 27.76728182487371, 28.05981569552415, 28.194714441007427, 28.620861938131668, 29.05201388790177, 29.502280487519382, 29.9442227237538, 30.394137004116516, 30.84592517207061, 31.256117930513458, 31.66749118011166, 32.081382251996786
2ACE.pdb, 43, 43, 0.043105740759545874, 3.1440990944651053, 0.6452296586616781, -, -, -, 1.5862735897254625, 50.889849388229685, , length, 0.0, 0.5, 1.0, 1.5, 2.0, 2.5, 3.0, 3.5, 4.0, 4.5, 5.0, 5.5, 6.0, 6.5, 7.0, 7.5, 8.0, 8.5, 9.0, 9.5, 10.0, 10.5, 11.0, 11.5, 12.0, 12.5, 13.0, 13.5, 14.0, 14.5, 15.0, 15.5, 16.0, 16.5, 17.0, 17.5, 18.0, 18.5, 19.0, 19.5, 20.0, 20.5, 21.0, 21.5, 22.0, 22.5, 23.0, 23.5, 24.0, 24.5, 25.0, 25.5, 26.0, 26.5, 27.0, 27.5, 28.0, 28.5, 29.0, 29.5, 30.0, 30.5, 31.0, 31.5, 32.0, 32.5, 33.0, 33.5, 34.0, 34.5, 35.0, 35.5, 36.0, 36.5, 37.0, 37.5, 38.0, 38.5, 39.0, 39.5, 40.0, 40.5, 41.0, 41.5, 42.0, 42.5, 43.0, 43.5, 44.0, 44.5, 45.0, 45.5, 46.0, 46.5, 47.0, 47.5, 48.0, 48.5, 49.0, 49.5, 50.0, 50.5, 51.0, 51.5, 52.0, 52.5
2ACE.pdb, 43, 43, 0.043105740759545874, 3.1440990944651053, 0.6452296586616781, -, -, -, 1.5862735897254625, 50.889849388229685, , R, 3.2179875353164493, 3.1444607804488807, 3.060079453814604, 2.9159372615447148, 2.756538317798229, 2.651333189620819, 2.6009777279642505, 2.601549249189858, 2.6623293739993223, 2.5246725559260104, 2.331243272193725, 2.2031357449564988, 2.1324146558826573, 2.0678226719790502, 2.0528148914781066, 2.000373261568566, 2.0131997326228244, 2.0922605076095477, 2.1601896225342503, 2.183065906195392, 2.2476229269290577, 2.3758013210912408, 2.561611611521976, 2.3197510629643414, 2.008412568041204, 1.7434476962922791, 1.537856517654098, 1.3160736522641177, 1.0657925262253802, 0.8684454107965327, 0.7589971106550202, 0.751657464047558, 0.803101465679112, 0.9094633309956683, 0.9824115329521845, 1.0886657562522828, 1.2378512577534533, 1.1630118758265349, 1.1112349305012037, 1.1429361862179146, 1.207272448183223, 1.1178030440271223, 1.1215894441676952, 1.1263682780829436, 1.1907345177246826, 1.3314066248037304, 1.4251434079480152, 1.5972455223778348, 1.7060293905715946, 1.830779254178457, 1.6981876163402698, 1.6254768920847806, 1.586421902272908, 1.5671279143685974, 1.5963216140677816, 1.7037496870784299, 1.8305701238245078, 1.64260164080433, 1.4034973383115346, 1.2352902271468582, 1.1493212346981974, 1.1396898811891636, 1.0910437735927667, 1.1209504360217166, 1.0268868409899023, 1.0665746051165468, 1.1285052876964774, 1.0331221399959167, 0.8552609956367561, 0.7719853876580234, 0.7878808731718152, 0.8922175377918777, 1.0875300478279124, 1.0380788359513078, 1.0531457044598524, 1.0178000877111297, 0.8330230737578641, 0.7456137989708593, 0.7540315142769076, 0.8591162158336552, 1.009364322768953, 1.048166117844064, 1.1640009945223886, 1.3557777605923653, 1.5185520924445388, 1.414249713587406, 1.2005894487703972, 1.1071984719999803, 1.1234070294475766, 0.9548289184992131, 0.8245064744969768, 0.7818732120668055, 0.8412885133036423, 0.8499193068331965, 0.7800176861085584, 0.73567683009539, 0.7497290983811395, 0.6563786345628926, 0.662704850714249, 0.722622053176976, 0.7930140723624528, 0.9503782752549887, 1.191850582490213, 1.427258968784248, 1.7210693924566578, 2.0608834362988553
2ACE.pdb, 43, 43, 0.043105740759545874, 3.1440990944651053, 0.6452296586616781, -, -, -, 1.5862735897254625, 50.889849388229685, , Upper limit of R overestimation, -, -, -, -, -, -, -, -, -, -, -, -, -, -, -, -, -, -, -, -, -, -, -, -, -, -, -, -, -, -, -, -, -, -, -, -, -, -, -, -, -, -, -, -, -, -, -, -, -, -, -, -, -, -, -, -, -, -, -, -, -, -, -, -, -, -, -, -, -, -, -, -, -, -, -, -, -, -, -, -, -, -, -, -, -, -, -, -, -, -, -, -, -, -, -, -, -, -, -, -, -, -, -, -, -, -
2ACE.pdb, 44, 44, 0.04036445936470667, 3.209805599889993, 0.6571485133677206, -, -, -, 1.8396513541582666, 39.35860086410136, , X, 3.769402191235131, 3.810541898268034, 3.860642650167368, 4.0655091144455175, 4.123571482429884, 4.147891292459812, 4.119629568797574, 4.08255387808977, 4.045478187381964, 4.008402496674159, 3.971326805966354, 3.934251115258549, 3.8924075611269564, 3.8193818056076005, 3.6920327581555483, 3.5327460243163493, 3.3750409551120715, 3.2173358859077936, 3.2224326937080976, 3.3890264181908893, 3.561926822439285, 3.825216810320266, 4.3076390518544905, 4.6952622364052745, 5.12221844251659, 5.55468676777892, 6.029340855038665, 6.522164988693488, 7.0149334428944075, 7.507701897095327, 7.943328971644529, 8.43412332621052, 8.923033683923109, 9.404983586151651, 9.891165308996802, 10.375668665088243, 10.865179512372821, 11.253685557174801, 11.676582248396826, 11.750177848739684, 11.636800673663005, 12.112848746640212, 12.606618963435785, 12.97593172029731, 13.411591432820291, 13.843103373805743, 14.20389578146894, 14.67910990487874, 14.81348269717271, 14.96021318688449, 14.997042071946575, 14.948139243097643, 14.887540743654462, 14.99131698113474, 15.100909653312481, 15.191389182101036, 15.46092201706959, 15.859481196276864, 16.09746326574457, 16.38994565543797, 16.504197285428233, 16.34563044299363, 16.198511381064908, 16.059145321691407, 15.894538712525712, 15.734456963341973, 15.616947857972209, 15.683178554784039, 15.790852915333428, 15.898527275882817, 16.015636923711707, 15.89524245233704, 15.77612019274191, 15.461657688519526, 15.116852119648694, 14.672881879007505, 14.424636476167526, 14.769793660033542, 15.08774341175238, 15.317509778162744, 15.516684281178378, 15.542080109356027, 15.452237734385333
2ACE.pdb, 44, 44, 0.04036445936470667, 3.209805599889993, 0.6571485133677206, -, -, -, 1.8396513541582666, 39.35860086410136, , Y, 67.70555873545213, 67.2263844970562, 66.749183043259, 66.33864158817838, 66.02759123453902, 65.74271789490987, 65.50642408781789, 65.27907809600943, 65.05173210420098, 64.82438611239253, 64.59704012058407, 64.36969412877562, 64.1473125069824, 63.94552799280136, 63.78852415249279, 63.342471202369126, 62.88633047727562, 62.43018975218212, 61.994683885551915, 61.57964747590413, 61.167720559616335, 60.9114311930521, 60.97336316056288, 61.11277526999893, 61.01820629897502, 60.80105681505695, 60.68532479250498, 60.607175962761104, 60.52781556249818, 60.44845516223526, 60.46706438363473, 60.41800281763472, 60.4326467983284, 60.53875078354787, 60.61596159224742, 60.70136350314225, 60.78156646308688, 60.67629492650748, 60.8356604465162, 61.22487525763425, 61.54194478043212, 61.62791608706136, 61.59205440951304, 61.820732793616074, 62.02132875517295, 62.02194058037302, 62.1970853984079, 62.28261048209261, 62.67846003931929, 63.11399359358094, 63.44309119075788, 63.78118361293896, 64.16514653895268, 64.46517066438783, 64.75984231861513, 65.05654383412929, 65.14170653829402, 65.07894437566387, 65.18287958091122, 65.16959852850617, 65.39474557790928, 65.60112135690444, 65.79947867637023, 66.0122735837602, 66.2176933093345, 66.43017350372327, 66.70322159054903, 66.78689506060805, 66.46304555170418, 66.13919604280034, 65.69185219912264, 65.32621351056417, 64.96939816139496, 65.05247817803344, 65.27937102022298, 65.28782904423925, 65.3294316923101, 65.4535671602125, 65.51229246675408, 65.45778579846034, 65.36646563774285, 65.12065553969465, 64.77239821790575
2ACE.pdb, 44, 44, 0.04036445936470667, 3.209805599889993, 0.6571485133677206, -, -, -, 1.8396513541582666, 39.35860086410136, , Z, 64.32331952194659, 64.46006590677239, 64.60055664823427, 64.79043521911402, 65.1693149943931, 65.57686319459565, 66.01654969581969, 66.46032801116101, 66.90410632650232, 67.34788464184362, 67.79166295718493, 68.23544127252624, 68.68123325466688, 69.12993927119291, 69.58217057699979, 69.7381699791614, 69.86880209641612, 69.99943421367082, 70.17673097799614, 70.40031834264278, 70.62478208351926, 70.81813631257342, 70.90012840362051, 71.02323321166293, 70.9810005997789, 70.85523395364838, 70.87629823567178, 70.90728242167125, 70.93696705430408, 70.9666516869369, 71.11047009104111, 71.19150177702294, 71.27079226013278, 71.311757675572, 71.22487978718857, 71.13564407936012, 71.07544112968694, 71.25198751391692, 71.1234472841106, 70.94146555783037, 70.80524663601845, 70.68742373267385, 70.62537955467403, 70.50285034895451, 70.4825279688323, 70.54762394616117, 70.43913420291895, 70.30948112524345, 70.4333601636489, 70.42369409713146, 70.62668487239819, 70.87299184443351, 71.18747601464278, 71.57075814362872, 71.95943593675001, 72.35147848428184, 72.67222077229924, 72.96538645292708, 73.37053740129886, 73.74622195626903, 74.09909848379061, 74.52595713211213, 74.96055618770818, 75.39101574316443, 75.81610736437217, 76.2375750122905, 76.59298630721835, 76.99278331018576, 77.35819777030332, 77.72361223042088, 77.85946232647292, 78.17663397017887, 78.50530601646462, 78.8284475489238, 79.1106332286434, 79.33057182073642, 79.68201880814624, 80.01585950752218, 80.38120310570088, 80.8200357384384, 81.26946887650791, 81.65751603988907, 82.00485619806265
2ACE.pdb, 44, 44, 0.04036445936470667, 3.209805599889993, 0.6571485133677206, -, -, -, 1.8396513541582666, 39.35860086410136, , distance, 0.0, 0.4999999999999955, 0.9999198518662968, 1.4745639599638771, 1.9122549935471465, 2.3595274747891763, 2.797477584563275, 3.248488503218794, 3.712071426435011, 4.184049592723039, 4.66187384146938, 5.143915282465988, 5.6274024776332965, 6.102779904385911, 6.557793864746638, 6.9579554782051085, 7.357503569330341, 7.768691853119979, 8.196077894716469, 8.637209569954802, 9.082665052558912, 9.399251538176348, 9.42690676960119, 9.445149765633365, 9.532864824044971, 9.670847632501506, 9.865725386427343, 10.065451230404841, 10.285611495902533, 10.524937017275985, 10.76489099327398, 11.047172579956703, 11.30143986646934, 11.487435819418303, 11.634857344105702, 11.794459438711364, 11.99511863153757, 12.386746438850455, 12.488424101481105, 12.226687833888745, 11.912240552472314, 12.126527243586095, 12.457419318552342, 12.553006156978563, 12.775685207903079, 13.134874815306258, 13.290038532734009, 13.574395783847457, 13.58587620161265, 13.547372112330685, 13.563220178179947, 13.537469841474636, 13.537509658284215, 13.746157753274671, 13.978218072128078, 14.210221781923893, 14.593461755693635, 15.091535183099941, 15.49829511043268, 15.953065592224151, 16.219763187266025, 16.330461962997916, 16.470176086726077, 16.6252488842332, 16.772502841769803, 16.933358411077794, 17.085483344028468, 17.41543346775033, 17.775465323675622, 18.14213361423486, 18.364434136719318, 18.563717487037948, 18.782347903960876, 18.818778231780357, 18.79669261778904, 18.70692138543833, 18.843291675178712, 19.296007092677282, 19.76792579151576, 20.262105466683167, 20.751914874718235, 21.112840614609347, 21.394597826994186
2ACE.pdb, 44, 44, 0.04036445936470667, 3.209805599889993, 0.6571485133677206, -, -, -, 1.8396513541582666, 39.35860086410136, , length, 0.0, 0.5, 1.0, 1.5, 2.0, 2.5, 3.0, 3.5, 4.0, 4.5, 5.0, 5.5, 6.0, 6.5, 7.0, 7.5, 8.0, 8.5, 9.0, 9.5, 10.0, 10.5, 11.0, 11.5, 12.0, 12.5, 13.0, 13.5, 14.0, 14.5, 15.0, 15.5, 16.0, 16.5, 17.0, 17.5, 18.0, 18.5, 19.0, 19.5, 20.0, 20.5, 21.0, 21.5, 22.0, 22.5, 23.0, 23.5, 24.0, 24.5, 25.0, 25.5, 26.0, 26.5, 27.0, 27.5, 28.0, 28.5, 29.0, 29.5, 30.0, 30.5, 31.0, 31.5, 32.0, 32.5, 33.0, 33.5, 34.0, 34.5, 35.0, 35.5, 36.0, 36.5, 37.0, 37.5, 38.0, 38.5, 39.0, 39.5, 40.0, 40.5, 41.0
2ACE.pdb, 44, 44, 0.04036445936470667, 3.209805599889993, 0.6571485133677206, -, -, -, 1.8396513541582666, 39.35860086410136, , R, 3.2179875353172602, 3.0886906603246342, 3.0044771840404763, 2.8550514373308205, 2.5828319064651946, 2.3282616809986747, 2.089137720019022, 1.9012865381341784, 1.7791708155189903, 1.7302083877693621, 1.7576792182702037, 1.8597200404522387, 2.0270584425112546, 2.2303962243814484, 2.4460929226168173, 2.5067396869051826, 2.6117206065353336, 2.7727378017810556, 2.8672403008074743, 2.9004366143719786, 2.984200318177654, 2.9870095797657137, 2.6944824036696082, 2.507472641240011, 2.2662700762727095, 2.0354938162470426, 1.7084382175387605, 1.3656421848000049, 1.0744560804502283, 0.8539153076874881, 0.7171923257123325, 0.6583682636662767, 0.6660222854908295, 0.693766882176786, 0.7604359411366337, 0.9227449229837128, 1.16746389875776, 1.2758031808457506, 1.0419255805908088, 0.996169045878192, 1.0727987789079108, 0.9218078420237945, 0.8329970212951947, 0.8646655336950966, 0.884780371288926, 0.88153944328826, 0.9883787610436134, 1.0999224777285286, 0.988184069978181, 0.8699411461252962, 0.8704614981996794, 0.8670818899689086, 0.8240240572062074, 0.8024556231475741, 0.8802669985168068, 1.0436289192286257, 1.12889925807377, 1.1919802927875933, 1.4077776428487203, 1.549625823125155, 1.4151955377934882, 1.135741013028397, 0.9141863098677518, 0.777514885125508, 0.728852127849565, 0.7873593409234334, 0.820225227009197, 0.9046168402409442, 0.7952724413546721, 0.7913212960150955, 0.7604509240230488, 0.7119281859881825, 0.7613015685734359, 0.7724988803255424, 0.8425998366741987, 0.8795817276366216, 0.9098108237031957, 0.8216775423236355, 0.779771852907992, 0.7198954911702979, 0.7366490761225166, 0.7028955432551323, 0.6727782339270845
2ACE.pdb, 44, 44, 0.04036445936470667, 3.209805599889993, 0.6571485133677206, -, -, -, 1.8396513541582666, 39.35860086410136, , Upper limit of R overestimation, -, -, -, -, -, -, -, -, -, -, -, -, -, -, -, -, -, -, -, -, -, -, -, -, -, -, -, -, -, -, -, -, -, -, -, -, -, -, -, -, -, -, -, -, -, -, -, -, -, -, -, -, -, -, -, -, -, -, -, -, -, -, -, -, -, -, -, -, -, -, -, -, -, -, -, -, -, -, -, -, -, -, -
2ACE.pdb, 45, 45, 0.03795843047913831, 3.271263652798625, 0.6386920392815667, -, -, -, 1.6501372711637392, 41.1718934253934, , X, 3.769402191235131, 3.810541898268034, 3.860642650167368, 4.0655091144455175, 4.0276928988541565, 4.169463725545817, 4.311234552237478, 4.453005378929138, 4.680633674325597, 4.818663567116234, 4.920020885796822, 4.973239096844265, 4.989150143731152, 5.027210702542536, 5.1593994704501664, 5.220495261825218, 5.019345381667645, 4.719951152646158, 4.42055692362467, 4.098064297656671, 3.830286499270554, 3.4993453842793176, 3.157619042055687, 2.8178636124599916, 2.6648990341915355, 2.51813962019054, 2.5924947611548483, 2.8183687043981114, 3.0480011852484767, 3.2686762597399834, 3.514765552353941, 3.843791157921124, 4.1291939132484705, 4.406084638817281, 4.625953745000935, 4.823392817607279, 4.732518667872062, 4.586348876992547, 4.43675914991792, 4.273775091578651, 4.094864100288912, 3.967436838162354, 3.828208035588175, 3.6289834451637857, 3.2773564318566395, 2.8564061348045353, 2.4591637655274576, 2.024127568282357, 1.6662789735198522, 1.6878651232538644, 1.7718337506674462, 1.855802378081028, 1.915610347431991, 1.8136884969516505, 1.6269803725588896, 1.400422204986086, 1.1757718467052063, 1.2348277871384248, 1.4400054743478343, 1.3800450305622933, 1.2224884195479768, 1.2436515340788474, 1.264814648609718, 1.2835047166195208, 1.1025393328151036, 0.8681714841279219, 0.7358631246669636, 0.38591494988633285, -0.053308149179416536, -0.4996640726163647, -0.9443234493448144, -1.3849991060194693, -1.871833813524281, -2.346031106968552, -2.6405423015062706, -3.072839351434364, -3.5347509479942802, -3.998237834326739, -4.388954676892131, -4.8327023297959375, -5.268760666564687, -5.704819003333438, -6.141657045736242, -6.578923961987929, -6.975438070662305, -7.326106682701211
2ACE.pdb, 45, 45, 0.03795843047913831, 3.271263652798625, 0.6386920392815667, -, -, -, 1.6501372711637392, 41.1718934253934, , Y, 67.70555873545213, 67.2263844970562, 66.749183043259, 66.33864158817838, 65.97840388365793, 65.60912539243715, 65.23984690121635, 64.87056840999557, 64.49911718046351, 64.0295479399657, 63.540220584811664, 63.10033538075315, 62.70149341940313, 62.299238785640554, 61.884397024746626, 61.54325504399547, 61.173718295426404, 60.78304765186825, 60.39237700831009, 60.06929666193617, 59.721174233798614, 59.34727498366859, 59.04807701951955, 58.75749667836148, 58.29089889872563, 57.82044937279549, 57.51055639925814, 57.34053224246623, 57.184187416421906, 57.019212135893085, 57.13078611024905, 57.295775434941696, 57.41667293467659, 57.5264697052164, 57.760430460177744, 58.01332954481206, 57.85569614993099, 57.61933933703008, 57.37842611677447, 57.22594469979783, 57.44664495585448, 57.6651389787346, 57.952057449688226, 58.27088365031685, 58.4636038405176, 58.54216660868729, 58.42867434386514, 58.51891474723106, 58.44051430978256, 58.385696494001344, 58.27516387742505, 58.164631260848765, 58.1176244726371, 58.32521476796034, 58.56761959798694, 58.62507627152913, 58.761885744913435, 58.35643766919722, 58.22189783500721, 57.90831602974191, 57.51746010065314, 57.32116546737294, 57.124870834092754, 56.88864217820054, 56.81208337080646, 56.690004053049016, 56.56037715672211, 56.65566724323648, 56.8833139145692, 57.102335893046245, 57.32523027520554, 57.557217582498076, 57.64771732013186, 57.7435950481282, 57.89329487703841, 57.75656307905825, 57.572524055395206, 57.39283140574649, 57.34355509396227, 57.420538020043686, 57.48609488214491, 57.55165174424613, 57.63594467494871, 57.730543302446385, 57.78589835236067, 57.73249008734113
2ACE.pdb, 45, 45, 0.03795843047913831, 3.271263652798625, 0.6386920392815667, -, -, -, 1.6501372711637392, 41.1718934253934, , Z, 64.32331952194659, 64.46006590677239, 64.60055664823427, 64.79043521911402, 64.4937498881505, 64.18791589948857, 63.882081910826656, 63.57624792216473, 63.346591574645416, 63.28025579796747, 63.26336102221164, 63.09196738132165, 62.79084962875695, 62.50002714834595, 62.25444715874557, 61.90296799767354, 61.72874360975355, 61.64076893220094, 61.552794254648326, 61.40387629144786, 61.5012544228558, 61.48131365889284, 61.283513359892694, 61.06835236235426, 60.97938534726806, 60.894893229563564, 60.60685294874273, 60.19774493881107, 59.782022412229125, 59.36486804495029, 58.98678179849065, 58.64837447559862, 58.2589267622611, 57.85755728130813, 57.48123432788479, 57.09778806506363, 56.687164082295304, 56.271508155801335, 55.859990517236405, 55.45592466911829, 55.053761164283664, 54.6224577272088, 54.24796760189396, 53.93588181597664, 53.64219982705952, 53.39253812239171, 53.32358655354187, 53.10223807644473, 52.773420847984845, 52.327642753203456, 51.847297241844096, 51.36695173048474, 50.89644914354942, 50.45314540379272, 50.11007121562032, 49.668064284258925, 49.29360704300474, 49.0623385062667, 48.655814823761126, 48.37545991921733, 48.19296768656193, 47.73359796669703, 47.274228246832145, 46.84283744422861, 46.47619493994323, 46.09573008288411, 45.65817187577472, 45.54991374382943, 45.608339142298924, 45.66121411328474, 45.71160984681477, 45.75618399705368, 45.72701841725915, 45.76389133108842, 46.06843847886409, 46.172665051822406, 46.2252703246819, 46.27853651349842, 46.08314044296426, 45.86666510742717, 45.63096312447855, 45.39526114152992, 45.16758063801063, 44.94431231596897, 44.66837910564346, 44.32433523367873
2ACE.pdb, 45, 45, 0.03795843047913831, 3.271263652798625, 0.6386920392815667, -, -, -, 1.6501372711637392, 41.1718934253934, , distance, 0.0, 0.4999999999999955, 0.9999198518662968, 1.4745639599638771, 1.7546579385860284, 2.1385546834052978, 2.5628124758527604, 3.0104151605481784, 3.4735583692191234, 3.96257324673373, 4.449435617088548, 4.916658777685624, 5.373724846736709, 5.84249713140522, 6.332317818431571, 6.777739991052015, 7.1385657997525245, 7.484703113479246, 7.84744797475304, 8.181910902211081, 8.4686571658508, 8.832374271957896, 9.196014886144301, 9.569119680224892, 10.051748247433045, 10.537321859736577, 10.914912162895343, 11.196365684203009, 11.482293032451249, 11.791309136567728, 11.84775467193989, 11.856395884121776, 11.948534665320079, 12.075814646515182, 12.101792709293955, 12.135011650541623, 12.500330243626948, 12.931778296756452, 13.36873110194184, 13.73708097940932, 13.830254861627894, 13.962663290829244, 14.023086741927981, 14.033234605098242, 14.133016565681618, 14.29277086756688, 14.448925016183066, 14.606610834907164, 14.955411557603727, 15.33260871166951, 15.766222083513517, 16.20366093412765, 16.60258641858228, 16.858155268900955, 17.032566757433962, 17.402405984076836, 17.6807370356956, 18.075609911766062, 18.46176092920002, 18.868736528560003, 19.247658919621887, 19.734079689941595, 20.22116288772311, 20.706342596660168, 21.078420692056387, 21.494292296698138, 21.95006078225419, 22.04515485116747, 21.954147396800376, 21.88441088297509, 21.825814197611543, 21.778319551554496, 21.881639161025497, 21.933800849464273, 21.69351498315224, 21.80011563256065, 21.990189395618312, 22.18789693426459, 22.508532584051608, 22.812846062780572, 23.141521492398233, 23.476245195561745, 23.80270057610648, 24.127467901781895, 24.4983251904695, 24.95058692684241
2ACE.pdb, 45, 45, 0.03795843047913831, 3.271263652798625, 0.6386920392815667, -, -, -, 1.6501372711637392, 41.1718934253934, , length, 0.0, 0.5, 1.0, 1.5, 2.0, 2.5, 3.0, 3.5, 4.0, 4.5, 5.0, 5.5, 6.0, 6.5, 7.0, 7.5, 8.0, 8.5, 9.0, 9.5, 10.0, 10.5, 11.0, 11.5, 12.0, 12.5, 13.0, 13.5, 14.0, 14.5, 15.0, 15.5, 16.0, 16.5, 17.0, 17.5, 18.0, 18.5, 19.0, 19.5, 20.0, 20.5, 21.0, 21.5, 22.0, 22.5, 23.0, 23.5, 24.0, 24.5, 25.0, 25.5, 26.0, 26.5, 27.0, 27.5, 28.0, 28.5, 29.0, 29.5, 30.0, 30.5, 31.0, 31.5, 32.0, 32.5, 33.0, 33.5, 34.0, 34.5, 35.0, 35.5, 36.0, 36.5, 37.0, 37.5, 38.0, 38.5, 39.0, 39.5, 40.0, 40.5, 41.0, 41.5, 42.0, 42.5
2ACE.pdb, 45, 45, 0.03795843047913831, 3.271263652798625, 0.6386920392815667, -, -, -, 1.6501372711637392, 41.1718934253934, , R, 3.2179875353172602, 3.0886906603246342, 3.0044771840404763, 2.8550514373308205, 2.7768446108163984, 2.5771852974224747, 2.4310734127990994, 2.3445872826526926, 2.2094786320146502, 2.0730823481864995, 1.9924788905642785, 1.867169655813591, 1.709980277518023, 1.6219521014793754, 1.5983900448776565, 1.579408158408091, 1.3651321588541498, 1.1095625054259424, 0.930553073456994, 0.8023720428998216, 0.7628315812478079, 0.7935267105074066, 0.8821158266618072, 1.033610085999499, 1.1006596376584632, 1.2526187425735622, 1.2003819831198395, 1.0278577184956745, 0.9376299501077083, 0.9444127402667037, 0.8869453202586857, 0.7888488023095008, 0.7464069573112271, 0.7876358665750263, 0.8416426271158648, 0.9708087707243682, 0.8988996298883047, 0.8704472794401643, 0.941646916822084, 1.064727727138251, 0.9689569634262107, 0.9283060049839742, 0.9287929577835925, 0.9366537661407772, 0.9186027638444254, 0.9120284803874874, 0.840014603682997, 0.9762003086717947, 1.0039466354819524, 0.9164565555258455, 0.8392671184059313, 0.8666214875882603, 0.9491721862219018, 0.9777685647078291, 0.9948394267119847, 1.061153561512366, 1.1897138864829189, 1.3027088772221456, 1.2515396796201008, 1.210409698177617, 1.2068672260836184, 1.027299291490667, 0.9379793514528871, 0.9079546280351312, 0.919277168036666, 0.9485282711565661, 1.0935090485004277, 0.9754877846194336, 0.7679538052161909, 0.6540719919762465, 0.6486254475516118, 0.7477888280293081, 0.913169928535305, 1.093084350676318, 1.0753766957847484, 0.9739885455357653, 0.950424633164459, 1.0235877282211558, 0.9338833195092104, 0.7803192284957978, 0.7275933885210373, 0.784752378729543, 0.9334261443937386, 1.162848971073572, 1.4434888312965644, 1.7162301421168795
2ACE.pdb, 45, 45, 0.03795843047913831, 3.271263652798625, 0.6386920392815667, -, -, -, 1.6501372711637392, 41.1718934253934, , Upper limit of R overestimation, -, -, -, -, -, -, -, -, -, -, -, -, -, -, -, -, -, -, -, -, -, -, -, -, -, -, -, -, -, -, -, -, -, -, -, -, -, -, -, -, -, -, -, -, -, -, -, -, -, -, -, -, -, -, -, -, -, -, -, -, -, -, -, -, -, -, -, -, -, -, -, -, -, -, -, -, -, -, -, -, -, -, -, -, -, -
2ACE.pdb, 46, 46, 0.03245159517121445, 3.428005679221617, 0.6420615686822648, -, -, -, 2.1084642112083123, 58.27423524191129, , X, 3.769402191235131, 3.3400726728007384, 2.893188443726914, 2.7643768302080565, 2.4992685053328545, 2.234160180457653, 1.9586504106798364, 1.655072636187362, 1.3514948616948874, 1.365446956812653, 1.3199273408553356, 1.3629461202505655, 1.562999989969489, 1.655954716058934, 1.4185231376376473, 1.1449159158930864, 0.8665832693320625, 0.5995664952271003, 0.5525635863626759, 0.6515946135043768, 0.7262073672115825, 0.8008201209187884, 0.8754328746259941, 0.6084511980369189, 0.26545481439572866, -0.07733352046978637, -0.42012185533530144, -0.8393722763211406, -1.2517788053734606, -1.6417787397976975, -2.034029576490843, -2.421211488062304, -2.821840103883161, -3.2550207952599948, -3.621586093709518, -3.804756468369103, -4.037272453163901, -4.280849617213032, -4.519457689393814, -4.766736949435251, -5.051918258441876, -5.501119283926871, -5.950320309411868, -6.354921157705563, -6.743253665167529, -7.11726915464077, -7.321650117224335, -7.5260310798078995, -7.590688920660489, -7.600454374483672, -7.433385179761093, -7.291404436170188, -7.099378405446335, -6.764829197218163, -6.416557096556139, -6.06365244266976, -5.710151415743303, -5.697648235534632, -5.709535370556814, -5.66015411769964, -5.460154472660361, -5.53121462989285, -5.750668571202814, -6.115707855308649, -6.480417880824606, -6.84284032358208, -7.08174485020267, -7.291879187726988, -7.371407024031633, -7.29586804563132, -7.218872422544602, -7.1903791290520145, -7.170222940174627, -7.150066751297239, -7.292666489834315, -7.333788910333095, -7.390100268951713, -7.603302320367808, -7.821739421762131, -8.018043270207334, -8.247319951115982, -8.479930083472622, -8.728874528113531, -9.133161201694532, -9.624572685308143, -10.115984168921756, -10.607395652535367, -11.096645263902746, -11.537606436952833, -11.993340499150941, -12.441453671644451, -12.878660100321742, -13.298009226354436, -13.717358352387128, -14.098826592154538, -13.948370295950157, -14.068836681364653, -14.224257751090807, -14.354326675747782, -14.40424283394163, -14.516764054252883, -14.632032028449585, -14.747300608905, -15.062369040830195, -14.736285494543477, -14.718468222617338, -14.618076539930648, -14.517684857243957, -14.417293174557267, -14.69198252264011, -14.509454033738749, -14.326925544837387, -14.144397055936025, -13.961868567034662, -13.893708278825427, -14.224885105130348, -14.557422900038173, -14.890124066039673, -15.222857446441324, -15.599241186490612, -16.08081868929162
2ACE.pdb, 46, 46, 0.03245159517121445, 3.428005679221617, 0.6420615686822648, -, -, -, 2.1084642112083123, 58.27423524191129, , Y, 67.70555873545213, 67.65194291336107, 67.65415239500771, 67.75780874553023, 67.85089690791433, 67.94398507029844, 68.03556827094813, 68.12309037494708, 68.21061247894603, 68.00686972892264, 67.70649041551223, 67.41309763134923, 67.17525645345336, 66.9505927454641, 66.58590989105157, 66.25977084231747, 65.93305460784897, 65.5977859084531, 65.1992916490488, 64.73491909295342, 64.25639921449694, 63.777879336040456, 63.299359457583975, 63.222665426816285, 63.239666878005615, 63.259623207428476, 63.279579536851344, 63.21478479175052, 63.050078614812115, 62.86099942783437, 62.68211746894154, 62.499962080682174, 62.29532196854221, 62.06075482736156, 61.75193845555716, 61.42887426930789, 61.104176142295444, 61.162971073911926, 61.30938566301911, 61.44465671954689, 61.5875090470778, 61.77103023457684, 61.95455142207588, 61.99643947163819, 61.986665480685744, 61.962047453229054, 61.76155054432423, 61.56105363541941, 61.660039653782995, 61.87668216699623, 62.0276332365231, 62.46161740878654, 62.90270251074323, 63.260224275913934, 63.6058225630197, 63.94581068782217, 64.28647943981218, 64.69290238707535, 65.14475023324661, 65.5419588581719, 65.8157375987717, 66.00068425654254, 66.15013915179948, 66.22908650597056, 66.32186196764393, 66.41369504772393, 66.79011070404881, 67.22876293576535, 67.52834355376554, 67.66179375353778, 67.79288568527869, 68.19198491846161, 68.63580911227749, 69.07963330609334, 69.34260053009353, 69.80540122622918, 70.23411625354206, 70.55657573449217, 70.80208080673916, 70.92852512093205, 71.07049285236883, 71.20872496822395, 71.30538738007583, 71.15500728180143, 71.2065502230495, 71.25809316429758, 71.30963610554565, 71.28258558972304, 71.24192157239295, 71.33230905971304, 71.4396562873023, 71.5931051207264, 71.82819582651918, 72.06328653231195, 72.36029571339739, 72.39711839294735, 72.6194359701787, 72.86103868897156, 73.24936366434305, 73.68435983057726, 74.13440914900838, 74.58511891410124, 75.03582605867264, 75.39087314273023, 75.66212623299576, 76.02118432679059, 76.33300338815829, 76.64482244952599, 76.95664151089368, 77.21476949550727, 77.67579878105865, 78.13682806661004, 78.59785735216141, 79.0588866377128, 79.47238571264482, 79.81776791264703, 80.16199222775285, 80.50669804573086, 80.86599968842306, 81.14352219772248, 81.19034397257064
2ACE.pdb, 46, 46, 0.03245159517121445, 3.428005679221617, 0.6420615686822648, -, -, -, 2.1084642112083123, 58.27423524191129, , Z, 64.32331952194659, 64.57291518579062, 64.7421698095862, 65.16785631874285, 65.58144085678292, 65.99502539482299, 66.40156557527962, 66.78909675614871, 67.1766279370178, 67.59157953999735, 67.98304230146663, 68.35703798887836, 68.74197690550334, 69.10544113761637, 69.26652705606034, 69.52875986593341, 69.78506148163237, 70.04254340634162, 70.26822163636959, 70.41693275956231, 70.54123747751872, 70.66554219547513, 70.78984691343152, 70.51556187935284, 70.15217132412836, 69.78871857287163, 69.42526582161489, 69.19316292102502, 68.97264802252906, 68.72335078587986, 68.47010520120608, 68.21172912836487, 68.01592864635555, 67.93120336214425, 67.95029951969954, 67.66182464254992, 67.36668437423218, 66.97961575303748, 66.56534426118759, 66.1525758073098, 65.78034119767256, 65.65976585839387, 65.53919051911518, 65.27629715046318, 64.96149192060007, 64.639284346543, 64.22937043893187, 63.81945653132073, 63.38038780367031, 62.929865154539016, 62.49351694822217, 62.417324716320984, 62.40558719960264, 62.30465658863041, 62.20928165875061, 62.109952004273026, 62.0151844653566, 61.812906035197656, 61.59914864952091, 61.33808141749835, 61.08164778078899, 60.684953313159006, 60.30074871665373, 59.968440544997044, 59.63923041301529, 59.30724642605813, 59.15203446761064, 59.03616933516378, 58.754875060982144, 58.278970756606796, 57.80265643192146, 57.538258248401604, 57.30888123771038, 57.07950422701916, 56.68480681827564, 56.50929610307722, 56.49586097524829, 56.178741489222375, 55.838105447222105, 55.46513647627939, 55.04526352591568, 54.62480614582676, 54.22362821076453, 54.023710806132534, 53.94717271770484, 53.870634629277134, 53.79409654084943, 53.73708178795138, 53.885571658639435, 54.07033249509666, 54.26419067375667, 54.34584384185142, 54.20844416737775, 54.07104449290408, 53.95479192121256, 53.48939976175816, 53.06064719059665, 52.651413250952004, 52.41046030940467, 52.16903389719445, 51.983355876880864, 51.800123778779806, 51.61688590632207, 51.75041206350033, 51.68226278477491, 51.57950686580724, 51.20176305974934, 50.824019253691446, 50.44627544763355, 50.26281280992302, 50.198506133727115, 50.1341994575312, 50.06989278133529, 50.00558610513938, 49.9476273727134, 50.09262543560829, 50.23727523989997, 50.3804109558948, 50.44966682819776, 50.485897286625374, 50.611956122872634
2ACE.pdb, 46, 46, 0.03245159517121445, 3.428005679221617, 0.6420615686822648, -, -, -, 2.1084642112083123, 58.27423524191129, , distance, 0.0, 0.49949623340657096, 0.9725372520454258, 1.3137916276958286, 1.7936644216822473, 2.2821953628499405, 2.776118686673317, 3.2748709144082775, 3.7739533714101223, 4.068330447429586, 4.403805029018511, 4.706107626208518, 4.967289427575521, 5.282548724188295, 5.587087486761764, 6.006233430045754, 6.434186336276017, 6.870231908004038, 7.209111350801669, 7.461738823289503, 7.7343545199445, 8.028881205584375, 8.342998680725408, 8.272352084556665, 8.136175430376642, 8.027098176857018, 7.948034955128078, 8.069896370944035, 8.2765940616117, 8.491814239430193, 8.72413972323026, 8.974500739636865, 9.292496920238847, 9.706861246476898, 10.160082980441928, 10.387986509843419, 10.666981333482408, 10.708310658347035, 10.707142617177846, 10.742939264428147, 10.833703827816333, 11.088159710219921, 11.358936256967304, 11.662080963653537, 11.984529078147908, 12.31289440434382, 12.583779285865553, 12.868396699598454, 12.9030651886568, 12.85267114063689, 12.692102280944217, 12.388429282416578, 12.03642458681926, 11.610599874294913, 11.181715404316028, 10.757493415443403, 10.338255522906719, 10.247112663129425, 10.189656737471127, 10.124689780560601, 9.963160935070832, 10.131425314906748, 10.451418721237344, 10.902309011424514, 11.354035363484224, 11.808877689444525, 12.055190845702231, 12.269198713720899, 12.456187575114571, 12.608579332565153, 12.77767005825468, 12.899243136936063, 13.0285497359727, 13.175573723357795, 13.54238330820106, 13.738600842686111, 13.86352067771695, 14.275883761371237, 14.694960725514951, 15.093004661065997, 15.5501355532081, 16.01185425044223, 16.467223560917375, 16.86584646797642, 17.300864917479647, 17.73930880007458, 18.180930298417866, 18.597390069986986, 18.861520503816493, 19.150486103767683, 19.44020075817833, 19.79446932625645, 20.26335047617675, 20.733685854971316, 21.17655639608549, 21.290937304348486, 21.660949739040753, 22.05865289790128, 22.38569935810248, 22.666144248289296, 22.978004620920665, 23.297458256528948, 23.623178381557054, 23.911872934469457, 23.78158444046441, 23.944847930807622, 24.180724127188835, 24.424559283657963, 24.676117463787378, 25.07878912211901, 25.16013960041371, 25.251130382477896, 25.35165766717218, 25.46160849895548, 25.634044030512968, 25.942487171341302, 26.257416034141933, 26.57916076681827, 26.95146324948448, 27.33491288490589, 27.638237790394207
2ACE.pdb, 46, 46, 0.03245159517121445, 3.428005679221617, 0.6420615686822648, -, -, -, 2.1084642112083123, 58.27423524191129, , length, 0.0, 0.5, 1.0, 1.5, 2.0, 2.5, 3.0, 3.5, 4.0, 4.5, 5.0, 5.5, 6.0, 6.5, 7.0, 7.5, 8.0, 8.5, 9.0, 9.5, 10.0, 10.5, 11.0, 11.5, 12.0, 12.5, 13.0, 13.5, 14.0, 14.5, 15.0, 15.5, 16.0, 16.5, 17.0, 17.5, 18.0, 18.5, 19.0, 19.5, 20.0, 20.5, 21.0, 21.5, 22.0, 22.5, 23.0, 23.5, 24.0, 24.5, 25.0, 25.5, 26.0, 26.5, 27.0, 27.5, 28.0, 28.5, 29.0, 29.5, 30.0, 30.5, 31.0, 31.5, 32.0, 32.5, 33.0, 33.5, 34.0, 34.5, 35.0, 35.5, 36.0, 36.5, 37.0, 37.5, 38.0, 38.5, 39.0, 39.5, 40.0, 40.5, 41.0, 41.5, 42.0, 42.5, 43.0, 43.5, 44.0, 44.5, 45.0, 45.5, 46.0, 46.5, 47.0, 47.5, 48.0, 48.5, 49.0, 49.5, 50.0, 50.5, 51.0, 51.5, 52.0, 52.5, 53.0, 53.5, 54.0, 54.5, 55.0, 55.5, 56.0, 56.5, 57.0, 57.5, 58.0, 58.5, 59.0, 59.5, 60.0
2ACE.pdb, 46, 46, 0.03245159517121445, 3.428005679221617, 0.6420615686822648, -, -, -, 2.1084642112083123, 58.27423524191129, , R, 3.2179875353164493, 3.1444607804488807, 3.060079453814604, 2.9159372615447148, 2.756538317798229, 2.651333189620819, 2.6009777279642505, 2.601549249189858, 2.6623293739993223, 2.5246725559260104, 2.331243272193725, 2.2031357449564988, 2.1324146558826573, 2.0678226719790502, 2.0528148914781066, 2.000373261568566, 2.0131997326228244, 2.0922605076095477, 2.1601896225342503, 2.183065906195392, 2.2476229269290577, 2.3758013210912408, 2.561611611521976, 2.3197510629643414, 2.008412568041204, 1.7434476962922791, 1.537856517654098, 1.3160736522641177, 1.0657925262253802, 0.8684454107965327, 0.7589971106550202, 0.751657464047558, 0.803101465679112, 0.9094633309956683, 0.9824115329521845, 1.0886657562522828, 1.2378512577534533, 1.1630118758265349, 1.1112349305012037, 1.1429361862179146, 1.207272448183223, 1.1178030440271223, 1.1215894441676952, 1.1263682780829436, 1.1907345177246826, 1.3314066248037304, 1.4251434079480152, 1.5972455223778348, 1.585931898756252, 1.552851614483762, 1.4498395987607737, 1.2552430610347907, 1.0574221881713814, 0.8349118897181813, 0.6866543175996647, 0.6427661119348436, 0.7102824030915533, 0.6872224667172366, 0.7445160653153846, 0.8534139487270438, 0.8592887075641946, 0.9771619275048464, 0.9635756486202767, 0.9381962377602902, 1.0018017745317316, 1.1582184854590865, 1.0914194178825336, 1.0480318842309688, 1.0663588453922959, 1.1387630702756306, 1.298990804140311, 1.3904661241952332, 1.53855110783884, 1.7569889683116675, 1.931847215302314, 1.8947937679922346, 1.7957007291584581, 1.8336987894232082, 1.8967569798393007, 1.756798641162007, 1.657985254492747, 1.6340568226507193, 1.6687457860284498, 1.555036979707178, 1.3243481404006197, 1.1678951357957152, 1.0990158797281229, 1.0500312633671078, 1.0181633071815246, 0.9536746734245112, 0.9756464789105919, 1.005465291832195, 0.9645660149633861, 1.0232580728610685, 1.1170756222281129, 0.8958353183814043, 0.874161725958984, 0.9725938712623665, 1.0409375052108634, 1.116522496238603, 1.3107833782519807, 1.5756167733590472, 1.8935495570447811, 2.224242276000704, 2.1023285480926597, 2.133338404553211, 1.9315433697706426, 1.7935210529936252, 1.727413109515981, 1.8682387512681031, 1.59311244702804, 1.3787542807362883, 1.239362906964757, 1.1865459398611806, 1.1463964113053233, 1.0337648185413473, 1.0152391081665981, 1.0928353634970618, 1.2030818728389354, 1.3174193399102654, 1.4480564020144757
2ACE.pdb, 46, 46, 0.03245159517121445, 3.428005679221617, 0.6420615686822648, -, -, -, 2.1084642112083123, 58.27423524191129, , Upper limit of R overestimation, -, -, -, -, -, -, -, -, -, -, -, -, -, -, -, -, -, -, -, -, -, -, -, -, -, -, -, -, -, -, -, -, -, -, -, -, -, -, -, -, -, -, -, -, -, -, -, -, -, -, -, -, -, -, -, -, -, -, -, -, -, -, -, -, -, -, -, -, -, -, -, -, -, -, -, -, -, -, -, -, -, -, -, -, -, -, -, -, -, -, -, -, -, -, -, -, -, -, -, -, -, -, -, -, -, -, -, -, -, -, -, -, -, -, -, -, -, -, -, -, -
2ACE.pdb, 47, 47, 0.031885335368046615, 3.4456090812195153, 0.6611007154110577, -, -, -, 1.3866975724147692, 41.36847740349806, , X, 3.769402191235131, 3.8663376717312268, 3.9632731522273223, 4.071811916927313, 4.3744546385027165, 4.759406372576799, 5.144358106650882, 5.3559930840939955, 5.446539855231618, 5.558976850863377, 5.672549158181708, 5.78612146550004, 6.122884629915093, 6.507235630525479, 6.8844099513420645, 7.267620958669825, 7.651172236332794, 8.09168578657753, 8.554200147421907, 8.852866372830182, 9.202982324283616, 9.407123095574773, 9.744673251856376, 10.068878395867864, 10.393083539879354, 10.624846087612795, 10.631806060034336, 10.70422143459409, 10.776636809153844, 11.074929190865085, 11.50651772510471, 11.95322911391862, 12.403890389344681, 12.825958029759, 13.245134833554063, 13.429961439508638, 13.648703966780737, 14.003887193897343, 14.282946360970216, 14.568719582978359, 14.820402106163645, 14.958777713983789, 15.091910655813814, 15.183618496724785, 15.073493480575609, 15.00861226359043, 14.881674749871692, 14.643955277217351, 14.400229782087894, 14.534394738351766, 14.87119440249697, 15.186998450548456, 15.502553839015478, 15.811480492615692, 16.017320942272228, 16.205101575840416, 16.543803358371864, 16.930163751228754, 17.246668011352323, 17.46988913133415, 17.709705881425414, 18.002622370556374, 18.485766892273457, 18.968911413990536, 19.452805091581507, 19.936984277434814, 20.359373101634542, 20.650929781449545, 20.970400592143825, 21.32947464052215, 21.705250412456046, 22.088556235580025, 22.478086443694522, 22.90097116831212, 23.314611541023176, 23.62967787108789, 23.74813688226662, 23.451712756206604, 23.201737790519, 23.046557502843832, 22.891377215168664, 22.770512301058595, 22.689469606780854, 22.608426912503113, 22.53555211868921, 22.468637032680196, 22.424398169286214
2ACE.pdb, 47, 47, 0.031885335368046615, 3.4456090812195153, 0.6611007154110577, -, -, -, 1.3866975724147692, 41.36847740349806, , Y, 67.70555873545213, 67.83667850329628, 67.96779827114045, 68.03926808826525, 68.28270066659144, 68.60175127860076, 68.92080189061006, 69.21358153738038, 69.45692061241859, 69.72768124290717, 70.00005590099038, 70.2724305590736, 70.28963553535084, 70.2492117881977, 70.20687081039591, 70.31917384065136, 70.43923431293032, 70.45867225909349, 70.43924628640664, 70.2658286341055, 69.9302410882125, 69.95297304760714, 69.61064700544651, 69.24618128097829, 68.88171555651007, 68.53549085340642, 68.3508651005274, 68.19226470208241, 68.03366430363744, 68.06316657212192, 68.21307436835868, 68.40433761339224, 68.57015845730362, 68.71812579677726, 68.87108484885087, 69.32002780494119, 69.74692590917032, 70.07936779248544, 70.48386033140976, 70.87777777440704, 71.23381841283994, 71.63520024538573, 72.0351863690038, 72.42794217838997, 72.74249967216714, 72.92757046721272, 73.38031804871983, 73.53006307670745, 73.4856230047934, 73.712862199075, 73.92387795558342, 74.18486782105381, 74.44491509249436, 74.69953556496914, 74.76438780771784, 74.7719857067628, 74.8662907653087, 74.9989094724692, 74.9241828800961, 74.58071126679584, 74.28675261891836, 73.99272317482813, 74.00271294740783, 74.01270271998754, 74.036002679762, 73.98651934239015, 74.07319183626085, 74.1103896131149, 74.16891962117879, 74.25889738302175, 74.23073261009735, 74.16482521140871, 74.36033658100456, 74.49322995359722, 74.63182491503348, 74.80541141690364, 74.97559722467564, 75.07686800851573, 75.28168989813541, 75.69353482003795, 76.10537974194048, 76.50486964480567, 76.89002182573975, 77.27517400667384, 77.65636984641797, 78.03467894218514, 78.4716939134751
2ACE.pdb, 47, 47, 0.031885335368046615, 3.4456090812195153, 0.6611007154110577, -, -, -, 1.3866975724147692, 41.36847740349806, , Z, 64.32331952194659, 63.85065566771032, 63.37799181347405, 62.89627456567708, 62.75557373125999, 62.751229837863846, 62.7468859444677, 62.53237207414504, 62.115314359248075, 61.710436749970334, 61.30681145759578, 60.90318616522123, 60.567870730331784, 60.250632288468424, 59.925373299424464, 59.62579113626914, 59.328345510314996, 59.10916439958465, 58.92021176637228, 58.792921829596274, 58.9121263561104, 59.11784816577449, 59.03818504990667, 58.92838632366476, 58.81858759742285, 58.660151698692914, 58.213531180535085, 57.74491414377643, 57.27629710701777, 56.96481160542151, 56.76834217701786, 56.65058265000125, 56.52171508142573, 56.68219573647423, 56.90779346595948, 56.80023065818147, 56.68818630881098, 56.572742515591386, 56.58817615402093, 56.66589627957635, 56.578624804843166, 56.31453236711996, 56.04593018356581, 55.760230849217294, 55.445281478787614, 55.01081896948406, 54.881701184207415, 54.61609548152494, 54.21688848822696, 53.857049083873974, 53.56137245633733, 53.274750591581615, 52.98704451697585, 52.68771007904702, 52.264095748624875, 51.80115046971159, 51.4666513539098, 51.17861848783257, 50.93993068997945, 50.72836159051977, 50.4451618432888, 50.251055242302556, 50.122713606117806, 49.99437196993306, 49.87128321579817, 49.799524079451615, 49.59607869914422, 49.27209191240855, 48.918403062456946, 48.5822932141113, 48.264978272681354, 47.972627235344845, 47.803046349881505, 47.57172868690256, 47.32788823341024, 46.99688368759162, 46.606599821565624, 46.216971550179075, 45.87731202663707, 45.640029834679595, 45.40274764272212, 45.13256333712994, 44.82419686809362, 44.51583039905731, 44.200733829734595, 43.880726643371176, 43.682295828665545
2ACE.pdb, 47, 47, 0.031885335368046615, 3.4456090812195153, 0.6611007154110577, -, -, -, 1.3866975724147692, 41.36847740349806, , distance, 0.0, 0.4999999999999964, 1.0000000000000033, 1.4964193535110413, 1.7767971569200685, 2.0627009788790436, 2.4191863342243534, 2.8282319907010987, 3.27953441308219, 3.7574876284067926, 4.240991219367763, 4.727927639873399, 5.130275638149556, 5.527448244513401, 5.9415289629844095, 6.413680019864042, 6.891363161435715, 7.310894828451316, 7.717571672885198, 7.936112944953849, 7.984611205997124, 7.9957301183591465, 8.201577406323283, 8.435770414991206, 8.692443444565475, 8.930698076361645, 9.210782851645394, 9.57099879613164, 9.943315099650711, 10.375270929702612, 10.825812282894843, 11.239849025979128, 11.669059558022383, 11.89257198485226, 12.088754564335675, 12.350294790726512, 12.651602376480193, 13.05569211648364, 13.344887174099135, 13.613389014918644, 13.948244037582665, 14.310306728962733, 14.67855740986865, 15.030360170922851, 15.230653740843719, 15.501997165423326, 15.647033313586261, 15.697482416364975, 15.7658994815863, 16.171443235728987, 16.665436954021455, 17.158491366564615, 17.65210759896224, 18.147031956110474, 18.581266362078694, 19.010148003050666, 19.48731189172505, 19.979533905684367, 20.318964667407606, 20.48887370946316, 20.742406814547685, 20.979552314502254, 21.39819500705117, 21.82026314696141, 22.246460402969156, 22.622595136618386, 23.079547403864535, 23.50632435972824, 23.97834087361049, 24.47615780873095, 24.94279192846862, 25.390129313553963, 25.8306089806557, 26.31929344786864, 26.81106220202427, 27.295491145976566, 27.674635615149178, 27.741113648335578, 27.84364600325164, 28.008602113888795, 28.181464866005115, 28.403436074358716, 28.67994242559864, 28.96244144130676, 29.25928023390563, 29.567747825964616, 29.832371691153803
2ACE.pdb, 47, 47, 0.031885335368046615, 3.4456090812195153, 0.6611007154110577, -, -, -, 1.3866975724147692, 41.36847740349806, , length, 0.0, 0.5, 1.0, 1.5, 2.0, 2.5, 3.0, 3.5, 4.0, 4.5, 5.0, 5.5, 6.0, 6.5, 7.0, 7.5, 8.0, 8.5, 9.0, 9.5, 10.0, 10.5, 11.0, 11.5, 12.0, 12.5, 13.0, 13.5, 14.0, 14.5, 15.0, 15.5, 16.0, 16.5, 17.0, 17.5, 18.0, 18.5, 19.0, 19.5, 20.0, 20.5, 21.0, 21.5, 22.0, 22.5, 23.0, 23.5, 24.0, 24.5, 25.0, 25.5, 26.0, 26.5, 27.0, 27.5, 28.0, 28.5, 29.0, 29.5, 30.0, 30.5, 31.0, 31.5, 32.0, 32.5, 33.0, 33.5, 34.0, 34.5, 35.0, 35.5, 36.0, 36.5, 37.0, 37.5, 38.0, 38.5, 39.0, 39.5, 40.0, 40.5, 41.0, 41.5, 42.0, 42.5, 43.0
2ACE.pdb, 47, 47, 0.031885335368046615, 3.4456090812195153, 0.6611007154110577, -, -, -, 1.3866975724147692, 41.36847740349806, , R, 3.2179875353164493, 3.062849713592039, 2.958448069356962, 2.872342332319899, 2.7218905995285385, 2.575131917536426, 2.485817642589667, 2.2493712396082186, 1.965469262193515, 1.7029624896799822, 1.499416485023339, 1.3689902405818386, 1.1248127085801545, 0.9115501269066706, 0.7819905059697367, 0.6750091623447396, 0.6757403613324069, 0.7088836982243687, 0.8202675152535468, 0.8066027828483127, 0.7609013169700467, 0.8466858665270709, 0.7685948299965881, 0.780209998551872, 0.8974916295592217, 1.0481892474655488, 0.9403345478866596, 0.9033962333534729, 0.9684638876501612, 0.9971099690305065, 1.0361142156929137, 1.134087414667707, 1.3088768383295593, 1.3368349486737139, 1.4065539466471395, 1.256651493726856, 1.1784304534813614, 1.1538003116260667, 1.1125662263354479, 1.0995467640496623, 1.043084706660411, 1.0176573436130991, 1.0880767545690349, 1.2261445547770364, 1.3102177381770659, 1.5640425221867131, 1.5998447962089712, 1.694837999222543, 1.7913159240520033, 1.5350429791973386, 1.2530984569043575, 0.9932758906684165, 0.8130558303140152, 0.7261740981822156, 0.7427788729602853, 0.8529974954161501, 0.9422069517525538, 1.0782520870825012, 1.140105267451879, 1.0565320848138846, 1.0560888549192207, 1.0420293961463778, 0.8690934708679738, 0.7933397066513503, 0.8157634158953528, 0.9098302876135134, 0.759879605949227, 0.6825630233273592, 0.6798810560329032, 0.7726043909226772, 0.8739191199972538, 1.0249048032054078, 0.9751854490470859, 0.9274546449946319, 0.9734549113917947, 1.053767104562033, 1.126437972873826, 1.0892842967677288, 1.0657557428439146, 0.9711784069346998, 0.975156698226618, 1.0448486918484567, 1.1701792447341668, 1.3775299697363352, 1.6445667878712538, 1.95911436681055, 2.271930849475454
2ACE.pdb, 47, 47, 0.031885335368046615, 3.4456090812195153, 0.6611007154110577, -, -, -, 1.3866975724147692, 41.36847740349806, , Upper limit of R overestimation, -, -, -, -, -, -, -, -, -, -, -, -, -, -, -, -, -, -, -, -, -, -, -, -, -, -, -, -, -, -, -, -, -, -, -, -, -, -, -, -, -, -, -, -, -, -, -, -, -, -, -, -, -, -, -, -, -, -, -, -, -, -, -, -, -, -, -, -, -, -, -, -, -, -, -, -, -, -, -, -, -, -, -, -, -, -, -
2ACE.pdb, 48, 48, 0.02855600016931664, 3.555888201412639, 0.6227895057142883, -, -, -, 1.6548517619534566, 43.1274257605067, , X, 3.769402191235131, 3.9909218595242524, 4.295148225796317, 4.688537627453249, 5.055129589334569, 5.487577236883445, 5.774234426288222, 5.990566598377277, 6.206898770466331, 6.4692933248919084, 6.807549598217344, 7.085927491334216, 7.287227173156999, 7.48935923317996, 7.66463922006159, 7.809239044855698, 8.064932806339096, 8.544206075972204, 8.872392299699278, 9.117738459229061, 9.373111372762521, 9.628484286295983, 9.863880528280562, 10.1097690419973, 10.463753354936166, 10.887701827052021, 11.32851307737384, 11.719980005756243, 12.110025676191464, 12.497246452382933, 12.885767542418021, 13.279467270387315, 13.677110703305406, 14.074754136223495, 14.372684948690333, 14.445103605135019, 14.276882851487143, 14.121491966260779, 13.982378330228679, 13.870816124950473, 13.971920331843346, 14.10674695920855, 14.473063900041796, 14.83938084087504, 15.205697781708285, 15.441054521969482, 15.57908438144987, 15.72687883470039, 15.867755960436178, 16.003789209922797, 16.19226319177852, 16.330143561840682, 16.109047172758537, 16.030496374778064, 15.945216872893822, 15.920622442921205, 15.874364957883063, 15.846206487070662, 15.70356138015962, 15.560916273248576, 15.423747682510406, 15.133180235250148, 14.816965268820322, 14.500347522590198, 14.096952034869297, 13.695591928383386, 13.555769739085253, 13.320752518168385, 13.055931771807494, 12.791111025446604, 12.504394436955273, 12.296101065158208, 12.199882419640963, 12.108183769001963, 12.074365724035507, 12.068146764057506, 11.96899526381811, 11.982626853909851, 12.24544911796961, 12.518942280723655, 12.626591254515466, 12.681592802071108, 12.786597468003867, 12.773645931904417, 12.805072925095441, 12.832306951270617, 12.859540977445793, 13.043024736646146, 13.324066241091764, 13.523285739124566
2ACE.pdb, 48, 48, 0.02855600016931664, 3.555888201412639, 0.6227895057142883, -, -, -, 1.6548517619534566, 43.1274257605067, , Y, 67.70555873545213, 68.05264766674537, 68.3994168074535, 68.6662591897069, 68.66602900784132, 68.8883175700812, 69.2266715676352, 69.63708730318741, 70.04750303873963, 70.4163310316576, 70.5994651103665, 70.73502620740621, 70.98738534254106, 71.23941156191255, 71.5091028026728, 71.79557980590339, 71.98252079741731, 71.9878703623106, 72.31354182404355, 72.72154956770797, 73.12174142106892, 73.52193327442987, 73.93292171065434, 74.32541612388836, 74.35970831760861, 74.42478134342886, 74.38140670843143, 74.14637659099306, 74.03908982376691, 73.98532363082633, 74.00455072634874, 74.17280075175857, 74.34089024209965, 74.50897973244072, 74.78569821446715, 75.16378582148273, 75.59701840198514, 75.94242463963579, 76.18070918558534, 76.4311284443286, 76.76180245758063, 77.09001251602818, 77.40130855519506, 77.71260459436193, 78.02390063352881, 78.1111006110943, 78.06990189854042, 77.74229914522418, 77.89720218401611, 78.09796499189734, 78.28531007784945, 78.41606678832794, 78.34587128100104, 78.17405120718045, 78.03296277051591, 77.99553204151789, 77.93705030715407, 78.18385708448521, 78.48067466020582, 78.77749223592642, 79.08718436304125, 79.22835935111306, 79.2099998336584, 79.0643006634566, 79.02418062393947, 79.07366206183562, 79.23244438159585, 79.17571295498269, 79.05150879040877, 78.92730462583485, 79.02217891651516, 79.43051854921703, 79.89921914794266, 80.36729712202427, 80.83264581407748, 81.29571512903024, 81.76095903227264, 82.0831235868168, 82.06650858684928, 82.05777455163883, 82.01051681173463, 82.02786666694757, 82.13695806047335, 82.38212746627183, 82.66683368533694, 83.0328499923331, 83.39886629932926, 83.74604889130975, 84.03845522378643, 84.40706486541879
2ACE.pdb, 48, 48, 0.02855600016931664, 3.555888201412639, 0.6227895057142883, -, -, -, 1.6548517619534566, 43.1274257605067, , Z, 64.32331952194659, 64.55042513540974, 64.74179853313942, 64.78430847216875, 64.67745695686138, 64.79397659995544, 64.97258093514337, 65.15901943795424, 65.34545794076512, 65.55777276443223, 65.80014487536984, 66.13495363506826, 66.51671404354715, 66.89832302543854, 67.27963707853286, 67.6630186019268, 67.96844705461405, 68.11053948492687, 68.13217247154549, 67.98607878463932, 67.8291356244285, 67.67219246421767, 67.51217667882392, 67.35538688438349, 67.00393396912591, 66.75887649102081, 66.59523574081605, 66.39148469694203, 66.11575354031243, 65.80425291088463, 65.51421778896854, 65.25603028074825, 65.00378907972431, 64.75154787870039, 64.48123347064772, 64.24787931410397, 64.06366917523401, 63.77267884243522, 63.35570803503734, 62.941709288784246, 62.58055470095742, 62.247838121519166, 62.110336576591166, 61.972835031663166, 61.835333486735166, 61.503709189301404, 61.09207227067745, 60.77882376968704, 60.341736468332506, 59.904503059234145, 59.483895815296506, 59.069707074743384, 58.63007771444256, 58.167143988765844, 57.71873380740083, 57.230831096844945, 56.736500025016205, 56.3589473008721, 55.98271372951292, 55.606480158153744, 55.238862621646845, 54.92912661072468, 54.5685313277606, 54.213648087659884, 53.95023747506556, 53.707479067964414, 53.2544471371787, 52.83760180120188, 52.43208571298915, 52.026569624776414, 51.71783980895999, 51.68640959098392, 51.83102772925573, 51.981008953582766, 51.97666041514831, 51.799296012287776, 51.64529247175687, 51.41521067317891, 50.99029456573976, 50.572204088744606, 50.09663409941576, 49.611558826293574, 49.16820123921098, 48.75114066310959, 48.355726469425655, 48.016182111747334, 47.67663775406901, 47.40152443902079, 47.12882170268112, 46.85598746051342
2ACE.pdb, 48, 48, 0.02855600016931664, 3.555888201412639, 0.6227895057142883, -, -, -, 1.6548517619534566, 43.1274257605067, , distance, 0.0, 0.4702325481415364, 0.96590506766825, 1.4072192882220356, 1.6434754057103917, 2.1383549830328765, 2.598976129479884, 3.0598640952087797, 3.531410432205444, 4.02014594055451, 4.448150952680952, 4.843452424629698, 5.287386690021623, 5.7408047550838255, 6.195129738545477, 6.648469305443683, 7.0732554367981955, 7.448488440967329, 7.860113038849743, 8.196381535851978, 8.54560343214749, 8.90920904221057, 9.278551923258455, 9.654853501521016, 9.81212199165324, 10.087124461927816, 10.337732190999855, 10.43901956239541, 10.625085217288852, 10.853749411631735, 11.144669398417498, 11.538479382777163, 11.943757825003035, 12.35597812792936, 12.750800645137865, 13.023111885048978, 13.143428159983044, 13.240654356625528, 13.306739974826423, 13.419499880438918, 13.752968988015242, 14.115108666079612, 14.61072318744192, 15.106626740105488, 15.602791765247892, 15.888768746609626, 16.04148251985971, 16.008774340028484, 16.312350036712218, 16.64957274085955, 17.019948170257937, 17.323038136405746, 17.259666613689646, 17.257527702532485, 17.27791334989063, 17.430980933519848, 17.571948481677936, 17.86267514027739, 18.113337177981574, 18.37418853390306, 18.65187732990986, 18.712595915991066, 18.696435693702462, 18.61127782826237, 18.503251562323264, 18.45153339106545, 18.739317446245618, 18.833864246305154, 18.8778085539532, 18.934858572251485, 19.05948846768325, 19.232024566441925, 19.385966712300206, 19.549617063708517, 19.842702072813612, 20.25864450444174, 20.628135493668715, 20.99501618161794, 21.350639489752595, 21.717129788929572, 22.033615268006834, 22.382840497457224, 22.787117134497517, 23.21574529200961, 23.6737644160726, 24.145078804548426, 24.617525044731895, 25.09271903129377, 25.56767232387396, 26.06120182607612
2ACE.pdb, 48, 48, 0.02855600016931664, 3.555888201412639, 0.6227895057142883, -, -, -, 1.6548517619534566, 43.1274257605067, , length, 0.0, 0.5, 1.0, 1.5, 2.0, 2.5, 3.0, 3.5, 4.0, 4.5, 5.0, 5.5, 6.0, 6.5, 7.0, 7.5, 8.0, 8.5, 9.0, 9.5, 10.0, 10.5, 11.0, 11.5, 12.0, 12.5, 13.0, 13.5, 14.0, 14.5, 15.0, 15.5, 16.0, 16.5, 17.0, 17.5, 18.0, 18.5, 19.0, 19.5, 20.0, 20.5, 21.0, 21.5, 22.0, 22.5, 23.0, 23.5, 24.0, 24.5, 25.0, 25.5, 26.0, 26.5, 27.0, 27.5, 28.0, 28.5, 29.0, 29.5, 30.0, 30.5, 31.0, 31.5, 32.0, 32.5, 33.0, 33.5, 34.0, 34.5, 35.0, 35.5, 36.0, 36.5, 37.0, 37.5, 38.0, 38.5, 39.0, 39.5, 40.0, 40.5, 41.0, 41.5, 42.0, 42.5, 43.0, 43.5, 44.0, 44.5
2ACE.pdb, 48, 48, 0.02855600016931664, 3.555888201412639, 0.6227895057142883, -, -, -, 1.6548517619534566, 43.1274257605067, , R, 3.2179875353164493, 2.9559600779101367, 2.74365504753844, 2.64289524802346, 2.7162630707454265, 2.5991526075539872, 2.397054115802257, 2.1556816449933227, 1.9696931332938474, 1.8163112391637508, 1.6609007674089997, 1.4496962803535958, 1.251705097841481, 1.1341665420142153, 1.105406737725684, 1.1644333238397766, 1.253295853704198, 1.3303537762561404, 1.2120234753391959, 0.9743166365505518, 0.8131202583906787, 0.752726291671121, 0.7902804648974531, 0.9082068489204933, 0.9277768993690576, 0.9683177356150763, 0.9701117510749606, 0.9836840770207531, 1.003449869315555, 1.0699528376926017, 1.1328215264482693, 1.141653369905916, 1.2395060193948346, 1.4202973116032123, 1.5860346981685303, 1.643999038892658, 1.5840489612994069, 1.54681651774695, 1.5219685046272633, 1.5535897882569865, 1.4748430946489903, 1.4441616165948776, 1.2542466147029674, 1.145827164143879, 1.1289289645031841, 1.053373534410734, 0.9692472314321989, 1.108490658601068, 1.0428975822374689, 1.0459978899201752, 1.1102996328399115, 1.198995416024995, 1.1051304987945252, 1.018920626648042, 1.002326202850195, 1.008406608423409, 1.0932315348833797, 1.053346724416187, 0.9525538519843635, 0.9508160064767983, 1.038661378706876, 1.0992183131187234, 1.0553883110685573, 1.0476668399477518, 1.0441399362346835, 1.02919619064409, 0.9168976398864173, 0.8162202722653715, 0.7920759137359519, 0.8744654729630623, 0.9171756426437718, 0.8014561651506775, 0.6792668159088264, 0.6646567040849969, 0.6587984307489685, 0.6279352829911153, 0.6812460542801202, 0.7309215062089112, 0.6414803776051881, 0.654053583672801, 0.6240715931187162, 0.6262370658073797, 0.6366921861631689, 0.7581465510326, 0.8882445869096496, 1.0582835920028142, 1.30762277738779, 1.4801174930604755, 1.6034412458467977, 1.6979907699869115
2ACE.pdb, 48, 48, 0.02855600016931664, 3.555888201412639, 0.6227895057142883, -, -, -, 1.6548517619534566, 43.1274257605067, , Upper limit of R overestimation, -, -, -, -, -, -, -, -, -, -, -, -, -, -, -, -, -, -, -, -, -, -, -, -, -, -, -, -, -, -, -, -, -, -, -, -, -, -, -, -, -, -, -, -, -, -, -, -, -, -, -, -, -, -, -, -, -, -, -, -, -, -, -, -, -, -, -, -, -, -, -, -, -, -, -, -, -, -, -, -, -, -, -, -, -, -, -, -, -, -
2ACE.pdb, 49, 49, 0.028442487531939488, 3.559871211910717, 0.6092916175813139, -, -, -, 1.4373442101402094, 42.121939625813305, , X, 3.769402191235131, 3.810541898268034, 3.860642650167368, 4.0655091144455175, 4.0276928988541565, 4.169463725545817, 4.311234552237478, 4.453005378929138, 4.680633674325597, 4.818663567116234, 4.920020885796822, 4.973239096844265, 4.989150143731152, 5.027210702542536, 5.1593994704501664, 5.220495261825218, 5.019345381667645, 4.719951152646158, 4.42055692362467, 4.098064297656671, 3.830286499270554, 3.4993453842793176, 3.157619042055687, 2.8178636124599916, 2.6648990341915355, 2.51813962019054, 2.5924947611548483, 2.8183687043981114, 3.0480011852484767, 3.2686762597399834, 3.514765552353941, 3.843791157921124, 4.1291939132484705, 4.406084638817281, 4.625953745000935, 4.823392817607279, 4.732518667872062, 4.586348876992547, 4.43675914991792, 4.273775091578651, 4.094864100288912, 3.967436838162354, 3.828208035588175, 3.6289834451637857, 3.2773564318566395, 2.8564061348045353, 2.4591637655274576, 2.024127568282357, 1.6662789735198522, 1.6878651232538644, 1.7718337506674462, 1.855802378081028, 1.915610347431991, 1.8136884969516505, 1.6269803725588896, 1.400422204986086, 1.1757718467052063, 1.2348277871384248, 1.4400054743478343, 1.3800450305622933, 1.2510815420442607, 1.4376532383555962, 1.6314404521131305, 1.8274352768620745, 2.017622765615436, 2.1504271542514988, 2.2583630295539794, 2.1961903017953603, 2.1498793667011347, 2.0459060370525335, 2.213815221885789, 2.633747475120145, 2.9259217016196057, 3.002424456926582, 3.265151036460669, 3.5279054143202457, 3.728535602661527, 3.7202955837015925, 3.6427277289883264, 3.441277361643779, 3.541354364513578, 3.741531932467766, 3.8558593761133513, 3.9466269245742254, 4.034945977956383, 4.208593497016669, 4.465536144958565, 4.662782744713341
2ACE.pdb, 49, 49, 0.028442487531939488, 3.559871211910717, 0.6092916175813139, -, -, -, 1.4373442101402094, 42.121939625813305, , Y, 67.70555873545213, 67.2263844970562, 66.749183043259, 66.33864158817838, 65.97840388365793, 65.60912539243715, 65.23984690121635, 64.87056840999557, 64.49911718046351, 64.0295479399657, 63.540220584811664, 63.10033538075315, 62.70149341940313, 62.299238785640554, 61.884397024746626, 61.54325504399547, 61.173718295426404, 60.78304765186825, 60.39237700831009, 60.06929666193617, 59.721174233798614, 59.34727498366859, 59.04807701951955, 58.75749667836148, 58.29089889872563, 57.82044937279549, 57.51055639925814, 57.34053224246623, 57.184187416421906, 57.019212135893085, 57.13078611024905, 57.295775434941696, 57.41667293467659, 57.5264697052164, 57.760430460177744, 58.01332954481206, 57.85569614993099, 57.61933933703008, 57.37842611677447, 57.22594469979783, 57.44664495585448, 57.6651389787346, 57.952057449688226, 58.27088365031685, 58.4636038405176, 58.54216660868729, 58.42867434386514, 58.51891474723106, 58.44051430978256, 58.385696494001344, 58.27516387742505, 58.164631260848765, 58.1176244726371, 58.32521476796034, 58.56761959798694, 58.62507627152913, 58.761885744913435, 58.35643766919722, 58.22189783500721, 57.90831602974191, 57.47168103714809, 57.01055873523563, 56.55238958973301, 56.093281925725, 55.63125165168891, 55.15680606489743, 54.693072412218534, 54.35092554412731, 54.00661813274764, 53.57038499980978, 53.20543837849492, 53.133955818085724, 53.0193980217238, 52.60809638007696, 52.22173025122863, 51.836422613048704, 51.43793894516975, 51.09389121077289, 51.00474238532898, 50.9295782697362, 50.757455462059674, 50.48448201876015, 50.17881111783108, 49.86757348278667, 49.55575731710877, 49.411869908167965, 49.151797141514294, 48.8719327554367
2ACE.pdb, 49, 49, 0.028442487531939488, 3.559871211910717, 0.6092916175813139, -, -, -, 1.4373442101402094, 42.121939625813305, , Z, 64.32331952194659, 64.46006590677239, 64.60055664823427, 64.79043521911402, 64.4937498881505, 64.18791589948857, 63.882081910826656, 63.57624792216473, 63.346591574645416, 63.28025579796747, 63.26336102221164, 63.09196738132165, 62.79084962875695, 62.50002714834595, 62.25444715874557, 61.90296799767354, 61.72874360975355, 61.64076893220094, 61.552794254648326, 61.40387629144786, 61.5012544228558, 61.48131365889284, 61.283513359892694, 61.06835236235426, 60.97938534726806, 60.894893229563564, 60.60685294874273, 60.19774493881107, 59.782022412229125, 59.36486804495029, 58.98678179849065, 58.64837447559862, 58.2589267622611, 57.85755728130813, 57.48123432788479, 57.09778806506363, 56.687164082295304, 56.271508155801335, 55.859990517236405, 55.45592466911829, 55.053761164283664, 54.6224577272088, 54.24796760189396, 53.93588181597664, 53.64219982705952, 53.39253812239171, 53.32358655354187, 53.10223807644473, 52.773420847984845, 52.327642753203456, 51.847297241844096, 51.36695173048474, 50.89644914354942, 50.45314540379272, 50.11007121562032, 49.668064284258925, 49.29360704300474, 49.0623385062667, 48.655814823761126, 48.37545991921733, 48.26363444783886, 48.213065437422735, 48.16386990384967, 48.143015562128014, 48.125577197208905, 48.20341309292536, 48.2416008676313, 47.88233763185783, 47.522968588750054, 47.376618993755216, 47.21091209502607, 47.02951391538674, 46.82629811549412, 46.608871717274745, 46.43083812807014, 46.250669877590546, 46.058847046118814, 45.788338865480554, 45.32666312020736, 44.88164504655911, 44.49801854882015, 44.14007804906129, 43.76127132267608, 43.38070443252087, 42.999954614882554, 42.56250165475027, 42.225251772164306, 41.88891354703299
2ACE.pdb, 49, 49, 0.028442487531939488, 3.559871211910717, 0.6092916175813139, -, -, -, 1.4373442101402094, 42.121939625813305, , distance, 0.0, 0.4999999999999955, 0.9999198518662968, 1.4745639599638771, 1.7546579385860284, 2.1385546834052978, 2.5628124758527604, 3.0104151605481784, 3.4735583692191234, 3.96257324673373, 4.449435617088548, 4.916658777685624, 5.373724846736709, 5.84249713140522, 6.332317818431571, 6.777739991052015, 7.1385657997525245, 7.484703113479246, 7.84744797475304, 8.181910902211081, 8.4686571658508, 8.832374271957896, 9.196014886144301, 9.569119680224892, 10.051748247433045, 10.537321859736577, 10.914912162895343, 11.196365684203009, 11.482293032451249, 11.791309136567728, 11.84775467193989, 11.856395884121776, 11.948534665320079, 12.075814646515182, 12.101792709293955, 12.135011650541623, 12.500330243626948, 12.931778296756452, 13.36873110194184, 13.73708097940932, 13.830254861627894, 13.962663290829244, 14.023086741927981, 14.033234605098242, 14.133016565681618, 14.29277086756688, 14.448925016183066, 14.606610834907164, 14.955411557603727, 15.33260871166951, 15.766222083513517, 16.20366093412765, 16.60258641858228, 16.858155268900955, 17.032566757433962, 17.402405984076836, 17.6807370356956, 18.075609911766062, 18.46176092920002, 18.868736528560003, 19.209051936925583, 19.477175484443407, 19.750743640450175, 20.01045837641823, 20.278670546355784, 20.492526858284943, 20.741979523107908, 21.23975303138282, 21.737884425448808, 22.13513574212901, 22.483501264936006, 22.642814214958268, 22.859145520856096, 23.28783556798138, 23.66736369319906, 24.052202957988527, 24.458701489235256, 24.889664870081244, 25.294392019292857, 25.68111938558773, 26.08318939569884, 26.53166968711754, 27.01836751259642, 27.510329937393685, 28.003065831936592, 28.432114486296406, 28.862627566460006, 29.305394858552646
2ACE.pdb, 49, 49, 0.028442487531939488, 3.559871211910717, 0.6092916175813139, -, -, -, 1.4373442101402094, 42.121939625813305, , length, 0.0, 0.5, 1.0, 1.5, 2.0, 2.5, 3.0, 3.5, 4.0, 4.5, 5.0, 5.5, 6.0, 6.5, 7.0, 7.5, 8.0, 8.5, 9.0, 9.5, 10.0, 10.5, 11.0, 11.5, 12.0, 12.5, 13.0, 13.5, 14.0, 14.5, 15.0, 15.5, 16.0, 16.5, 17.0, 17.5, 18.0, 18.5, 19.0, 19.5, 20.0, 20.5, 21.0, 21.5, 22.0, 22.5, 23.0, 23.5, 24.0, 24.5, 25.0, 25.5, 26.0, 26.5, 27.0, 27.5, 28.0, 28.5, 29.0, 29.5, 30.0, 30.5, 31.0, 31.5, 32.0, 32.5, 33.0, 33.5, 34.0, 34.5, 35.0, 35.5, 36.0, 36.5, 37.0, 37.5, 38.0, 38.5, 39.0, 39.5, 40.0, 40.5, 41.0, 41.5, 42.0, 42.5, 43.0, 43.5
2ACE.pdb, 49, 49, 0.028442487531939488, 3.559871211910717, 0.6092916175813139, -, -, -, 1.4373442101402094, 42.121939625813305, , R, 3.2179875353172602, 3.0886906603246342, 3.0044771840404763, 2.8550514373308205, 2.7768446108163984, 2.5771852974224747, 2.4310734127990994, 2.3445872826526926, 2.2094786320146502, 2.0730823481864995, 1.9924788905642785, 1.867169655813591, 1.709980277518023, 1.6219521014793754, 1.5983900448776565, 1.579408158408091, 1.3651321588541498, 1.1095625054259424, 0.930553073456994, 0.8023720428998216, 0.7628315812478079, 0.7935267105074066, 0.8821158266618072, 1.033610085999499, 1.1006596376584632, 1.2526187425735622, 1.2003819831198395, 1.0278577184956745, 0.9376299501077083, 0.9444127402667037, 0.8869453202586857, 0.7888488023095008, 0.7464069573112271, 0.7876358665750263, 0.8416426271158648, 0.9708087707243682, 0.8988996298883047, 0.8704472794401643, 0.941646916822084, 1.064727727138251, 0.9689569634262107, 0.9283060049839742, 0.9287929577835925, 0.9366537661407772, 0.9186027638444254, 0.9120284803874874, 0.840014603682997, 0.9762003086717947, 1.0039466354819524, 0.9164565555258455, 0.8392671184059313, 0.8666214875882603, 0.9491721862219018, 0.9777685647078291, 0.9948394267119847, 1.061153561512366, 1.1897138864829189, 1.3027088772221456, 1.2515396796201008, 1.210409698177617, 1.1933412993016668, 0.9273401783351538, 0.7355755597515725, 0.6247284210851682, 0.6214991893232451, 0.6875137884704849, 0.8259649679179302, 0.8125222166787922, 0.8970519281255838, 0.8905909891360251, 0.8700892113971768, 0.9072626715277532, 0.9517763796159704, 0.9221517606579734, 0.9549244331911089, 1.0829184307071031, 1.2682644887678216, 1.3467045357568166, 1.1741584185996978, 1.0217046241268304, 0.873223753956081, 0.7393739435912758, 0.6489208349200304, 0.6568271534244965, 0.7748139252198865, 0.9312646876275479, 1.0707678855639324, 1.2371858644117433
2ACE.pdb, 49, 49, 0.028442487531939488, 3.559871211910717, 0.6092916175813139, -, -, -, 1.4373442101402094, 42.121939625813305, , Upper limit of R overestimation, -, -, -, -, -, -, -, -, -, -, -, -, -, -, -, -, -, -, -, -, -, -, -, -, -, -, -, -, -, -, -, -, -, -, -, -, -, -, -, -, -, -, -, -, -, -, -, -, -, -, -, -, -, -, -, -, -, -, -, -, -, -, -, -, -, -, -, -, -, -, -, -, -, -, -, -, -, -, -, -, -, -, -, -, -, -, -, -
2ACE.pdb, 50, 50, 0.028142643231778855, 3.570469300229608, 0.6166270396637663, -, -, -, 1.3308961822739045, 37.4239786381351, , X, 3.769402191235131, 3.8663376717312268, 3.9632731522273223, 4.071811916927313, 3.9332230443294267, 3.6957264983735567, 3.4864284720463696, 3.3970957703758096, 3.4118871675311637, 3.4316513366688435, 3.4772592553317336, 3.5266450878321014, 3.5522530131607306, 3.8105970025848923, 3.9802310327990065, 4.14986506301312, 4.341993866693923, 4.644557825629377, 5.009051388195115, 5.371858619857378, 5.774492191266887, 6.22057206267589, 6.667562789441061, 7.1065830251009015, 7.544170540833886, 7.599492215792314, 7.608861196112208, 7.626922864887629, 7.644984533663048, 7.491383032926414, 7.447360071506213, 7.6773114052167, 7.652078635549637, 7.503485546065288, 7.362321833454402, 7.227584930398169, 7.1124280121378005, 7.007167818872633, 6.901907625607465, 6.796647432342297, 6.69965278977447, 6.670177719963775, 6.798163993072561, 6.761379420555977, 6.649577491452063, 6.593992441335034, 6.699065736006575, 6.771753096930098, 6.915969853227131, 7.097801178957065, 7.359312297241288, 7.509195417596928, 7.2527566283181555, 7.0373836764923645, 7.010237278251894, 7.003420460679945, 7.23225780282658, 7.4673293711073425, 7.678004592320072, 7.8585023366214655, 8.083091159761539, 8.308352856598113, 8.364629988696423, 8.274432469494299, 8.430817913936535, 8.833491136344625, 9.230085515209563, 9.624554693039146, 10.018228265082698, 10.174779610071848, 10.299229472744235, 10.216199931206987, 10.01518196431612, 9.814969202507921, 9.716717320211368, 9.635705699450721, 9.554694078690074, 9.473117181454784, 9.632916241594414
2ACE.pdb, 50, 50, 0.028142643231778855, 3.570469300229608, 0.6166270396637663, -, -, -, 1.3308961822739045, 37.4239786381351, , Y, 67.70555873545213, 67.83667850329628, 67.96779827114045, 68.03926808826525, 68.11036097511669, 68.26132394347039, 68.42483147387273, 68.55826414164866, 68.49670163329714, 68.44239992280221, 68.42712835758861, 68.4968032082355, 68.56333288796739, 68.70264123613842, 68.88124386155361, 69.05984648696881, 69.29344564372695, 69.57837070065936, 69.82246263947847, 70.06921355491701, 70.28780590088229, 70.48138326141577, 70.67400713694964, 70.73206237423601, 70.78539046623028, 71.19275188748166, 71.65566601068048, 72.12024146083203, 72.5848169109836, 72.95744986790146, 73.22477202216534, 73.15306448430351, 73.18307027689546, 73.19716646479924, 73.20722714952278, 73.20737696009479, 73.51503171594703, 73.93071294418189, 74.34639417241674, 74.7620754006516, 75.17578185524208, 75.5912786516052, 76.01673135449161, 76.45293220452784, 76.9399512615309, 77.4217496636451, 77.88179681816231, 78.33960710338036, 78.76909762180772, 79.21883459360355, 79.64487709877073, 80.01984245691162, 80.44901674885102, 80.88402925138085, 81.35356426032875, 81.84313928434052, 82.12053996276485, 82.44523272990389, 82.88489517181043, 83.27503136995084, 83.60941941227411, 83.98639570678402, 84.21384506602244, 84.41197714771913, 84.60085865016048, 84.79987281960499, 85.01111786170556, 85.20975383320034, 85.40366938090295, 85.83024613988651, 86.28704193111838, 86.74867172226757, 87.20591153397012, 87.66333095948929, 87.97756098161825, 88.26663235187927, 88.55570372214028, 88.84429685042481, 89.05350201000395
2ACE.pdb, 50, 50, 0.028142643231778855, 3.570469300229608, 0.6166270396637663, -, -, -, 1.3308961822739045, 37.4239786381351, , Z, 64.32331952194659, 63.85065566771032, 63.37799181347405, 62.89627456567708, 62.450496639106206, 62.06249903243013, 61.638874314232, 61.1932970804792, 60.69737921845385, 60.20072974261035, 59.70796924994886, 59.22061546759909, 58.769125690908055, 58.404990876733876, 57.969875492050555, 57.53476010736723, 57.22785586645924, 57.06340366811009, 56.82347957959111, 56.583834572596665, 56.399804060016386, 56.28344017467124, 56.16926756081331, 55.93802192454948, 55.702183057380815, 55.502113715306336, 55.313677817128685, 55.129711985416606, 54.94574615370453, 54.700170148636225, 54.430273356278825, 54.040456294181524, 53.566192957459556, 53.088991332101806, 52.60960043789608, 52.12817411029922, 51.81355688501496, 51.556400496397174, 51.29924410777939, 51.0420877191616, 50.77884702617401, 50.7037316215456, 50.91726520665283, 51.03695788415055, 51.03027840222608, 50.98215757709485, 50.81688138895066, 50.65419463373032, 50.515698732384045, 50.450692952126445, 50.44646208524758, 50.37239886434856, 50.37936840461712, 50.420758857612746, 50.584127975042286, 50.68546812928558, 51.01081505140063, 51.243980523350125, 51.300923011335215, 51.37113117081471, 51.098205630979585, 51.10135563479026, 50.88490954606784, 50.470045346720475, 50.13483695187249, 49.915454062458096, 49.696163317462634, 49.46208064904961, 49.222460368118156, 49.05228404710097, 48.89178298915008, 48.834633455401814, 48.815966170576225, 48.78984493081136, 48.44102056262776, 48.041177017979166, 47.64133347333057, 47.24207771828349, 46.98595566394994
2ACE.pdb, 50, 50, 0.028142643231778855, 3.570469300229608, 0.6166270396637663, -, -, -, 1.3308961822739045, 37.4239786381351, , distance, 0.0, 0.4999999999999964, 1.0000000000000033, 1.4964193535110413, 1.9230620571465042, 2.3292943910076356, 2.793505588182778, 3.2653880420034844, 3.728426901721109, 4.2015184235968, 4.680541458829089, 5.169389470064842, 5.6242332255168925, 6.001873414060171, 6.464745575596379, 6.932776228610276, 7.293480002482848, 7.548489931517554, 7.890856191273298, 8.249506530237205, 8.571492495886957, 8.851728388080195, 9.14874768207146, 9.518913592968829, 9.902435736913727, 10.229554123170656, 10.560229002495051, 10.90377498159078, 11.2590488547298, 11.577586350965406, 11.910560520366511, 12.275355370392086, 12.680460598190912, 13.050335774645252, 13.430883875377555, 13.818487733673289, 14.192249969003957, 14.568112183358291, 14.951248308791197, 15.341113368831845, 15.743040913953829, 16.002882610355954, 16.061484385334612, 16.186286662436267, 16.440023032108538, 16.744231193841625, 17.16282672061949, 17.576748017253298, 17.97089793554445, 18.332581071770562, 18.65481036806192, 18.98040632186622, 19.208416203218842, 19.43278109671051, 19.635082154929435, 19.907813756204273, 19.925005095327197, 20.04998163417018, 20.37822951724474, 20.661277821049673, 21.129229384291307, 21.45898540618714, 21.776833993086623, 22.16557960775563, 22.549789209415867, 22.92263418436826, 23.307834255188943, 23.696752471102837, 24.089559873596297, 24.550716442910563, 25.020840949900165, 25.37914004446769, 25.68562890420933, 26.00289186817079, 26.430513664041676, 26.875256829101023, 27.321910744221178, 27.769541503925897, 28.11938236549323
2ACE.pdb, 50, 50, 0.028142643231778855, 3.570469300229608, 0.6166270396637663, -, -, -, 1.3308961822739045, 37.4239786381351, , length, 0.0, 0.5, 1.0, 1.5, 2.0, 2.5, 3.0, 3.5, 4.0, 4.5, 5.0, 5.5, 6.0, 6.5, 7.0, 7.5, 8.0, 8.5, 9.0, 9.5, 10.0, 10.5, 11.0, 11.5, 12.0, 12.5, 13.0, 13.5, 14.0, 14.5, 15.0, 15.5, 16.0, 16.5, 17.0, 17.5, 18.0, 18.5, 19.0, 19.5, 20.0, 20.5, 21.0, 21.5, 22.0, 22.5, 23.0, 23.5, 24.0, 24.5, 25.0, 25.5, 26.0, 26.5, 27.0, 27.5, 28.0, 28.5, 29.0, 29.5, 30.0, 30.5, 31.0, 31.5, 32.0, 32.5, 33.0, 33.5, 34.0, 34.5, 35.0, 35.5, 36.0, 36.5, 37.0, 37.5, 38.0, 38.5, 39.0
2ACE.pdb, 50, 50, 0.028142643231778855, 3.570469300229608, 0.6166270396637663, -, -, -, 1.3308961822739045, 37.4239786381351, , R, 3.2179875353164493, 3.062849713592039, 2.958448069356962, 2.872342332319899, 2.6884946197510753, 2.527675371241329, 2.37492725664789, 2.170053902400722, 1.878997885391391, 1.6364125060393584, 1.4377104227055066, 1.241764584807131, 1.1194104138430059, 1.1280903465089396, 1.1463163058641888, 1.2559868159918661, 1.3718789396111437, 1.161930466601929, 0.9276602648512173, 0.7781653565983428, 0.6630143647249276, 0.6172429493206852, 0.6856671407868844, 0.7377926935602304, 0.8906399113287291, 0.8409519281961995, 0.8476592362848296, 0.9536843246997244, 1.1506587234922843, 1.2259412074704836, 1.3511000834207443, 1.4108414357137584, 1.2580266150888444, 1.0869757497561565, 1.001677729613509, 1.0028410650632407, 0.8712113904168768, 0.7558108470426728, 0.7473195869516793, 0.846888507562706, 1.0367176828384754, 1.1625570782987835, 1.0989784507350016, 1.019964726732912, 0.8900601134732624, 0.8126324754401777, 0.7029083360852888, 0.7047669644348913, 0.7830574048445711, 0.8821193756126053, 0.9841872945131902, 1.0463073575975241, 0.9989327222873574, 1.0152702485199043, 0.9611173451721524, 0.9694050309938635, 0.8819019115137161, 0.8150747042208382, 0.7499405339184468, 0.7652458173155279, 0.8808337880900057, 1.0570776988435626, 1.1297506895256686, 1.1375921656383912, 1.0246032984386124, 0.799020721666651, 0.6593924230404453, 0.6211048481550168, 0.6947096585097485, 0.6909207051262269, 0.773370199618725, 0.8209838416351753, 0.8848045638215485, 1.0442511897203706, 1.13537850403061, 1.2891357457277373, 1.5183305080558345, 1.8066566004275884, 1.8524633268008937
2ACE.pdb, 50, 50, 0.028142643231778855, 3.570469300229608, 0.6166270396637663, -, -, -, 1.3308961822739045, 37.4239786381351, , Upper limit of R overestimation, -, -, -, -, -, -, -, -, -, -, -, -, -, -, -, -, -, -, -, -, -, -, -, -, -, -, -, -, -, -, -, -, -, -, -, -, -, -, -, -, -, -, -, -, -, -, -, -, -, -, -, -, -, -, -, -, -, -, -, -, -, -, -, -, -, -, -, -, -, -, -, -, -, -, -, -, -, -, -
2ACE.pdb, 51, 51, 0.02608199310434598, 3.646510122131099, 0.6166270396637663, -, -, -, 1.8952076717084334, 40.39219618425635, , X, 3.769402191235131, 3.8663376717312268, 3.9632731522273223, 4.071811916927313, 3.9332230443294267, 3.6957264983735567, 3.4864284720463696, 3.3970957703758096, 3.4118871675311637, 3.4316513366688435, 3.4772592553317336, 3.5266450878321014, 3.5522530131607306, 3.8105970025848923, 3.9802310327990065, 4.14986506301312, 4.341993866693923, 4.644557825629377, 5.009051388195115, 5.371858619857378, 5.774492191266887, 6.22057206267589, 6.667562789441061, 7.1065830251009015, 7.544170540833886, 7.599492215792314, 7.608861196112208, 7.626922864887629, 7.644984533663048, 7.491383032926414, 7.160146864082264, 6.723156333138553, 6.2344001618363425, 5.745484146294389, 5.2686473213481415, 4.871954301453587, 4.43162379943529, 4.057128578357328, 3.676588810233854, 3.2761306544877953, 2.815264734134318, 2.368868234617065, 2.080555803122486, 1.8591759508761738, 1.5781344053702564, 1.2547543266182335, 1.06591010782663, 0.8747222038338253, 0.7818165050781443, 0.524439986095804, 0.16776009332987518, -0.1885788658172017, -0.3826042883583408, -0.5647461797380717, -0.7418144335897716, -0.9310802216722432, -1.254475803665335, -1.5535601630195355, -1.8967326535297735, -2.11261045125969, -2.406923922545631, -2.7012373938315717, -2.9955508651175125, -3.387909635696803, -3.7105388606504954, -4.0372137268067405, -4.361741586915246, -4.6821164431326725, -4.8209641634091005, -4.849582553333819, -4.868481306454283, -4.932869826391345, -4.982252524631146, -5.040591555862321, -5.1420969828241665, -5.24668494591611, -5.351795647860139, -5.456906349804168, -5.562017051748197, -5.5792329594047425, -5.47353546278931, -5.351757401754122, -5.229979340718934, -5.108201279683747
2ACE.pdb, 51, 51, 0.02608199310434598, 3.646510122131099, 0.6166270396637663, -, -, -, 1.8952076717084334, 40.39219618425635, , Y, 67.70555873545213, 67.83667850329628, 67.96779827114045, 68.03926808826525, 68.11036097511669, 68.26132394347039, 68.42483147387273, 68.55826414164866, 68.49670163329714, 68.44239992280221, 68.42712835758861, 68.4968032082355, 68.56333288796739, 68.70264123613842, 68.88124386155361, 69.05984648696881, 69.29344564372695, 69.57837070065936, 69.82246263947847, 70.06921355491701, 70.28780590088229, 70.48138326141577, 70.67400713694964, 70.73206237423601, 70.78539046623028, 71.19275188748166, 71.65566601068048, 72.12024146083203, 72.5848169109836, 72.95744986790146, 73.22075297498226, 73.23704102294275, 73.24629885523068, 73.25543596133751, 73.26866740652562, 73.41505973979594, 73.52885019951263, 73.49131219712856, 73.59716676388824, 73.72735539901771, 73.78155566365311, 73.92249986983715, 74.02318719108689, 74.24269296865415, 74.44269826027768, 74.57890563922152, 74.58809977160284, 74.59679998570289, 74.86641704697509, 75.18699266090503, 75.50416723163809, 75.82171867038488, 75.77066086598559, 75.68869761760199, 75.58683830994586, 75.48916505899406, 75.43303454533127, 75.58335755115196, 75.7189313450373, 76.02376452802359, 76.35596919604426, 76.68817386406494, 77.0203785320856, 77.21786174318484, 77.58079383217274, 77.77445499505373, 78.01020819015726, 78.25563973048587, 78.66308223641185, 79.14148520129517, 79.63995465016508, 80.13345386986585, 80.58197518329303, 80.89391526774882, 81.19977425431868, 81.50549684406455, 81.81119630353191, 82.11689576299928, 82.42259522246664, 82.79879389494594, 82.92986913720442, 82.96918775171703, 83.00850636622962, 83.04782498074223
2ACE.pdb, 51, 51, 0.02608199310434598, 3.646510122131099, 0.6166270396637663, -, -, -, 1.8952076717084334, 40.39219618425635, , Z, 64.32331952194659, 63.85065566771032, 63.37799181347405, 62.89627456567708, 62.450496639106206, 62.06249903243013, 61.638874314232, 61.1932970804792, 60.69737921845385, 60.20072974261035, 59.70796924994886, 59.22061546759909, 58.769125690908055, 58.404990876733876, 57.969875492050555, 57.53476010736723, 57.22785586645924, 57.06340366811009, 56.82347957959111, 56.583834572596665, 56.399804060016386, 56.28344017467124, 56.16926756081331, 55.93802192454948, 55.702183057380815, 55.502113715306336, 55.313677817128685, 55.129711985416606, 54.94574615370453, 54.700170148636225, 54.503698003156, 54.63980942040248, 54.74450242434534, 54.84879836404854, 54.97886949426052, 55.08117460811237, 55.10229020368318, 54.7733420451751, 54.47984751366888, 54.22006589031699, 54.03409226104946, 53.881770461368404, 53.667269467232984, 53.301572747551624, 52.93961483145884, 52.600765939927115, 52.13789087151368, 51.67603829906767, 51.289592225442604, 51.06415986987735, 50.91523120985252, 50.76632631804506, 50.33104754636728, 49.872673946212316, 49.41698601122922, 48.96926955646361, 48.6951096125935, 48.323691330988076, 47.987044980118576, 47.730462674755195, 47.500202736500846, 47.269942798246504, 47.03968285999216, 47.254362903698976, 47.373367239770985, 47.690022032060746, 47.98852177914921, 48.27569951547409, 48.14425229195847, 48.02959489083707, 48.00410654260836, 47.956673306926184, 48.011081922055375, 48.39381278624557, 48.776104466290725, 49.15767143618517, 49.539115509173854, 49.92055958216254, 50.30200365515122, 50.61165281460151, 51.039480660535276, 51.52282748260336, 52.00617430467145, 52.48952112673953
2ACE.pdb, 51, 51, 0.02608199310434598, 3.646510122131099, 0.6166270396637663, -, -, -, 1.8952076717084334, 40.39219618425635, , distance, 0.0, 0.4999999999999964, 1.0000000000000033, 1.4964193535110413, 1.9230620571465042, 2.3292943910076356, 2.793505588182778, 3.2653880420034844, 3.728426901721109, 4.2015184235968, 4.680541458829089, 5.169389470064842, 5.6242332255168925, 6.001873414060171, 6.464745575596379, 6.932776228610276, 7.293480002482848, 7.548489931517554, 7.890856191273298, 8.249506530237205, 8.571492495886957, 8.851728388080195, 9.14874768207146, 9.518913592968829, 9.902435736913727, 10.229554123170656, 10.560229002495051, 10.90377498159078, 11.2590488547298, 11.577586350965406, 11.761780635111448, 11.536564814291161, 11.337096323983918, 11.156728386358152, 10.97791694112607, 10.919307005605337, 10.925961862556559, 11.169592624621094, 11.472297096143059, 11.772046797873823, 11.987339762638713, 12.232652991747536, 12.502641088771963, 12.956156460584424, 13.408185409165869, 13.819718304867727, 14.253522791020542, 14.690884947109376, 15.168441160167731, 15.566211741228535, 15.92378574532767, 16.288945050801324, 16.675392205915387, 17.068582427043875, 17.45463897937062, 17.844492502071372, 18.14370903290489, 18.61133376881862, 19.057625522742516, 19.47083764724632, 19.899594563137164, 20.331606155664428, 20.766669303498453, 20.810100940035813, 20.994539021450706, 20.952148084754615, 20.955355325629927, 20.982337431777584, 21.345349184624823, 21.692228435863996, 21.98543948693711, 22.317016468793284, 22.549560002786677, 22.4788327697328, 22.432667384546377, 22.39921875707714, 22.377174743770166, 22.366289323422745, 22.366578788113383, 22.432399128333888, 22.218728554555664, 21.909507514233017, 21.607432527985324, 21.312807449668476
2ACE.pdb, 51, 51, 0.02608199310434598, 3.646510122131099, 0.6166270396637663, -, -, -, 1.8952076717084334, 40.39219618425635, , length, 0.0, 0.5, 1.0, 1.5, 2.0, 2.5, 3.0, 3.5, 4.0, 4.5, 5.0, 5.5, 6.0, 6.5, 7.0, 7.5, 8.0, 8.5, 9.0, 9.5, 10.0, 10.5, 11.0, 11.5, 12.0, 12.5, 13.0, 13.5, 14.0, 14.5, 15.0, 15.5, 16.0, 16.5, 17.0, 17.5, 18.0, 18.5, 19.0, 19.5, 20.0, 20.5, 21.0, 21.5, 22.0, 22.5, 23.0, 23.5, 24.0, 24.5, 25.0, 25.5, 26.0, 26.5, 27.0, 27.5, 28.0, 28.5, 29.0, 29.5, 30.0, 30.5, 31.0, 31.5, 32.0, 32.5, 33.0, 33.5, 34.0, 34.5, 35.0, 35.5, 36.0, 36.5, 37.0, 37.5, 38.0, 38.5, 39.0, 39.5, 40.0, 40.5, 41.0, 41.5
2ACE.pdb, 51, 51, 0.02608199310434598, 3.646510122131099, 0.6166270396637663, -, -, -, 1.8952076717084334, 40.39219618425635, , R, 3.2179875353164493, 3.062849713592039, 2.958448069356962, 2.872342332319899, 2.6884946197510753, 2.527675371241329, 2.37492725664789, 2.170053902400722, 1.878997885391391, 1.6364125060393584, 1.4377104227055066, 1.241764584807131, 1.1194104138430059, 1.1280903465089396, 1.1463163058641888, 1.2559868159918661, 1.3718789396111437, 1.161930466601929, 0.9276602648512173, 0.7781653565983428, 0.6630143647249276, 0.6172429493206852, 0.6856671407868844, 0.7377926935602304, 0.8906399113287291, 0.8409519281961995, 0.8476592362848296, 0.9536843246997244, 1.1506587234922843, 1.2259412074704836, 1.1873508842330596, 0.9874770082545377, 0.8220858826188517, 0.7563945071456599, 0.7713338169661195, 0.7984514998161485, 0.8536413726861358, 0.7678522801092256, 0.7420574420123254, 0.777190011782189, 0.8176488415352483, 0.9244604890616017, 0.8859761720862704, 0.9264099834148753, 1.0327400869743801, 1.1459782847378635, 1.2251258119551949, 1.3887010644511917, 1.3942036703332645, 1.3049120197053439, 1.232585057956594, 1.2498339594628973, 1.0747343653983075, 0.9648646901796925, 0.9380162511031176, 1.0058612417458113, 1.005570776639698, 0.9600976486208066, 0.9929949538424361, 0.8700303810464902, 0.7086132047692693, 0.6528295861891049, 0.7106187493082352, 0.6781425950709132, 0.6955267359002102, 0.725111480082878, 0.8559025106390057, 1.0755862172425297, 1.1870663567727457, 1.0992208306698643, 1.0398637312437042, 1.0525163980453471, 1.074884752471386, 0.8720279684489296, 0.7304816077045619, 0.693611234999405, 0.767841001446826, 0.9434037825916488, 1.200753561841359, 1.4449712580356313, 1.5897979702766674, 1.774669777087801, 2.021024493585826, 2.3170379185373777
2ACE.pdb, 51, 51, 0.02608199310434598, 3.646510122131099, 0.6166270396637663, -, -, -, 1.8952076717084334, 40.39219618425635, , Upper limit of R overestimation, -, -, -, -, -, -, -, -, -, -, -, -, -, -, -, -, -, -, -, -, -, -, -, -, -, -, -, -, -, -, -, -, -, -, -, -, -, -, -, -, -, -, -, -, -, -, -, -, -, -, -, -, -, -, -, -, -, -, -, -, -, -, -, -, -, -, -, -, -, -, -, -, -, -, -, -, -, -, -, -, -, -, -, -
2ACE.pdb, 52, 52, 0.02311788184491454, 3.767148855079324, 0.684186108089579, -, -, -, 1.8549410561784025, 55.78931934955441, , X, 3.769402191235131, 3.810541898268034, 3.860642650167368, 4.0655091144455175, 4.0276928988541565, 4.169463725545817, 4.311234552237478, 4.453005378929138, 4.680633674325597, 4.818663567116234, 4.920020885796822, 4.973239096844265, 4.989150143731152, 5.027210702542536, 5.1593994704501664, 5.220495261825218, 5.019345381667645, 4.719951152646158, 4.42055692362467, 4.098064297656671, 3.830286499270554, 3.4993453842793176, 3.157619042055687, 2.8178636124599916, 2.6648990341915355, 2.51813962019054, 2.5924947611548483, 2.8183687043981114, 3.0480011852484767, 3.2686762597399834, 3.514765552353941, 3.843791157921124, 4.1291939132484705, 4.406084638817281, 4.625953745000935, 4.823392817607279, 4.732518667872062, 4.586348876992547, 4.43675914991792, 4.273775091578651, 4.094864100288912, 3.967436838162354, 3.828208035588175, 3.6289834451637857, 3.2773564318566395, 2.8564061348045353, 2.4591637655274576, 2.024127568282357, 1.6662789735198522, 1.6878651232538644, 1.7718337506674462, 1.855802378081028, 1.915610347431991, 1.8136884969516505, 1.6255501977756597, 1.3930878516439134, 1.1606255055121673, 1.2809332417455233, 1.2347066663454167, 1.494355276415895, 1.6665434689385956, 1.7990231031945263, 1.830553700329709, 2.151815431262513, 2.522159911864022, 2.7498699453243063, 2.875422133865687, 2.9700806108301476, 2.6146616273385375, 2.2540883107806757, 1.893514994222814, 1.5400923532770188, 1.4141500044758522, 1.1892178102513062, 0.8449325051088666, 0.5973896938141389, 0.5085066648148926, 0.42090593275518173, 0.13683652177326494, -0.2566321033373335, -0.6561959057519515, -1.0560716612507801, -1.4573113421812574, -1.875142137214426, -2.1878672569852986, -2.5755438518341793, -2.600361773193013, -2.362765886722998, -2.0187030014264185, -1.8013777408531635, -1.6397302646883947, -1.347587514655908, -1.1940796055626728, -1.1047846602812623, -1.050234132118527, -0.9468796199824228, -0.8421513820318872, -0.9335826134655577, -1.0284161209921876, -0.9666963723231723, -0.8196206840459163, -0.6246090465568337, -0.3958220092007983, -0.04040743756881733, 0.24218373673550697, 0.5428308397849921, 0.848439484318031, 1.1155978722291255, 1.3628419983463962, 1.679035619447261, 2.174254946553278, 2.6404141576893947, 2.975164177630109, 3.3103579410121178, 3.63814744454548, 3.9987283169809946
2ACE.pdb, 52, 52, 0.02311788184491454, 3.767148855079324, 0.684186108089579, -, -, -, 1.8549410561784025, 55.78931934955441, , Y, 67.70555873545213, 67.2263844970562, 66.749183043259, 66.33864158817838, 65.97840388365793, 65.60912539243715, 65.23984690121635, 64.87056840999557, 64.49911718046351, 64.0295479399657, 63.540220584811664, 63.10033538075315, 62.70149341940313, 62.299238785640554, 61.884397024746626, 61.54325504399547, 61.173718295426404, 60.78304765186825, 60.39237700831009, 60.06929666193617, 59.721174233798614, 59.34727498366859, 59.04807701951955, 58.75749667836148, 58.29089889872563, 57.82044937279549, 57.51055639925814, 57.34053224246623, 57.184187416421906, 57.019212135893085, 57.13078611024905, 57.295775434941696, 57.41667293467659, 57.5264697052164, 57.760430460177744, 58.01332954481206, 57.85569614993099, 57.61933933703008, 57.37842611677447, 57.22594469979783, 57.44664495585448, 57.6651389787346, 57.952057449688226, 58.27088365031685, 58.4636038405176, 58.54216660868729, 58.42867434386514, 58.51891474723106, 58.44051430978256, 58.385696494001344, 58.27516387742505, 58.164631260848765, 58.1176244726371, 58.32521476796034, 58.652104407539596, 59.05833901156005, 59.464573615580505, 59.84983192548456, 60.3181391712292, 60.67098024964718, 61.133097886010454, 61.60938099512472, 62.02556697539312, 62.1934326890092, 62.27561343181732, 62.415246685389825, 62.58567485683171, 62.75355140374759, 62.92741131602053, 63.1001518771602, 63.27289243829987, 63.446200383984525, 63.79658614931559, 64.19463593224366, 64.55644299807388, 64.95588269724978, 65.4310766908515, 65.90815097645144, 66.13097847606063, 66.31932417442563, 66.49210429855624, 66.67381998336563, 66.84029205930342, 66.9706332903126, 67.20937849975662, 67.41653640050274, 67.66542554129474, 67.87539571268273, 68.0429218347986, 68.08455650304681, 68.07175148470863, 68.02657779448083, 67.88263211534206, 67.63625046435205, 67.3588350047379, 67.10978398970684, 67.1022787518824, 67.16463447264859, 67.21499353220841, 67.32033468649446, 67.20716171417455, 67.08698004508977, 66.96296263682848, 66.73050387309011, 66.37638414501598, 66.0321130954638, 65.69054833855013, 65.37415433357019, 65.07079683309225, 64.86395155429629, 64.89021143228055, 64.882883688622, 64.83598107579063, 64.78996283576039, 64.70215318592011, 64.48946306397278
2ACE.pdb, 52, 52, 0.02311788184491454, 3.767148855079324, 0.684186108089579, -, -, -, 1.8549410561784025, 55.78931934955441, , Z, 64.32331952194659, 64.46006590677239, 64.60055664823427, 64.79043521911402, 64.4937498881505, 64.18791589948857, 63.882081910826656, 63.57624792216473, 63.346591574645416, 63.28025579796747, 63.26336102221164, 63.09196738132165, 62.79084962875695, 62.50002714834595, 62.25444715874557, 61.90296799767354, 61.72874360975355, 61.64076893220094, 61.552794254648326, 61.40387629144786, 61.5012544228558, 61.48131365889284, 61.283513359892694, 61.06835236235426, 60.97938534726806, 60.894893229563564, 60.60685294874273, 60.19774493881107, 59.782022412229125, 59.36486804495029, 58.98678179849065, 58.64837447559862, 58.2589267622611, 57.85755728130813, 57.48123432788479, 57.09778806506363, 56.687164082295304, 56.271508155801335, 55.859990517236405, 55.45592466911829, 55.053761164283664, 54.6224577272088, 54.24796760189396, 53.93588181597664, 53.64219982705952, 53.39253812239171, 53.32358655354187, 53.10223807644473, 52.773420847984845, 52.327642753203456, 51.847297241844096, 51.36695173048474, 50.89644914354942, 50.45314540379272, 50.17453475488225, 49.998652111829365, 49.82276946877648, 49.71828768349146, 49.63816170029335, 49.53746310776371, 49.45690171433663, 49.38480551679133, 49.327142776890724, 49.10474388267076, 48.77995168723936, 48.36600621158932, 47.9131022783661, 47.46400749929964, 47.15848892105497, 46.85824305193498, 46.557997182814994, 46.249833978983425, 46.02695603409756, 45.99287744318154, 46.014983240004156, 46.08690542424646, 46.21453957171791, 46.33564986304413, 46.37041650328785, 46.126063604878645, 45.88041120003199, 45.64165442700888, 45.39591208676233, 45.1541920209404, 44.93338360100103, 44.702018535423804, 44.348670852302405, 43.98169307584734, 43.65989231548433, 43.23697557821999, 42.76442563177696, 42.36117390975378, 41.98095519097073, 41.569562556578454, 41.157173295510425, 40.75757078461043, 40.32691349600607, 39.839315204370166, 39.3510872804283, 38.90589934326515, 38.44499550617955, 38.000561888439144, 37.58703740652188, 37.354179877769646, 37.14265813800278, 36.9402984115612, 36.74045629082288, 36.46725307086311, 36.156054470280964, 35.94104899732071, 35.9553391522098, 35.78138210106332, 35.41294951691898, 35.044938604170426, 34.69397880733112, 34.4205846843883
2ACE.pdb, 52, 52, 0.02311788184491454, 3.767148855079324, 0.684186108089579, -, -, -, 1.8549410561784025, 55.78931934955441, , distance, 0.0, 0.4999999999999955, 0.9999198518662968, 1.4745639599638771, 1.7546579385860284, 2.1385546834052978, 2.5628124758527604, 3.0104151605481784, 3.4735583692191234, 3.96257324673373, 4.449435617088548, 4.916658777685624, 5.373724846736709, 5.84249713140522, 6.332317818431571, 6.777739991052015, 7.1385657997525245, 7.484703113479246, 7.84744797475304, 8.181910902211081, 8.4686571658508, 8.832374271957896, 9.196014886144301, 9.569119680224892, 10.051748247433045, 10.537321859736577, 10.914912162895343, 11.196365684203009, 11.482293032451249, 11.791309136567728, 11.84775467193989, 11.856395884121776, 11.948534665320079, 12.075814646515182, 12.101792709293955, 12.135011650541623, 12.500330243626948, 12.931778296756452, 13.36873110194184, 13.73708097940932, 13.830254861627894, 13.962663290829244, 14.023086741927981, 14.033234605098242, 14.133016565681618, 14.29277086756688, 14.448925016183066, 14.606610834907164, 14.955411557603727, 15.33260871166951, 15.766222083513517, 16.20366093412765, 16.60258641858228, 16.858155268900955, 16.933671988738002, 16.900218199901726, 16.881513658034603, 16.769373167405664, 16.632874359791902, 16.531263800399874, 16.389924797075935, 16.254383331103977, 16.152608360075433, 16.26668881383894, 16.511698972211423, 16.842288908351843, 17.213588854595024, 17.58970418964243, 17.854846067357578, 18.125530187833224, 18.405818674839548, 18.701947374311906, 18.856940272003207, 18.841152755946815, 18.80597326077979, 18.71334231882843, 18.540081431623822, 18.384758948731694, 18.384274887348273, 18.68878597743904, 19.00524289655422, 19.32237804911694, 19.65487148263045, 19.996410808832103, 20.290511800429535, 20.623707877180582, 20.96573616908118, 21.24650786383042, 21.461435168666632, 21.813095362023585, 22.230130832339395, 22.55266008207489, 22.88774236195154, 23.270065688325356, 23.664729929146727, 24.040440412391575, 24.44295144329919, 24.937464437156315, 25.433680384484322, 25.857770122562325, 26.286787259109776, 26.694148118761664, 27.06897343752007, 27.25435514811274, 27.440778567421113, 27.62319728286004, 27.810189392769335, 28.07914817041051, 28.39239903098904, 28.600658102734126, 28.551934880625222, 28.703384820217693, 29.06328928037368, 29.42677369744025, 29.781462420207944, 30.07606045687134
2ACE.pdb, 52, 52, 0.02311788184491454, 3.767148855079324, 0.684186108089579, -, -, -, 1.8549410561784025, 55.78931934955441, , length, 0.0, 0.5, 1.0, 1.5, 2.0, 2.5, 3.0, 3.5, 4.0, 4.5, 5.0, 5.5, 6.0, 6.5, 7.0, 7.5, 8.0, 8.5, 9.0, 9.5, 10.0, 10.5, 11.0, 11.5, 12.0, 12.5, 13.0, 13.5, 14.0, 14.5, 15.0, 15.5, 16.0, 16.5, 17.0, 17.5, 18.0, 18.5, 19.0, 19.5, 20.0, 20.5, 21.0, 21.5, 22.0, 22.5, 23.0, 23.5, 24.0, 24.5, 25.0, 25.5, 26.0, 26.5, 27.0, 27.5, 28.0, 28.5, 29.0, 29.5, 30.0, 30.5, 31.0, 31.5, 32.0, 32.5, 33.0, 33.5, 34.0, 34.5, 35.0, 35.5, 36.0, 36.5, 37.0, 37.5, 38.0, 38.5, 39.0, 39.5, 40.0, 40.5, 41.0, 41.5, 42.0, 42.5, 43.0, 43.5, 44.0, 44.5, 45.0, 45.5, 46.0, 46.5, 47.0, 47.5, 48.0, 48.5, 49.0, 49.5, 50.0, 50.5, 51.0, 51.5, 52.0, 52.5, 53.0, 53.5, 54.0, 54.5, 55.0, 55.5, 56.0, 56.5, 57.0, 57.5
2ACE.pdb, 52, 52, 0.02311788184491454, 3.767148855079324, 0.684186108089579, -, -, -, 1.8549410561784025, 55.78931934955441, , R, 3.2179875353172602, 3.0886906603246342, 3.0044771840404763, 2.8550514373308205, 2.7768446108163984, 2.5771852974224747, 2.4310734127990994, 2.3445872826526926, 2.2094786320146502, 2.0730823481864995, 1.9924788905642785, 1.867169655813591, 1.709980277518023, 1.6219521014793754, 1.5983900448776565, 1.579408158408091, 1.3651321588541498, 1.1095625054259424, 0.930553073456994, 0.8023720428998216, 0.7628315812478079, 0.7935267105074066, 0.8821158266618072, 1.033610085999499, 1.1006596376584632, 1.2526187425735622, 1.2003819831198395, 1.0278577184956745, 0.9376299501077083, 0.9444127402667037, 0.8869453202586857, 0.7888488023095008, 0.7464069573112271, 0.7876358665750263, 0.8416426271158648, 0.9708087707243682, 0.8988996298883047, 0.8704472794401643, 0.941646916822084, 1.064727727138251, 0.9689569634262107, 0.9283060049839742, 0.9287929577835925, 0.9366537661407772, 0.9186027638444254, 0.9120284803874874, 0.840014603682997, 0.9762003086717947, 1.0039466354819524, 0.9164565555258455, 0.8392671184059313, 0.8666214875882603, 0.9491721862219018, 0.9777685647078291, 0.9835653195432328, 1.0043226926719062, 1.1213198981299253, 0.9848057571415518, 0.8361890436626385, 0.7242720249257624, 0.6853103926764992, 0.7565206345460038, 0.8785685829070231, 0.9082278107917152, 0.8983608478379912, 0.8839174357078861, 0.9046112213042821, 1.0017907842123304, 0.8884581411317058, 0.8720452823749985, 0.9585259022817083, 1.128241991542248, 1.200593802485363, 1.1579093839408068, 1.170811531590351, 1.195544535246083, 1.2057855224921221, 1.3004095018786224, 1.2865278434177934, 1.03069992665601, 0.8438837051631611, 0.7347071616252343, 0.7203355234477553, 0.8041059074989128, 0.9907583912444928, 1.244285062557509, 1.302509669389858, 1.2327864679631992, 1.16110856168604, 1.1176866595282666, 1.1183681919972814, 1.1169501930125962, 1.141351437456557, 1.1934832728242322, 1.3172851460620532, 1.5151057461176936, 1.556860804053437, 1.522394084691523, 1.561193826835146, 1.6379050184484045, 1.5570327875982626, 1.522953212547106, 1.5392084235401495, 1.4056326991057042, 1.26276899449604, 1.202212290305865, 1.2317583456866856, 1.2871812344360687, 1.3963675819835681, 1.5359768071573718, 1.6370768305679535, 1.7677279988698609, 1.8902731823913217, 2.0782913830954124, 2.283696177494596, 2.4432531147085874
2ACE.pdb, 52, 52, 0.02311788184491454, 3.767148855079324, 0.684186108089579, -, -, -, 1.8549410561784025, 55.78931934955441, , Upper limit of R overestimation, -, -, -, -, -, -, -, -, -, -, -, -, -, -, -, -, -, -, -, -, -, -, -, -, -, -, -, -, -, -, -, -, -, -, -, -, -, -, -, -, -, -, -, -, -, -, -, -, -, -, -, -, -, -, -, -, -, -, -, -, -, -, -, -, -, -, -, -, -, -, -, -, -, -, -, -, -, -, -, -, -, -, -, -, -, -, -, -, -, -, -, -, -, -, -, -, -, -, -, -, -, -, -, -, -, -, -, -, -, -, -, -, -, -, -, -
2ACE.pdb, 53, 53, 0.02294809055307079, 3.7745205462388465, 0.6166270396637663, -, -, -, 1.4566959834068136, 45.15482422696171, , X, 3.769402191235131, 3.8663376717312268, 3.9632731522273223, 4.071811916927313, 3.9332230443294267, 3.6957264983735567, 3.4864284720463696, 3.3970957703758096, 3.4118871675311637, 3.4316513366688435, 3.4772592553317336, 3.5266450878321014, 3.5522530131607306, 3.8105970025848923, 3.9802310327990065, 4.14986506301312, 4.341993866693923, 4.644557825629377, 5.009051388195115, 5.371858619857378, 5.774492191266887, 6.22057206267589, 6.667562789441061, 7.1065830251009015, 7.544170540833886, 7.599492215792314, 7.608861196112208, 7.626922864887629, 7.644984533663048, 7.491383032926414, 7.447360071506213, 7.6773114052167, 7.652078635549637, 7.503485546065288, 7.362321833454402, 7.227584930398169, 7.1124280121378005, 7.007167818872633, 6.901907625607465, 6.796647432342297, 6.69965278977447, 6.539296962871781, 6.129668933965405, 5.71219529443251, 5.407143576899875, 5.041896213058071, 5.03793526347981, 5.210853448661587, 5.383771633843365, 5.296322661446866, 5.636521652055666, 5.821272499730781, 5.878119053244039, 5.9917235706648775, 5.930692530887103, 5.89334786361036, 5.735115278709651, 5.516735280907857, 5.298545945418165, 5.096276542187069, 4.812880424226646, 4.375886788444239, 3.9193897687623758, 3.5124737363681637, 3.2310492906273156, 2.8674465266625764, 2.4018697947573786, 1.9859242039924083, 1.578061119204415, 1.1715419454278981, 1.02434464476974, 0.9227616293047451, 0.8211786138397502, 0.6117017640390546, 0.3725409547048449, 0.42170614790580735, 0.5900682648595047, 0.6378314212147916, 0.6855945775700787, 0.7321417686711028, 1.1986717932162023, 1.5811076021988109, 1.8793074401326795, 2.2597017237927948, 2.4354281262202124, 2.5476811076884864, 2.5535648939608655, 2.5378559507481118, 2.717550183573583, 2.796777273738234, 2.6554094515376336, 2.995177628781493, 3.4232654912411897, 3.851353353700886, 4.082108043506242
2ACE.pdb, 53, 53, 0.02294809055307079, 3.7745205462388465, 0.6166270396637663, -, -, -, 1.4566959834068136, 45.15482422696171, , Y, 67.70555873545213, 67.83667850329628, 67.96779827114045, 68.03926808826525, 68.11036097511669, 68.26132394347039, 68.42483147387273, 68.55826414164866, 68.49670163329714, 68.44239992280221, 68.42712835758861, 68.4968032082355, 68.56333288796739, 68.70264123613842, 68.88124386155361, 69.05984648696881, 69.29344564372695, 69.57837070065936, 69.82246263947847, 70.06921355491701, 70.28780590088229, 70.48138326141577, 70.67400713694964, 70.73206237423601, 70.78539046623028, 71.19275188748166, 71.65566601068048, 72.12024146083203, 72.5848169109836, 72.95744986790146, 73.22477202216534, 73.15306448430351, 73.18307027689546, 73.19716646479924, 73.20722714952278, 73.20737696009479, 73.51503171594703, 73.93071294418189, 74.34639417241674, 74.7620754006516, 75.17578185524208, 75.40777422425344, 75.50377044186061, 75.74470568990007, 75.63143290217504, 75.71920238655697, 75.6906604661013, 75.60517463677395, 75.5196888074466, 75.32915544660574, 75.41578315319796, 75.33604445516414, 75.66437062326472, 76.0685228695445, 76.43455926782723, 76.81460062419885, 77.16267540664172, 77.6088979684968, 78.05394050583261, 78.44432784433057, 78.84678945863001, 78.88904743647923, 78.9064784995618, 78.87404393193471, 78.89950684810438, 79.02012220979019, 79.15160952357111, 79.34323730242333, 79.5353080077591, 79.72135542008871, 80.09220409421995, 80.49555900223925, 80.89891391025854, 81.28823978925031, 81.70100289644739, 82.17588066214226, 82.62654730716906, 83.09627366319688, 83.56600001922472, 83.97835868464962, 84.14303992812206, 84.33676185559796, 84.58767496229461, 84.52285739402143, 84.87386127334722, 85.29090101825301, 85.78161868098019, 86.23749369149195, 86.66262662330048, 87.07939773287772, 87.46636372663438, 87.65070050920981, 87.73956441276303, 87.82842831631625, 88.18587038955648
2ACE.pdb, 53, 53, 0.02294809055307079, 3.7745205462388465, 0.6166270396637663, -, -, -, 1.4566959834068136, 45.15482422696171, , Z, 64.32331952194659, 63.85065566771032, 63.37799181347405, 62.89627456567708, 62.450496639106206, 62.06249903243013, 61.638874314232, 61.1932970804792, 60.69737921845385, 60.20072974261035, 59.70796924994886, 59.22061546759909, 58.769125690908055, 58.404990876733876, 57.969875492050555, 57.53476010736723, 57.22785586645924, 57.06340366811009, 56.82347957959111, 56.583834572596665, 56.399804060016386, 56.28344017467124, 56.16926756081331, 55.93802192454948, 55.702183057380815, 55.502113715306336, 55.313677817128685, 55.129711985416606, 54.94574615370453, 54.700170148636225, 54.430273356278825, 54.040456294181524, 53.566192957459556, 53.088991332101806, 52.60960043789608, 52.12817411029922, 51.81355688501496, 51.556400496397174, 51.29924410777939, 51.0420877191616, 50.77884702617401, 50.466056717536915, 50.37424316377538, 50.2413297839097, 49.905880411016376, 49.57589422824816, 49.157757727860954, 48.69646446515527, 48.235171202449585, 47.84394171904451, 47.56662511584151, 47.10905987361819, 46.79869246866801, 46.537300335483216, 46.30055616076479, 46.00002860548202, 45.76965508721817, 45.826184741839334, 45.891329456795724, 45.95301129000725, 45.96339357371513, 45.81120818161004, 45.60796785819614, 45.34909617210158, 44.93660141911727, 44.72785408208839, 44.66625220896103, 44.469853710320564, 44.25404398942405, 44.03014999281513, 43.760700195274296, 43.48323720829084, 43.20577422130738, 43.167622285468774, 43.29288334646494, 43.34209876467194, 43.38100664474701, 43.54555399765127, 43.71010135055553, 43.88184872421598, 43.810570132771716, 43.694791796173654, 43.504342742989614, 43.216193313985734, 42.937292048376605, 42.76435413926589, 42.66897676328917, 42.5967715298085, 42.40571664543393, 42.19380119642271, 41.91334449400073, 41.622246665087275, 41.37966886589705, 41.13709106670683, 41.05656311075141
2ACE.pdb, 53, 53, 0.02294809055307079, 3.7745205462388465, 0.6166270396637663, -, -, -, 1.4566959834068136, 45.15482422696171, , distance, 0.0, 0.4999999999999964, 1.0000000000000033, 1.4964193535110413, 1.9230620571465042, 2.3292943910076356, 2.793505588182778, 3.2653880420034844, 3.728426901721109, 4.2015184235968, 4.680541458829089, 5.169389470064842, 5.6242332255168925, 6.001873414060171, 6.464745575596379, 6.932776228610276, 7.293480002482848, 7.548489931517554, 7.890856191273298, 8.249506530237205, 8.571492495886957, 8.851728388080195, 9.14874768207146, 9.518913592968829, 9.902435736913727, 10.229554123170656, 10.560229002495051, 10.90377498159078, 11.2590488547298, 11.577586350965406, 11.910560520366511, 12.275355370392086, 12.680460598190912, 13.050335774645252, 13.430883875377555, 13.818487733673289, 14.192249969003957, 14.568112183358291, 14.951248308791197, 15.341113368831845, 15.743040913953829, 16.09410366911891, 16.154247000739332, 16.331098057975684, 16.533730028956708, 16.832239256726485, 17.186194760167965, 17.5693002729738, 17.958155078665783, 18.2214325920726, 18.539700727697088, 18.941098683066993, 19.362384326993695, 19.779291188584818, 20.14166391834683, 20.572524865935552, 20.917446011195224, 21.054056520406714, 21.193525984326445, 21.320177814771487, 21.501226701617576, 21.636462496666816, 21.811636521207706, 22.01867901452706, 22.392836733940474, 22.645421975321113, 22.78777125668196, 23.081950976737723, 23.399161607628677, 23.726377248988907, 24.16165635363039, 24.616996164300573, 25.074037619726308, 25.33818900708252, 25.48902448613492, 25.706203724511028, 25.909931161993264, 26.046043493347433, 26.19099521773586, 26.303663194231124, 26.411594617549515, 26.5879992960158, 26.87020842099132, 27.029826237541748, 27.45709871670926, 27.848264828905794, 28.23353969655923, 28.58307553451916, 28.9975538865441, 29.428000578496693, 29.898785501702054, 30.228245283192255, 30.461324651440396, 30.700778266032046, 30.998111302096763
2ACE.pdb, 53, 53, 0.02294809055307079, 3.7745205462388465, 0.6166270396637663, -, -, -, 1.4566959834068136, 45.15482422696171, , length, 0.0, 0.5, 1.0, 1.5, 2.0, 2.5, 3.0, 3.5, 4.0, 4.5, 5.0, 5.5, 6.0, 6.5, 7.0, 7.5, 8.0, 8.5, 9.0, 9.5, 10.0, 10.5, 11.0, 11.5, 12.0, 12.5, 13.0, 13.5, 14.0, 14.5, 15.0, 15.5, 16.0, 16.5, 17.0, 17.5, 18.0, 18.5, 19.0, 19.5, 20.0, 20.5, 21.0, 21.5, 22.0, 22.5, 23.0, 23.5, 24.0, 24.5, 25.0, 25.5, 26.0, 26.5, 27.0, 27.5, 28.0, 28.5, 29.0, 29.5, 30.0, 30.5, 31.0, 31.5, 32.0, 32.5, 33.0, 33.5, 34.0, 34.5, 35.0, 35.5, 36.0, 36.5, 37.0, 37.5, 38.0, 38.5, 39.0, 39.5, 40.0, 40.5, 41.0, 41.5, 42.0, 42.5, 43.0, 43.5, 44.0, 44.5, 45.0, 45.5, 46.0, 46.5, 47.0
2ACE.pdb, 53, 53, 0.02294809055307079, 3.7745205462388465, 0.6166270396637663, -, -, -, 1.4566959834068136, 45.15482422696171, , R, 3.2179875353164493, 3.062849713592039, 2.958448069356962, 2.872342332319899, 2.6884946197510753, 2.527675371241329, 2.37492725664789, 2.170053902400722, 1.878997885391391, 1.6364125060393584, 1.4377104227055066, 1.241764584807131, 1.1194104138430059, 1.1280903465089396, 1.1463163058641888, 1.2559868159918661, 1.3718789396111437, 1.161930466601929, 0.9276602648512173, 0.7781653565983428, 0.6630143647249276, 0.6172429493206852, 0.6856671407868844, 0.7377926935602304, 0.8906399113287291, 0.8409519281961995, 0.8476592362848296, 0.9536843246997244, 1.1506587234922843, 1.2259412074704836, 1.3511000834207443, 1.4108414357137584, 1.2580266150888444, 1.0869757497561565, 1.001677729613509, 1.0028410650632407, 0.8712113904168768, 0.7558108470426728, 0.7473195869516793, 0.846888507562706, 1.0367176828384754, 1.1233479808603573, 1.0923526536384203, 0.991479949584722, 1.0035484097402767, 1.0175303802981692, 0.895490098970428, 0.7504080375867352, 0.7104512763234099, 0.6773908357221345, 0.8303307125746464, 1.017684576300864, 0.9317306720119221, 0.8307710466575493, 0.8815100320367195, 0.9545900531529137, 0.9545013038111048, 0.8210284952579223, 0.7846035363720198, 0.8323932451978728, 0.9285975461359186, 0.9275787316961464, 0.978057800240534, 1.041398524843308, 1.0155176568485929, 0.9853678528740115, 0.9128773381363913, 0.7829446772228499, 0.7365220591450226, 0.7932049085153277, 0.7247822016328844, 0.7247290879914212, 0.8334167128202798, 0.9034314082769801, 0.9311802503831563, 0.9122082475902626, 0.8976028523456305, 0.9708767879664832, 1.137843259861413, 1.335244382704324, 1.3162324807706995, 1.2874292690682663, 1.2203734902335235, 1.1169489862951005, 1.1040839847366128, 1.1358870124876868, 1.2406380646154878, 1.4025163319086658, 1.6015886431339688, 1.8004783012229226, 1.9374781723758527, 2.071886860573688, 2.229604856708079, 2.4445203926497494, 2.4901388593323177
2ACE.pdb, 53, 53, 0.02294809055307079, 3.7745205462388465, 0.6166270396637663, -, -, -, 1.4566959834068136, 45.15482422696171, , Upper limit of R overestimation, -, -, -, -, -, -, -, -, -, -, -, -, -, -, -, -, -, -, -, -, -, -, -, -, -, -, -, -, -, -, -, -, -, -, -, -, -, -, -, -, -, -, -, -, -, -, -, -, -, -, -, -, -, -, -, -, -, -, -, -, -, -, -, -, -, -, -, -, -, -, -, -, -, -, -, -, -, -, -, -, -, -, -, -, -, -, -, -, -, -, -, -, -, -, -
2ACE.pdb, 54, 54, 0.018669702766291013, 3.9808532419467197, 0.6166270396637663, -, -, -, 1.49440537725274, 44.41010855631727, , X, 3.769402191235131, 3.8663376717312268, 3.9632731522273223, 4.071811916927313, 3.9332230443294267, 3.6957264983735567, 3.4864284720463696, 3.3970957703758096, 3.4118871675311637, 3.4316513366688435, 3.4772592553317336, 3.5266450878321014, 3.5522530131607306, 3.8105970025848923, 3.9802310327990065, 4.14986506301312, 4.341993866693923, 4.644557825629377, 5.009051388195115, 5.371858619857378, 5.774492191266887, 6.22057206267589, 6.667562789441061, 7.1065830251009015, 7.544170540833886, 7.58413890520607, 7.565700863516888, 7.547087087418153, 7.529445784141229, 7.516990818703869, 7.56218392771377, 7.574258997316943, 7.5863340669201165, 7.546994761506465, 7.891729043679684, 8.210064845149542, 8.531581752554846, 8.906076096855259, 9.29416360999876, 9.726216481906425, 10.181059616565134, 10.588390665740977, 11.008717489388298, 11.506966213188264, 12.005700218781516, 12.483608076350496, 12.947902738584514, 13.120858170954055, 13.320309863640464, 13.354469050133016, 13.280154154750544, 13.210089510082742, 13.146530301437432, 13.070359682115415, 12.993839337638526, 12.917594133423515, 12.983683149173135, 13.19826100992068, 13.354095552397553, 13.365700759780848, 13.501778347158332, 13.5597091494299, 13.931785148257106, 14.109845941536474, 14.545200941493228, 14.93932134753548, 15.392471591303048, 15.845621835070615, 16.132438824703208, 16.294910983384007, 16.468737556483816, 16.713542410546708, 16.81790671578343, 17.020751909890585, 17.22560132575921, 17.145795209973652, 16.87135391417713, 16.706592435944362, 16.6883510834349, 16.53169906966541, 16.550382852416107, 16.578148880096197, 16.605914907776288, 16.61842042521426, 16.64576099177873, 16.746759125968005, 16.985494259201886, 17.236481720204466, 17.493877707251002, 17.687998566379708, 17.886878387657855, 18.235554640658656, 18.599728831506265, 18.963762855808426
2ACE.pdb, 54, 54, 0.018669702766291013, 3.9808532419467197, 0.6166270396637663, -, -, -, 1.49440537725274, 44.41010855631727, , Y, 67.70555873545213, 67.83667850329628, 67.96779827114045, 68.03926808826525, 68.11036097511669, 68.26132394347039, 68.42483147387273, 68.55826414164866, 68.49670163329714, 68.44239992280221, 68.42712835758861, 68.4968032082355, 68.56333288796739, 68.70264123613842, 68.88124386155361, 69.05984648696881, 69.29344564372695, 69.57837070065936, 69.82246263947847, 70.06921355491701, 70.28780590088229, 70.48138326141577, 70.67400713694964, 70.73206237423601, 70.78539046623028, 70.50920186007099, 70.18797064274851, 69.88848334521727, 69.6213839373219, 69.35617041064461, 69.37853877059347, 69.32988324735393, 69.2812277241144, 69.1713605416234, 68.85735536738746, 68.62392890269244, 68.3899610085871, 68.18082844395339, 67.92460115402758, 67.82815660926379, 67.76894183576483, 67.83982468308221, 67.87040029511354, 67.87975882367405, 67.9061115635035, 68.02826097287488, 68.21302872018337, 68.43924989246969, 68.72520245479255, 69.13412297055612, 69.50648110727322, 69.75187346203043, 70.09847464070018, 70.36917838211342, 70.56750107073117, 70.7522972503673, 70.9493487094071, 71.10380556215482, 71.3875975384803, 71.74552145483656, 71.91970101851555, 71.94023642085959, 72.2168859505084, 72.2576823101326, 72.25968434108782, 72.27267682025457, 72.29385486129937, 72.31503290234414, 72.09743224381322, 71.69644194138691, 71.29670632330975, 70.9489969993752, 70.47218415248634, 70.0241810167003, 69.57410176955332, 69.13891994561213, 68.75059241751457, 68.31303809203396, 67.83109142083947, 67.39065295934257, 67.0915688184413, 66.7858370390346, 66.48010525962789, 66.17104489659184, 65.9420694655918, 66.03978921367239, 66.05066954144782, 65.91680451755362, 65.77156538838837, 65.76358703540367, 65.88574901769398, 65.96819196243187, 66.04541182745791, 66.13233623306775
2ACE.pdb, 54, 54, 0.018669702766291013, 3.9808532419467197, 0.6166270396637663, -, -, -, 1.49440537725274, 44.41010855631727, , Z, 64.32331952194659, 63.85065566771032, 63.37799181347405, 62.89627456567708, 62.450496639106206, 62.06249903243013, 61.638874314232, 61.1932970804792, 60.69737921845385, 60.20072974261035, 59.70796924994886, 59.22061546759909, 58.769125690908055, 58.404990876733876, 57.969875492050555, 57.53476010736723, 57.22785586645924, 57.06340366811009, 56.82347957959111, 56.583834572596665, 56.399804060016386, 56.28344017467124, 56.16926756081331, 55.93802192454948, 55.702183057380815, 55.33927280571054, 54.95655810304524, 54.56090146111729, 54.2028353726482, 53.85031693168227, 53.363346184482836, 52.86586569968733, 52.36838521489183, 51.94939681159585, 51.799132053750526, 51.49225357115109, 51.18912961753497, 51.077448053538255, 51.210235566610336, 51.05728020252647, 51.05352817085066, 51.07666307415906, 51.08815448137669, 51.11255033066267, 51.136423427830614, 51.15618187244204, 51.17325073812019, 51.007071038414196, 50.73754673044771, 50.66112433411943, 50.3932186406717, 49.987307975445106, 49.70149092196741, 49.29424055675301, 48.8418471355727, 48.38354915300447, 47.96343250636403, 47.609975063342034, 47.254011052496, 46.905229967417085, 46.530084377411285, 46.22493345582651, 46.03778514874937, 45.63277439997069, 45.39062541552621, 45.19588277030115, 44.9856297152677, 44.77537666023425, 44.54888675893685, 44.2987553004086, 44.05381498497472, 44.03189596262633, 44.03244805103563, 44.12270888170713, 44.19587550464205, 44.32516845832898, 44.46196772488406, 44.433426392699836, 44.53116933803959, 44.424874502373065, 44.02481126977234, 43.63015049547665, 43.23548972118095, 42.84271707083756, 42.43301145686643, 41.953167495014924, 41.53320516136913, 41.12209346428591, 40.71886750163059, 40.27847025659253, 39.84390425373941, 39.49748433178906, 39.163696598093146, 38.832324546029966
2ACE.pdb, 54, 54, 0.018669702766291013, 3.9808532419467197, 0.6166270396637663, -, -, -, 1.49440537725274, 44.41010855631727, , distance, 0.0, 0.4999999999999964, 1.0000000000000033, 1.4964193535110413, 1.9230620571465042, 2.3292943910076356, 2.793505588182778, 3.2653880420034844, 3.728426901721109, 4.2015184235968, 4.680541458829089, 5.169389470064842, 5.6242332255168925, 6.001873414060171, 6.464745575596379, 6.932776228610276, 7.293480002482848, 7.548489931517554, 7.890856191273298, 8.249506530237205, 8.571492495886957, 8.851728388080195, 9.14874768207146, 9.518913592968829, 9.902435736913727, 10.155083769553652, 10.407231714787265, 10.693029010583187, 10.965058752276404, 11.245119949502442, 11.717724653552144, 12.181486507153194, 12.648009961707292, 13.020474023770332, 13.23538763687117, 13.608789145387282, 13.98762685700729, 14.214936196342617, 14.231090581367667, 14.54257425480817, 14.737731537072278, 14.899346905346135, 15.086565294227498, 15.310932868050083, 15.548988881352221, 15.792879244242231, 16.044522651124947, 16.28835489942693, 16.638291168970227, 16.75022029149612, 16.963060893109283, 17.28685072747159, 17.5343790803069, 17.873888620310524, 18.24710776666994, 18.629232694987547, 19.05442337436577, 19.48813339214063, 19.91946405402951, 20.29285807175269, 20.71418252625509, 21.007955246365462, 21.400627745929672, 21.8399423751283, 22.255444387054048, 22.616023042237373, 23.023780112670302, 23.435110477788943, 23.731022287560865, 23.954095506366134, 24.18723369654237, 24.286056243301775, 24.282445337617162, 24.27012461623891, 24.283219533002267, 24.10204266268355, 23.816517998095915, 23.73494831023084, 23.635655434886928, 23.64156300793179, 23.994997135721, 24.35399606011969, 24.717895554625844, 25.07724633928879, 25.45773158687479, 25.915444870177023, 26.396838075072644, 26.886032865975363, 27.372828016768853, 27.850553950174394, 28.31707282610164, 28.785588458164632, 29.252372582129983, 29.717578129944357
2ACE.pdb, 54, 54, 0.018669702766291013, 3.9808532419467197, 0.6166270396637663, -, -, -, 1.49440537725274, 44.41010855631727, , length, 0.0, 0.5, 1.0, 1.5, 2.0, 2.5, 3.0, 3.5, 4.0, 4.5, 5.0, 5.5, 6.0, 6.5, 7.0, 7.5, 8.0, 8.5, 9.0, 9.5, 10.0, 10.5, 11.0, 11.5, 12.0, 12.5, 13.0, 13.5, 14.0, 14.5, 15.0, 15.5, 16.0, 16.5, 17.0, 17.5, 18.0, 18.5, 19.0, 19.5, 20.0, 20.5, 21.0, 21.5, 22.0, 22.5, 23.0, 23.5, 24.0, 24.5, 25.0, 25.5, 26.0, 26.5, 27.0, 27.5, 28.0, 28.5, 29.0, 29.5, 30.0, 30.5, 31.0, 31.5, 32.0, 32.5, 33.0, 33.5, 34.0, 34.5, 35.0, 35.5, 36.0, 36.5, 37.0, 37.5, 38.0, 38.5, 39.0, 39.5, 40.0, 40.5, 41.0, 41.5, 42.0, 42.5, 43.0, 43.5, 44.0, 44.5, 45.0, 45.5, 46.0, 46.5
2ACE.pdb, 54, 54, 0.018669702766291013, 3.9808532419467197, 0.6166270396637663, -, -, -, 1.49440537725274, 44.41010855631727, , R, 3.2179875353164493, 3.062849713592039, 2.958448069356962, 2.872342332319899, 2.6884946197510753, 2.527675371241329, 2.37492725664789, 2.170053902400722, 1.878997885391391, 1.6364125060393584, 1.4377104227055066, 1.241764584807131, 1.1194104138430059, 1.1280903465089396, 1.1463163058641888, 1.2559868159918661, 1.3718789396111437, 1.161930466601929, 0.9276602648512173, 0.7781653565983428, 0.6630143647249276, 0.6172429493206852, 0.6856671407868844, 0.7377926935602304, 0.8906399113287291, 0.7490298146228827, 0.6494254963600676, 0.6506691424061608, 0.7447222566470555, 0.9086473016563534, 0.8587758494065145, 0.8322796101823382, 0.9106098385465864, 0.9687799782768582, 0.911346109250839, 0.918784739013442, 1.0245066328991843, 1.1194251277899618, 1.1054094053698735, 1.0438226999310292, 0.9129683610745984, 0.7901382369651784, 0.7425266808517197, 0.7732774008884324, 0.9006784995924519, 1.0687821841806406, 1.2862360952947864, 1.2310368189653826, 1.1548972894544285, 1.134087564101065, 0.9739059383387842, 0.7854850606145671, 0.7514741634084059, 0.7335977306561237, 0.7772737482049012, 0.9169294246523672, 1.0340860479458973, 1.0614910650586387, 1.1323891789975642, 1.176629650470904, 1.1049818314119166, 1.0745765729002783, 0.9745926617837046, 0.9542004530320582, 0.7604635059128197, 0.6657687129530658, 0.660499520179175, 0.7672628726227941, 0.7963247667226354, 0.7695217295737522, 0.8404484053630497, 0.8380767431564418, 0.8265097619993393, 0.8768790654940157, 1.0170978402383648, 1.0441581198165513, 1.0435588173647345, 1.0390433922330713, 0.9908253712957245, 1.0340009122494247, 0.8590238107561206, 0.7752927956158295, 0.7988324094395556, 0.91949685798506, 1.075635814054416, 1.104954118076987, 1.1150395648908016, 1.0716651039359024, 1.1107611713487242, 1.190339002914944, 1.2651514101104318, 1.32109673519762, 1.4492060274578797, 1.644298845266158
2ACE.pdb, 54, 54, 0.018669702766291013, 3.9808532419467197, 0.6166270396637663, -, -, -, 1.49440537725274, 44.41010855631727, , Upper limit of R overestimation, -, -, -, -, -, -, -, -, -, -, -, -, -, -, -, -, -, -, -, -, -, -, -, -, -, -, -, -, -, -, -, -, -, -, -, -, -, -, -, -, -, -, -, -, -, -, -, -, -, -, -, -, -, -, -, -, -, -, -, -, -, -, -, -, -, -, -, -, -, -, -, -, -, -, -, -, -, -, -, -, -, -, -, -, -, -, -, -, -, -, -, -, -, -
2ACE.pdb, 55, 55, 0.01719505076117347, 4.063133683013084, 0.6103641961283355, -, -, -, 2.415708098718574, 47.82359935508444, , X, 3.769402191235131, 3.3400726728007384, 2.893188443726914, 2.7643768302080565, 2.4992685053328545, 2.234160180457653, 1.9586504106798364, 1.655072636187362, 1.3514948616948874, 1.365446956812653, 1.3199273408553356, 1.3629461202505655, 1.562999989969489, 1.655954716058934, 1.4185231376376473, 1.1449159158930864, 0.8665832693320625, 0.5995664952271003, 0.5525635863626759, 0.6515946135043768, 0.7262073672115825, 0.8008201209187884, 0.8754328746259941, 0.6084511980369189, 0.26545481439572866, -0.07733352046978637, -0.42012185533530144, -0.8393722763211406, -1.2517788053734606, -1.6417787397976975, -2.034029576490843, -2.421211488062304, -2.821840103883161, -3.2550207952599948, -3.621586093709518, -3.804756468369103, -4.037272453163901, -4.280849617213032, -4.519457689393814, -4.766736949435251, -5.051918258441876, -5.501119283926871, -5.950320309411868, -6.354921157705563, -6.743253665167529, -7.11726915464077, -7.321650117224335, -7.5260310798078995, -7.590688920660489, -7.600454374483672, -7.433385179761093, -7.291404436170188, -7.099378405446335, -6.764829197218163, -6.416557096556139, -6.06365244266976, -5.710151415743303, -5.697648235534632, -5.709535370556814, -5.66015411769964, -5.460154472660361, -5.53121462989285, -5.750668571202814, -6.115707855308649, -6.480417880824606, -6.84284032358208, -7.08174485020267, -7.291879187726988, -7.421580096824306, -7.456259371655377, -7.489250234598523, -7.6282920512215915, -7.972703998493738, -8.317701120799942, -8.611164427299874, -8.731479812405942, -8.848121737340303, -8.966544987019386, -8.891953362379592, -8.999986390229187, -9.247963516877592, -9.495940643525998, -9.743633088887872, -10.022474509845312, -10.457889870652924, -10.80911284873474, -10.743699309493635, -10.702893966731946, -10.461775087875578, -10.615792962360617, -10.763852236491395, -11.042449393511786, -11.38502481734672, -11.740845030930371, -12.144289967932563, -12.557289817641983, -12.971100133978574, -13.398660961226646, -13.566914472935707, -13.749472550409997
2ACE.pdb, 55, 55, 0.01719505076117347, 4.063133683013084, 0.6103641961283355, -, -, -, 2.415708098718574, 47.82359935508444, , Y, 67.70555873545213, 67.65194291336107, 67.65415239500771, 67.75780874553023, 67.85089690791433, 67.94398507029844, 68.03556827094813, 68.12309037494708, 68.21061247894603, 68.00686972892264, 67.70649041551223, 67.41309763134923, 67.17525645345336, 66.9505927454641, 66.58590989105157, 66.25977084231747, 65.93305460784897, 65.5977859084531, 65.1992916490488, 64.73491909295342, 64.25639921449694, 63.777879336040456, 63.299359457583975, 63.222665426816285, 63.239666878005615, 63.259623207428476, 63.279579536851344, 63.21478479175052, 63.050078614812115, 62.86099942783437, 62.68211746894154, 62.499962080682174, 62.29532196854221, 62.06075482736156, 61.75193845555716, 61.42887426930789, 61.104176142295444, 61.162971073911926, 61.30938566301911, 61.44465671954689, 61.5875090470778, 61.77103023457684, 61.95455142207588, 61.99643947163819, 61.986665480685744, 61.962047453229054, 61.76155054432423, 61.56105363541941, 61.660039653782995, 61.87668216699623, 62.0276332365231, 62.46161740878654, 62.90270251074323, 63.260224275913934, 63.6058225630197, 63.94581068782217, 64.28647943981218, 64.69290238707535, 65.14475023324661, 65.5419588581719, 65.8157375987717, 66.00068425654254, 66.15013915179948, 66.22908650597056, 66.32186196764393, 66.41369504772393, 66.79011070404881, 67.22876293576535, 67.69293570645819, 68.18795554021199, 68.68288491982713, 68.99251542021344, 68.94625664802021, 68.90277625033802, 68.9056563229718, 69.07341974954599, 69.22863575802054, 69.38387657953233, 69.63171726328927, 70.031945789426, 70.46588046283571, 70.89981513624542, 71.33298947010235, 71.68374115673184, 71.62525441272336, 71.65924819453957, 72.02404559723523, 72.33007809259425, 72.73951816241777, 72.98549335105851, 73.05932685064225, 73.16086191232603, 73.32200565830837, 73.51226463715501, 73.80721421047204, 74.0884423631108, 74.36623355426012, 74.59506623416657, 74.9602112254595, 75.42543828088438
2ACE.pdb, 55, 55, 0.01719505076117347, 4.063133683013084, 0.6103641961283355, -, -, -, 2.415708098718574, 47.82359935508444, , Z, 64.32331952194659, 64.57291518579062, 64.7421698095862, 65.16785631874285, 65.58144085678292, 65.99502539482299, 66.40156557527962, 66.78909675614871, 67.1766279370178, 67.59157953999735, 67.98304230146663, 68.35703798887836, 68.74197690550334, 69.10544113761637, 69.26652705606034, 69.52875986593341, 69.78506148163237, 70.04254340634162, 70.26822163636959, 70.41693275956231, 70.54123747751872, 70.66554219547513, 70.78984691343152, 70.51556187935284, 70.15217132412836, 69.78871857287163, 69.42526582161489, 69.19316292102502, 68.97264802252906, 68.72335078587986, 68.47010520120608, 68.21172912836487, 68.01592864635555, 67.93120336214425, 67.95029951969954, 67.66182464254992, 67.36668437423218, 66.97961575303748, 66.56534426118759, 66.1525758073098, 65.78034119767256, 65.65976585839387, 65.53919051911518, 65.27629715046318, 64.96149192060007, 64.639284346543, 64.22937043893187, 63.81945653132073, 63.38038780367031, 62.929865154539016, 62.49351694822217, 62.417324716320984, 62.40558719960264, 62.30465658863041, 62.20928165875061, 62.109952004273026, 62.0151844653566, 61.812906035197656, 61.59914864952091, 61.33808141749835, 61.08164778078899, 60.684953313159006, 60.30074871665373, 59.968440544997044, 59.63923041301529, 59.30724642605813, 59.15203446761064, 59.03616933516378, 58.999400373547815, 59.06065975721714, 59.12353858728913, 59.28849924655776, 59.647999645126916, 60.007274128037444, 60.378414113739915, 60.833744483458915, 61.29450760270875, 61.75480071506878, 62.10872822747563, 62.196506222402974, 62.21092994841291, 62.22535367442285, 62.254668776858324, 62.24759617538596, 62.00886460154609, 61.75900152627755, 61.43485289455452, 61.14723610240053, 61.012988090994995, 60.72569170706212, 60.27558348617309, 59.89771013775958, 59.57109909674123, 59.31890570797749, 59.33429830384043, 59.34781740424476, 59.3876010179748, 59.421972010459044, 59.29777546903852, 59.282402269970476
2ACE.pdb, 55, 55, 0.01719505076117347, 4.063133683013084, 0.6103641961283355, -, -, -, 2.415708098718574, 47.82359935508444, , distance, 0.0, 0.49949623340657096, 0.9725372520454258, 1.3137916276958286, 1.7936644216822473, 2.2821953628499405, 2.776118686673317, 3.2748709144082775, 3.7739533714101223, 4.068330447429586, 4.403805029018511, 4.706107626208518, 4.967289427575521, 5.282548724188295, 5.587087486761764, 6.006233430045754, 6.434186336276017, 6.870231908004038, 7.209111350801669, 7.461738823289503, 7.7343545199445, 8.028881205584375, 8.342998680725408, 8.272352084556665, 8.136175430376642, 8.027098176857018, 7.948034955128078, 8.069896370944035, 8.2765940616117, 8.491814239430193, 8.72413972323026, 8.974500739636865, 9.292496920238847, 9.706861246476898, 10.160082980441928, 10.387986509843419, 10.666981333482408, 10.708310658347035, 10.707142617177846, 10.742939264428147, 10.833703827816333, 11.088159710219921, 11.358936256967304, 11.662080963653537, 11.984529078147908, 12.31289440434382, 12.583779285865553, 12.868396699598454, 12.9030651886568, 12.85267114063689, 12.692102280944217, 12.388429282416578, 12.03642458681926, 11.610599874294913, 11.181715404316028, 10.757493415443403, 10.338255522906719, 10.247112663129425, 10.189656737471127, 10.124689780560601, 9.963160935070832, 10.131425314906748, 10.451418721237344, 10.902309011424514, 11.354035363484224, 11.808877689444525, 12.055190845702231, 12.269198713720899, 12.392834986846559, 12.407407948524224, 12.43986103961062, 12.526496188417946, 12.699409633195746, 12.890292630349519, 13.049174023487161, 13.05067923795813, 13.065044023919961, 13.100320231747473, 12.997092972313334, 13.15266878927787, 13.473432217805112, 13.804856217111908, 14.143538882531777, 14.503462542656541, 14.937756029445914, 15.3212430270014, 15.41501486873777, 15.521631398033074, 15.45397840184071, 15.740218392593652, 16.008200533087983, 16.393208915327843, 16.84591146140319, 17.30114909313854, 17.75855090899337, 18.222450347859926, 18.68074742329219, 19.137160536770427, 19.45337891624222, 19.796928023072297
2ACE.pdb, 55, 55, 0.01719505076117347, 4.063133683013084, 0.6103641961283355, -, -, -, 2.415708098718574, 47.82359935508444, , length, 0.0, 0.5, 1.0, 1.5, 2.0, 2.5, 3.0, 3.5, 4.0, 4.5, 5.0, 5.5, 6.0, 6.5, 7.0, 7.5, 8.0, 8.5, 9.0, 9.5, 10.0, 10.5, 11.0, 11.5, 12.0, 12.5, 13.0, 13.5, 14.0, 14.5, 15.0, 15.5, 16.0, 16.5, 17.0, 17.5, 18.0, 18.5, 19.0, 19.5, 20.0, 20.5, 21.0, 21.5, 22.0, 22.5, 23.0, 23.5, 24.0, 24.5, 25.0, 25.5, 26.0, 26.5, 27.0, 27.5, 28.0, 28.5, 29.0, 29.5, 30.0, 30.5, 31.0, 31.5, 32.0, 32.5, 33.0, 33.5, 34.0, 34.5, 35.0, 35.5, 36.0, 36.5, 37.0, 37.5, 38.0, 38.5, 39.0, 39.5, 40.0, 40.5, 41.0, 41.5, 42.0, 42.5, 43.0, 43.5, 44.0, 44.5, 45.0, 45.5, 46.0, 46.5, 47.0, 47.5, 48.0, 48.5, 49.0, 49.5
2ACE.pdb, 55, 55, 0.01719505076117347, 4.063133683013084, 0.6103641961283355, -, -, -, 2.415708098718574, 47.82359935508444, , R, 3.2179875353164493, 3.1444607804488807, 3.060079453814604, 2.9159372615447148, 2.756538317798229, 2.651333189620819, 2.6009777279642505, 2.601549249189858, 2.6623293739993223, 2.5246725559260104, 2.331243272193725, 2.2031357449564988, 2.1324146558826573, 2.0678226719790502, 2.0528148914781066, 2.000373261568566, 2.0131997326228244, 2.0922605076095477, 2.1601896225342503, 2.183065906195392, 2.2476229269290577, 2.3758013210912408, 2.561611611521976, 2.3197510629643414, 2.008412568041204, 1.7434476962922791, 1.537856517654098, 1.3160736522641177, 1.0657925262253802, 0.8684454107965327, 0.7589971106550202, 0.751657464047558, 0.803101465679112, 0.9094633309956683, 0.9824115329521845, 1.0886657562522828, 1.2378512577534533, 1.1630118758265349, 1.1112349305012037, 1.1429361862179146, 1.207272448183223, 1.1178030440271223, 1.1215894441676952, 1.1263682780829436, 1.1907345177246826, 1.3314066248037304, 1.4251434079480152, 1.5972455223778348, 1.585931898756252, 1.552851614483762, 1.4498395987607737, 1.2552430610347907, 1.0574221881713814, 0.8349118897181813, 0.6866543175996647, 0.6427661119348436, 0.7102824030915533, 0.6872224667172366, 0.7445160653153846, 0.8534139487270438, 0.8592887075641946, 0.9771619275048464, 0.9635756486202767, 0.9381962377602902, 1.0018017745317316, 1.1582184854590865, 1.0914194178825336, 1.0480318842309688, 1.0019216255200032, 0.9329093635952872, 0.9627255885950694, 0.9495113159790893, 0.7544862016200846, 0.6562013743102479, 0.640554676160757, 0.6275172047590827, 0.7181696494561156, 0.9098910299467482, 1.057970213487013, 0.9457553999675645, 0.8238087804366478, 0.8052805220090433, 0.8841881205716602, 1.0020533343286235, 0.9527930483784917, 0.9402026892834563, 0.794412990496574, 0.732375876671175, 0.7711283312590709, 0.8442539342210438, 0.7803271739241944, 0.6807045917398828, 0.6295171655721781, 0.6471319148854353, 0.6127738811317149, 0.6834654734673111, 0.8406882727120308, 1.0509175189368651, 1.207001292609338, 1.3371654218452096
2ACE.pdb, 55, 55, 0.01719505076117347, 4.063133683013084, 0.6103641961283355, -, -, -, 2.415708098718574, 47.82359935508444, , Upper limit of R overestimation, -, -, -, -, -, -, -, -, -, -, -, -, -, -, -, -, -, -, -, -, -, -, -, -, -, -, -, -, -, -, -, -, -, -, -, -, -, -, -, -, -, -, -, -, -, -, -, -, -, -, -, -, -, -, -, -, -, -, -, -, -, -, -, -, -, -, -, -, -, -, -, -, -, -, -, -, -, -, -, -, -, -, -, -, -, -, -, -, -, -, -, -, -, -, -, -, -, -, -, -
2ACE.pdb, 56, 56, 0.006125231587506164, 5.095338713061047, 0.6043577493058705, -, -, -, 1.8875976244536423, 69.51400562775946, , X, 3.769402191235131, 3.3400726728007384, 2.893188443726914, 2.7643768302080565, 2.4992685053328545, 2.234160180457653, 1.9586504106798364, 1.655072636187362, 1.3514948616948874, 1.365446956812653, 1.3199273408553356, 1.3629461202505655, 1.562999989969489, 1.655954716058934, 1.4185231376376473, 1.1449159158930864, 0.8665832693320625, 0.5995664952271003, 0.5525635863626759, 0.6515946135043768, 0.7262073672115825, 0.8008201209187884, 0.8754328746259941, 0.6084511980369189, 0.26545481439572866, -0.07733352046978637, -0.42012185533530144, -0.8393722763211406, -1.2517788053734606, -1.6417787397976975, -2.034029576490843, -2.421211488062304, -2.821840103883161, -3.2550207952599948, -3.621586093709518, -3.804756468369103, -4.037272453163901, -4.280849617213032, -4.519457689393814, -4.766736949435251, -5.051918258441876, -5.501119283926871, -5.950320309411868, -6.354921157705563, -6.743253665167529, -7.11726915464077, -7.321650117224335, -7.5260310798078995, -7.928024682824067, -8.40546315699135, -8.45013263263195, -8.461453651332347, -8.601712298693416, -8.859600334395227, -9.108187831460533, -9.347315890636683, -9.586443949812832, -9.825572008988981, -10.064700068165129, -10.412377176111328, -10.79134712928925, -11.108506020923228, -11.466620661450344, -11.82851658890176, -12.180724574280234, -12.421544006053768, -12.670792545345126, -12.693971021427473, -12.705424108073705, -12.71687719471994, -12.728330281366173, -12.78613990770833, -12.902802175345416, -13.021148812026166, -13.175402267787582, -13.451492273564755, -13.76120534873904, -13.9711435536137, -14.162310410451248, -14.405450797951522, -14.648591185451796, -14.819885946815479, -15.000236769471876, -15.079892615252867, -15.183725978443581, -15.456119522224363, -15.60289731502462, -15.830655384086997, -16.244529138412986, -16.3515784581464, -16.69867573407757, -17.072073742008158, -17.405454353277232, -17.281917521538137, -16.943751997699803, -16.60125962673724, -16.25999710282612, -15.918734578915, -15.570455504223409, -15.209611425481244, -15.28621706121918, -15.126481453463546, -15.142321395281867, -15.156453344644163, -15.182721228144064, -15.247986101054911, -15.26378611452352, -15.08297031854526, -14.902154522567, -14.717928356684212, -14.515305442741234, -14.259364326641387, -14.026442166736377, -13.956384462735768, -13.78769494595316, -13.611538752196546, -13.435178270104654, -13.27280752633027, -13.317644931193012, -13.341846064660015, -13.294732225443646, -13.246885369739582, -13.05194892436872, -12.692986453359692, -12.65988217927408, -12.877713595321, -13.116695262257666, -13.355676929194331, -13.424438490192195, -13.39199865960327, -13.366178029756512, -13.364158450465407, -13.31701070297715, -13.457321131974174, -13.907806923021344, -14.339994262272501, -14.72336763110799, -15.056205260560363, -15.376895840306924, -15.48955990421153, -15.469740886478457, -15.639626689692422, -16.023215180101342, -16.445815667645448, -16.868416155189554
2ACE.pdb, 56, 56, 0.006125231587506164, 5.095338713061047, 0.6043577493058705, -, -, -, 1.8875976244536423, 69.51400562775946, , Y, 67.70555873545213, 67.65194291336107, 67.65415239500771, 67.75780874553023, 67.85089690791433, 67.94398507029844, 68.03556827094813, 68.12309037494708, 68.21061247894603, 68.00686972892264, 67.70649041551223, 67.41309763134923, 67.17525645345336, 66.9505927454641, 66.58590989105157, 66.25977084231747, 65.93305460784897, 65.5977859084531, 65.1992916490488, 64.73491909295342, 64.25639921449694, 63.777879336040456, 63.299359457583975, 63.222665426816285, 63.239666878005615, 63.259623207428476, 63.279579536851344, 63.21478479175052, 63.050078614812115, 62.86099942783437, 62.68211746894154, 62.499962080682174, 62.29532196854221, 62.06075482736156, 61.75193845555716, 61.42887426930789, 61.104176142295444, 61.162971073911926, 61.30938566301911, 61.44465671954689, 61.5875090470778, 61.77103023457684, 61.95455142207588, 61.99643947163819, 61.986665480685744, 61.962047453229054, 61.76155054432423, 61.56105363541941, 61.40333464123924, 61.25535033336153, 61.38519903557962, 61.39426164825201, 61.46730873099097, 61.598728642169675, 61.73589235792929, 61.87889801089319, 62.021903663857096, 62.164909316820996, 62.307914969784896, 62.4933631758721, 62.74210272151465, 62.93296515864719, 63.01503182138757, 63.0853749660056, 63.284583017029846, 63.32532666926909, 63.33939329663716, 63.399116033127555, 63.461533231051675, 63.523950428975795, 63.586367626899914, 63.77096185189698, 64.11026947767333, 64.4490915933879, 64.78237542807581, 65.03681201982388, 65.25871458929727, 65.45754077970784, 65.61493716335411, 65.8205557245363, 66.02617428571851, 66.16502936791204, 66.37355644178518, 66.62312534078204, 66.67008498652282, 67.08033829975773, 67.49466292522318, 67.83904195604214, 68.01102955754067, 68.31452605398526, 68.45618317255507, 68.48859964883943, 68.5096082872896, 68.44385251431625, 68.35110572766749, 68.24721825850453, 68.14140138753609, 68.03558451656765, 67.92947196812351, 67.82282993036246, 68.12809249083381, 68.37555442111034, 68.78878733624464, 69.20330246675374, 69.51396380118314, 69.82973750025053, 70.03828341127952, 69.82061405397273, 69.60294469666594, 69.37426979661382, 69.16800972074795, 69.35281604502754, 69.77494002051434, 70.22419629827574, 70.63607982679284, 71.03086817983407, 71.42514910070628, 71.82572167100133, 72.24253955603763, 72.67364096448321, 73.14038677923509, 73.60726644863004, 74.00312977215582, 74.28944922214329, 74.61993987886046, 74.97701201258323, 75.32525880201399, 75.67350559144477, 76.0970138805456, 76.48351894839512, 76.73716662864801, 76.67048827359024, 76.6473781582998, 76.76979785378039, 76.81170990800474, 76.99504091734453, 77.02521866307332, 76.90944983316878, 76.7765127275304, 76.52172128026098, 76.09945206465044, 75.66698033833885, 75.41854109261587, 75.20431371620846, 74.99008633980105
2ACE.pdb, 56, 56, 0.006125231587506164, 5.095338713061047, 0.6043577493058705, -, -, -, 1.8875976244536423, 69.51400562775946, , Z, 64.32331952194659, 64.57291518579062, 64.7421698095862, 65.16785631874285, 65.58144085678292, 65.99502539482299, 66.40156557527962, 66.78909675614871, 67.1766279370178, 67.59157953999735, 67.98304230146663, 68.35703798887836, 68.74197690550334, 69.10544113761637, 69.26652705606034, 69.52875986593341, 69.78506148163237, 70.04254340634162, 70.26822163636959, 70.41693275956231, 70.54123747751872, 70.66554219547513, 70.78984691343152, 70.51556187935284, 70.15217132412836, 69.78871857287163, 69.42526582161489, 69.19316292102502, 68.97264802252906, 68.72335078587986, 68.47010520120608, 68.21172912836487, 68.01592864635555, 67.93120336214425, 67.95029951969954, 67.66182464254992, 67.36668437423218, 66.97961575303748, 66.56534426118759, 66.1525758073098, 65.78034119767256, 65.65976585839387, 65.53919051911518, 65.27629715046318, 64.96149192060007, 64.639284346543, 64.22937043893187, 63.81945653132073, 63.69666757725858, 63.68718410158868, 63.30826539087102, 62.808475731527075, 62.3568405419296, 61.94913652185175, 61.537730518318426, 61.12255928312141, 60.7073880479244, 60.29221681272738, 59.87704557753037, 59.648944623180604, 59.49345705083113, 59.17663157561643, 58.83748711213989, 58.50570881010578, 58.26725676991066, 57.83097021719275, 57.40890571816968, 56.91617360180664, 56.42021703091603, 55.924260460025415, 55.4283038891348, 54.994655973076206, 54.64643154774136, 54.298393674554546, 53.95934639432112, 53.723046379124696, 53.52486223817102, 53.17124424006996, 52.76021926993, 52.3747276886165, 51.98923610730301, 51.585231113941745, 51.25912643892553, 50.87079417083568, 50.47607234326557, 50.427023199006406, 50.1887137693281, 49.96970620127417, 49.78189763676601, 49.40006547479171, 49.14261598484886, 48.82485795941679, 48.45426581382493, 47.98906978059708, 47.634995047065864, 47.28588914584398, 46.936113961486576, 46.586338777129164, 46.24391094281936, 45.9146404968044, 45.68666935974554, 45.44451322815945, 45.16346580494979, 44.884228387418474, 44.50497912602762, 44.12284372156837, 43.73466089972898, 43.3224404504371, 42.91022000114522, 42.50566867086379, 42.09944971309003, 41.85284165881388, 41.741114593027135, 41.55404682516325, 41.3278793927203, 41.07670828366818, 40.82483622131811, 40.581242630441935, 40.308749588624266, 40.17603849361587, 40.349037425883935, 40.521423209772294, 40.525394306698196, 40.32748746758959, 40.083873467722846, 39.81057071328835, 39.54296664657908, 39.27536257986982, 39.068456335074686, 38.75805087659589, 38.3844660279602, 37.88907119063468, 37.42783326974905, 37.12948768459793, 36.99876687557451, 36.82670919685756, 36.55975964169141, 36.205454753743304, 35.845614125122374, 35.545409950614165, 35.337782194642074, 35.153107284914334, 35.024848539165546, 34.86511294787455, 34.70537735658356
2ACE.pdb, 56, 56, 0.006125231587506164, 5.095338713061047, 0.6043577493058705, -, -, -, 1.8875976244536423, 69.51400562775946, , distance, 0.0, 0.49949623340657096, 0.9725372520454258, 1.3137916276958286, 1.7936644216822473, 2.2821953628499405, 2.776118686673317, 3.2748709144082775, 3.7739533714101223, 4.068330447429586, 4.403805029018511, 4.706107626208518, 4.967289427575521, 5.282548724188295, 5.587087486761764, 6.006233430045754, 6.434186336276017, 6.870231908004038, 7.209111350801669, 7.461738823289503, 7.7343545199445, 8.028881205584375, 8.342998680725408, 8.272352084556665, 8.136175430376642, 8.027098176857018, 7.948034955128078, 8.069896370944035, 8.2765940616117, 8.491814239430193, 8.72413972323026, 8.974500739636865, 9.292496920238847, 9.706861246476898, 10.160082980441928, 10.387986509843419, 10.666981333482408, 10.708310658347035, 10.707142617177846, 10.742939264428147, 10.833703827816333, 11.088159710219921, 11.358936256967304, 11.662080963653537, 11.984529078147908, 12.31289440434382, 12.583779285865553, 12.868396699598454, 13.30189898726573, 13.792650323664414, 13.794720473300154, 13.846337323420236, 13.99382994108219, 14.227502363329183, 14.46474153065625, 14.7052077355223, 14.95852671692764, 15.224056901404802, 15.50117077944064, 15.815803149685856, 16.123860823863893, 16.450477167415816, 16.859175315762144, 17.27674051231103, 17.624626696627818, 17.98565459503934, 18.361713478475913, 18.559469738386035, 18.75874950678038, 18.969118301760872, 19.190211443188037, 19.4059524485142, 19.609453438417017, 19.824891411711988, 20.076935468172984, 20.39723525143501, 20.734414067093798, 21.074850679116715, 21.438803670573268, 21.832255136133583, 22.22998933497442, 22.587469103506702, 22.907350735868164, 23.182709398991182, 23.495521439808055, 23.730120885551198, 23.98160847368165, 24.294161646072624, 24.740729781755153, 25.058495861558647, 25.494301537471088, 25.984275686522633, 26.47353227194546, 26.655409469113064, 26.607361033230145, 26.56183901317178, 26.526999681456783, 26.50154962334019, 26.475370580737323, 26.44042688474169, 26.657454663512283, 26.71914369906207, 26.943026327254227, 27.171851394156338, 27.48126501880247, 27.825032173318625, 28.13532877643155, 28.30057119607466, 28.4736357827778, 28.645695593813546, 28.816135851730575, 28.856060961219086, 28.8258632961413, 28.965269320609504, 29.079715962991948, 29.215744471835855, 29.360035060706615, 29.514384116817908, 29.82031092079472, 30.009462490529046, 29.924709543745966, 29.848190302681044, 29.815407071970544, 29.835512561498483, 30.087884547422103, 30.51024993225855, 30.939715657079873, 31.37127123584608, 31.68363601952968, 32.01795161424476, 32.373170546441195, 32.75207393018154, 33.09484583623961, 33.44286048242036, 33.794036287056514, 34.20976905048913, 34.63601960522005, 35.06749814843787, 35.494262061738134, 35.73234420390199, 35.78775552810287, 35.93043164217621, 36.188923736122796, 36.50578438965698, 36.82670751817672
2ACE.pdb, 56, 56, 0.006125231587506164, 5.095338713061047, 0.6043577493058705, -, -, -, 1.8875976244536423, 69.51400562775946, , length, 0.0, 0.5, 1.0, 1.5, 2.0, 2.5, 3.0, 3.5, 4.0, 4.5, 5.0, 5.5, 6.0, 6.5, 7.0, 7.5, 8.0, 8.5, 9.0, 9.5, 10.0, 10.5, 11.0, 11.5, 12.0, 12.5, 13.0, 13.5, 14.0, 14.5, 15.0, 15.5, 16.0, 16.5, 17.0, 17.5, 18.0, 18.5, 19.0, 19.5, 20.0, 20.5, 21.0, 21.5, 22.0, 22.5, 23.0, 23.5, 24.0, 24.5, 25.0, 25.5, 26.0, 26.5, 27.0, 27.5, 28.0, 28.5, 29.0, 29.5, 30.0, 30.5, 31.0, 31.5, 32.0, 32.5, 33.0, 33.5, 34.0, 34.5, 35.0, 35.5, 36.0, 36.5, 37.0, 37.5, 38.0, 38.5, 39.0, 39.5, 40.0, 40.5, 41.0, 41.5, 42.0, 42.5, 43.0, 43.5, 44.0, 44.5, 45.0, 45.5, 46.0, 46.5, 47.0, 47.5, 48.0, 48.5, 49.0, 49.5, 50.0, 50.5, 51.0, 51.5, 52.0, 52.5, 53.0, 53.5, 54.0, 54.5, 55.0, 55.5, 56.0, 56.5, 57.0, 57.5, 58.0, 58.5, 59.0, 59.5, 60.0, 60.5, 61.0, 61.5, 62.0, 62.5, 63.0, 63.5, 64.0, 64.5, 65.0, 65.5, 66.0, 66.5, 67.0, 67.5, 68.0, 68.5, 69.0, 69.5, 70.0, 70.5, 71.0, 71.5, 72.0
2ACE.pdb, 56, 56, 0.006125231587506164, 5.095338713061047, 0.6043577493058705, -, -, -, 1.8875976244536423, 69.51400562775946, , R, 3.2179875353164493, 3.1444607804488807, 3.060079453814604, 2.9159372615447148, 2.756538317798229, 2.651333189620819, 2.6009777279642505, 2.601549249189858, 2.6623293739993223, 2.5246725559260104, 2.331243272193725, 2.2031357449564988, 2.1324146558826573, 2.0678226719790502, 2.0528148914781066, 2.000373261568566, 2.0131997326228244, 2.0922605076095477, 2.1601896225342503, 2.183065906195392, 2.2476229269290577, 2.3758013210912408, 2.561611611521976, 2.3197510629643414, 2.008412568041204, 1.7434476962922791, 1.537856517654098, 1.3160736522641177, 1.0657925262253802, 0.8684454107965327, 0.7589971106550202, 0.751657464047558, 0.803101465679112, 0.9094633309956683, 0.9824115329521845, 1.0886657562522828, 1.2378512577534533, 1.1630118758265349, 1.1112349305012037, 1.1429361862179146, 1.207272448183223, 1.1178030440271223, 1.1215894441676952, 1.1263682780829436, 1.1907345177246826, 1.3314066248037304, 1.4251434079480152, 1.5972455223778348, 1.7060293905715946, 1.830779254178457, 1.729700497145389, 1.5254740966860871, 1.3011316748963924, 1.0604443688899363, 0.8965777159428536, 0.825618821587895, 0.859917531172699, 0.9951714164603089, 1.216451544094057, 1.3700083401517706, 1.5115142892177258, 1.6672066633275384, 1.7838370144137183, 1.9561286848624824, 2.025237874238597, 1.7995951392159135, 1.6388067859785589, 1.3859908565073398, 1.1935591920658308, 1.0842319634751538, 1.0685603625039066, 1.0447276433210009, 0.9820807006513808, 1.0168697580647819, 1.114197105928723, 1.1311793237957066, 0.9817511987508554, 0.9038300677228652, 0.8630431946931614, 0.9313104667374188, 1.0951388377865365, 1.3036018154783542, 1.5193510786504851, 1.6156867956182954, 1.6359683271585266, 1.6810317825859769, 1.6401765932329537, 1.651024260783216, 1.6581565951159711, 1.6384789352406144, 1.6896759739467826, 1.6995197338303782, 1.7371638216814635, 1.5080666384192738, 1.2236017000577304, 0.9940157345749436, 0.8477979786136056, 0.8022100295543804, 0.8594671069084714, 1.0099499421233444, 0.8535044018675886, 0.770740274482483, 0.6476775656268585, 0.6340991702382981, 0.6052055318132474, 0.6469640171796072, 0.7419526864813197, 0.7181859935610433, 0.8043328349583683, 0.9833726422272435, 1.2284678911932883, 1.2793866913782481, 1.2152243278032162, 1.0940022895325763, 0.9504239066303639, 0.8846068257042745, 0.9210512139302165, 1.03866381590085, 1.0833741428003654, 1.150753253103313, 1.1778527444730353, 1.2943682616274725, 1.3303740816295702, 1.253301926728989, 1.1297205324378141, 0.9900178693763482, 0.941265743161972, 0.9930595719832747, 1.0686938340178105, 1.089814598268998, 1.1028673327336258, 0.9658467298957576, 0.8914857760756885, 0.7359983798822043, 0.7113075659913268, 0.6511928808913003, 0.6350183873437985, 0.6672844882857731, 0.8020287070876626, 0.8986323049961307, 0.9032977837497742, 0.9842671802868734, 1.042312922530865, 1.1438558593190993, 1.3307557884688666
2ACE.pdb, 56, 56, 0.006125231587506164, 5.095338713061047, 0.6043577493058705, -, -, -, 1.8875976244536423, 69.51400562775946, , Upper limit of R overestimation, -, -, -, -, -, -, -, -, -, -, -, -, -, -, -, -, -, -, -, -, -, -, -, -, -, -, -, -, -, -, -, -, -, -, -, -, -, -, -, -, -, -, -, -, -, -, -, -, -, -, -, -, -, -, -, -, -, -, -, -, -, -, -, -, -, -, -, -, -, -, -, -, -, -, -, -, -, -, -, -, -, -, -, -, -, -, -, -, -, -, -, -, -, -, -, -, -, -, -, -, -, -, -, -, -, -, -, -, -, -, -, -, -, -, -, -, -, -, -, -, -, -, -, -, -, -, -, -, -, -, -, -, -, -, -, -, -, -, -, -, -, -, -, -, -
2ACE.pdb, 57, 57, 0.0029213742004225445, 5.835701156824136, 0.6036927934620886, -, -, -, 2.0834953974465606, 67.57494553205652, , X, 3.769402191235131, 3.810541898268034, 3.860642650167368, 4.0655091144455175, 4.0276928988541565, 4.169463725545817, 4.311234552237478, 4.453005378929138, 4.680633674325597, 4.818663567116234, 4.920020885796822, 4.973239096844265, 4.989150143731152, 5.027210702542536, 5.1593994704501664, 5.220495261825218, 5.019345381667645, 4.719951152646158, 4.42055692362467, 4.098064297656671, 3.830286499270554, 3.4993453842793176, 3.157619042055687, 2.8178636124599916, 2.6648990341915355, 2.51813962019054, 2.5924947611548483, 2.8183687043981114, 3.0480011852484767, 3.2686762597399834, 3.514765552353941, 3.843791157921124, 4.1291939132484705, 4.406084638817281, 4.625953745000935, 4.823392817607279, 4.732518667872062, 4.586348876992547, 4.43675914991792, 4.273775091578651, 4.094864100288912, 3.967436838162354, 3.828208035588175, 3.6289834451637857, 3.2773564318566395, 2.8564061348045353, 2.4591637655274576, 2.024127568282357, 1.6662789735198522, 1.6878651232538644, 1.7718337506674462, 1.855802378081028, 1.915610347431991, 1.8136884969516505, 1.6255501977756597, 1.3930878516439134, 1.1606255055121673, 1.2809332417455233, 1.2347066663454167, 1.494355276415895, 1.6665434689385956, 1.7990231031945263, 1.830553700329709, 2.151815431262513, 2.522159911864022, 2.7498699453243063, 2.875422133865687, 2.9700806108301476, 2.6146616273385375, 2.2540883107806757, 1.893514994222814, 1.5400923532770188, 1.4141500044758522, 1.1892178102513062, 0.8449325051088666, 0.5973896938141389, 0.5085066648148926, 0.42090593275518173, 0.13683652177326494, -0.2566321033373335, -0.6561959057519515, -1.0560716612507801, -1.4573113421812574, -1.875142137214426, -2.1878672569852986, -2.5755438518341793, -2.8700050897122535, -3.1363566080177963, -3.401016661504432, -3.753769214990622, -4.178816972056084, -4.491309019444857, -4.633715684787676, -4.778799633761691, -4.930052750673357, -5.0838512128256585, -5.238223580079948, -5.375643199037475, -5.327160529791149, -5.269429779332204, -5.206316160382299, -5.1009668662420085, -5.1411417669467605, -5.162292548062904, -5.2019440420401235, -5.0842479178603215, -5.186706713230537, -5.566965502483779, -5.86776798073237, -6.1695060921033855, -6.434852967954019, -6.761305563788087, -7.225109327667366, -7.714709928154227, -8.128398384585747, -8.581648656459311, -9.04158786058094, -9.338602178860729, -9.309990956984882, -9.091757285024682, -9.065158021815686, -9.230567070234942, -9.528805204640685, -9.844483099275854, -9.964558192772069, -10.26693066958409, -10.490128051597182, -10.711262516812573, -10.820735152004243, -10.80718478787855, -10.578466012310894, -10.19449183282803, -9.810517653345165, -9.753428630863105, -9.820075067873793, -9.781084576706661, -9.80155312857164, -9.992955177437018, -10.347204889009284, -10.702178626412028, -11.057152363814774
2ACE.pdb, 57, 57, 0.0029213742004225445, 5.835701156824136, 0.6036927934620886, -, -, -, 2.0834953974465606, 67.57494553205652, , Y, 67.70555873545213, 67.2263844970562, 66.749183043259, 66.33864158817838, 65.97840388365793, 65.60912539243715, 65.23984690121635, 64.87056840999557, 64.49911718046351, 64.0295479399657, 63.540220584811664, 63.10033538075315, 62.70149341940313, 62.299238785640554, 61.884397024746626, 61.54325504399547, 61.173718295426404, 60.78304765186825, 60.39237700831009, 60.06929666193617, 59.721174233798614, 59.34727498366859, 59.04807701951955, 58.75749667836148, 58.29089889872563, 57.82044937279549, 57.51055639925814, 57.34053224246623, 57.184187416421906, 57.019212135893085, 57.13078611024905, 57.295775434941696, 57.41667293467659, 57.5264697052164, 57.760430460177744, 58.01332954481206, 57.85569614993099, 57.61933933703008, 57.37842611677447, 57.22594469979783, 57.44664495585448, 57.6651389787346, 57.952057449688226, 58.27088365031685, 58.4636038405176, 58.54216660868729, 58.42867434386514, 58.51891474723106, 58.44051430978256, 58.385696494001344, 58.27516387742505, 58.164631260848765, 58.1176244726371, 58.32521476796034, 58.652104407539596, 59.05833901156005, 59.464573615580505, 59.84983192548456, 60.3181391712292, 60.67098024964718, 61.133097886010454, 61.60938099512472, 62.02556697539312, 62.1934326890092, 62.27561343181732, 62.415246685389825, 62.58567485683171, 62.75355140374759, 62.92741131602053, 63.1001518771602, 63.27289243829987, 63.446200383984525, 63.79658614931559, 64.19463593224366, 64.55644299807388, 64.95588269724978, 65.4310766908515, 65.90815097645144, 66.13097847606063, 66.31932417442563, 66.49210429855624, 66.67381998336563, 66.84029205930342, 66.9706332903126, 67.20937849975662, 67.41653640050274, 67.7501562215118, 68.12589033617058, 68.50558574875299, 68.77365187461714, 69.0199970491185, 69.3472954958661, 69.70928474068607, 70.06761245189168, 70.41750302348564, 70.77106522101914, 71.13652736870155, 71.50451652227576, 71.86485372249771, 72.17148616631324, 72.51705001217313, 72.67434721119415, 72.44317391306382, 72.20662359148389, 72.01245878105608, 71.97099055023651, 71.99199792071605, 72.06924444651231, 72.40142102107535, 72.73288517583879, 73.09907763554416, 73.26529126456762, 73.1890097373692, 73.21663242558428, 73.26950676434, 73.40890107231185, 73.53097003743466, 73.6677933068393, 73.75705428766243, 73.9993780438963, 74.08963593455069, 74.01566175982322, 74.07168146207201, 73.71498032388614, 73.33322550253578, 73.17449769214764, 72.95479311156893, 72.71879677882669, 72.37548367157929, 71.92745184323604, 71.55288584586737, 71.23264039079173, 70.9123949357161, 70.49256053943071, 70.0296642153044, 69.56412285516716, 69.10899611284064, 68.70639696920578, 68.3804691486586, 68.05756419872338, 67.73465924878815
2ACE.pdb, 57, 57, 0.0029213742004225445, 5.835701156824136, 0.6036927934620886, -, -, -, 2.0834953974465606, 67.57494553205652, , Z, 64.32331952194659, 64.46006590677239, 64.60055664823427, 64.79043521911402, 64.4937498881505, 64.18791589948857, 63.882081910826656, 63.57624792216473, 63.346591574645416, 63.28025579796747, 63.26336102221164, 63.09196738132165, 62.79084962875695, 62.50002714834595, 62.25444715874557, 61.90296799767354, 61.72874360975355, 61.64076893220094, 61.552794254648326, 61.40387629144786, 61.5012544228558, 61.48131365889284, 61.283513359892694, 61.06835236235426, 60.97938534726806, 60.894893229563564, 60.60685294874273, 60.19774493881107, 59.782022412229125, 59.36486804495029, 58.98678179849065, 58.64837447559862, 58.2589267622611, 57.85755728130813, 57.48123432788479, 57.09778806506363, 56.687164082295304, 56.271508155801335, 55.859990517236405, 55.45592466911829, 55.053761164283664, 54.6224577272088, 54.24796760189396, 53.93588181597664, 53.64219982705952, 53.39253812239171, 53.32358655354187, 53.10223807644473, 52.773420847984845, 52.327642753203456, 51.847297241844096, 51.36695173048474, 50.89644914354942, 50.45314540379272, 50.17453475488225, 49.998652111829365, 49.82276946877648, 49.71828768349146, 49.63816170029335, 49.53746310776371, 49.45690171433663, 49.38480551679133, 49.327142776890724, 49.10474388267076, 48.77995168723936, 48.36600621158932, 47.9131022783661, 47.46400749929964, 47.15848892105497, 46.85824305193498, 46.557997182814994, 46.249833978983425, 46.02695603409756, 45.99287744318154, 46.014983240004156, 46.08690542424646, 46.21453957171791, 46.33564986304413, 46.37041650328785, 46.126063604878645, 45.88041120003199, 45.64165442700888, 45.39591208676233, 45.1541920209404, 44.93338360100103, 44.702018535423804, 44.76782951448602, 44.96245927525736, 45.15128547182236, 45.370477369226435, 45.425494607924016, 45.3681388237146, 45.053998523369984, 44.73700370653786, 44.41343133050098, 44.09532381047644, 43.791227294892245, 43.48187340179034, 43.20789903630345, 42.82465457096718, 42.46884240206682, 42.05217547881948, 41.61876397461419, 41.17876784983738, 40.73144645663303, 40.31231795339492, 39.84513574142547, 39.624320810912685, 39.40283705500194, 39.181284293219974, 39.003301353816454, 38.88935236729703, 38.718861319967, 38.737487512683856, 38.74768230704923, 38.589147080832504, 38.43587298114296, 38.20688329505971, 37.72519158670106, 37.392225776996334, 36.94272256703301, 36.47671004770072, 36.16295994450295, 36.07319931033329, 35.98014858285552, 35.63558037247275, 35.24582041309361, 34.86474557535681, 34.568325767591624, 34.347137801735464, 34.25871921983707, 34.256135038369024, 34.25355085690097, 34.37253711021739, 34.54532649255734, 34.72351454939652, 34.919332275628555, 35.06143668043176, 35.196256884062734, 35.336706302223355, 35.47715572038397
2ACE.pdb, 57, 57, 0.0029213742004225445, 5.835701156824136, 0.6036927934620886, -, -, -, 2.0834953974465606, 67.57494553205652, , distance, 0.0, 0.4999999999999955, 0.9999198518662968, 1.4745639599638771, 1.7546579385860284, 2.1385546834052978, 2.5628124758527604, 3.0104151605481784, 3.4735583692191234, 3.96257324673373, 4.449435617088548, 4.916658777685624, 5.373724846736709, 5.84249713140522, 6.332317818431571, 6.777739991052015, 7.1385657997525245, 7.484703113479246, 7.84744797475304, 8.181910902211081, 8.4686571658508, 8.832374271957896, 9.196014886144301, 9.569119680224892, 10.051748247433045, 10.537321859736577, 10.914912162895343, 11.196365684203009, 11.482293032451249, 11.791309136567728, 11.84775467193989, 11.856395884121776, 11.948534665320079, 12.075814646515182, 12.101792709293955, 12.135011650541623, 12.500330243626948, 12.931778296756452, 13.36873110194184, 13.73708097940932, 13.830254861627894, 13.962663290829244, 14.023086741927981, 14.033234605098242, 14.133016565681618, 14.29277086756688, 14.448925016183066, 14.606610834907164, 14.955411557603727, 15.33260871166951, 15.766222083513517, 16.20366093412765, 16.60258641858228, 16.858155268900955, 16.933671988738002, 16.900218199901726, 16.881513658034603, 16.769373167405664, 16.632874359791902, 16.531263800399874, 16.389924797075935, 16.254383331103977, 16.152608360075433, 16.26668881383894, 16.511698972211423, 16.842288908351843, 17.213588854595024, 17.58970418964243, 17.854846067357578, 18.125530187833224, 18.405818674839548, 18.701947374311906, 18.856940272003207, 18.841152755946815, 18.80597326077979, 18.71334231882843, 18.540081431623822, 18.384758948731694, 18.384274887348273, 18.68878597743904, 19.00524289655422, 19.32237804911694, 19.65487148263045, 19.996410808832103, 20.290511800429535, 20.623707877180582, 20.651898397240632, 20.559890387350148, 20.484673279426662, 20.419332913376724, 20.543362004043935, 20.742071367136287, 21.117150368564648, 21.500577188093228, 21.89609111014016, 22.292358250145323, 22.682056322535363, 23.07444066138094, 23.364677836690696, 23.74526449388042, 24.11083031371737, 24.482160099187137, 24.84632032723821, 25.21319154445033, 25.604900233548907, 25.944348616719044, 26.415278321278052, 26.76284835410617, 27.128520378271542, 27.49868804952985, 27.826609378685152, 28.083680614207314, 28.399573909596338, 28.581314945169787, 28.751145979912025, 29.108833746523505, 29.465518345143053, 29.823417993981604, 30.251471587409004, 30.50090809894733, 30.905977854678856, 31.372763030828246, 31.786407315785688, 31.929928163109455, 31.994181345259538, 32.40238125508724, 32.80837726415315, 33.20586973764028, 33.46699807161308, 33.59870146146037, 33.534212965365185, 33.33865960245234, 33.14949485240926, 32.98005002381314, 32.8146952951825, 32.60703001882044, 32.415041735991586, 32.35215518236347, 32.37467957270111, 32.400220757854406, 32.43345083213208
2ACE.pdb, 57, 57, 0.0029213742004225445, 5.835701156824136, 0.6036927934620886, -, -, -, 2.0834953974465606, 67.57494553205652, , length, 0.0, 0.5, 1.0, 1.5, 2.0, 2.5, 3.0, 3.5, 4.0, 4.5, 5.0, 5.5, 6.0, 6.5, 7.0, 7.5, 8.0, 8.5, 9.0, 9.5, 10.0, 10.5, 11.0, 11.5, 12.0, 12.5, 13.0, 13.5, 14.0, 14.5, 15.0, 15.5, 16.0, 16.5, 17.0, 17.5, 18.0, 18.5, 19.0, 19.5, 20.0, 20.5, 21.0, 21.5, 22.0, 22.5, 23.0, 23.5, 24.0, 24.5, 25.0, 25.5, 26.0, 26.5, 27.0, 27.5, 28.0, 28.5, 29.0, 29.5, 30.0, 30.5, 31.0, 31.5, 32.0, 32.5, 33.0, 33.5, 34.0, 34.5, 35.0, 35.5, 36.0, 36.5, 37.0, 37.5, 38.0, 38.5, 39.0, 39.5, 40.0, 40.5, 41.0, 41.5, 42.0, 42.5, 43.0, 43.5, 44.0, 44.5, 45.0, 45.5, 46.0, 46.5, 47.0, 47.5, 48.0, 48.5, 49.0, 49.5, 50.0, 50.5, 51.0, 51.5, 52.0, 52.5, 53.0, 53.5, 54.0, 54.5, 55.0, 55.5, 56.0, 56.5, 57.0, 57.5, 58.0, 58.5, 59.0, 59.5, 60.0, 60.5, 61.0, 61.5, 62.0, 62.5, 63.0, 63.5, 64.0, 64.5, 65.0, 65.5, 66.0, 66.5, 67.0, 67.5, 68.0, 68.5, 69.0, 69.5, 70.0
2ACE.pdb, 57, 57, 0.0029213742004225445, 5.835701156824136, 0.6036927934620886, -, -, -, 2.0834953974465606, 67.57494553205652, , R, 3.2179875353172602, 3.0886906603246342, 3.0044771840404763, 2.8550514373308205, 2.7768446108163984, 2.5771852974224747, 2.4310734127990994, 2.3445872826526926, 2.2094786320146502, 2.0730823481864995, 1.9924788905642785, 1.867169655813591, 1.709980277518023, 1.6219521014793754, 1.5983900448776565, 1.579408158408091, 1.3651321588541498, 1.1095625054259424, 0.930553073456994, 0.8023720428998216, 0.7628315812478079, 0.7935267105074066, 0.8821158266618072, 1.033610085999499, 1.1006596376584632, 1.2526187425735622, 1.2003819831198395, 1.0278577184956745, 0.9376299501077083, 0.9444127402667037, 0.8869453202586857, 0.7888488023095008, 0.7464069573112271, 0.7876358665750263, 0.8416426271158648, 0.9708087707243682, 0.8988996298883047, 0.8704472794401643, 0.941646916822084, 1.064727727138251, 0.9689569634262107, 0.9283060049839742, 0.9287929577835925, 0.9366537661407772, 0.9186027638444254, 0.9120284803874874, 0.840014603682997, 0.9762003086717947, 1.0039466354819524, 0.9164565555258455, 0.8392671184059313, 0.8666214875882603, 0.9491721862219018, 0.9777685647078291, 0.9835653195432328, 1.0043226926719062, 1.1213198981299253, 0.9848057571415518, 0.8361890436626385, 0.7242720249257624, 0.6853103926764992, 0.7565206345460038, 0.8785685829070231, 0.9082278107917152, 0.8983608478379912, 0.8839174357078861, 0.9046112213042821, 1.0017907842123304, 0.8884581411317058, 0.8720452823749985, 0.9585259022817083, 1.128241991542248, 1.200593802485363, 1.1579093839408068, 1.170811531590351, 1.195544535246083, 1.2057855224921221, 1.3004095018786224, 1.2865278434177934, 1.03069992665601, 0.8438837051631611, 0.7347071616252343, 0.7203355234477553, 0.8041059074989128, 0.9907583912444928, 1.244285062557509, 1.3015496536257412, 1.3283801511117672, 1.4395360523410683, 1.5480621368820944, 1.5456091537863732, 1.4829408627099125, 1.197556972994462, 0.9780584643045755, 0.8394862941784416, 0.7995347369690302, 0.853286810136701, 0.9971670377998088, 1.0684362433017278, 1.2707841176519148, 1.5157161314732996, 1.609250543403237, 1.4615170683748713, 1.3803972492895156, 1.360930500737997, 1.2162436683476763, 1.2113776201702962, 1.3178951733225168, 1.149570675298202, 1.067521480890997, 1.0839247045816824, 1.0282557703279398, 0.9255069330092209, 0.7827543454261283, 0.704273264180808, 0.6562340575549173, 0.711606582894801, 0.7891179685494825, 0.7063096565991942, 0.8163734438011554, 0.8814997882875288, 0.9105246457723983, 0.8076108812511418, 0.7942824406341975, 0.8057150612753823, 0.6844737688863609, 0.6068302892071653, 0.6272656958325542, 0.6257540029122084, 0.6113046992113271, 0.605859300065775, 0.6493935462351659, 0.8023391124505079, 0.8061722040182655, 0.7948375225347188, 0.7916488469545211, 0.8719761392224723, 0.9187914453339925, 0.9760669472949672, 1.1224751882177024, 1.3496689766093115
2ACE.pdb, 57, 57, 0.0029213742004225445, 5.835701156824136, 0.6036927934620886, -, -, -, 2.0834953974465606, 67.57494553205652, , Upper limit of R overestimation, -, -, -, -, -, -, -, -, -, -, -, -, -, -, -, -, -, -, -, -, -, -, -, -, -, -, -, -, -, -, -, -, -, -, -, -, -, -, -, -, -, -, -, -, -, -, -, -, -, -, -, -, -, -, -, -, -, -, -, -, -, -, -, -, -, -, -, -, -, -, -, -, -, -, -, -, -, -, -, -, -, -, -, -, -, -, -, -, -, -, -, -, -, -, -, -, -, -, -, -, -, -, -, -, -, -, -, -, -, -, -, -, -, -, -, -, -, -, -, -, -, -, -, -, -, -, -, -, -, -, -, -, -, -, -, -, -, -, -, -, -
