{
    "affinity_pred_value": 1.361359715461731,
    "affinity_probability_binary": 0.22766347229480743,
    "affinity_pred_value1": 0.9573233723640442,
    "affinity_probability_binary1": 0.22000856697559357,
    "affinity_pred_value2": 1.765395998954773,
    "affinity_probability_binary2": 0.2353183776140213
}