{
    "confidence_score": 0.9639808535575867,
    "ptm": 0.9672418832778931,
    "iptm": 0.9211993217468262,
    "ligand_iptm": 0.9211993217468262,
    "protein_iptm": 0.0,
    "complex_plddt": 0.9746763110160828,
    "complex_iplddt": 0.9333450794219971,
    "complex_pde": 0.3646335005760193,
    "complex_ipde": 0.9611914157867432,
    "chains_ptm": {
        "0": 0.9695629477500916,
        "1": 0.9181281924247742
    },
    "pair_chains_iptm": {
        "0": {
            "0": 0.9695629477500916,
            "1": 0.4644585847854614
        },
        "1": {
            "0": 0.9211993217468262,
            "1": 0.9181281924247742
        }
    }
}