{
    "affinity_pred_value": 1.2110247611999512,
    "affinity_probability_binary": 0.22457429766654968,
    "affinity_pred_value1": 1.2980777025222778,
    "affinity_probability_binary1": 0.1691344827413559,
    "affinity_pred_value2": 1.123971939086914,
    "affinity_probability_binary2": 0.28001412749290466
}