{
    "confidence_score": 0.9655205607414246,
    "ptm": 0.9774770736694336,
    "iptm": 0.9225192666053772,
    "ligand_iptm": 0.9225192666053772,
    "protein_iptm": 0.0,
    "complex_plddt": 0.9762709140777588,
    "complex_iplddt": 0.9421333074569702,
    "complex_pde": 0.3318258821964264,
    "complex_ipde": 0.8681467771530151,
    "chains_ptm": {
        "0": 0.9802475571632385,
        "1": 0.9264640212059021
    },
    "pair_chains_iptm": {
        "0": {
            "0": 0.9802475571632385,
            "1": 0.483563095331192
        },
        "1": {
            "0": 0.9225192666053772,
            "1": 0.9264640212059021
        }
    }
}