Snapshot, Tunnel cluster, Tunnel, Throughput, Cost, Bottleneck radius, Average R error bound, Max. R error bound, Bottleneck R error bound, Curvature, Length, , Axis, Values...
1MXTa.pdb, 1, 1, 0.5652173711372181, 0.57054489414792, 1.1161197557711022, -, -, -, 1.210330610379064, 18.00336815052393, , X, 14.237732077128266, 13.743425646791863, 13.268405766946714, 12.972805217639216, 12.924928378590792, 12.62153865075313, 12.307723900463825, 11.937086760152532, 11.530044452079084, 11.12208165937527, 10.643607787487722, 10.21736457286015, 9.812555489596992, 9.4893620415875, 9.162020561636302, 8.77750567414449, 8.466411182859071, 8.144229976487054, 7.8014883879882655, 7.458746799489477, 7.116005210990688, 6.768647468653498, 6.379143443375759, 6.062988503933578, 5.82225291128996, 5.581517318646341, 5.341916237723806, 4.900933623898079, 4.4598387849626535, 3.999340951038986, 3.5328530319422824, 3.064659735713095, 2.709551637842565, 2.2383287765833617, 1.7671059153241584, 1.4555355769547773, 1.1946582008540423, 0.9337808247533071
1MXTa.pdb, 1, 1, 0.5652173711372181, 0.57054489414792, 1.1161197557711022, -, -, -, 1.210330610379064, 18.00336815052393, , Y, -0.7853796433822188, -0.8314823856278173, -0.8963595879796993, -0.9872447240019555, -1.0552259230602348, -0.9154249779578036, -0.7654342161142936, -0.5406592879388874, -0.2679713782748117, 0.014353234133401055, 0.10626296015183984, 0.15028221678252676, -1.0285234145559347E-5, -0.3699847709640155, -0.7336722141339711, -0.5981484578778876, -0.9261741005279596, -1.247284575338832, -1.5555000737309048, -1.8637155721229774, -2.1719310705150505, -2.4748287164245792, -2.7376159772380166, -3.108729529588156, -3.502582644984388, -3.8964357603806197, -3.975792838692358, -4.097131224573543, -4.218602562541731, -4.363060455700341, -4.479251876415063, -4.587395832973717, -4.726867261299621, -4.604424897364949, -4.481982533430276, -4.742041922791247, -5.146172057692585, -5.550302192593923
1MXTa.pdb, 1, 1, 0.5652173711372181, 0.57054489414792, 1.1161197557711022, -, -, -, 1.210330610379064, 18.00336815052393, , Z, 11.687499179862431, 11.74696084890661, 11.68850470964638, 11.368305866230472, 10.887757381970829, 10.516094306794258, 10.156896486836418, 9.955808823672067, 9.85601972927154, 9.8209358406502, 9.854288313101756, 10.043151222994558, 9.948000087308413, 9.85512512259952, 9.853601873476073, 9.605674570581554, 9.392127712931055, 9.185503712180834, 8.99177346140865, 8.798043210636466, 8.60431295986428, 8.415370034510191, 8.318541368391891, 8.277517682861944, 8.085356037554645, 7.893194392247345, 7.538283970899968, 7.336265827122786, 7.134658002932087, 7.003991779079918, 6.867459404553012, 6.729256937042882, 6.938486462567978, 6.8246581596693625, 6.710829856770747, 6.7714458693403285, 6.9079076907535795, 7.0443695121668295
1MXTa.pdb, 1, 1, 0.5652173711372181, 0.57054489414792, 1.1161197557711022, -, -, -, 1.210330610379064, 18.00336815052393, , distance, 0.0, 0.5000000000000007, 0.9756592923778202, 1.3201037239920936, 1.5607233928036799, 2.0002955674477056, 2.4633460954480153, 2.8899149497196968, 3.30962242039521, 3.7189929954646246, 4.131999276842937, 4.443275614813641, 4.819216736415691, 5.106580615263299, 5.3971011086608645, 5.84663335539984, 6.212624092522727, 6.603340468049785, 7.020345821422765, 7.44757716091295, 7.883372101019736, 8.327562200477518, 8.770320333559042, 9.157093479434764, 9.548765206048866, 9.950149392315284, 10.321349846589532, 10.820200348503661, 11.319124508016152, 11.813538606988066, 12.30739252976023, 12.801446746008546, 13.076214692025752, 13.498815096473034, 13.926543984262088, 14.255079933632114, 14.559628478275664, 14.87475239916922
1MXTa.pdb, 1, 1, 0.5652173711372181, 0.57054489414792, 1.1161197557711022, -, -, -, 1.210330610379064, 18.00336815052393, , length, 0.0, 0.5, 1.0, 1.5, 2.0, 2.5, 3.0, 3.5, 4.0, 4.5, 5.0, 5.5, 6.0, 6.5, 7.0, 7.5, 8.0, 8.5, 9.0, 9.5, 10.0, 10.5, 11.0, 11.5, 12.0, 12.5, 13.0, 13.5, 14.0, 14.5, 15.0, 15.5, 16.0, 16.5, 17.0, 17.5, 18.0, 18.5
1MXTa.pdb, 1, 1, 0.5652173711372181, 0.57054489414792, 1.1161197557711022, -, -, -, 1.210330610379064, 18.00336815052393, , R, 2.500215792498871, 2.5959603847013746, 2.73875137879819, 2.8546007350798837, 2.9005942718947075, 2.894758942856618, 2.9435690633086873, 2.985699899746508, 3.044745146661228, 3.1325367909736253, 3.0672654035403157, 2.9402359614635056, 2.8394283669368514, 2.6068415502357674, 2.361736633611124, 2.265915305963289, 2.009157826472915, 1.8056567056207176, 1.6591901610839461, 1.5957046557953316, 1.6208085131097, 1.7269374565199194, 1.6692531506597976, 1.6503196374527571, 1.5519196001799862, 1.5425901874069219, 1.4143959711667986, 1.2248378557770139, 1.129029621249104, 1.1299808975935715, 1.2114258650270695, 1.3821439624551368, 1.5039508103127452, 1.5907300973140897, 1.760574094245652, 1.7309314026876466, 1.6890360346011144, 1.733035889856599
1MXTa.pdb, 1, 1, 0.5652173711372181, 0.57054489414792, 1.1161197557711022, -, -, -, 1.210330610379064, 18.00336815052393, , Upper limit of R overestimation, -, -, -, -, -, -, -, -, -, -, -, -, -, -, -, -, -, -, -, -, -, -, -, -, -, -, -, -, -, -, -, -, -, -, -, -, -, -
1MXTa.pdb, 2, 2, 0.5298707338771733, 0.6351222005289641, 1.0278454918397124, -, -, -, 1.4638207819386502, 18.267551687958047, , X, 14.237732077128266, 13.743425646791863, 13.268405766946714, 12.972805217639216, 12.924928378590792, 12.62153865075313, 12.307723900463825, 11.937086760152532, 11.530044452079084, 11.12208165937527, 10.881319021485933, 10.600366565842123, 10.533453146888409, 10.466539727934695, 10.399626308980979, 10.332712890027265, 10.26579947107355, 10.198886052119835, 10.13197263316612, 10.23656566998812, 9.882158501128774, 9.935401995238127, 10.19623335396152, 10.454017989618315, 10.608178179658935, 10.677616428023367, 10.621973494723266, 10.193428973885368, 9.927448746693136, 9.919260281370926, 9.920798261596525, 9.78632935131169, 9.546525088697432, 9.531595792156573, 9.413655862363177, 9.29571593256978, 9.148615807096203, 8.926018049253555, 8.703420291410907
1MXTa.pdb, 2, 2, 0.5298707338771733, 0.6351222005289641, 1.0278454918397124, -, -, -, 1.4638207819386502, 18.267551687958047, , Y, -0.7853796433822188, -0.8314823856278173, -0.8963595879796993, -0.9872447240019555, -1.0552259230602348, -0.9154249779578036, -0.7654342161142936, -0.5406592879388874, -0.2679713782748117, 0.014353234133401055, 0.3545103320676721, 0.7150980401014376, 1.122358090687575, 1.5296181412737122, 1.9368781918598494, 2.344138242445987, 2.751398293032124, 3.1586583436182614, 3.565918394204399, 3.8915992641980424, 3.878455133859948, 4.20439814416605, 4.545722504225367, 4.8858479390141785, 5.239543954080852, 5.622832345429421, 5.925426222814913, 6.051669403640529, 6.473165733248475, 6.919720535037404, 7.367220789324161, 7.756165793648859, 7.950584670713373, 8.264167962639828, 8.668952646128016, 9.073737329616204, 9.492659942186036, 9.940301335486339, 10.387942728786644
1MXTa.pdb, 2, 2, 0.5298707338771733, 0.6351222005289641, 1.0278454918397124, -, -, -, 1.4638207819386502, 18.267551687958047, , Z, 11.687499179862431, 11.74696084890661, 11.68850470964638, 11.368305866230472, 10.887757381970829, 10.516094306794258, 10.156896486836418, 9.955808823672067, 9.85601972927154, 9.8209358406502, 9.674202457661782, 9.617514473262462, 9.899758774463569, 10.182003075664676, 10.464247376865785, 10.746491678066892, 11.028735979268, 11.310980280469108, 11.593224581670215, 11.93236472271607, 12.135775559088472, 12.470472452119836, 12.722874785156597, 12.968447092411232, 13.217853452696087, 13.531331264863876, 13.827700246651316, 14.037677914459202, 13.997735920645692, 13.781365291071877, 13.558338034822526, 13.41648171566481, 13.288881022319515, 12.903265258582588, 12.634491128552005, 12.365716998521423, 12.183692415691523, 12.191903457500452, 12.200114499309379
1MXTa.pdb, 2, 2, 0.5298707338771733, 0.6351222005289641, 1.0278454918397124, -, -, -, 1.4638207819386502, 18.267551687958047, , distance, 0.0, 0.5000000000000007, 0.9756592923778202, 1.3201037239920936, 1.5607233928036799, 2.0002955674477056, 2.4633460954480153, 2.8899149497196968, 3.30962242039521, 3.7189929954646246, 4.076545283428278, 4.4459754640443245, 4.534000596835909, 4.674144306430067, 4.861901745465127, 5.092008657473109, 5.359012572573919, 5.65769205049458, 5.983305351012415, 6.1598233297436735, 6.397134336367378, 6.634830340537455, 6.769517315261325, 6.936868323820056, 7.198287994397166, 7.5590555684047995, 7.917643974460176, 8.28401879203842, 8.752269258409424, 9.077557088881628, 9.412802420335513, 9.78582471176463, 10.044347629926255, 10.272298562860852, 10.656120500314408, 11.049239361598104, 11.47969554734339, 11.979522613597059, 12.479363535039397
1MXTa.pdb, 2, 2, 0.5298707338771733, 0.6351222005289641, 1.0278454918397124, -, -, -, 1.4638207819386502, 18.267551687958047, , length, 0.0, 0.5, 1.0, 1.5, 2.0, 2.5, 3.0, 3.5, 4.0, 4.5, 5.0, 5.5, 6.0, 6.5, 7.0, 7.5, 8.0, 8.5, 9.0, 9.5, 10.0, 10.5, 11.0, 11.5, 12.0, 12.5, 13.0, 13.5, 14.0, 14.5, 15.0, 15.5, 16.0, 16.5, 17.0, 17.5, 18.0, 18.5, 19.0
1MXTa.pdb, 2, 2, 0.5298707338771733, 0.6351222005289641, 1.0278454918397124, -, -, -, 1.4638207819386502, 18.267551687958047, , R, 2.500215792498871, 2.5959603847013746, 2.73875137879819, 2.8546007350798837, 2.9005942718947075, 2.894758942856618, 2.9435690633086873, 2.985699899746508, 3.044745146661228, 3.1325367909736253, 3.094132698208651, 3.0135161746780392, 2.6186880620778217, 2.251237238533144, 1.9208489931139054, 1.6404855921131316, 1.4262175005479818, 1.2951309226905703, 1.2605564985484274, 1.1761979460894476, 1.1660349544229403, 1.0546328090433963, 1.031550389416651, 1.1120132521792871, 1.2368680288173668, 1.4467299573105745, 1.6602511777536144, 1.7134458406110247, 1.6539517497560856, 1.5549496675750356, 1.5399972264174118, 1.6208084248210846, 1.632250270052736, 1.59089402261005, 1.5758441393069955, 1.6498301573970109, 1.7581766990764105, 1.8491488811225703, 2.0161791640926108
1MXTa.pdb, 2, 2, 0.5298707338771733, 0.6351222005289641, 1.0278454918397124, -, -, -, 1.4638207819386502, 18.267551687958047, , Upper limit of R overestimation, -, -, -, -, -, -, -, -, -, -, -, -, -, -, -, -, -, -, -, -, -, -, -, -, -, -, -, -, -, -, -, -, -, -, -, -, -, -, -
1MXTa.pdb, 3, 3, 0.514425880333867, 0.6647037956332857, 1.6055130710285985, -, -, -, 1.508674231628955, 31.510046631869994, , X, 14.237732077128266, 14.154921134618851, 14.08474266557177, 14.353166680670583, 14.348440874860376, 14.369637481226937, 14.54348693299777, 14.707000692187075, 14.87051445137638, 15.034028210565685, 15.35849259159354, 15.451991665274916, 15.365899654311503, 15.734507948929696, 16.132266925911654, 16.5583667318755, 16.942806219730908, 17.246697437720567, 17.550588655710225, 17.878234167291982, 18.283615083325948, 18.71841792211875, 19.15322076091155, 19.58802359970435, 20.019179575449066, 20.43003748612238, 20.704352103209853, 21.09046352967109, 21.477317616378425, 21.720991784408838, 21.799092967219075, 21.639232147368457, 21.479620998888628, 21.3200098504088, 21.16039870192897, 21.000787553449143, 20.841176404969314, 20.87134145200107, 20.979540551087908, 21.083229403903136, 21.045375909159475, 21.06423754307814, 20.731560451617565, 20.435176786480987, 20.246329272129238, 20.26325759949764, 20.408292008942485, 20.55332641838733, 20.696381591751035, 20.81229247832179, 20.895501814182165, 20.952273531270386, 21.044382613874518, 21.15852429582203, 21.285436313733808, 21.2726442224578, 21.220109477594672, 21.16757473273155, 21.018765141121317, 20.841942670775733, 20.665120200430145, 20.42810071033135, 20.02264581549534, 19.676546120255605, 19.3326437065343, 18.89647612960918
1MXTa.pdb, 3, 3, 0.514425880333867, 0.6647037956332857, 1.6055130710285985, -, -, -, 1.508674231628955, 31.510046631869994, , Y, -0.7853796433822188, -0.6088730741871811, -0.4565776468642986, -0.2980006498865175, 0.02477530063481631, 0.3426858740847821, 0.6154625810969812, 0.8771350487964444, 1.1388075164959077, 1.400479984195371, 1.516515146157786, 1.909632593338745, 2.23686198567148, 2.434475578887321, 2.405593742399928, 2.1963335422012724, 2.018331347386452, 1.900765038984424, 1.7831987305823958, 1.5014623722952556, 1.482799004798368, 1.6068547238753583, 1.7309104429523485, 1.854966162029339, 1.978964096209417, 2.1009259082205145, 2.2084476622890064, 2.1742863639136076, 2.139183872572281, 2.1319335420173404, 2.0789573458363324, 2.106004025248874, 2.1407854063148117, 2.17556678738075, 2.2103481684466875, 2.245129549512625, 2.279910930578563, 2.1420496714014625, 2.0694610043618784, 1.9142790916048182, 1.8177619295023983, 1.6704365469975342, 1.8841521175319338, 2.0945051091264117, 2.3928014052970403, 2.778262731059501, 3.1677563685293184, 3.557250005999135, 3.9439309177400426, 4.292036626359465, 4.724120842990222, 5.183615611658914, 5.656333971772394, 6.1336623389065865, 6.613662716616316, 7.1065561415767275, 7.603117346343654, 8.09967855111058, 8.564880376273576, 8.982975811675576, 9.401071247077578, 9.688318896695975, 9.93562941964048, 10.276423935827918, 10.602109685597984, 10.83568991148392
1MXTa.pdb, 3, 3, 0.514425880333867, 0.6647037956332857, 1.6055130710285985, -, -, -, 1.508674231628955, 31.510046631869994, , Z, 11.687499179862431, 12.147184215558083, 12.618226767031672, 12.841589497229664, 13.223418454387833, 13.602893273527442, 13.983512398608871, 14.37694698046951, 14.770381562330147, 15.163816144190786, 15.410689701731414, 15.696119581910711, 15.909227465920361, 16.17461662242466, 16.42517117129848, 16.58217156610815, 16.814934758198405, 17.19418176314041, 17.573428768082415, 17.81148711709141, 18.015459397166694, 18.2288994823007, 18.442339567434708, 18.655779652568718, 18.876475851744157, 19.121776210390014, 19.525744728042305, 19.841153183932565, 20.155973340052636, 20.57930424044342, 21.03123764542534, 21.50290053414355, 21.97546220928458, 22.44802388442561, 22.92058555956664, 23.39314723470767, 23.8657089098487, 24.328073360064295, 24.769670113990976, 25.149257278131184, 25.63185022522579, 26.053634036051953, 26.315247671913138, 26.644721717242184, 26.949936386746923, 27.223527473392032, 27.501483812494982, 27.779440151597935, 28.061591691921443, 28.401278432906352, 28.46533317977363, 28.48762945638054, 28.62199190989136, 28.708709062211227, 28.76781047596824, 28.801007418980117, 28.826835127019834, 28.852662835059547, 28.833233154123324, 28.623638257055443, 28.414043359987563, 28.197875357405426, 28.2367480734428, 28.313368755421926, 28.33271035642199, 28.40480836550927
1MXTa.pdb, 3, 3, 0.514425880333867, 0.6647037956332857, 1.6055130710285985, -, -, -, 1.508674231628955, 31.510046631869994, , distance, 0.0, 0.49932209365379815, 0.9988845551315974, 1.2580889839898668, 1.7400159450617598, 2.226806094246945, 2.706939539485506, 3.1964507828182467, 3.6887767001444733, 4.182923556566403, 4.518514292887754, 4.980617916604276, 5.313162548604577, 5.722065064828393, 6.018065248936928, 6.183346706321151, 6.439628641988606, 6.825891800257896, 7.226117954402345, 7.482387996387266, 7.845819536013234, 8.281862642312165, 8.724770109324643, 9.173547737653283, 9.63058238505434, 10.09672625072605, 10.59331250230369, 11.054484377550182, 11.518668548959178, 11.982240579444593, 12.356538892863176, 12.628713574811005, 12.917026761137441, 13.217970878363513, 13.530703157433871, 13.854425348166414, 14.188385233043299, 14.5725334563569, 14.991507361613897, 15.341705316964541, 15.73420753227181, 16.094037428308607, 16.22551178627483, 16.4444690746134, 16.707664843539614, 17.04038379646989, 17.429434992618706, 17.82402110616034, 18.226119650922588, 18.664281860405477, 18.872631168163732, 19.051465786182355, 19.354668941949356, 19.63395255026291, 19.903592560731344, 20.115784935636228, 20.319382683012442, 20.533139595800794, 20.673315296929633, 20.63659789557443, 20.61194750723447, 20.508816310244722, 20.549523138784366, 20.696949914522676, 20.801348341907023, 20.885918226261328
1MXTa.pdb, 3, 3, 0.514425880333867, 0.6647037956332857, 1.6055130710285985, -, -, -, 1.508674231628955, 31.510046631869994, , length, 0.0, 0.5, 1.0, 1.5, 2.0, 2.5, 3.0, 3.5, 4.0, 4.5, 5.0, 5.5, 6.0, 6.5, 7.0, 7.5, 8.0, 8.5, 9.0, 9.5, 10.0, 10.5, 11.0, 11.5, 12.0, 12.5, 13.0, 13.5, 14.0, 14.5, 15.0, 15.5, 16.0, 16.5, 17.0, 17.5, 18.0, 18.5, 19.0, 19.5, 20.0, 20.5, 21.0, 21.5, 22.0, 22.5, 23.0, 23.5, 24.0, 24.5, 25.0, 25.5, 26.0, 26.5, 27.0, 27.5, 28.0, 28.5, 29.0, 29.5, 30.0, 30.5, 31.0, 31.5, 32.0, 32.5
1MXTa.pdb, 3, 3, 0.514425880333867, 0.6647037956332857, 1.6055130710285985, -, -, -, 1.508674231628955, 31.510046631869994, , R, 2.500215792498871, 2.4246358585155043, 2.3877307358176907, 2.2843009278039466, 2.1525860098071847, 2.0828263289610502, 2.01028847831828, 2.0013037288542375, 2.0696695574215136, 2.210737818285355, 2.279897174652813, 2.2452730703798522, 2.2628978949506067, 2.2652407920055255, 2.2146657946110846, 2.160697744879694, 2.1347493375275457, 2.094108813119444, 2.1289266440103445, 2.2069473207963766, 2.1473905767876325, 2.0443723602292714, 2.01665670379552, 2.0661611546777117, 2.184421513129548, 2.3479095786777178, 2.4342110205604692, 2.56148710220749, 2.748277437109061, 2.8976907208454046, 2.946582860985129, 2.714778528308522, 2.5306482279167817, 2.406935191434939, 2.3499615138709578, 2.362930258188922, 2.445094964396861, 2.5217351678745876, 2.5543781648706982, 2.4853903905007932, 2.4658612156861635, 2.4765556553084442, 2.5665369606410273, 2.604978720407777, 2.5936101685822495, 2.43808068171138, 2.2125963032490805, 2.048999232264764, 1.958076774844064, 1.9607929737606205, 1.8706929645837131, 1.742126300293075, 1.6400799415118301, 1.605163704852761, 1.6477677235228618, 1.65751973040963, 1.7199543238555022, 1.863796255811503, 1.9786970315679995, 2.0062073407128294, 2.109896706059337, 2.1489580916978035, 2.188067421331545, 2.16107100231088, 2.1031166025804406, 1.973537664429055
1MXTa.pdb, 3, 3, 0.514425880333867, 0.6647037956332857, 1.6055130710285985, -, -, -, 1.508674231628955, 31.510046631869994, , Upper limit of R overestimation, -, -, -, -, -, -, -, -, -, -, -, -, -, -, -, -, -, -, -, -, -, -, -, -, -, -, -, -, -, -, -, -, -, -, -, -, -, -, -, -, -, -, -, -, -, -, -, -, -, -, -, -, -, -, -, -, -, -, -, -, -, -, -, -, -, -
1MXTa.pdb, 4, 4, 0.4514426174972054, 0.7953070072315459, 1.0278454918397124, -, -, -, 1.5751182014341276, 24.50243448864856, , X, 14.237732077128266, 13.743425646791863, 13.268405766946714, 12.972805217639216, 12.924928378590792, 12.62153865075313, 12.307723900463825, 11.937086760152532, 11.530044452079084, 11.12208165937527, 10.881319021485933, 10.600366565842123, 10.533453146888409, 10.466539727934695, 10.399626308980979, 10.332712890027265, 10.26579947107355, 10.198886052119835, 10.13197263316612, 10.23656566998812, 9.882158501128774, 9.935401995238127, 10.19623335396152, 10.454017989618315, 10.608178179658935, 10.677616428023367, 10.621973494723266, 10.193428973885368, 9.927448746693136, 9.919260281370926, 9.920798261596525, 9.78632935131169, 9.546525088697432, 9.531595792156573, 9.413655862363177, 9.29571593256978, 9.148615807096203, 8.926018049253555, 8.703420291410907, 8.48082253356826, 8.176849006700461, 7.861728484616466, 7.546607962532472, 7.497309000711694, 7.570682558054046, 7.612405783749401, 7.583882862675629, 7.555359941601855, 7.415206899507345, 6.551871647812639
1MXTa.pdb, 4, 4, 0.4514426174972054, 0.7953070072315459, 1.0278454918397124, -, -, -, 1.5751182014341276, 24.50243448864856, , Y, -0.7853796433822188, -0.8314823856278173, -0.8963595879796993, -0.9872447240019555, -1.0552259230602348, -0.9154249779578036, -0.7654342161142936, -0.5406592879388874, -0.2679713782748117, 0.014353234133401055, 0.3545103320676721, 0.7150980401014376, 1.122358090687575, 1.5296181412737122, 1.9368781918598494, 2.344138242445987, 2.751398293032124, 3.1586583436182614, 3.565918394204399, 3.8915992641980424, 3.878455133859948, 4.20439814416605, 4.545722504225367, 4.8858479390141785, 5.239543954080852, 5.622832345429421, 5.925426222814913, 6.051669403640529, 6.473165733248475, 6.919720535037404, 7.367220789324161, 7.756165793648859, 7.950584670713373, 8.264167962639828, 8.668952646128016, 9.073737329616204, 9.492659942186036, 9.940301335486339, 10.387942728786644, 10.83558412208695, 11.105005931553361, 11.350014910613035, 11.59502388967271, 11.944227383966956, 12.341515027846922, 12.448296919098732, 12.280770373111215, 12.113243827123698, 12.0760836787971, 12.183820778851459
1MXTa.pdb, 4, 4, 0.4514426174972054, 0.7953070072315459, 1.0278454918397124, -, -, -, 1.5751182014341276, 24.50243448864856, , Z, 11.687499179862431, 11.74696084890661, 11.68850470964638, 11.368305866230472, 10.887757381970829, 10.516094306794258, 10.156896486836418, 9.955808823672067, 9.85601972927154, 9.8209358406502, 9.674202457661782, 9.617514473262462, 9.899758774463569, 10.182003075664676, 10.464247376865785, 10.746491678066892, 11.028735979268, 11.310980280469108, 11.593224581670215, 11.93236472271607, 12.135775559088472, 12.470472452119836, 12.722874785156597, 12.968447092411232, 13.217853452696087, 13.531331264863876, 13.827700246651316, 14.037677914459202, 13.997735920645692, 13.781365291071877, 13.558338034822526, 13.41648171566481, 13.288881022319515, 12.903265258582588, 12.634491128552005, 12.365716998521423, 12.183692415691523, 12.191903457500452, 12.200114499309379, 12.208325541118308, 11.944478506301888, 11.643364480156233, 11.342250454010577, 11.04560553216916, 10.751023032513741, 10.37824594929368, 9.90801058337262, 9.437775217451563, 9.015316595581071, 7.85155514307942
1MXTa.pdb, 4, 4, 0.4514426174972054, 0.7953070072315459, 1.0278454918397124, -, -, -, 1.5751182014341276, 24.50243448864856, , distance, 0.0, 0.5000000000000007, 0.9756592923778202, 1.3201037239920936, 1.5607233928036799, 2.0002955674477056, 2.4633460954480153, 2.8899149497196968, 3.30962242039521, 3.7189929954646246, 4.076545283428278, 4.4459754640443245, 4.534000596835909, 4.674144306430067, 4.861901745465127, 5.092008657473109, 5.359012572573919, 5.65769205049458, 5.983305351012415, 6.1598233297436735, 6.397134336367378, 6.634830340537455, 6.769517315261325, 6.936868323820056, 7.198287994397166, 7.5590555684047995, 7.917643974460176, 8.28401879203842, 8.752269258409424, 9.077557088881628, 9.412802420335513, 9.78582471176463, 10.044347629926255, 10.272298562860852, 10.656120500314408, 11.049239361598104, 11.47969554734339, 11.979522613597059, 12.479363535039397, 12.979216710944412, 13.348468492237293, 13.708507236916033, 14.07709949673251, 14.418329507081447, 14.752691299348905, 14.857297462050415, 14.770394892731225, 14.699994649610986, 14.802183904774724, 15.555933812674736
1MXTa.pdb, 4, 4, 0.4514426174972054, 0.7953070072315459, 1.0278454918397124, -, -, -, 1.5751182014341276, 24.50243448864856, , length, 0.0, 0.5, 1.0, 1.5, 2.0, 2.5, 3.0, 3.5, 4.0, 4.5, 5.0, 5.5, 6.0, 6.5, 7.0, 7.5, 8.0, 8.5, 9.0, 9.5, 10.0, 10.5, 11.0, 11.5, 12.0, 12.5, 13.0, 13.5, 14.0, 14.5, 15.0, 15.5, 16.0, 16.5, 17.0, 17.5, 18.0, 18.5, 19.0, 19.5, 20.0, 20.5, 21.0, 21.5, 22.0, 22.5, 23.0, 23.5, 24.0, 24.5
1MXTa.pdb, 4, 4, 0.4514426174972054, 0.7953070072315459, 1.0278454918397124, -, -, -, 1.5751182014341276, 24.50243448864856, , R, 2.500215792498871, 2.5959603847013746, 2.73875137879819, 2.8546007350798837, 2.9005942718947075, 2.894758942856618, 2.9435690633086873, 2.985699899746508, 3.044745146661228, 3.1325367909736253, 3.094132698208651, 3.0135161746780392, 2.6186880620778217, 2.251237238533144, 1.9208489931139054, 1.6404855921131316, 1.4262175005479818, 1.2951309226905703, 1.2605564985484274, 1.1761979460894476, 1.1660349544229403, 1.0546328090433963, 1.031550389416651, 1.1120132521792871, 1.2368680288173668, 1.4467299573105745, 1.6602511777536144, 1.7134458406110247, 1.6539517497560856, 1.5549496675750356, 1.5399972264174118, 1.6208084248210846, 1.632250270052736, 1.59089402261005, 1.5758441393069955, 1.6498301573970109, 1.7581766990764105, 1.8491488811225703, 2.0161791640926108, 2.24823258087906, 2.37176284612827, 2.536726740788363, 2.758378915877474, 2.8491861017024327, 2.9159143863315453, 2.8288482980513336, 2.5459590716879443, 2.3118086685939048, 2.108896706203102, 1.59773432432554
1MXTa.pdb, 4, 4, 0.4514426174972054, 0.7953070072315459, 1.0278454918397124, -, -, -, 1.5751182014341276, 24.50243448864856, , Upper limit of R overestimation, -, -, -, -, -, -, -, -, -, -, -, -, -, -, -, -, -, -, -, -, -, -, -, -, -, -, -, -, -, -, -, -, -, -, -, -, -, -, -, -, -, -, -, -, -, -, -, -, -, -
1MXTa.pdb, 5, 5, 0.4424396730293933, 0.8154511559651877, 1.329567432425036, -, -, -, 1.6433338064361964, 31.123383435397432, , X, 14.237732077128266, 14.154921134618851, 14.08474266557177, 14.353166680670583, 14.348440874860376, 14.369637481226937, 14.54348693299777, 14.707000692187075, 14.87051445137638, 15.034028210565685, 15.35849259159354, 15.451991665274916, 15.365899654311503, 15.734507948929696, 16.132266925911654, 16.5583667318755, 16.942806219730908, 17.246697437720567, 17.550588655710225, 17.878234167291982, 18.283615083325948, 18.71841792211875, 19.15322076091155, 19.58802359970435, 20.019179575449066, 20.43003748612238, 20.704352103209853, 21.09046352967109, 21.477317616378425, 21.720991784408838, 21.799092967219075, 21.639232147368457, 21.479620998888628, 21.3200098504088, 21.16039870192897, 21.000787553449143, 20.841176404969314, 20.756454040541566, 20.704621873026312, 20.517821802398895, 20.327271789317074, 20.264518920062237, 20.38599138083356, 20.531726670834843, 20.725169910779844, 20.931494966943646, 21.093835733035455, 21.28915864871152, 21.369740769737, 21.36799621860385, 21.346807378677735, 21.27804084097989, 21.19262656243728, 21.170616461059875, 21.12523734604234, 21.039072907449786, 20.80810523667406, 20.536241553677765, 20.263328332376258, 19.88697120279377, 19.392633569910643, 18.898295937027513, 18.472894793583063, 18.09316788733036, 17.679543060721628
1MXTa.pdb, 5, 5, 0.4424396730293933, 0.8154511559651877, 1.329567432425036, -, -, -, 1.6433338064361964, 31.123383435397432, , Y, -0.7853796433822188, -0.6088730741871811, -0.4565776468642986, -0.2980006498865175, 0.02477530063481631, 0.3426858740847821, 0.6154625810969812, 0.8771350487964444, 1.1388075164959077, 1.400479984195371, 1.516515146157786, 1.909632593338745, 2.23686198567148, 2.434475578887321, 2.405593742399928, 2.1963335422012724, 2.018331347386452, 1.900765038984424, 1.7831987305823958, 1.5014623722952556, 1.482799004798368, 1.6068547238753583, 1.7309104429523485, 1.854966162029339, 1.978964096209417, 2.1009259082205145, 2.2084476622890064, 2.1742863639136076, 2.139183872572281, 2.1319335420173404, 2.0789573458363324, 2.106004025248874, 2.1407854063148117, 2.17556678738075, 2.2103481684466875, 2.245129549512625, 2.279910930578563, 2.614707707773934, 3.0428361799142323, 3.4683508224917947, 3.8929925630905644, 4.331061971095143, 4.794632766917909, 5.2727715510476205, 5.719912748094313, 6.148555405922009, 6.458147791880658, 6.768203888513202, 7.169712379088417, 7.60880793908677, 8.076034456289438, 8.538857003128637, 8.963698907321696, 9.462176316575086, 9.95233293323134, 10.410102938311898, 10.80695364409463, 10.964285011235658, 11.103862723689778, 11.210945192888355, 11.280965980854308, 11.350986768820263, 11.350632959778652, 11.43155873899561, 11.494778065601736
1MXTa.pdb, 5, 5, 0.4424396730293933, 0.8154511559651877, 1.329567432425036, -, -, -, 1.6433338064361964, 31.123383435397432, , Z, 11.687499179862431, 12.147184215558083, 12.618226767031672, 12.841589497229664, 13.223418454387833, 13.602893273527442, 13.983512398608871, 14.37694698046951, 14.770381562330147, 15.163816144190786, 15.410689701731414, 15.696119581910711, 15.909227465920361, 16.17461662242466, 16.42517117129848, 16.58217156610815, 16.814934758198405, 17.19418176314041, 17.573428768082415, 17.81148711709141, 18.015459397166694, 18.2288994823007, 18.442339567434708, 18.655779652568718, 18.876475851744157, 19.121776210390014, 19.525744728042305, 19.841153183932565, 20.155973340052636, 20.57930424044342, 21.03123764542534, 21.50290053414355, 21.97546220928458, 22.44802388442561, 22.92058555956664, 23.39314723470767, 23.8657089098487, 24.183069676276773, 24.424186392527222, 24.60278621124149, 24.78546101699139, 24.81675616133045, 24.700901451662993, 24.698602087588693, 24.586154487244215, 24.438056437447447, 24.764888065798708, 25.1050559295848, 25.388578632208713, 25.616788874655416, 25.76911844983601, 25.90525285841996, 25.970953409474955, 25.938769129129035, 25.98316167559011, 26.16488209813688, 26.037035208971144, 25.657087794011026, 25.262073318548534, 25.064199475075757, 25.09116971734631, 25.11813995961687, 25.14321405631805, 25.415357245818466, 25.68906844317138
1MXTa.pdb, 5, 5, 0.4424396730293933, 0.8154511559651877, 1.329567432425036, -, -, -, 1.6433338064361964, 31.123383435397432, , distance, 0.0, 0.49932209365379815, 0.9988845551315974, 1.2580889839898668, 1.7400159450617598, 2.226806094246945, 2.706939539485506, 3.1964507828182467, 3.6887767001444733, 4.182923556566403, 4.518514292887754, 4.980617916604276, 5.313162548604577, 5.722065064828393, 6.018065248936928, 6.183346706321151, 6.439628641988606, 6.825891800257896, 7.226117954402345, 7.482387996387266, 7.845819536013234, 8.281862642312165, 8.724770109324643, 9.173547737653283, 9.63058238505434, 10.09672625072605, 10.59331250230369, 11.054484377550182, 11.518668548959178, 11.982240579444593, 12.356538892863176, 12.628713574811005, 12.917026761137441, 13.217970878363513, 13.530703157433871, 13.854425348166414, 14.188385233043299, 14.498055457979168, 14.788478663313763, 14.977930061816371, 15.183091407730778, 15.325714447618564, 15.436523885007471, 15.67176961021384, 15.836066035564029, 15.983198280444157, 16.446669788135214, 16.935467811660015, 17.37436661397842, 17.75748189632627, 18.09297136330712, 18.40249592296214, 18.639532038627276, 18.87262525989134, 19.15991039642511, 19.524130799847654, 19.582164812765534, 19.309977917406083, 19.02448310312067, 18.835122061304315, 18.757081062927554, 18.692093433808807, 18.608483763471902, 18.77690218871152, 18.939173108653392
1MXTa.pdb, 5, 5, 0.4424396730293933, 0.8154511559651877, 1.329567432425036, -, -, -, 1.6433338064361964, 31.123383435397432, , length, 0.0, 0.5, 1.0, 1.5, 2.0, 2.5, 3.0, 3.5, 4.0, 4.5, 5.0, 5.5, 6.0, 6.5, 7.0, 7.5, 8.0, 8.5, 9.0, 9.5, 10.0, 10.5, 11.0, 11.5, 12.0, 12.5, 13.0, 13.5, 14.0, 14.5, 15.0, 15.5, 16.0, 16.5, 17.0, 17.5, 18.0, 18.5, 19.0, 19.5, 20.0, 20.5, 21.0, 21.5, 22.0, 22.5, 23.0, 23.5, 24.0, 24.5, 25.0, 25.5, 26.0, 26.5, 27.0, 27.5, 28.0, 28.5, 29.0, 29.5, 30.0, 30.5, 31.0, 31.5, 32.0
1MXTa.pdb, 5, 5, 0.4424396730293933, 0.8154511559651877, 1.329567432425036, -, -, -, 1.6433338064361964, 31.123383435397432, , R, 2.500215792498871, 2.4246358585155043, 2.3877307358176907, 2.2843009278039466, 2.1525860098071847, 2.0828263289610502, 2.01028847831828, 2.0013037288542375, 2.0696695574215136, 2.210737818285355, 2.279897174652813, 2.2452730703798522, 2.2628978949506067, 2.2652407920055255, 2.2146657946110846, 2.160697744879694, 2.1347493375275457, 2.094108813119444, 2.1289266440103445, 2.2069473207963766, 2.1473905767876325, 2.0443723602292714, 2.01665670379552, 2.0661611546777117, 2.184421513129548, 2.3479095786777178, 2.4342110205604692, 2.56148710220749, 2.748277437109061, 2.8976907208454046, 2.946582860985129, 2.714778528308522, 2.5306482279167817, 2.406935191434939, 2.3499615138709578, 2.362930258188922, 2.445094964396861, 2.368710980500471, 2.2780415291228575, 2.1334265826644865, 2.0608620190232836, 1.991604897682696, 1.8652335652519756, 1.7459841444427628, 1.7084201027050592, 1.756516930375424, 1.5844352218455107, 1.460091850476149, 1.3687854638522368, 1.3380788836242525, 1.334718860809731, 1.4279020938618212, 1.5411382019880204, 1.626302282211525, 1.7803477734414035, 1.977787699230135, 2.0307045993975006, 1.9201656592261218, 1.8714334857559913, 1.7914767708166341, 1.6609679162739635, 1.6144877980837757, 1.5847890674500922, 1.622314051075396, 1.663799830416253
1MXTa.pdb, 5, 5, 0.4424396730293933, 0.8154511559651877, 1.329567432425036, -, -, -, 1.6433338064361964, 31.123383435397432, , Upper limit of R overestimation, -, -, -, -, -, -, -, -, -, -, -, -, -, -, -, -, -, -, -, -, -, -, -, -, -, -, -, -, -, -, -, -, -, -, -, -, -, -, -, -, -, -, -, -, -, -, -, -, -, -, -, -, -, -, -, -, -, -, -, -, -, -, -, -, -
1MXTa.pdb, 6, 6, 0.30354976437464526, 1.1922097136384273, 0.939068025806858, -, -, -, 1.5477113204062305, 19.948397496375616, , X, 14.237732077128266, 14.672947485549923, 15.16974456376044, 15.666541641970959, 16.16333872018148, 16.660135798391998, 16.932826454366765, 17.146929237348143, 17.466380477964893, 17.856162899947265, 18.245500537083725, 18.634480478231044, 19.023460419378363, 19.271379417194762, 19.449634620054223, 19.726538008163843, 20.026767817611418, 20.310868130989594, 20.362514450421482, 20.470757593021816, 20.532958971121857, 20.62973643239714, 20.892068144171873, 21.087660798610724, 21.079629166120927, 21.08371015043776, 21.08877795800829, 21.00788025473558, 20.844110750933915, 20.71470069233996, 20.610701657598945, 20.658572500632364, 20.70644334366578, 20.838973664528652, 20.995127396251792, 21.22233099861486, 21.461362958695684, 21.854988033489064, 22.176739941703314, 22.397605035116793, 22.618470128530276, 22.829119239818095
1MXTa.pdb, 6, 6, 0.30354976437464526, 1.1922097136384273, 0.939068025806858, -, -, -, 1.5477113204062305, 19.948397496375616, , Y, -0.7853796433822188, -0.7838584535200216, -0.8332008828024948, -0.8825433120849681, -0.9318857413674414, -0.9812281706499146, -0.7945819742615894, -0.4419421871515179, -0.21954036094498597, -0.08570590650090215, 0.07175684416988212, 0.2482214715192534, 0.4246860988686247, 0.5933558607612711, 0.6937179940184047, 0.5733307761926841, 0.48693876950677095, 0.40448421740450324, 0.2986923992565666, -0.053723934771414406, -0.361866513179693, -0.7082509453000062, -0.8699891711851044, -1.2026580081145954, -1.6203084048952983, -2.0700848683601434, -2.522375203487596, -2.9535595431206083, -3.361111414262522, -3.8114194773994283, -4.266709939803192, -4.752619473458176, -5.238529007113159, -5.456301746852674, -5.640486126020708, -5.861216464364861, -6.085616113658598, -6.338790466363891, -6.641140050370841, -7.088010956998898, -7.5348818636269534, -7.971443018992418
1MXTa.pdb, 6, 6, 0.30354976437464526, 1.1922097136384273, 0.939068025806858, -, -, -, 1.5477113204062305, 19.948397496375616, , Z, 11.687499179862431, 11.45307860296524, 11.425547025567717, 11.398015448170193, 11.37048387077267, 11.342952293375149, 11.077216263335531, 10.795218499229026, 10.513301632559491, 10.230179746585955, 9.959921592385511, 9.700008451741422, 9.44009531109733, 9.06584145842377, 8.628439875893479, 8.230148796375854, 7.839766313802863, 7.442876676541138, 6.985498283012195, 6.64773187024994, 6.2675338468183766, 5.95746559191054, 5.572110577460058, 5.26849029187008, 4.995344032459247, 4.7776773713374485, 4.564586381202425, 4.337552610457452, 4.098636261177455, 4.000630234699283, 4.0236922557240185, 4.131396979345903, 4.239101702967788, 4.450134578287294, 4.8559294339453976, 5.242708824037664, 5.619552878195284, 5.629705365107908, 5.49107887390911, 5.452027583010179, 5.412976292111247, 5.30988315390594
1MXTa.pdb, 6, 6, 0.30354976437464526, 1.1922097136384273, 0.939068025806858, -, -, -, 1.5477113204062305, 19.948397496375616, , distance, 0.0, 0.49433568819076623, 0.9693054613059927, 1.4610743930465029, 1.9570190818473885, 2.4546097432002068, 2.7633428349230877, 3.0622772925398554, 3.481822004334259, 3.9631256462813935, 4.447630302493619, 4.934556430084915, 5.42386200190651, 5.840514219049831, 6.221696051971775, 6.627696147759606, 7.066595867666599, 7.504370575312639, 7.797242060357927, 8.048924256865732, 8.317768284204213, 8.584692972547181, 9.037993417996345, 9.396771776902366, 9.606955934638348, 9.811397490719017, 10.03443421300192, 10.225342292436826, 10.386022999003426, 10.497427956390545, 10.55785671795441, 10.679928093301758, 10.823741944417241, 10.852343072721489, 10.765908956051957, 10.774231492677648, 10.820966780925737, 11.20534809702948, 11.649609453791602, 12.049389785422543, 12.456411520828125, 12.888965295633895
1MXTa.pdb, 6, 6, 0.30354976437464526, 1.1922097136384273, 0.939068025806858, -, -, -, 1.5477113204062305, 19.948397496375616, , length, 0.0, 0.5, 1.0, 1.5, 2.0, 2.5, 3.0, 3.5, 4.0, 4.5, 5.0, 5.5, 6.0, 6.5, 7.0, 7.5, 8.0, 8.5, 9.0, 9.5, 10.0, 10.5, 11.0, 11.5, 12.0, 12.5, 13.0, 13.5, 14.0, 14.5, 15.0, 15.5, 16.0, 16.5, 17.0, 17.5, 18.0, 18.5, 19.0, 19.5, 20.0, 20.5
1MXTa.pdb, 6, 6, 0.30354976437464526, 1.1922097136384273, 0.939068025806858, -, -, -, 1.5477113204062305, 19.948397496375616, , R, 2.5002157924988815, 2.4584576060236802, 2.2895943409350332, 2.186772102385854, 2.1560664300207746, 2.1994320837348216, 2.062673131974994, 1.8093914470454957, 1.5459346175667859, 1.2985073396079752, 1.123011702476177, 1.0385696119232894, 1.0640681184565761, 1.0586244001804086, 1.0408328063261922, 1.0276083626304569, 1.1000406028277283, 1.2637164092902549, 1.3242591338427696, 1.3537600802582108, 1.4739314401383907, 1.5624758737344029, 1.5758750299899764, 1.5235033458955953, 1.3362970190803065, 1.2295004816893516, 1.2225342897361242, 1.2410313843541296, 1.2865016089919317, 1.3511496025238687, 1.3704781953761669, 1.30514384958466, 1.3385297440288866, 1.2387611282148343, 1.1088622432603377, 1.04046779529627, 1.075458145807304, 1.0651737569918345, 1.004053499667782, 0.9388848713232585, 0.989019222426615, 1.114248076026352
1MXTa.pdb, 6, 6, 0.30354976437464526, 1.1922097136384273, 0.939068025806858, -, -, -, 1.5477113204062305, 19.948397496375616, , Upper limit of R overestimation, -, -, -, -, -, -, -, -, -, -, -, -, -, -, -, -, -, -, -, -, -, -, -, -, -, -, -, -, -, -, -, -, -, -, -, -, -, -, -, -, -, -
1MXTa.pdb, 7, 7, 0.22073203711299852, 1.5108058148905021, 0.6630665020266893, -, -, -, 1.3350731439988381, 26.273924475403195, , X, 14.237732077128266, 13.743425646791863, 13.268405766946714, 12.972805217639216, 12.924928378590792, 12.62153865075313, 12.307723900463825, 11.937086760152532, 11.530044452079084, 11.12208165937527, 10.881319021485933, 10.59779556724093, 10.471545454761788, 10.091156950501064, 9.632010566221265, 9.168153277676117, 8.948002149079521, 8.68745411803749, 8.368335581437563, 8.105798467247503, 7.808150215669717, 7.516147683009939, 7.242068824525877, 6.988877529544479, 6.5510737454173835, 6.067652578814766, 5.571798946508685, 5.075945314202604, 4.581772134302033, 4.103102118913638, 3.665654151634619, 3.32595507329837, 3.2247676996694707, 3.139703768192196, 3.0815184272277847, 3.0426386487538917, 3.014861690446113, 2.8900398052572007, 2.8182165938414787, 2.799459458711585, 2.6848146298948703, 2.624429183603318, 2.5580323341651234, 2.392511725459527, 2.292773717877843, 2.1345830686480953, 1.8519141296087485, 1.4838178069285965, 1.1013070946362904, 0.716566454604954, 0.3318258145736177, 0.07403428392857075, -0.22843497903889973, -0.6087530978768347, -1.0539486141610923
1MXTa.pdb, 7, 7, 0.22073203711299852, 1.5108058148905021, 0.6630665020266893, -, -, -, 1.3350731439988381, 26.273924475403195, , Y, -0.7853796433822188, -0.8314823856278173, -0.8963595879796993, -0.9872447240019555, -1.0552259230602348, -0.9154249779578036, -0.7654342161142936, -0.5406592879388874, -0.2679713782748117, 0.014353234133401055, 0.3545103320676721, 0.7137955543474501, 1.090995223737857, 1.26593215124959, 1.3704937516390037, 1.4790007142398436, 1.6475771678084645, 1.8522997615915753, 2.0966466127504506, 2.115380452942116, 2.4816235773579143, 2.5051073136401265, 2.6248216783692, 2.7887751266687886, 2.816885944307579, 2.882620635767345, 2.935222561324579, 2.987824486881812, 3.0155853239328945, 2.939588008318426, 2.7680264571616355, 2.8608943807889426, 2.8371662080956703, 2.760729662569602, 2.6129722395999986, 2.430669819113828, 1.959840318752617, 1.4892893854020133, 1.0335855169382644, 0.6443837930627936, 0.2354094733980831, -0.19244872937966795, -0.65138521726746, -0.8721921772630779, -1.0444942228062186, -1.3673411312252957, -1.6727401657754914, -1.8705077267216312, -2.1757469572697237, -2.4895968354530664, -2.8034467136364096, -3.142423793591274, -3.423379759329472, -3.651213637110773, -3.7538475885080373
1MXTa.pdb, 7, 7, 0.22073203711299852, 1.5108058148905021, 0.6630665020266893, -, -, -, 1.3350731439988381, 26.273924475403195, , Z, 11.687499179862431, 11.74696084890661, 11.68850470964638, 11.368305866230472, 10.887757381970829, 10.516094306794258, 10.156896486836418, 9.955808823672067, 9.85601972927154, 9.8209358406502, 9.674202457661782, 9.592158412100463, 9.289204094569302, 9.085409651500248, 8.918017990364302, 8.766628252229612, 8.356972754717475, 7.99343311957568, 7.696014263537494, 7.308266458631196, 7.229326722651608, 6.867884555888095, 6.467198581327484, 6.0771633355370005, 5.917491663452546, 5.82087557973856, 5.7839674132094885, 5.747059246680418, 5.694623517660839, 5.578533800964629, 5.40763643384585, 5.227607157217935, 4.747533488960613, 4.260787577760868, 3.7872800748739945, 3.3478406476837326, 3.239995250603455, 3.1259719367559704, 2.9460780212385034, 2.645124761664003, 2.3882860700543644, 2.161535098841877, 1.9745357446453982, 1.5792858468481081, 1.120630927605672, 0.814645706535724, 0.5790302619727786, 0.30552826441735254, 0.33784126314514995, 0.3967725271107089, 0.4557037910762678, 0.30592779653928825, 0.0633829687325747, -0.15902951901590745, -0.33937959695574216
1MXTa.pdb, 7, 7, 0.22073203711299852, 1.5108058148905021, 0.6630665020266893, -, -, -, 1.3350731439988381, 26.273924475403195, , distance, 0.0, 0.5000000000000007, 0.9756592923778202, 1.3201037239920936, 1.5607233928036799, 2.0002955674477056, 2.4633460954480153, 2.8899149497196968, 3.30962242039521, 3.7189929954646246, 4.076545283428278, 4.459497393489978, 4.843218313538352, 5.307808895690489, 5.790551510035618, 6.273717764111637, 6.707676783015306, 7.170011305734062, 7.660799070718007, 8.074199536741412, 8.478687080896215, 8.901442933885297, 9.37124942244901, 9.838513244308169, 10.264210657042314, 10.706152321078484, 11.126228701133174, 11.552672102059546, 11.983299036693932, 12.40586822422073, 12.799695413833067, 13.194407776966813, 13.511896484806655, 13.816554157115096, 14.086282704447576, 14.325606285550124, 14.31256004324931, 14.395971235802278, 14.495737718375166, 14.650694150664165, 14.865640801026814, 15.032111057280963, 15.191280370194812, 15.572178986299722, 15.950168501619299, 16.2801670061225, 16.661151719659696, 17.128604557549114, 17.415898409633346, 17.697649120055868, 17.988886884367222, 18.32228586876662, 18.744308778894084, 19.20862745603143, 19.679764058999048
1MXTa.pdb, 7, 7, 0.22073203711299852, 1.5108058148905021, 0.6630665020266893, -, -, -, 1.3350731439988381, 26.273924475403195, , length, 0.0, 0.5, 1.0, 1.5, 2.0, 2.5, 3.0, 3.5, 4.0, 4.5, 5.0, 5.5, 6.0, 6.5, 7.0, 7.5, 8.0, 8.5, 9.0, 9.5, 10.0, 10.5, 11.0, 11.5, 12.0, 12.5, 13.0, 13.5, 14.0, 14.5, 15.0, 15.5, 16.0, 16.5, 17.0, 17.5, 18.0, 18.5, 19.0, 19.5, 20.0, 20.5, 21.0, 21.5, 22.0, 22.5, 23.0, 23.5, 24.0, 24.5, 25.0, 25.5, 26.0, 26.5, 27.0
1MXTa.pdb, 7, 7, 0.22073203711299852, 1.5108058148905021, 0.6630665020266893, -, -, -, 1.3350731439988381, 26.273924475403195, , R, 2.500215792498871, 2.5959603847013746, 2.73875137879819, 2.8546007350798837, 2.9005942718947075, 2.894758942856618, 2.9435690633086873, 2.985699899746508, 3.044745146661228, 3.1325367909736253, 3.094132698208651, 3.024580790000898, 2.9025016540227533, 2.7010768770666997, 2.5105187055493916, 2.363630588147858, 2.1509650395795834, 1.97337534894736, 1.838567780006325, 1.6867599358724739, 1.7510305898862797, 1.5900928150230127, 1.4504558838923975, 1.388185426357974, 1.211306103576902, 1.0314013347030724, 0.9066290788015723, 0.8968119216539352, 0.9921222375898575, 1.1441114042037464, 1.3375459969949113, 1.4666897627739515, 1.3214461870136833, 1.261813204741946, 1.2964346011673114, 1.4158743580392044, 1.3826546424288113, 1.3680133372238747, 1.4390917325065338, 1.5330718828892607, 1.580770279418451, 1.6500979160666385, 1.7868348448925409, 1.6922234135601275, 1.5926794475732604, 1.5001241732472679, 1.3475201440398272, 1.1537853200841732, 0.9047959225181954, 0.7407033229782032, 0.6980234192938866, 0.6813443949229534, 0.6636880872950606, 0.7295601631581168, 0.8277262849670268
1MXTa.pdb, 7, 7, 0.22073203711299852, 1.5108058148905021, 0.6630665020266893, -, -, -, 1.3350731439988381, 26.273924475403195, , Upper limit of R overestimation, -, -, -, -, -, -, -, -, -, -, -, -, -, -, -, -, -, -, -, -, -, -, -, -, -, -, -, -, -, -, -, -, -, -, -, -, -, -, -, -, -, -, -, -, -, -, -, -, -, -, -, -, -, -, -
1MXTa.pdb, 8, 8, 0.15019516266791152, 1.8958197461100625, 0.6182122682728708, -, -, -, 1.4199413895958508, 22.955951079339673, , X, 14.237732077128266, 13.743425646791863, 13.268405766946714, 12.972805217639216, 12.946537046307942, 12.869837941616241, 13.093944799578741, 13.459006902822093, 13.824069006065443, 14.189131109308793, 14.554193212552144, 14.63370178285231, 14.881331692356547, 15.135901772298325, 15.390471852240102, 15.50476303886768, 15.521230000441195, 15.554592347828955, 15.597746720071777, 15.756881850035375, 16.05491203820193, 16.31320171514598, 16.38093760590328, 16.500862349111316, 16.79723175562074, 17.124351175073013, 17.384578345559845, 17.285900840984347, 17.028623600860588, 16.756777380531762, 16.584075369926065, 16.507840615635487, 16.497353452896032, 16.486866290156577, 16.476379127417122, 16.45046870661581, 16.548871609914105, 16.82497109969166, 17.153176143941923, 17.584914121663015, 17.90625640522699, 18.213095238894994, 18.52086970605276, 18.9627410912944, 19.406745640573778, 19.794301597086065, 20.246853112220396, 20.659805643160006
1MXTa.pdb, 8, 8, 0.15019516266791152, 1.8958197461100625, 0.6182122682728708, -, -, -, 1.4199413895958508, 22.955951079339673, , Y, -0.7853796433822188, -0.8314823856278173, -0.8963595879796993, -0.9872447240019555, -1.1075145209419184, -1.509286576783861, -1.8533671768048467, -2.164400704188892, -2.4754342315729376, -2.7864677589569835, -3.097501286341029, -3.5728187112583187, -3.997801904623103, -4.419650404154981, -4.84149890368686, -5.254840345022571, -5.699571746058464, -6.166692008990063, -6.635807383592548, -7.105605103669035, -7.4312942227508545, -7.683405127836885, -7.960762001300639, -8.243240166949594, -8.525533784369882, -8.819456557600192, -9.150191930870582, -9.625562275805983, -10.040668082104522, -10.443016819664757, -10.631304378322458, -10.911245479965874, -11.30350215910678, -11.695758838247684, -12.088015517388587, -12.47140806624836, -12.887780497722115, -12.921362694881637, -12.911577216329452, -13.03551875880784, -13.335325136261748, -13.64410329553738, -13.969387490615018, -14.143363724756895, -14.314836429921256, -14.612664554770706, -14.684266377775192, -14.41212002235552
1MXTa.pdb, 8, 8, 0.15019516266791152, 1.8958197461100625, 0.6182122682728708, -, -, -, 1.4199413895958508, 22.955951079339673, , Z, 11.687499179862431, 11.74696084890661, 11.68850470964638, 11.368305866230472, 10.89653370296147, 10.60919858149901, 10.427869981832576, 10.286491745818049, 10.145113509803522, 10.003735273788994, 9.862357037774467, 9.920254280278726, 10.005078901358008, 10.090154854724044, 10.17523080809008, 10.33219369514966, 10.326616118693645, 10.151443022199087, 9.98565576756768, 9.941365446270943, 9.743998751147707, 9.417784943772778, 9.00731568323586, 8.628582025725853, 8.386338738020319, 8.148426382742556, 7.947182627955666, 7.9492186838718535, 8.056436179139848, 8.174208400989372, 7.77441124996662, 7.398036802990688, 7.088158250833516, 6.778279698676343, 6.468401146519171, 6.150435312458541, 5.9232781851747065, 5.5310616827847, 5.181758525648194, 4.994119414854523, 5.214934074807221, 5.460913705076908, 5.682652642978818, 5.8367548860686105, 5.989911902241014, 5.954446588815046, 5.891971360614718, 5.81933843334846
1MXTa.pdb, 8, 8, 0.15019516266791152, 1.8958197461100625, 0.6182122682728708, -, -, -, 1.4199413895958508, 22.955951079339673, , distance, 0.0, 0.5000000000000007, 0.9756592923778202, 1.3201037239920936, 1.5480897495315527, 1.8862417116122927, 2.0088584878879945, 2.1144582789674917, 2.325157027520657, 2.6156789924918598, 2.962633622454481, 3.32411839441344, 3.6829899867853144, 4.070152534854379, 4.479717409748316, 4.839245744783612, 5.258198707478665, 5.749096648021259, 6.242869177903247, 6.730679677192161, 7.158737145866343, 7.552610973433456, 7.953793151477359, 8.3724797027417, 8.795378615684191, 9.241428349746776, 9.688276108293248, 10.070496653803039, 10.326376813597504, 10.581056524101374, 10.85171958174655, 11.228803996850848, 11.70003106829461, 12.173553909948593, 12.649114696206617, 13.11939556394352, 13.60278339365629, 13.851989497598552, 14.066596715082373, 14.355168709045321, 14.589492851339205, 14.829721942950805, 15.107002111462357, 15.32947023525508, 15.563656477319983, 15.966751856985532, 16.213473741723142, 16.166830016747017
1MXTa.pdb, 8, 8, 0.15019516266791152, 1.8958197461100625, 0.6182122682728708, -, -, -, 1.4199413895958508, 22.955951079339673, , length, 0.0, 0.5, 1.0, 1.5, 2.0, 2.5, 3.0, 3.5, 4.0, 4.5, 5.0, 5.5, 6.0, 6.5, 7.0, 7.5, 8.0, 8.5, 9.0, 9.5, 10.0, 10.5, 11.0, 11.5, 12.0, 12.5, 13.0, 13.5, 14.0, 14.5, 15.0, 15.5, 16.0, 16.5, 17.0, 17.5, 18.0, 18.5, 19.0, 19.5, 20.0, 20.5, 21.0, 21.5, 22.0, 22.5, 23.0, 23.5
1MXTa.pdb, 8, 8, 0.15019516266791152, 1.8958197461100625, 0.6182122682728708, -, -, -, 1.4199413895958508, 22.955951079339673, , R, 2.500215792498871, 2.5959603847013746, 2.73875137879819, 2.8546007350798837, 2.885069546452659, 2.718982019581839, 2.4262062458669043, 2.095103856815225, 1.8109877310997138, 1.5882583823002199, 1.44248415247885, 1.1815770590181043, 0.9566005143393157, 0.8315720090673466, 0.8257452647367278, 0.8415927734059803, 0.7030608626260635, 0.6191973333491012, 0.661836130314444, 0.7313798373398936, 0.7268719988093, 0.6905555417098699, 0.6665772977219113, 0.7343686737442838, 0.7766643516569154, 0.9238279682890778, 1.1152019874471473, 1.1080511992966093, 1.0662251187924887, 1.118539408976768, 1.0316041416115784, 0.9286297042400788, 0.8485847874780392, 0.8886203209773866, 1.042313550535009, 1.274104175890128, 1.4306307978773074, 1.407604476133854, 1.392893343574926, 1.366874750581175, 1.2757276715233743, 1.2760438839809962, 1.354807308156598, 1.3972171884249518, 1.5301658636414575, 1.5989440061982914, 1.6509512225337477, 1.6389933116771005
1MXTa.pdb, 8, 8, 0.15019516266791152, 1.8958197461100625, 0.6182122682728708, -, -, -, 1.4199413895958508, 22.955951079339673, , Upper limit of R overestimation, -, -, -, -, -, -, -, -, -, -, -, -, -, -, -, -, -, -, -, -, -, -, -, -, -, -, -, -, -, -, -, -, -, -, -, -, -, -, -, -, -, -, -, -, -, -, -, -
1MXTa.pdb, 9, 9, 0.14355468323479698, 1.9410392485320636, 0.6542997158075838, -, -, -, 1.9646471734600495, 33.54697829052853, , X, 14.237732077128266, 13.743425646791863, 13.268405766946714, 12.972805217639216, 12.924928378590792, 12.62153865075313, 12.307723900463825, 11.937086760152532, 11.530044452079084, 11.12208165937527, 10.881319021485933, 10.600366565842123, 10.533453146888409, 10.466539727934695, 10.399626308980979, 10.332712890027265, 10.26579947107355, 10.198886052119835, 10.13197263316612, 10.23656566998812, 9.882158501128774, 9.935401995238127, 10.19623335396152, 10.454017989618315, 10.608178179658935, 10.677616428023367, 10.621973494723266, 10.192586191747914, 9.879675507815389, 9.539186786257199, 9.174762291921375, 8.776894695308341, 8.376628064544041, 7.996391190287547, 7.6776957587422725, 7.3590003271969975, 7.040304895651723, 6.721609464106449, 6.402928274310797, 6.229828846658024, 5.955679037151014, 5.586212783376913, 5.119771750897245, 4.6313046126958675, 4.197371328495564, 3.9666511094234793, 3.717183694196633, 3.3425764254235903, 2.94599521555472, 2.640299287675267, 2.5632828149206968, 2.486266342166127, 2.4085178517338512, 2.325954892481865, 2.15555224524617, 1.834444180090253, 1.3950093719522019, 1.118245419313261, 0.8826031743031073, 0.6137648895638516, 0.32993011249026827, 0.07338791558962054, -0.13917861781708069, -0.5147102743712506, -0.9451467351109563, -1.3654230704579824, -1.7564758181201685, -2.0892892801148264, -2.251780841841802, -2.414272403568778
1MXTa.pdb, 9, 9, 0.14355468323479698, 1.9410392485320636, 0.6542997158075838, -, -, -, 1.9646471734600495, 33.54697829052853, , Y, -0.7853796433822188, -0.8314823856278173, -0.8963595879796993, -0.9872447240019555, -1.0552259230602348, -0.9154249779578036, -0.7654342161142936, -0.5406592879388874, -0.2679713782748117, 0.014353234133401055, 0.3545103320676721, 0.7150980401014376, 1.122358090687575, 1.5296181412737122, 1.9368781918598494, 2.344138242445987, 2.751398293032124, 3.1586583436182614, 3.565918394204399, 3.8915992641980424, 3.878455133859948, 4.20439814416605, 4.545722504225367, 4.8858479390141785, 5.239543954080852, 5.622832345429421, 5.925426222814913, 6.042292480045743, 6.074033140201351, 6.0555366519920915, 6.105076072966759, 6.257885612779518, 6.494282488827478, 6.3239414709148605, 6.363938836835461, 6.403936202756062, 6.443933568676662, 6.483930934597263, 6.559406610062948, 6.412366616886571, 6.219308247510863, 6.0329045363152805, 5.918816950580631, 5.8420728081701645, 5.797177472116418, 5.870962425196405, 5.9380578255810565, 5.754512704926216, 5.629624249551116, 5.564478554059405, 5.476176400375468, 5.3878742466915295, 5.291110897160775, 5.121884949337147, 4.8121749146307495, 4.666691028953308, 4.627937461066338, 4.377751398298883, 4.088518746096485, 3.773330694386237, 3.4346559425592473, 3.0128859557572154, 2.6298660744169515, 2.4618342548519667, 2.523390378208056, 2.6716163109388136, 2.7925403677591842, 2.8732263551686734, 2.842287957371896, 2.811349559575119
1MXTa.pdb, 9, 9, 0.14355468323479698, 1.9410392485320636, 0.6542997158075838, -, -, -, 1.9646471734600495, 33.54697829052853, , Z, 11.687499179862431, 11.74696084890661, 11.68850470964638, 11.368305866230472, 10.887757381970829, 10.516094306794258, 10.156896486836418, 9.955808823672067, 9.85601972927154, 9.8209358406502, 9.674202457661782, 9.617514473262462, 9.899758774463569, 10.182003075664676, 10.464247376865785, 10.746491678066892, 11.028735979268, 11.310980280469108, 11.593224581670215, 11.93236472271607, 12.135775559088472, 12.470472452119836, 12.722874785156597, 12.968447092411232, 13.217853452696087, 13.531331264863876, 13.827700246651316, 14.048934317908987, 14.435155990352268, 14.800840704847685, 15.125323679575198, 15.38431671946705, 15.565099584012415, 15.74442417825696, 16.12761268621562, 16.51080119417428, 16.893989702132945, 17.277178210091606, 17.652142672895966, 18.03701809333942, 18.40792286273618, 18.667882431355476, 18.662194701477866, 18.58796403730841, 18.436893084071688, 17.99948713851274, 17.581870908527332, 17.30824758473748, 17.036720439073168, 16.69032151047112, 16.204244158006283, 15.718166805541449, 15.234285110672646, 14.77987915510606, 14.46874769372444, 14.11417182102578, 13.977476901896562, 13.688683425749852, 13.355791243104267, 13.075890229485134, 12.878164185430224, 12.815350479621358, 12.756495523557769, 12.550168345335058, 12.324173083945619, 12.09746429537894, 11.812529281850729, 11.473253218740496, 11.001406519155454, 10.529559819570412
1MXTa.pdb, 9, 9, 0.14355468323479698, 1.9410392485320636, 0.6542997158075838, -, -, -, 1.9646471734600495, 33.54697829052853, , distance, 0.0, 0.5000000000000007, 0.9756592923778202, 1.3201037239920936, 1.5607233928036799, 2.0002955674477056, 2.4633460954480153, 2.8899149497196968, 3.30962242039521, 3.7189929954646246, 4.076545283428278, 4.4459754640443245, 4.534000596835909, 4.674144306430067, 4.861901745465127, 5.092008657473109, 5.359012572573919, 5.65769205049458, 5.983305351012415, 6.1598233297436735, 6.397134336367378, 6.634830340537455, 6.769517315261325, 6.936868323820056, 7.198287994397166, 7.5590555684047995, 7.917643974460176, 8.279896603837868, 8.578683975129984, 8.863823050009625, 9.215784302798625, 9.64856415745189, 10.118389491402416, 10.293465073265581, 10.670587574235324, 11.057461514484787, 11.453098755760344, 11.85662207688539, 12.2844213431658, 12.500018232322345, 12.760178270038038, 13.040841061181204, 13.29397721152208, 13.558133716549476, 13.772916184151526, 13.771099664486622, 13.806888416741433, 13.8948703208501, 14.045275518029568, 14.136809318411743, 13.996457939870536, 13.872717542716597, 13.76349290400425, 13.650971561626893, 13.603199249284334, 13.764278600069147, 14.123863725014226, 14.240210346204332, 14.314242974405413, 14.433362448791385, 14.582638272606388, 14.708076544622951, 14.81560723109969, 15.130206592253096, 15.552270629816654, 15.986786512109921, 16.389991773303507, 16.733287949006364, 16.89777297946442, 17.075319550353196
1MXTa.pdb, 9, 9, 0.14355468323479698, 1.9410392485320636, 0.6542997158075838, -, -, -, 1.9646471734600495, 33.54697829052853, , length, 0.0, 0.5, 1.0, 1.5, 2.0, 2.5, 3.0, 3.5, 4.0, 4.5, 5.0, 5.5, 6.0, 6.5, 7.0, 7.5, 8.0, 8.5, 9.0, 9.5, 10.0, 10.5, 11.0, 11.5, 12.0, 12.5, 13.0, 13.5, 14.0, 14.5, 15.0, 15.5, 16.0, 16.5, 17.0, 17.5, 18.0, 18.5, 19.0, 19.5, 20.0, 20.5, 21.0, 21.5, 22.0, 22.5, 23.0, 23.5, 24.0, 24.5, 25.0, 25.5, 26.0, 26.5, 27.0, 27.5, 28.0, 28.5, 29.0, 29.5, 30.0, 30.5, 31.0, 31.5, 32.0, 32.5, 33.0, 33.5, 34.0, 34.5
1MXTa.pdb, 9, 9, 0.14355468323479698, 1.9410392485320636, 0.6542997158075838, -, -, -, 1.9646471734600495, 33.54697829052853, , R, 2.500215792498871, 2.5959603847013746, 2.73875137879819, 2.8546007350798837, 2.9005942718947075, 2.894758942856618, 2.9435690633086873, 2.985699899746508, 3.044745146661228, 3.1325367909736253, 3.094132698208651, 3.0135161746780392, 2.6186880620778217, 2.251237238533144, 1.9208489931139054, 1.6404855921131316, 1.4262175005479818, 1.2951309226905703, 1.2605564985484274, 1.1761979460894476, 1.1660349544229403, 1.0546328090433963, 1.031550389416651, 1.1120132521792871, 1.2368680288173668, 1.4467299573105745, 1.6602511777536144, 1.7156859098550383, 1.7185731358360614, 1.7581476778424927, 1.8546864006178188, 1.9894747097308334, 2.153851468838175, 2.0555838665048345, 1.788890589741963, 1.5871325054703707, 1.4650981686705362, 1.4338923467470222, 1.4608805886642784, 1.4533648084971127, 1.450062145259668, 1.4420080272830134, 1.318657526496639, 1.2205014986653315, 1.1695512808342106, 1.0146497953703795, 0.9459775163092512, 0.9397964355649908, 1.00294831424511, 1.0394337692768179, 0.9606066935740818, 0.9957638674631839, 1.135382082673509, 1.3257851153460638, 1.4088344475394694, 1.539038499127763, 1.5061449685950714, 1.271569727278415, 1.082164126597431, 0.9534008024333758, 0.8775444570069737, 0.7653285564565084, 0.7278699573082317, 0.6902012939888189, 0.6543496905675448, 0.7170113474769428, 0.850840854416292, 1.0201540715898736, 1.1011021180020355, 1.2821478226225398
1MXTa.pdb, 9, 9, 0.14355468323479698, 1.9410392485320636, 0.6542997158075838, -, -, -, 1.9646471734600495, 33.54697829052853, , Upper limit of R overestimation, -, -, -, -, -, -, -, -, -, -, -, -, -, -, -, -, -, -, -, -, -, -, -, -, -, -, -, -, -, -, -, -, -, -, -, -, -, -, -, -, -, -, -, -, -, -, -, -, -, -, -, -, -, -, -, -, -, -, -, -, -, -, -, -, -, -, -, -, -, -
1MXTa.pdb, 10, 10, 0.13645110978939548, 1.9917888985563907, 0.6466536285975137, -, -, -, 1.4670984755568335, 43.17816888950365, , X, 14.237732077128266, 14.154921134618851, 14.08474266557177, 14.353166680670583, 14.348440874860376, 14.369637481226937, 14.54348693299777, 14.707000692187075, 14.87051445137638, 15.034028210565685, 15.35849259159354, 15.451991665274916, 15.365899654311503, 15.734507948929696, 16.132266925911654, 16.5583667318755, 16.942806219730908, 17.246697437720567, 17.550588655710225, 17.878234167291982, 18.283615083325948, 18.71841792211875, 19.15322076091155, 19.58802359970435, 20.019179575449066, 20.43003748612238, 20.704352103209853, 21.09046352967109, 21.477317616378425, 21.720991784408838, 21.799092967219075, 21.639232147368457, 21.479620998888628, 21.3200098504088, 21.16039870192897, 21.000787553449143, 20.841176404969314, 20.756454040541566, 20.704621873026312, 20.517821802398895, 20.327271789317074, 20.264518920062237, 20.38599138083356, 20.531726670834843, 20.725169910779844, 20.931494966943646, 21.093835733035455, 21.28915864871152, 21.369740769737, 21.36799621860385, 21.346807378677735, 21.27804084097989, 21.19262656243728, 21.170616461059875, 21.12523734604234, 21.039072907449786, 20.80810523667406, 21.017278672235925, 21.34745244657148, 21.67376933089089, 22.13677558867872, 22.557647613033627, 22.955895705012235, 23.34400179944863, 23.72436363063908, 24.104725461829528, 24.47005723505011, 24.939130009573486, 25.406463248895754, 25.890027093197684, 26.17874544145233, 26.64528602367528, 27.044113896352503, 27.336277857186843, 27.67445718921252, 28.111356433902944, 28.564160691836012, 28.904850222831755, 29.016786315316637, 29.069665791817634, 29.12254526831863, 29.27930397901229, 29.412100161456987, 29.3594618751639, 29.665949091314488, 30.118843836078472, 30.581080853706652, 31.072021056847973, 31.395635738679978, 31.66381702619621
1MXTa.pdb, 10, 10, 0.13645110978939548, 1.9917888985563907, 0.6466536285975137, -, -, -, 1.4670984755568335, 43.17816888950365, , Y, -0.7853796433822188, -0.6088730741871811, -0.4565776468642986, -0.2980006498865175, 0.02477530063481631, 0.3426858740847821, 0.6154625810969812, 0.8771350487964444, 1.1388075164959077, 1.400479984195371, 1.516515146157786, 1.909632593338745, 2.23686198567148, 2.434475578887321, 2.405593742399928, 2.1963335422012724, 2.018331347386452, 1.900765038984424, 1.7831987305823958, 1.5014623722952556, 1.482799004798368, 1.6068547238753583, 1.7309104429523485, 1.854966162029339, 1.978964096209417, 2.1009259082205145, 2.2084476622890064, 2.1742863639136076, 2.139183872572281, 2.1319335420173404, 2.0789573458363324, 2.106004025248874, 2.1407854063148117, 2.17556678738075, 2.2103481684466875, 2.245129549512625, 2.279910930578563, 2.614707707773934, 3.0428361799142323, 3.4683508224917947, 3.8929925630905644, 4.331061971095143, 4.794632766917909, 5.2727715510476205, 5.719912748094313, 6.148555405922009, 6.458147791880658, 6.768203888513202, 7.169712379088417, 7.60880793908677, 8.076034456289438, 8.538857003128637, 8.963698907321696, 9.462176316575086, 9.95233293323134, 10.410102938311898, 10.80695364409463, 11.2065788210393, 11.55242117661575, 11.899018339773638, 12.024724311415248, 12.075373088694295, 12.116131853425365, 12.281842103469842, 12.493302585306068, 12.704763067142293, 12.899867707732412, 12.856431848207636, 12.766556860364307, 12.717394224547249, 13.007060428664595, 13.186769794182696, 13.449107657102406, 13.749334098416469, 14.014959062751718, 14.22917251584062, 14.433224258821205, 14.670691022625073, 15.138329835964694, 15.621119782672015, 16.103909729379335, 16.54938188837242, 16.993272817543293, 17.470966011994296, 17.655719891840803, 17.754654334136024, 17.93446798146908, 18.016770684216223, 18.214391993375344, 18.593993931883272
1MXTa.pdb, 10, 10, 0.13645110978939548, 1.9917888985563907, 0.6466536285975137, -, -, -, 1.4670984755568335, 43.17816888950365, , Z, 11.687499179862431, 12.147184215558083, 12.618226767031672, 12.841589497229664, 13.223418454387833, 13.602893273527442, 13.983512398608871, 14.37694698046951, 14.770381562330147, 15.163816144190786, 15.410689701731414, 15.696119581910711, 15.909227465920361, 16.17461662242466, 16.42517117129848, 16.58217156610815, 16.814934758198405, 17.19418176314041, 17.573428768082415, 17.81148711709141, 18.015459397166694, 18.2288994823007, 18.442339567434708, 18.655779652568718, 18.876475851744157, 19.121776210390014, 19.525744728042305, 19.841153183932565, 20.155973340052636, 20.57930424044342, 21.03123764542534, 21.50290053414355, 21.97546220928458, 22.44802388442561, 22.92058555956664, 23.39314723470767, 23.8657089098487, 24.183069676276773, 24.424186392527222, 24.60278621124149, 24.78546101699139, 24.81675616133045, 24.700901451662993, 24.698602087588693, 24.586154487244215, 24.438056437447447, 24.764888065798708, 25.1050559295848, 25.388578632208713, 25.616788874655416, 25.76911844983601, 25.90525285841996, 25.970953409474955, 25.938769129129035, 25.98316167559011, 26.16488209813688, 26.037035208971144, 25.865310029522142, 25.723467570797435, 25.572736477611983, 25.532513883632515, 25.300783339340825, 25.001221692374802, 24.738438429902363, 24.49224878350138, 24.2460591371004, 24.168539140508685, 24.20101470051998, 24.29904511951664, 24.416301435864458, 24.581688829265534, 24.575023314720344, 24.624747996183665, 24.858285377942124, 25.109118845365597, 25.09841616074562, 25.040699697026255, 24.948723029759456, 24.839743700389114, 24.720926074073304, 24.602108447757495, 24.694699494618078, 24.85025478492112, 24.98823457616362, 25.207806019004988, 25.339121335239316, 25.37768844948559, 25.340845551959173, 25.494361943589542, 25.360646206928497
1MXTa.pdb, 10, 10, 0.13645110978939548, 1.9917888985563907, 0.6466536285975137, -, -, -, 1.4670984755568335, 43.17816888950365, , distance, 0.0, 0.49932209365379815, 0.9988845551315974, 1.2580889839898668, 1.7400159450617598, 2.226806094246945, 2.706939539485506, 3.1964507828182467, 3.6887767001444733, 4.182923556566403, 4.518514292887754, 4.980617916604276, 5.313162548604577, 5.722065064828393, 6.018065248936928, 6.183346706321151, 6.439628641988606, 6.825891800257896, 7.226117954402345, 7.482387996387266, 7.845819536013234, 8.281862642312165, 8.724770109324643, 9.173547737653283, 9.63058238505434, 10.09672625072605, 10.59331250230369, 11.054484377550182, 11.518668548959178, 11.982240579444593, 12.356538892863176, 12.628713574811005, 12.917026761137441, 13.217970878363513, 13.530703157433871, 13.854425348166414, 14.188385233043299, 14.498055457979168, 14.788478663313763, 14.977930061816371, 15.183091407730778, 15.325714447618564, 15.436523885007471, 15.67176961021384, 15.836066035564029, 15.983198280444157, 16.446669788135214, 16.935467811660015, 17.37436661397842, 17.75748189632627, 18.09297136330712, 18.40249592296214, 18.639532038627276, 18.87262525989134, 19.15991039642511, 19.524130799847654, 19.582164812765534, 19.7681471143953, 19.99444576568565, 20.223462044102373, 20.449403020080926, 20.492473275983997, 20.486839265367315, 20.59134400046012, 20.7432203954555, 20.905954582453226, 21.160407172308357, 21.382399518443975, 21.620514100659054, 21.91171577358463, 22.340083482895555, 22.699265035869885, 23.108363225092777, 23.5860003854797, 24.077696775219664, 24.449272455495603, 24.802427817374298, 25.097301311689137, 25.396190731794416, 25.671573729337208, 25.95366817611553, 26.380487157566417, 26.825362349902576, 27.182171194659986, 27.584465362399047, 27.969793672120186, 28.371799847183507, 28.693692853147535, 29.086327366727154, 29.430995675403103
1MXTa.pdb, 10, 10, 0.13645110978939548, 1.9917888985563907, 0.6466536285975137, -, -, -, 1.4670984755568335, 43.17816888950365, , length, 0.0, 0.5, 1.0, 1.5, 2.0, 2.5, 3.0, 3.5, 4.0, 4.5, 5.0, 5.5, 6.0, 6.5, 7.0, 7.5, 8.0, 8.5, 9.0, 9.5, 10.0, 10.5, 11.0, 11.5, 12.0, 12.5, 13.0, 13.5, 14.0, 14.5, 15.0, 15.5, 16.0, 16.5, 17.0, 17.5, 18.0, 18.5, 19.0, 19.5, 20.0, 20.5, 21.0, 21.5, 22.0, 22.5, 23.0, 23.5, 24.0, 24.5, 25.0, 25.5, 26.0, 26.5, 27.0, 27.5, 28.0, 28.5, 29.0, 29.5, 30.0, 30.5, 31.0, 31.5, 32.0, 32.5, 33.0, 33.5, 34.0, 34.5, 35.0, 35.5, 36.0, 36.5, 37.0, 37.5, 38.0, 38.5, 39.0, 39.5, 40.0, 40.5, 41.0, 41.5, 42.0, 42.5, 43.0, 43.5, 44.0, 44.5
1MXTa.pdb, 10, 10, 0.13645110978939548, 1.9917888985563907, 0.6466536285975137, -, -, -, 1.4670984755568335, 43.17816888950365, , R, 2.500215792498871, 2.4246358585155043, 2.3877307358176907, 2.2843009278039466, 2.1525860098071847, 2.0828263289610502, 2.01028847831828, 2.0013037288542375, 2.0696695574215136, 2.210737818285355, 2.279897174652813, 2.2452730703798522, 2.2628978949506067, 2.2652407920055255, 2.2146657946110846, 2.160697744879694, 2.1347493375275457, 2.094108813119444, 2.1289266440103445, 2.2069473207963766, 2.1473905767876325, 2.0443723602292714, 2.01665670379552, 2.0661611546777117, 2.184421513129548, 2.3479095786777178, 2.4342110205604692, 2.56148710220749, 2.748277437109061, 2.8976907208454046, 2.946582860985129, 2.714778528308522, 2.5306482279167817, 2.406935191434939, 2.3499615138709578, 2.362930258188922, 2.445094964396861, 2.368710980500471, 2.2780415291228575, 2.1334265826644865, 2.0608620190232836, 1.991604897682696, 1.8652335652519756, 1.7459841444427628, 1.7084201027050592, 1.756516930375424, 1.5844352218455107, 1.460091850476149, 1.3687854638522368, 1.3380788836242525, 1.334718860809731, 1.4279020938618212, 1.5411382019880204, 1.626302282211525, 1.7803477734414035, 1.977787699230135, 2.0307045993975006, 1.8866636351881134, 1.7642322999331357, 1.7176050637813953, 1.6706134920394697, 1.5111924865608228, 1.3764562345036488, 1.2921266793604553, 1.2914074688098183, 1.3891170242579853, 1.4083924843366347, 1.355325671307017, 1.3214703296842705, 1.3712657474640897, 1.3616436993487187, 1.3483247580528654, 1.3118269570361833, 1.21088297157985, 1.15312470872627, 1.0133602051616821, 0.9469371240475961, 0.9008209202175348, 0.7376273014078483, 0.6484113396891458, 0.6917847134972306, 0.6797797782692705, 0.7260442908070268, 0.8556701659596928, 0.9535141111131409, 0.9996455616596471, 1.0786263860576704, 1.161940346467645, 1.3017753865931951, 1.2007839744624598
1MXTa.pdb, 10, 10, 0.13645110978939548, 1.9917888985563907, 0.6466536285975137, -, -, -, 1.4670984755568335, 43.17816888950365, , Upper limit of R overestimation, -, -, -, -, -, -, -, -, -, -, -, -, -, -, -, -, -, -, -, -, -, -, -, -, -, -, -, -, -, -, -, -, -, -, -, -, -, -, -, -, -, -, -, -, -, -, -, -, -, -, -, -, -, -, -, -, -, -, -, -, -, -, -, -, -, -, -, -, -, -, -, -, -, -, -, -, -, -, -, -, -, -, -, -, -, -, -, -, -, -
1MXTa.pdb, 11, 11, 0.09963127026239671, 2.3062792052084298, 0.6878798857035993, -, -, -, 2.0405174633649947, 35.827304196989836, , X, 14.237732077128266, 14.672947485549923, 15.16974456376044, 15.666541641970959, 16.16333872018148, 16.660135798391998, 17.00480315716177, 17.33034838133091, 17.66333717897688, 17.996325976622856, 18.329314774268827, 18.6623035719148, 18.848915907823777, 19.00123545716288, 19.284373078796108, 19.581607908781894, 19.97240294566629, 20.46656459963521, 20.960726253604125, 21.454887907573042, 21.948761745726426, 22.332493064536358, 22.71917750431053, 23.134528456587788, 23.43061777423951, 23.741616486458152, 23.9846221914396, 24.45276404729685, 24.932920357949236, 25.413076668601626, 25.87298296571895, 26.324422822438326, 26.727997592327, 27.099000380275196, 27.474058654568204, 27.8274860875661, 27.914717871419608, 27.958171635435548, 28.16091578760499, 28.41876030557743, 28.791641004489932, 29.17607688543352, 29.554251634574506, 29.946931719631614, 30.4030453379825, 30.885812086952345, 31.341988677258854, 31.68327769411117, 32.0888347524791, 32.53870809917669, 32.92851612611809, 32.88841327136157, 32.928280926397996, 32.954617378346775, 33.05472705708327, 33.10927643020185, 32.92772408072153, 32.74617173124121, 32.564619381760885, 32.42214618164532, 32.308705627724585, 32.11068494896983, 31.89483960700545, 31.657716350898333, 31.52707171393392, 31.50112600477192, 31.147647416150388, 30.70310968010234, 30.480165868977018, 30.179045177529286, 29.878706590465328, 29.59684081663983, 29.355180955192413, 29.22984327393517, 29.199710608822492
1MXTa.pdb, 11, 11, 0.09963127026239671, 2.3062792052084298, 0.6878798857035993, -, -, -, 2.0405174633649947, 35.827304196989836, , Y, -0.7853796433822188, -0.7838584535200216, -0.8332008828024948, -0.8825433120849681, -0.9318857413674414, -0.9812281706499146, -1.272949080144373, -1.6006409458179192, -1.748245425548384, -1.8958499052788484, -2.043454385009313, -2.191058864739778, -2.603926378292615, -3.078939188266764, -3.3582773125592236, -3.587267101318702, -3.8393298767106447, -3.9018640294800004, -3.964398182249356, -4.026932335018712, -4.092350945654331, -4.248145939415117, -4.44005730008269, -4.510241939481171, -4.910850870979508, -5.278906973941728, -5.636840774070165, -5.729487527238805, -5.825619861077653, -5.921752194916502, -5.826938034637204, -5.622346213964959, -5.390521209076959, -5.192592244622064, -4.950665451434637, -4.717316416123987, -4.412204239519076, -3.9230098798756727, -3.4921861927774716, -3.1230406485582836, -3.022449714865383, -3.003384849653458, -3.170153097146394, -3.0193702036825636, -3.118793896103962, -3.0457497733142342, -2.9453724629890847, -2.7268971890349083, -2.5136331708174415, -2.3262768322008287, -2.283584845097141, -2.199511158112132, -2.0187293126773906, -1.7930486899436318, -1.6059201368150324, -1.6362084418050205, -1.8192848987059032, -2.002361355606786, -2.1854378125076686, -2.3766489954761125, -2.573903621755134, -2.5891693875367685, -2.4249303208889303, -2.271496550365771, -2.1406409268597786, -2.150635550616503, -2.317210727843508, -2.512873070810507, -2.8314899900442216, -3.050863659458298, -3.2797475302425827, -3.6132523021308973, -4.031207072020442, -4.47309722889714, -4.942587608191509
1MXTa.pdb, 11, 11, 0.09963127026239671, 2.3062792052084298, 0.6878798857035993, -, -, -, 2.0405174633649947, 35.827304196989836, , Z, 11.687499179862431, 11.45307860296524, 11.425547025567717, 11.398015448170193, 11.37048387077267, 11.342952293375149, 11.248853319263535, 11.308043408027613, 11.650580089575428, 11.99311677112324, 12.335653452671055, 12.67819013421887, 12.770819873158556, 12.80490191021029, 13.013357200520076, 13.343834329058812, 13.324799942647353, 13.368317059786733, 13.411834176926114, 13.455351294065494, 13.49033828152182, 13.211891314241322, 12.970236486242653, 12.837412213529499, 12.795406492345892, 12.927297186860043, 12.798783538720295, 12.684574220647026, 12.583537139674824, 12.482500058702621, 12.512815275693832, 12.57872614489766, 12.749128978898153, 12.594932450325235, 12.36953786826435, 12.121995211317438, 11.940879269803727, 12.033196927079397, 11.92984590175212, 11.76546502214242, 11.447909596370298, 11.175085521023465, 11.023576956176548, 11.293885797760051, 11.18070423697191, 11.288411350084118, 11.430924690134995, 11.723824607592524, 11.755940161407427, 11.667048080712206, 11.575557552454228, 11.094437241403543, 10.64100800257569, 10.195615313119237, 9.766622206804767, 9.352781877395891, 8.924387485127745, 8.4959930928596, 8.067598700591454, 7.629549966844982, 7.18432883848551, 6.775294507327763, 6.355404219575025, 5.942814060365907, 5.516401443885869, 5.021863685722403, 4.7772043514303135, 4.658450619809206, 4.386643320553776, 4.053174397939024, 3.727186360936397, 3.49914215606654, 3.372212628101581, 3.3243697110744175, 3.493694269964249
1MXTa.pdb, 11, 11, 0.09963127026239671, 2.3062792052084298, 0.6878798857035993, -, -, -, 2.0405174633649947, 35.827304196989836, , distance, 0.0, 0.49433568819076623, 0.9693054613059927, 1.4610743930465029, 1.9570190818473885, 2.4546097432002068, 2.843732847621748, 3.2207007434792723, 3.558545186941617, 3.931103460348351, 4.329423169940793, 4.747023862682556, 5.073826196475849, 5.403699538216485, 5.817756208944619, 6.257078260461261, 6.700284754092282, 7.164912997915934, 7.634012100428443, 8.106805982091286, 8.581740299643448, 8.935305100754068, 9.324001303401676, 9.713386892709515, 10.136869285086986, 10.585495067994893, 10.944107772188561, 11.39233248969388, 11.857232300992905, 12.324880369548596, 12.70738056843039, 13.049085189426297, 13.35444193182376, 13.625680915770854, 13.892988299854094, 14.153809651482542, 14.15196094321805, 14.078873964438781, 14.1859288827043, 14.372623256168486, 14.726783448505694, 15.110799464774576, 15.515273394256237, 15.872132771814519, 16.34071650847949, 16.805567893816328, 17.242012449033986, 17.553286637863817, 17.934698524061254, 18.36574272262238, 18.751068186115823, 18.713615348529768, 18.760408083989738, 18.80326859240744, 18.93257391699919, 19.0344424871517, 18.92140447770582, 18.820974842478424, 18.733356363275256, 18.699518878594205, 18.709287699188963, 18.62326116836303, 18.51736507744233, 18.402874848288885, 18.40761922385096, 18.55584517433742, 18.33150069852638, 17.986117335598433, 17.925002630730884, 17.819674409708032, 17.726492463457568, 17.63372552228786, 17.556099985910254, 17.55860454704899, 17.557950294582348
1MXTa.pdb, 11, 11, 0.09963127026239671, 2.3062792052084298, 0.6878798857035993, -, -, -, 2.0405174633649947, 35.827304196989836, , length, 0.0, 0.5, 1.0, 1.5, 2.0, 2.5, 3.0, 3.5, 4.0, 4.5, 5.0, 5.5, 6.0, 6.5, 7.0, 7.5, 8.0, 8.5, 9.0, 9.5, 10.0, 10.5, 11.0, 11.5, 12.0, 12.5, 13.0, 13.5, 14.0, 14.5, 15.0, 15.5, 16.0, 16.5, 17.0, 17.5, 18.0, 18.5, 19.0, 19.5, 20.0, 20.5, 21.0, 21.5, 22.0, 22.5, 23.0, 23.5, 24.0, 24.5, 25.0, 25.5, 26.0, 26.5, 27.0, 27.5, 28.0, 28.5, 29.0, 29.5, 30.0, 30.5, 31.0, 31.5, 32.0, 32.5, 33.0, 33.5, 34.0, 34.5, 35.0, 35.5, 36.0, 36.5, 37.0
1MXTa.pdb, 11, 11, 0.09963127026239671, 2.3062792052084298, 0.6878798857035993, -, -, -, 2.0405174633649947, 35.827304196989836, , R, 2.5002157924988815, 2.4584576060236802, 2.2895943409350332, 2.186772102385854, 2.1560664300207746, 2.1994320837348216, 2.170857474036681, 2.060854426590497, 1.8904770381998006, 1.7948163642977517, 1.7810739320068831, 1.8503571135715189, 1.8721806358946889, 1.9445467079039835, 1.9728310333150214, 1.972268878933891, 1.7472759266544207, 1.5007560329508498, 1.3301642063716257, 1.2514034088431678, 1.266989445492506, 1.1420465701333218, 1.0992522649240468, 1.0111424678507122, 1.1322425361962731, 1.198451086973498, 1.2494521039978042, 1.0480632363181377, 0.9256829775767319, 0.9173728835124384, 0.8857442520138885, 0.8782075202772448, 0.9856969317715942, 0.9999087658696861, 1.058368448926447, 1.1979047553292028, 1.1622644310967793, 1.1189965600083533, 1.045900398163673, 1.038228431722234, 1.0147457943685432, 1.0233787301825907, 0.9443836893099491, 0.7167482171507897, 0.7069561240326006, 0.7018228842045668, 0.8009328427402986, 0.9179983240122438, 1.0578083008628154, 1.232898969393487, 1.3343954430620022, 1.3936313347264082, 1.3534338494785818, 1.3820410699684087, 1.473443116184593, 1.3419868547820812, 1.0769438220978336, 0.8993449378542062, 0.832246335265159, 0.8823900371351228, 1.0428660666916982, 1.1177770157671902, 1.182051555347272, 1.3349419024804903, 1.5379771219172425, 1.6663076801802104, 1.698642025328396, 1.7348212224637927, 1.7378960298293318, 1.737160424397479, 1.813720605793751, 1.8885070896889145, 1.9545222788392864, 1.964895910372937, 1.9144691387070043
1MXTa.pdb, 11, 11, 0.09963127026239671, 2.3062792052084298, 0.6878798857035993, -, -, -, 2.0405174633649947, 35.827304196989836, , Upper limit of R overestimation, -, -, -, -, -, -, -, -, -, -, -, -, -, -, -, -, -, -, -, -, -, -, -, -, -, -, -, -, -, -, -, -, -, -, -, -, -, -, -, -, -, -, -, -, -, -, -, -, -, -, -, -, -, -, -, -, -, -, -, -, -, -, -, -, -, -, -, -, -, -, -, -, -, -, -
1MXTa.pdb, 12, 12, 0.0871859892100779, 2.439711635173039, 0.6730321011649429, -, -, -, 1.578569655797607, 40.28693917444186, , X, 14.237732077128266, 14.154921134618851, 14.08474266557177, 14.353166680670583, 14.348440874860376, 14.369637481226937, 14.54348693299777, 14.707000692187075, 14.87051445137638, 15.034028210565685, 15.35849259159354, 15.451991665274916, 15.365899654311503, 15.734507948929696, 16.132266925911654, 16.5583667318755, 16.942806219730908, 17.246697437720567, 17.550588655710225, 17.878234167291982, 18.283615083325948, 18.71841792211875, 19.15322076091155, 19.58802359970435, 20.019179575449066, 20.43003748612238, 20.704352103209853, 21.09046352967109, 21.477317616378425, 21.855605675052434, 22.230949144965674, 22.57685651969874, 22.66090594178584, 22.97862872421656, 23.296351506647284, 23.614074289078005, 23.931797071508726, 24.286392400407582, 24.640788082578233, 24.925499380629937, 25.393509195343476, 25.87200838225296, 26.35050756916245, 26.829006756071934, 27.16736782141883, 27.493611801248658, 27.830635544721538, 28.26618383303821, 28.71597419634615, 28.959261495885684, 29.225419296397515, 29.56456259067948, 29.8596895834616, 30.246560304833164, 30.624329096715048, 30.989122568149188, 31.351381316655196, 31.491425580941062, 31.39111986628725, 31.255196146001015, 31.226713081137774, 31.52315737150115, 31.65535352634241, 32.06980813405573, 32.51525514893691, 32.95439993208689, 33.42725454887534, 33.87337530763135, 34.29740651552677, 34.7257571915595, 35.131034390527944, 35.416439205467, 35.730126795589484, 36.0083369022588, 36.192355385275704, 36.37174389779352, 36.55113241031135, 36.730520922829164, 36.9742754160215, 37.4411866867574, 37.7924806777275, 38.09438782125196, 38.432676761797566, 38.768781211485084
1MXTa.pdb, 12, 12, 0.0871859892100779, 2.439711635173039, 0.6730321011649429, -, -, -, 1.578569655797607, 40.28693917444186, , Y, -0.7853796433822188, -0.6088730741871811, -0.4565776468642986, -0.2980006498865175, 0.02477530063481631, 0.3426858740847821, 0.6154625810969812, 0.8771350487964444, 1.1388075164959077, 1.400479984195371, 1.516515146157786, 1.909632593338745, 2.23686198567148, 2.434475578887321, 2.405593742399928, 2.1963335422012724, 2.018331347386452, 1.900765038984424, 1.7831987305823958, 1.5014623722952556, 1.482799004798368, 1.6068547238753583, 1.7309104429523485, 1.854966162029339, 1.978964096209417, 2.1009259082205145, 2.2084476622890064, 2.1742863639136076, 2.139183872572281, 1.8924752269168579, 1.5730265550463276, 1.2948463752616466, 1.2174875418472775, 0.9821171633230232, 0.746746784798769, 0.5113764062745147, 0.2760060277502604, 0.02746833367838772, -0.30211460357751874, -0.5857982739171137, -0.6954344987504084, -0.7951107497174819, -0.8947870006845553, -0.9944632516516289, -1.345663279246218, -1.7159142481982828, -2.0637343779306363, -2.2981611900687957, -2.4230368716435104, -2.706014458423588, -3.1158146704224685, -3.235506351336222, -3.0256351519197757, -2.8143262149293773, -2.6078606897523215, -2.3692632236621964, -2.1243887975782334, -1.802122047938363, -1.3644536671757526, -1.1489806010225316, -0.875555136760089, -0.4805241983747626, -0.08502441140073524, -0.028195765262709786, 0.09492900241454774, 0.2585910634632485, 0.387169330562969, 0.5908889720469227, 0.7893476187305566, 0.9003982747812952, 1.0616546046356197, 1.099375006999214, 1.1522950999190553, 1.5449711143265659, 2.0030073618843107, 2.462561716589556, 2.9221160712948016, 3.381670426000047, 3.7882205657447385, 3.939899697634723, 4.12188987543718, 4.2893365139365685, 4.504858126031389, 4.776250374277548
1MXTa.pdb, 12, 12, 0.0871859892100779, 2.439711635173039, 0.6730321011649429, -, -, -, 1.578569655797607, 40.28693917444186, , Z, 11.687499179862431, 12.147184215558083, 12.618226767031672, 12.841589497229664, 13.223418454387833, 13.602893273527442, 13.983512398608871, 14.37694698046951, 14.770381562330147, 15.163816144190786, 15.410689701731414, 15.696119581910711, 15.909227465920361, 16.17461662242466, 16.42517117129848, 16.58217156610815, 16.814934758198405, 17.19418176314041, 17.573428768082415, 17.81148711709141, 18.015459397166694, 18.2288994823007, 18.442339567434708, 18.655779652568718, 18.876475851744157, 19.121776210390014, 19.525744728042305, 19.841153183932565, 20.155973340052636, 20.173936316513846, 20.089854061348774, 20.06108384112438, 20.482459499565913, 20.78848730620745, 21.094515112848985, 21.400542919490523, 21.70657072613206, 21.907721117772674, 21.99125198458222, 22.288679373947037, 22.40444658653313, 22.509818181947217, 22.615189777361305, 22.720561372775393, 22.720577011746222, 22.76039036735167, 22.88366319529502, 22.89650646804542, 22.9694030369015, 22.811082567300662, 22.719969359130317, 22.481337162550282, 22.160499941851146, 21.925613341890855, 21.671324673654414, 21.426900073531524, 21.184402414613114, 20.936775612035323, 20.716809359877352, 20.30576678321177, 19.900188666539385, 19.82226985989194, 19.673977465828845, 19.501972273715726, 19.341663905905083, 19.167403786527636, 19.101859264961767, 19.05301749517999, 18.91291054494947, 18.680137157009618, 18.438168761061938, 18.068054521055245, 17.7184573064302, 17.66607758985618, 17.589963226071283, 17.5085411366355, 17.427119047199717, 17.345696957763938, 17.259494693760654, 17.164693289715746, 16.908150169719864, 16.547853775570367, 16.252293137414622, 16.00326614659594
1MXTa.pdb, 12, 12, 0.0871859892100779, 2.439711635173039, 0.6730321011649429, -, -, -, 1.578569655797607, 40.28693917444186, , distance, 0.0, 0.49932209365379815, 0.9988845551315974, 1.2580889839898668, 1.7400159450617598, 2.226806094246945, 2.706939539485506, 3.1964507828182467, 3.6887767001444733, 4.182923556566403, 4.518514292887754, 4.980617916604276, 5.313162548604577, 5.722065064828393, 6.018065248936928, 6.183346706321151, 6.439628641988606, 6.825891800257896, 7.226117954402345, 7.482387996387266, 7.845819536013234, 8.281862642312165, 8.724770109324643, 9.173547737653283, 9.63058238505434, 10.09672625072605, 10.59331250230369, 11.054484377550182, 11.518668548959178, 11.714201643077127, 11.834406045289759, 11.999385685802444, 12.341501608032884, 12.741872077236753, 13.14906635941324, 13.562469842025099, 13.981531758266962, 14.355808322299419, 14.65006625281937, 15.055006614554795, 15.469725755736032, 15.889589938739826, 16.313973209642132, 16.7425319276548, 17.006416573665913, 17.29720096319295, 17.65659378722632, 18.020205633189303, 18.427771723663287, 18.551182547141867, 18.755721629794415, 18.905602155780944, 18.94064534364744, 19.110682536452774, 19.274822192103336, 19.441545729343357, 19.617877226111883, 19.60287782850986, 19.393361794625037, 19.07880566164226, 18.87013184317418, 19.106369578398834, 19.174145869146336, 19.48389729135028, 19.835045515595812, 20.18297558226746, 20.605469644283776, 21.01674238388755, 21.379356255961227, 21.714004839236217, 22.03436309192974, 22.19913111322388, 22.406473842829023, 22.696545307830313, 22.90457745758647, 23.11597135786591, 23.336164961809306, 23.564911593975378, 23.85194658473808, 24.304901275026253, 24.620371088301347, 24.869978169813535, 25.183711160709464, 25.521166599446637
1MXTa.pdb, 12, 12, 0.0871859892100779, 2.439711635173039, 0.6730321011649429, -, -, -, 1.578569655797607, 40.28693917444186, , length, 0.0, 0.5, 1.0, 1.5, 2.0, 2.5, 3.0, 3.5, 4.0, 4.5, 5.0, 5.5, 6.0, 6.5, 7.0, 7.5, 8.0, 8.5, 9.0, 9.5, 10.0, 10.5, 11.0, 11.5, 12.0, 12.5, 13.0, 13.5, 14.0, 14.5, 15.0, 15.5, 16.0, 16.5, 17.0, 17.5, 18.0, 18.5, 19.0, 19.5, 20.0, 20.5, 21.0, 21.5, 22.0, 22.5, 23.0, 23.5, 24.0, 24.5, 25.0, 25.5, 26.0, 26.5, 27.0, 27.5, 28.0, 28.5, 29.0, 29.5, 30.0, 30.5, 31.0, 31.5, 32.0, 32.5, 33.0, 33.5, 34.0, 34.5, 35.0, 35.5, 36.0, 36.5, 37.0, 37.5, 38.0, 38.5, 39.0, 39.5, 40.0, 40.5, 41.0, 41.5
1MXTa.pdb, 12, 12, 0.0871859892100779, 2.439711635173039, 0.6730321011649429, -, -, -, 1.578569655797607, 40.28693917444186, , R, 2.500215792498871, 2.4246358585155043, 2.3877307358176907, 2.2843009278039466, 2.1525860098071847, 2.0828263289610502, 2.01028847831828, 2.0013037288542375, 2.0696695574215136, 2.210737818285355, 2.279897174652813, 2.2452730703798522, 2.2628978949506067, 2.2652407920055255, 2.2146657946110846, 2.160697744879694, 2.1347493375275457, 2.094108813119444, 2.1289266440103445, 2.2069473207963766, 2.1473905767876325, 2.0443723602292714, 2.01665670379552, 2.0661611546777117, 2.184421513129548, 2.3479095786777178, 2.4342110205604692, 2.56148710220749, 2.748277437109061, 2.8620121081198366, 2.9901369909746256, 3.157246784046155, 3.145695482435422, 2.88000258316157, 2.661058524698962, 2.4971779486110712, 2.395897194893287, 2.258166693481045, 2.0365615238204526, 1.806092972923236, 1.4860205615861004, 1.2170806713801288, 1.0293163720422267, 0.9441604420732184, 0.7824759594596267, 0.6927682332781311, 0.6990505075528197, 0.6924704097957259, 0.6993962232994066, 0.7672655259652306, 0.8287881522419152, 0.867998128803275, 0.8786562321542684, 0.8716265461707244, 0.9683054495007977, 1.152033946548139, 1.4166904131121776, 1.5215507763507012, 1.467412048905538, 1.4329084819665743, 1.3962286265486343, 1.2274090430580957, 1.11010059971941, 0.9203634233888198, 0.7513401240249993, 0.6799319487546185, 0.6798518753525997, 0.7448947978448872, 0.8376823813216541, 0.9626944766668182, 1.173452399393579, 1.281257419531365, 1.380231235465131, 1.15261261487919, 0.9164481514352782, 0.7789901822018266, 0.7630210148616889, 0.8713524249451214, 1.0291855421659835, 1.045171649248508, 1.0974600705186914, 1.1831121333369572, 1.2951570120702762, 1.439289190782372
1MXTa.pdb, 12, 12, 0.0871859892100779, 2.439711635173039, 0.6730321011649429, -, -, -, 1.578569655797607, 40.28693917444186, , Upper limit of R overestimation, -, -, -, -, -, -, -, -, -, -, -, -, -, -, -, -, -, -, -, -, -, -, -, -, -, -, -, -, -, -, -, -, -, -, -, -, -, -, -, -, -, -, -, -, -, -, -, -, -, -, -, -, -, -, -, -, -, -, -, -, -, -, -, -, -, -, -, -, -, -, -, -, -, -, -, -, -, -, -, -, -, -, -, -
1MXTa.pdb, 13, 13, 0.07646982791604565, 2.5708590222744796, 0.6309376890520968, -, -, -, 1.5496404072938088, 31.242295845684165, , X, 14.237732077128266, 14.672947485549923, 15.16974456376044, 15.666541641970959, 16.16333872018148, 16.660135798391998, 16.932826454366765, 17.146929237348143, 17.387583105211323, 17.64554763488501, 17.903512164558695, 18.161476694232377, 18.419441223906063, 18.656711801040732, 18.958946782923217, 19.243100452487443, 19.478493205003147, 19.273683952514997, 19.038429199682614, 18.80317444685023, 18.757221200539846, 18.87925504676529, 18.914517557850576, 18.983374195184627, 19.05223083251868, 19.09332736051878, 19.082593828336584, 19.04900209323882, 19.014614117548422, 19.10344812185444, 19.35226862112158, 19.799801306511874, 20.200031027871237, 20.600260749230603, 21.019269435348335, 21.446616801237035, 21.654821052729424, 22.08310387618472, 22.500757835322013, 22.736176234015584, 22.975214365329236, 23.23129355870048, 23.4867801122138, 23.961582761924124, 24.426054202766412, 24.90031480048604, 25.37557682431755, 25.850838848149063, 26.326100871980575, 26.78642666343067, 27.086896828206537, 27.40791241188311, 27.84634342523948, 28.284774438595846, 28.6267954805494, 28.8616169228465, 28.963341673533826, 29.244639747640868, 29.629632430737082, 30.04694010026112, 30.464247769785157, 30.894390687095083, 31.248627195708522, 31.511633412623723, 31.908241554112248
1MXTa.pdb, 13, 13, 0.07646982791604565, 2.5708590222744796, 0.6309376890520968, -, -, -, 1.5496404072938088, 31.242295845684165, , Y, -0.7853796433822188, -0.7838584535200216, -0.8332008828024948, -0.8825433120849681, -0.9318857413674414, -0.9812281706499146, -0.7945819742615894, -0.4419421871515179, -0.04355460027727215, 0.38468144697255013, 0.8129174942223722, 1.2411535414721946, 1.6693895887220167, 2.0633346156469146, 2.3768200580211767, 2.66484690887676, 3.0688981039640537, 3.4656006535748425, 3.905876303030346, 4.346151952485849, 4.783581042114321, 5.218484080482779, 5.635357331566953, 6.077256582054142, 6.51915583254133, 6.9680275512908345, 7.4332257676919085, 7.855850256931205, 8.112607179343154, 8.363568231014144, 8.609893952923544, 8.677856688497421, 8.959310030930604, 9.240763373363787, 9.47811799748447, 9.704888192964333, 10.117623946233143, 10.016733587701447, 9.896685525340704, 9.532524550869057, 9.639075601904736, 9.765568564255119, 9.925430448567635, 9.931806168087775, 10.110651243889524, 10.252598908188364, 10.39077198476705, 10.528945061345734, 10.667118137924419, 10.58598989176712, 10.20483851702391, 9.853206896846924, 9.670278318607714, 9.487349740368504, 9.436213985601384, 9.21942601658271, 8.77508052792664, 8.440883748262527, 8.282523305994578, 8.158924949660864, 8.035326593327149, 7.909857320429166, 7.749740850891736, 7.602783346914794, 7.658824511103135
1MXTa.pdb, 13, 13, 0.07646982791604565, 2.5708590222744796, 0.6309376890520968, -, -, -, 1.5496404072938088, 31.242295845684165, , Z, 11.687499179862431, 11.45307860296524, 11.425547025567717, 11.398015448170193, 11.37048387077267, 11.342952293375149, 11.077216263335531, 10.795218499229026, 10.677608442332623, 10.669350763113707, 10.661093083894789, 10.652835404675873, 10.644577725456955, 10.515850353774931, 10.271207276194287, 9.988141396545249, 10.021192576122981, 9.947474224538299, 9.918968895802957, 9.890463567067615, 9.763466371649221, 9.549067006926963, 9.800701275904848, 10.024271882009291, 10.247842488113733, 10.343274869269809, 10.160312002151496, 9.933547967449943, 9.522448090795333, 9.099455817840548, 8.746975564130818, 8.920766676719563, 9.02372388226534, 9.126681087811118, 9.258846658219094, 9.385138017028844, 9.347185833171059, 9.111193938449974, 8.881655062663924, 8.73110889657779, 8.307675959430492, 7.898301387223831, 7.514638721273956, 7.4049033454900055, 7.452660224610759, 7.521459737406901, 7.592411901661115, 7.663364065915329, 7.734316230169543, 7.789956863140879, 7.9101288632529085, 8.035626600792517, 8.191560502785283, 8.347494404778049, 8.652935292219006, 8.947824245957236, 8.945013472445249, 8.805323282270654, 8.560008919082527, 8.313883432251071, 8.067757945419617, 7.84818530921324, 7.574287342993901, 7.199877079270281, 6.9006090221351535
1MXTa.pdb, 13, 13, 0.07646982791604565, 2.5708590222744796, 0.6309376890520968, -, -, -, 1.5496404072938088, 31.242295845684165, , distance, 0.0, 0.49433568819076623, 0.9693054613059927, 1.4610743930465029, 1.9570190818473885, 2.4546097432002068, 2.7633428349230877, 3.0622772925398554, 3.389947668540335, 3.7441789526382188, 4.128681007696769, 4.5357620856095355, 4.959865777537729, 5.386586646626751, 5.856215331266958, 6.312336549224807, 6.71547554911778, 6.81610824602126, 6.9413453006523405, 7.099663199356547, 7.425699111889902, 7.884352050146904, 8.16444683150997, 8.507832868578564, 8.866129266753239, 9.24657059020696, 9.661804229388162, 10.044676112922629, 10.328611607750272, 10.68065579821918, 11.09397715627532, 11.320082364073594, 11.730459686763268, 12.147555482324266, 12.539018535591017, 12.935014695310562, 13.392750378762814, 13.59679585856581, 13.793363337469012, 13.690249945000279, 14.01556523651427, 14.372358056867432, 14.753952242974954, 15.091453572746486, 15.506748782677327, 15.902311953721544, 16.301156113722787, 16.70544389755772, 17.1147895396039, 17.37724423019522, 17.324966277672107, 17.319623175972122, 17.51389943661744, 17.7201580126766, 17.909067533848354, 17.929304588242182, 17.769839744024765, 17.850438423410026, 18.136114681100054, 18.47465632114306, 18.820393105423953, 19.17789750997676, 19.471449514662957, 19.720235744481947, 20.160997156910536
1MXTa.pdb, 13, 13, 0.07646982791604565, 2.5708590222744796, 0.6309376890520968, -, -, -, 1.5496404072938088, 31.242295845684165, , length, 0.0, 0.5, 1.0, 1.5, 2.0, 2.5, 3.0, 3.5, 4.0, 4.5, 5.0, 5.5, 6.0, 6.5, 7.0, 7.5, 8.0, 8.5, 9.0, 9.5, 10.0, 10.5, 11.0, 11.5, 12.0, 12.5, 13.0, 13.5, 14.0, 14.5, 15.0, 15.5, 16.0, 16.5, 17.0, 17.5, 18.0, 18.5, 19.0, 19.5, 20.0, 20.5, 21.0, 21.5, 22.0, 22.5, 23.0, 23.5, 24.0, 24.5, 25.0, 25.5, 26.0, 26.5, 27.0, 27.5, 28.0, 28.5, 29.0, 29.5, 30.0, 30.5, 31.0, 31.5, 32.0
1MXTa.pdb, 13, 13, 0.07646982791604565, 2.5708590222744796, 0.6309376890520968, -, -, -, 1.5496404072938088, 31.242295845684165, , R, 2.5002157924988815, 2.4584576060236802, 2.2895943409350332, 2.186772102385854, 2.1560664300207746, 2.1994320837348216, 2.062673131974994, 1.8093914470454957, 1.5393118244646973, 1.2789997526253576, 1.0993586661025836, 1.020058732836932, 1.0517262886749783, 1.0743640940012085, 1.1315730990262922, 1.1786716487541697, 1.270154669473922, 1.1271296571291678, 0.9849198271510298, 0.952258548842414, 0.9046977092142259, 0.8566053251373831, 0.7200015897800485, 0.6324939754848375, 0.6787395337349253, 0.754137168218596, 0.7390499148103393, 0.8085266082449907, 0.7810384330778204, 0.8000439814182256, 0.8738180889300262, 0.7533137199425903, 0.6620938804866403, 0.702459658172973, 0.8188803271713836, 1.0330326649354553, 1.1964290773128334, 1.1061438280948177, 1.1128692604815644, 1.0685420831675276, 1.0529095051993036, 1.1120036730920846, 1.2526149702722071, 1.1271528991942643, 0.9639176783881365, 0.881137272844702, 0.9136750653427363, 1.059228234437539, 1.2981197226529997, 1.4133693979257027, 1.3256323702193844, 1.3274163295404209, 1.382179671259103, 1.5290053877740821, 1.5426954355030331, 1.628246613515602, 1.7254301078070038, 1.6356230198521764, 1.409239408289429, 1.211650640003753, 1.1073767202367433, 1.0954405270570684, 1.1751458984404388, 1.3023246982275578, 1.353840132707164
1MXTa.pdb, 13, 13, 0.07646982791604565, 2.5708590222744796, 0.6309376890520968, -, -, -, 1.5496404072938088, 31.242295845684165, , Upper limit of R overestimation, -, -, -, -, -, -, -, -, -, -, -, -, -, -, -, -, -, -, -, -, -, -, -, -, -, -, -, -, -, -, -, -, -, -, -, -, -, -, -, -, -, -, -, -, -, -, -, -, -, -, -, -, -, -, -, -, -, -, -, -, -, -, -, -, -
1MXTa.pdb, 14, 14, 0.06561937391855319, 2.7238842925103453, 0.8393542354908468, -, -, -, 2.1475114175998233, 48.63231477472058, , X, 14.237732077128266, 13.743425646791863, 13.268405766946714, 12.972805217639216, 12.924928378590792, 12.62153865075313, 12.307723900463825, 11.937086760152532, 11.530044452079084, 11.12208165937527, 10.881319021485933, 10.59779556724093, 10.471545454761788, 10.091156950501064, 9.632010566221265, 9.168153277676117, 8.948002149079521, 8.68745411803749, 8.368335581437563, 8.105798467247503, 7.808150215669717, 7.516147683009939, 7.242068824525877, 6.988877529544479, 6.5510737454173835, 6.067652578814766, 5.571798946508685, 5.075945314202604, 4.581772134302033, 4.103102118913638, 3.665654151634619, 3.32595507329837, 3.2247676996694707, 3.139703768192196, 3.0815184272277847, 3.0426386487538917, 3.2397193123435963, 3.446061094035944, 3.433657869945141, 3.606378192531702, 3.849552233066126, 4.115421371227976, 4.366843655500511, 4.548328728767248, 4.954045948869278, 5.402547779066916, 5.851049609264555, 6.281635448001276, 6.679051049996418, 7.14489196756348, 7.616767571279489, 8.088643174995498, 8.48849700170769, 8.870263315441395, 9.118344384359364, 9.366425453277333, 9.614506522195303, 9.700531658737129, 9.332109226529173, 9.075070645737435, 8.93977672380766, 9.026923715025536, 9.112656087190473, 9.246722456953075, 9.547473981714932, 9.97003503874977, 10.246211059244365, 10.39950731669057, 10.67152823821196, 10.847523386567172, 10.909542080808274, 10.971560775049376, 10.65373880140033, 10.634274673541993, 10.548221309924925, 10.440414519970108, 10.344531400912858, 10.238024000242634, 10.044823274210087, 9.954797968990517, 9.887350997948408, 9.725920150730031, 9.69760153947877, 9.679175294035602, 9.660749048592432, 9.615302458732812, 9.46943820183639, 9.133398921039353, 8.826454632134126, 8.580095948094842, 8.540795368968164, 8.736752227103706, 8.807570420843179, 8.810730810934915, 8.821931496302287, 8.860210646262388, 9.05565613132777, 9.254617829553613, 9.292363243858125, 9.15196077686817, 8.993743832856786, 8.866006017212722
1MXTa.pdb, 14, 14, 0.06561937391855319, 2.7238842925103453, 0.8393542354908468, -, -, -, 2.1475114175998233, 48.63231477472058, , Y, -0.7853796433822188, -0.8314823856278173, -0.8963595879796993, -0.9872447240019555, -1.0552259230602348, -0.9154249779578036, -0.7654342161142936, -0.5406592879388874, -0.2679713782748117, 0.014353234133401055, 0.3545103320676721, 0.7137955543474501, 1.090995223737857, 1.26593215124959, 1.3704937516390037, 1.4790007142398436, 1.6475771678084645, 1.8522997615915753, 2.0966466127504506, 2.115380452942116, 2.4816235773579143, 2.5051073136401265, 2.6248216783692, 2.7887751266687886, 2.816885944307579, 2.882620635767345, 2.935222561324579, 2.987824486881812, 3.0155853239328945, 2.939588008318426, 2.7680264571616355, 2.8608943807889426, 2.8371662080956703, 2.760729662569602, 2.6129722395999986, 2.430669819113828, 2.1658846028920524, 1.992763493124916, 1.5491625743614714, 1.1417014613135674, 0.8601994606715259, 0.5906555975143184, 0.3088735003346166, -0.041778995851530776, -0.27213918731238207, -0.47912730271147524, -0.6861154181105684, -0.927485723089429, -1.2066682124562869, -1.3639435321700781, -1.502315132155919, -1.6406867321417598, -1.8405411905614273, -2.0105373669473705, -2.187665701876921, -2.364794036806471, -2.5419223717360215, -2.6728415321953145, -2.6696959191301657, -2.800585963034527, -2.997278399595357, -3.0373180565028686, -3.186934283717521, -3.33186755063039, -3.4292877720907575, -3.428041867498658, -3.2266766264831355, -3.017125357507364, -2.8673205473946997, -2.6288407842070454, -2.3574435040253263, -2.086046223843607, -1.8545989523712807, -1.4996417985267823, -1.02284335143713, -0.5390526169822057, -0.05386662646960494, 0.427396638785939, 0.8717475412162975, 1.2254787682553674, 1.4683216649329878, 1.6439670818622438, 1.5780860041695381, 1.3421434575574427, 1.1062009109453474, 0.8300579738593163, 0.5365708984861464, 0.34843773275661133, 0.09684190720902464, -0.23325724594460645, -0.6790288550361427, -1.1134839015185567, -1.5649611263433831, -2.018916243410244, -2.483974412964664, -2.942816070394988, -3.351073628416633, -3.682251589691609, -4.135176954221322, -4.551049187048654, -5.021984634300155, -5.5009862702650185
1MXTa.pdb, 14, 14, 0.06561937391855319, 2.7238842925103453, 0.8393542354908468, -, -, -, 2.1475114175998233, 48.63231477472058, , Z, 11.687499179862431, 11.74696084890661, 11.68850470964638, 11.368305866230472, 10.887757381970829, 10.516094306794258, 10.156896486836418, 9.955808823672067, 9.85601972927154, 9.8209358406502, 9.674202457661782, 9.592158412100463, 9.289204094569302, 9.085409651500248, 8.918017990364302, 8.766628252229612, 8.356972754717475, 7.99343311957568, 7.696014263537494, 7.308266458631196, 7.229326722651608, 6.867884555888095, 6.467198581327484, 6.0771633355370005, 5.917491663452546, 5.82087557973856, 5.7839674132094885, 5.747059246680418, 5.694623517660839, 5.578533800964629, 5.40763643384585, 5.227607157217935, 4.747533488960613, 4.260787577760868, 3.7872800748739945, 3.3478406476837326, 3.0489226978196595, 2.6497696379050724, 2.426745532601113, 2.211364322390492, 1.8792002738109943, 1.5526122960663078, 1.2280055824814324, 0.9213254527880341, 0.9367982604660048, 1.014271019503619, 1.0917437785412334, 1.1057328429617117, 1.025840937252246, 0.9365732356454244, 0.8460927684991355, 0.7556123013528467, 0.6047276734140664, 0.3581516714099442, -0.038183207460945334, -0.43451808633183503, -0.8308529652027248, -1.2144392749440909, -1.5464003276640652, -1.7819402710642656, -2.0763265403264723, -2.550302437232664, -3.01508286099888, -3.474452599489173, -3.804151187102624, -3.9141355751038676, -4.271666657114026, -4.698970440298344, -5.085285324688703, -5.434401131692475, -5.849728951462105, -6.265056771231735, -6.501030417214958, -6.638253682580603, -6.607393572909454, -6.544511091473037, -6.471019717216193, -6.392228861882906, -6.27043636650862, -6.426173772381581, -6.852013972898339, -7.285623552787353, -7.702974625523061, -8.143419387300366, -8.583864149077673, -8.942743530100772, -9.271360598919438, -9.567113184323773, -9.871226229219078, -10.115431146216004, -10.169763491591635, -10.018602245448283, -9.827514117502332, -9.61795562060163, -9.436081972320412, -9.368829105259087, -9.571670616060052, -9.866484884844088, -10.031858925456138, -9.90409548454283, -9.865495804630296, -9.800732577081464
1MXTa.pdb, 14, 14, 0.06561937391855319, 2.7238842925103453, 0.8393542354908468, -, -, -, 2.1475114175998233, 48.63231477472058, , distance, 0.0, 0.5000000000000007, 0.9756592923778202, 1.3201037239920936, 1.5607233928036799, 2.0002955674477056, 2.4633460954480153, 2.8899149497196968, 3.30962242039521, 3.7189929954646246, 4.076545283428278, 4.459497393489978, 4.843218313538352, 5.307808895690489, 5.790551510035618, 6.273717764111637, 6.707676783015306, 7.170011305734062, 7.660799070718007, 8.074199536741412, 8.478687080896215, 8.901442933885297, 9.37124942244901, 9.838513244308169, 10.264210657042314, 10.706152321078484, 11.126228701133174, 11.552672102059546, 11.983299036693932, 12.40586822422073, 12.799695413833067, 13.194407776966813, 13.511896484806655, 13.816554157115096, 14.086282704447576, 14.325606285550124, 14.293048977100927, 14.347780217434588, 14.420113208848642, 14.371376372518977, 14.38140947510803, 14.389947156203025, 14.42334338800866, 14.503378085528379, 14.21364886832675, 13.859006870622169, 13.513560919602897, 13.239843145545981, 13.076012366565472, 12.892847848760905, 12.723492463121975, 12.571753865986429, 12.529760337182655, 12.596223534161908, 12.871136856824572, 13.159311556903027, 13.459895888013964, 13.806111541994216, 14.239096865836633, 14.56502415679828, 14.913206412078166, 15.327711678225286, 15.754357722909889, 16.164144253557804, 16.40060981448342, 16.389261992827162, 16.630909331964475, 16.97730970609316, 17.27363852188103, 17.551391233235933, 17.919336035792877, 18.29354732426763, 18.56908308546597, 18.69032620531465, 18.66472554176401, 18.62488915854048, 18.585583965395283, 18.556536774796275, 18.51523707175096, 18.72143755022994, 19.175988450731225, 19.65292748164602, 20.054656056970803, 20.45903530734414, 20.867559077451126, 21.20338200722254, 21.535040815910534, 21.888314360923275, 22.24497425746334, 22.53178769015293, 22.587747338676852, 22.39471524267409, 22.203382627152724, 22.020362384427056, 21.87285534207599, 21.83898416883972, 22.03154550059411, 22.311376554110648, 22.525725991138486, 22.499828821184842, 22.582732947026074, 22.645893463548948
1MXTa.pdb, 14, 14, 0.06561937391855319, 2.7238842925103453, 0.8393542354908468, -, -, -, 2.1475114175998233, 48.63231477472058, , length, 0.0, 0.5, 1.0, 1.5, 2.0, 2.5, 3.0, 3.5, 4.0, 4.5, 5.0, 5.5, 6.0, 6.5, 7.0, 7.5, 8.0, 8.5, 9.0, 9.5, 10.0, 10.5, 11.0, 11.5, 12.0, 12.5, 13.0, 13.5, 14.0, 14.5, 15.0, 15.5, 16.0, 16.5, 17.0, 17.5, 18.0, 18.5, 19.0, 19.5, 20.0, 20.5, 21.0, 21.5, 22.0, 22.5, 23.0, 23.5, 24.0, 24.5, 25.0, 25.5, 26.0, 26.5, 27.0, 27.5, 28.0, 28.5, 29.0, 29.5, 30.0, 30.5, 31.0, 31.5, 32.0, 32.5, 33.0, 33.5, 34.0, 34.5, 35.0, 35.5, 36.0, 36.5, 37.0, 37.5, 38.0, 38.5, 39.0, 39.5, 40.0, 40.5, 41.0, 41.5, 42.0, 42.5, 43.0, 43.5, 44.0, 44.5, 45.0, 45.5, 46.0, 46.5, 47.0, 47.5, 48.0, 48.5, 49.0, 49.5, 50.0, 50.5
1MXTa.pdb, 14, 14, 0.06561937391855319, 2.7238842925103453, 0.8393542354908468, -, -, -, 2.1475114175998233, 48.63231477472058, , R, 2.500215792498871, 2.5959603847013746, 2.73875137879819, 2.8546007350798837, 2.9005942718947075, 2.894758942856618, 2.9435690633086873, 2.985699899746508, 3.044745146661228, 3.1325367909736253, 3.094132698208651, 3.024580790000898, 2.9025016540227533, 2.7010768770666997, 2.5105187055493916, 2.363630588147858, 2.1509650395795834, 1.97337534894736, 1.838567780006325, 1.6867599358724739, 1.7510305898862797, 1.5900928150230127, 1.4504558838923975, 1.388185426357974, 1.211306103576902, 1.0314013347030724, 0.9066290788015723, 0.8968119216539352, 0.9921222375898575, 1.1441114042037464, 1.3375459969949113, 1.4666897627739515, 1.3214461870136833, 1.261813204741946, 1.2964346011673114, 1.4158743580392044, 1.403166396390007, 1.4109574632491995, 1.4085468157960233, 1.3134502636142298, 1.1940937901686846, 1.1496093884406353, 1.2096028306020659, 1.3543037501292725, 1.239102273866896, 1.1514734125027675, 1.1684667016937678, 1.242173656127793, 1.2640731901472313, 1.3108622912491315, 1.4431748011853645, 1.6580266992499817, 1.562688262095546, 1.4540225263839421, 1.3456636262985657, 1.3331741009977434, 1.4179264225092132, 1.5043885995475412, 1.4304151449241214, 1.3493873189624768, 1.1782361834375756, 1.1072878840399032, 1.0381842482691683, 1.0627076686725514, 1.1064057396598506, 1.1053607960139427, 0.9738595512099126, 0.9238131392137829, 0.8805164402259871, 0.8957888586847267, 0.9250067526272059, 1.0669310658322673, 1.0334762342028758, 1.0270438058596454, 0.8960811816952832, 0.8391874013951213, 0.8957467551208647, 1.0564468431386371, 1.248988033015782, 1.3223226301386448, 1.3628245273686017, 1.3829104955016802, 1.2834870929405822, 1.11589117293791, 1.0492211338552277, 1.0052664199282233, 0.9802111315921638, 0.9818123676638424, 1.0433080860809165, 1.129862050009567, 1.0985625674550954, 0.9606440125741418, 0.8808555892938166, 0.8925220317187985, 1.0006480648425071, 1.126204978477437, 1.068280190907439, 1.0107185599229116, 1.064563107020201, 1.1912260662980796, 1.1882915799588922, 1.2719391666837148
1MXTa.pdb, 14, 14, 0.06561937391855319, 2.7238842925103453, 0.8393542354908468, -, -, -, 2.1475114175998233, 48.63231477472058, , Upper limit of R overestimation, -, -, -, -, -, -, -, -, -, -, -, -, -, -, -, -, -, -, -, -, -, -, -, -, -, -, -, -, -, -, -, -, -, -, -, -, -, -, -, -, -, -, -, -, -, -, -, -, -, -, -, -, -, -, -, -, -, -, -, -, -, -, -, -, -, -, -, -, -, -, -, -, -, -, -, -, -, -, -, -, -, -, -, -, -, -, -, -, -, -, -, -, -, -, -, -, -, -, -, -, -, -
1MXTa.pdb, 15, 15, 0.06431093617884094, 2.7440255816587693, 0.6309376890520968, -, -, -, 1.4994160833978236, 29.901958740025915, , X, 14.237732077128266, 14.672947485549923, 15.16974456376044, 15.666541641970959, 16.16333872018148, 16.660135798391998, 16.932826454366765, 17.146929237348143, 17.387583105211323, 17.64554763488501, 17.903512164558695, 18.161476694232377, 18.419441223906063, 18.656711801040732, 18.958946782923217, 19.243100452487443, 19.478493205003147, 19.273683952514997, 19.038429199682614, 18.80317444685023, 18.757221200539846, 18.87925504676529, 18.914517557850576, 18.983374195184627, 19.05223083251868, 19.09332736051878, 19.082593828336584, 19.04900209323882, 19.014614117548422, 19.10344812185444, 19.35226862112158, 19.24142162282035, 19.124439689472187, 19.06085190596536, 19.030915531900888, 19.059782912917246, 19.377498554921637, 19.762856065388743, 20.024932548856125, 20.090135672236016, 20.192289311337476, 20.231280312319427, 20.47288285316154, 20.714485394003653, 20.800353653460633, 20.823211105674105, 21.002840123834282, 20.940720930979502, 20.7870286437293, 20.725271030238414, 20.994880963586553, 21.278109737502973, 21.583798483580487, 21.603655070161924, 21.407601655142354, 21.21154824012278, 20.949893346523357, 20.772690719707352, 20.88539890785887, 21.133487499009917, 21.34948833063462, 21.459442458747564, 21.612392402646094
1MXTa.pdb, 15, 15, 0.06431093617884094, 2.7440255816587693, 0.6309376890520968, -, -, -, 1.4994160833978236, 29.901958740025915, , Y, -0.7853796433822188, -0.7838584535200216, -0.8332008828024948, -0.8825433120849681, -0.9318857413674414, -0.9812281706499146, -0.7945819742615894, -0.4419421871515179, -0.04355460027727215, 0.38468144697255013, 0.8129174942223722, 1.2411535414721946, 1.6693895887220167, 2.0633346156469146, 2.3768200580211767, 2.66484690887676, 3.0688981039640537, 3.4656006535748425, 3.905876303030346, 4.346151952485849, 4.783581042114321, 5.218484080482779, 5.635357331566953, 6.077256582054142, 6.51915583254133, 6.9680275512908345, 7.4332257676919085, 7.855850256931205, 8.112607179343154, 8.363568231014144, 8.609893952923544, 9.061347806425566, 9.516149948730149, 9.98462017349706, 10.451354190808646, 10.769993667684803, 10.937534642424097, 11.210177689900469, 11.437479433339725, 11.747805945134061, 12.120766372793344, 12.602854716736369, 13.025705445502112, 13.448556174267857, 13.878357135309574, 14.348393104357932, 14.77968856704163, 15.168727352663204, 15.6339333514015, 16.089113976901395, 16.033401531919075, 15.947056259001108, 15.881497658485875, 15.970888112281258, 16.167652133775142, 16.36441615526903, 16.437608789059595, 16.362013575903344, 16.193941032610763, 16.149810990805097, 16.093344593075905, 16.1327097440161, 16.206750098765635
1MXTa.pdb, 15, 15, 0.06431093617884094, 2.7440255816587693, 0.6309376890520968, -, -, -, 1.4994160833978236, 29.901958740025915, , Z, 11.687499179862431, 11.45307860296524, 11.425547025567717, 11.398015448170193, 11.37048387077267, 11.342952293375149, 11.077216263335531, 10.795218499229026, 10.677608442332623, 10.669350763113707, 10.661093083894789, 10.652835404675873, 10.644577725456955, 10.515850353774931, 10.271207276194287, 9.988141396545249, 10.021192576122981, 9.947474224538299, 9.918968895802957, 9.890463567067615, 9.763466371649221, 9.549067006926963, 9.800701275904848, 10.024271882009291, 10.247842488113733, 10.343274869269809, 10.160312002151496, 9.933547967449943, 9.522448090795333, 9.099455817840548, 8.746975564130818, 8.572523101763174, 8.400854121964008, 8.249215593112737, 8.074056316759517, 7.84818473222924, 8.06705735613911, 8.185756530290325, 8.453349259479692, 8.839931732930141, 9.078964829274211, 9.20105481121637, 9.314304418018844, 9.427554024821317, 9.62123797383175, 9.75218621079334, 9.722451680597306, 9.816336274662353, 9.844724928923382, 9.734149040174415, 9.338583135361555, 8.935686181450851, 8.546057222509408, 8.14359747684926, 7.72784878075423, 7.312100084659201, 6.961276933422698, 6.500251962284886, 6.121464260680315, 5.689756089645374, 5.2517074046517065, 4.765538221545271, 4.299581940653497
1MXTa.pdb, 15, 15, 0.06431093617884094, 2.7440255816587693, 0.6309376890520968, -, -, -, 1.4994160833978236, 29.901958740025915, , distance, 0.0, 0.49433568819076623, 0.9693054613059927, 1.4610743930465029, 1.9570190818473885, 2.4546097432002068, 2.7633428349230877, 3.0622772925398554, 3.389947668540335, 3.7441789526382188, 4.128681007696769, 4.5357620856095355, 4.959865777537729, 5.386586646626751, 5.856215331266958, 6.312336549224807, 6.71547554911778, 6.81610824602126, 6.9413453006523405, 7.099663199356547, 7.425699111889902, 7.884352050146904, 8.16444683150997, 8.507832868578564, 8.866129266753239, 9.24657059020696, 9.661804229388162, 10.044676112922629, 10.328611607750272, 10.68065579821918, 11.09397715627532, 11.47597605903729, 11.866063330452732, 12.291345530974777, 12.739535478833801, 13.096532443698912, 13.302312498117587, 13.663183831214294, 13.905024236472329, 14.122323080890439, 14.450944893138177, 14.87783066604116, 15.338032139421058, 15.800652343888586, 16.197611356013233, 16.61761258135195, 17.085065026306506, 17.40588521833682, 17.773096007108318, 18.183846495649185, 18.27697644252318, 18.360659127773616, 18.482915035647103, 18.643727361217472, 18.827935295358248, 19.0235045418289, 19.079350517591887, 19.069512641210462, 19.06487738308729, 19.24383139686384, 19.41359896138672, 19.65422073918105, 19.942402293208133
1MXTa.pdb, 15, 15, 0.06431093617884094, 2.7440255816587693, 0.6309376890520968, -, -, -, 1.4994160833978236, 29.901958740025915, , length, 0.0, 0.5, 1.0, 1.5, 2.0, 2.5, 3.0, 3.5, 4.0, 4.5, 5.0, 5.5, 6.0, 6.5, 7.0, 7.5, 8.0, 8.5, 9.0, 9.5, 10.0, 10.5, 11.0, 11.5, 12.0, 12.5, 13.0, 13.5, 14.0, 14.5, 15.0, 15.5, 16.0, 16.5, 17.0, 17.5, 18.0, 18.5, 19.0, 19.5, 20.0, 20.5, 21.0, 21.5, 22.0, 22.5, 23.0, 23.5, 24.0, 24.5, 25.0, 25.5, 26.0, 26.5, 27.0, 27.5, 28.0, 28.5, 29.0, 29.5, 30.0, 30.5, 31.0
1MXTa.pdb, 15, 15, 0.06431093617884094, 2.7440255816587693, 0.6309376890520968, -, -, -, 1.4994160833978236, 29.901958740025915, , R, 2.5002157924988815, 2.4584576060236802, 2.2895943409350332, 2.186772102385854, 2.1560664300207746, 2.1994320837348216, 2.062673131974994, 1.8093914470454957, 1.5393118244646973, 1.2789997526253576, 1.0993586661025836, 1.020058732836932, 1.0517262886749783, 1.0743640940012085, 1.1315730990262922, 1.1786716487541697, 1.270154669473922, 1.1271296571291678, 0.9849198271510298, 0.952258548842414, 0.9046977092142259, 0.8566053251373831, 0.7200015897800485, 0.6324939754848375, 0.6787395337349253, 0.754137168218596, 0.7390499148103393, 0.8085266082449907, 0.7810384330778204, 0.8000439814182256, 0.8738180889300262, 0.7930831566699488, 0.831268938528708, 0.959884795236053, 1.1531797769120555, 1.2722969340579426, 1.2558416446071352, 1.295169682013969, 1.242723514682771, 1.162302230159088, 1.075336419351131, 0.9047796146595222, 0.7232237170142717, 0.6621175325650381, 0.7094782707068166, 0.7698286652867052, 0.851052353165408, 0.9611412082819892, 1.0785658245311855, 1.20992282249568, 1.0251431133224147, 0.9216839921502322, 0.91162469307757, 0.8586928458604766, 0.8119867928491173, 0.8875740646984085, 0.9194751361863533, 1.0039964412462952, 1.0235228130538891, 0.9551269878571558, 0.9713909692028435, 1.1056291074683318, 1.2810029714558653
1MXTa.pdb, 15, 15, 0.06431093617884094, 2.7440255816587693, 0.6309376890520968, -, -, -, 1.4994160833978236, 29.901958740025915, , Upper limit of R overestimation, -, -, -, -, -, -, -, -, -, -, -, -, -, -, -, -, -, -, -, -, -, -, -, -, -, -, -, -, -, -, -, -, -, -, -, -, -, -, -, -, -, -, -, -, -, -, -, -, -, -, -, -, -, -, -, -, -, -, -, -, -, -, -
1MXTa.pdb, 16, 16, 0.06048575547680869, 2.805347388331578, 0.6624570447584666, -, -, -, 1.531191567577715, 31.089855327546175, , X, 14.237732077128266, 13.743425646791863, 13.268405766946714, 12.972805217639216, 12.924928378590792, 12.746018919590512, 12.477896418429383, 12.491034212324818, 12.68251410987613, 12.873994007427443, 13.065473904978756, 13.256953802530068, 13.448433700081381, 13.639913597632694, 13.720311552060382, 14.024647829193912, 14.348232212236631, 14.445979025151729, 14.543725838066827, 14.742865235401645, 15.11762705669054, 15.466594226849026, 15.665685328978306, 15.870942982947675, 15.727137574785548, 15.446544006570344, 15.170275158842873, 14.843013580532926, 14.475324378672557, 14.16693485175215, 13.85854532483174, 13.55015579791133, 13.491408973856247, 13.248449029575655, 12.972841598177194, 12.971288162478233, 13.193621277012866, 13.481535741647114, 13.743564800007976, 13.998118643983577, 14.081990677216371, 14.310769735808607, 14.777004600470272, 15.107057880250208, 15.388314574205749, 15.270317522388147, 15.191723099415713, 15.085657167098578, 15.410746169905423, 15.630945773756807, 15.819806952966873, 15.955682836176381, 16.115787502314134, 16.479391659157173, 16.928850723262535, 17.317031261826923, 17.77394308510519, 18.201395105281527, 18.668437254666905, 19.135479404052283, 19.451865796488068, 19.794063070836454, 19.624134721480903, 19.40218998431231, 19.180245247143716, 18.95830050997512
1MXTa.pdb, 16, 16, 0.06048575547680869, 2.805347388331578, 0.6624570447584666, -, -, -, 1.531191567577715, 31.089855327546175, , Y, -0.7853796433822188, -0.8314823856278173, -0.8963595879796993, -0.9872447240019555, -1.0552259230602348, -1.169468740406465, -1.2463689162633482, -1.509887257338902, -1.7462980601710418, -1.9827088630031815, -2.219119665835321, -2.4555304686674613, -2.691941271499601, -2.928352074331741, -2.7652100503608144, -2.755419808605842, -2.780996144509692, -2.9739608916480607, -3.1669256387864295, -3.3976110816292517, -3.6927545034212543, -3.993230622612642, -4.329968849384288, -4.644652879065755, -5.0342578686774555, -5.435763917959143, -5.840334098693386, -6.173531131146563, -6.360979355657963, -6.505367962432217, -6.64975656920647, -6.794145175980725, -6.807000776129758, -6.518889818086367, -6.25569718645289, -6.24746931647964, -6.365728876963576, -6.531555658530565, -6.57552601447311, -6.613883264776574, -6.841538998706065, -7.137502729547761, -7.217732965111326, -7.261063130929187, -7.351088193453185, -7.32821047798683, -7.315709096961662, -7.023977672209156, -6.821817472256614, -6.464784699440762, -6.045644032401717, -5.641168277971242, -5.239987090612271, -4.963791481484014, -4.79431056844926, -4.780115771835236, -4.89972705660929, -4.967725111349871, -5.002775562118443, -5.037826012887014, -5.151118447954711, -5.281629919465394, -5.566245510062348, -5.923247780733417, -6.280250051404486, -6.637252322075555
1MXTa.pdb, 16, 16, 0.06048575547680869, 2.805347388331578, 0.6624570447584666, -, -, -, 1.531191567577715, 31.089855327546175, , Z, 11.687499179862431, 11.74696084890661, 11.68850470964638, 11.368305866230472, 10.887757381970829, 10.570133313508281, 10.17001682950375, 9.91188881806098, 9.515094940666177, 9.118301063271373, 8.72150718587657, 8.324713308481767, 7.9279194310869645, 7.531125553692162, 7.075677657980916, 6.696545654113632, 6.324656443548069, 5.8738680597949315, 5.4230796760417945, 5.081686069492474, 4.9328947650204364, 4.7856721104907445, 4.4783221464567164, 4.148408131976543, 3.9751471930174986, 3.87484693446115, 3.776247914401442, 3.800126394436926, 3.695000022392347, 3.328874593174987, 2.9627491639576267, 2.596623734740267, 2.2094659635040124, 1.9733260689256569, 1.6673774144644113, 1.1879406360248048, 0.7571497183478879, 0.40759355417367255, 0.015756910541910224, -0.3981725102059581, -0.8065433602203419, -1.110542965641567, -1.2707318837027497, -1.5979533417425178, -1.9169887627934, -2.402327104465882, -2.8825394013997903, -3.262988044644132, -3.4763587427477898, -3.6687197400113125, -3.850159326266097, -4.101733952706015, -4.327196064998078, -4.511312068172037, -4.650102449000236, -4.850007669441951, -5.014095226262173, -5.171290906691851, -5.346342603622805, -5.521394300553759, -5.812712045728171, -6.062738033914286, -6.361371518759355, -6.632092615792564, -6.902813712825774, -7.173534809858983
1MXTa.pdb, 16, 16, 0.06048575547680869, 2.805347388331578, 0.6624570447584666, -, -, -, 1.531191567577715, 31.089855327546175, , distance, 0.0, 0.5000000000000007, 0.9756592923778202, 1.3201037239920936, 1.5607233928036799, 1.9029553484297839, 2.3690262427819815, 2.5939654721153884, 2.8392617540243905, 3.145498012271588, 3.496699612855436, 3.880677598033906, 4.288637202797767, 4.714356742394438, 5.045428642825909, 5.36992367222258, 5.723178986705809, 6.215429307122659, 6.708825920368448, 7.12149418617252, 7.406195011802542, 7.709450498153398, 8.15937476941462, 8.625500657866988, 8.930378943742014, 9.171959184905235, 9.434516295485535, 9.571269069968299, 9.74801544087013, 10.128666427440745, 10.519313768553916, 10.918884591578516, 11.253889678294472, 11.323293650738643, 11.485954994651987, 11.902900209670973, 12.316777349716157, 12.681744462782168, 13.038388086641572, 13.419848332305065, 13.885331127276766, 14.287920946011683, 14.476938088101944, 14.805183304730859, 15.149734685100064, 15.569138471815467, 15.995040665855209, 16.222088354266184, 16.3632860642607, 16.431985446389156, 16.480053829044813, 16.608128160298953, 16.728451317284133, 16.87855589260939, 17.036163702927563, 17.2895671720157, 17.56063491552507, 17.816325137263284, 18.09887683284375, 18.390683614923528, 18.775096769215395, 19.135307726874007, 19.432749300545314, 19.7148867110951, 20.005543498860114, 20.304353802528514
1MXTa.pdb, 16, 16, 0.06048575547680869, 2.805347388331578, 0.6624570447584666, -, -, -, 1.531191567577715, 31.089855327546175, , length, 0.0, 0.5, 1.0, 1.5, 2.0, 2.5, 3.0, 3.5, 4.0, 4.5, 5.0, 5.5, 6.0, 6.5, 7.0, 7.5, 8.0, 8.5, 9.0, 9.5, 10.0, 10.5, 11.0, 11.5, 12.0, 12.5, 13.0, 13.5, 14.0, 14.5, 15.0, 15.5, 16.0, 16.5, 17.0, 17.5, 18.0, 18.5, 19.0, 19.5, 20.0, 20.5, 21.0, 21.5, 22.0, 22.5, 23.0, 23.5, 24.0, 24.5, 25.0, 25.5, 26.0, 26.5, 27.0, 27.5, 28.0, 28.5, 29.0, 29.5, 30.0, 30.5, 31.0, 31.5, 32.0, 32.5
1MXTa.pdb, 16, 16, 0.06048575547680869, 2.805347388331578, 0.6624570447584666, -, -, -, 1.531191567577715, 31.089855327546175, , R, 2.500215792498871, 2.5959603847013746, 2.73875137879819, 2.8546007350798837, 2.9005942718947075, 2.815309958971733, 2.7644278646527516, 2.58523428140715, 2.211673179875791, 1.8742526258308183, 1.5861343342652334, 1.3639929504028407, 1.2260204390852432, 1.1868578700884653, 1.1282427023619703, 0.9956394310455206, 0.933932430139196, 0.7853614751560376, 0.7569498607955549, 0.7906550553191718, 0.8371138336844328, 0.9096379036477729, 0.8735335995155695, 0.9483127093992694, 0.874052222512091, 0.810840304267, 0.8679977922632436, 0.9198663780031373, 0.8908820335307774, 0.8864035642055581, 0.9987205341556067, 1.2115688134294176, 1.3543345276398318, 1.241991021062218, 1.1453986587734117, 1.0181672325542446, 0.8955358041224202, 0.8647540047282967, 0.8754393363789028, 0.94956280003066, 0.8824305283829792, 0.8711767204682321, 0.721126265365676, 0.671250047729685, 0.6734095674614606, 0.7543166405420896, 0.9332918023136572, 0.8780626204177497, 0.9090257418040901, 0.860358017204341, 0.8717567596575286, 0.8624455492264496, 0.939758381683568, 1.0637100276369462, 1.2407766316082813, 1.121677164165994, 0.9235839786657161, 0.8111909906635735, 0.7841563248735626, 0.8805920893210175, 0.9357097809177704, 1.041062653120015, 0.9392319357374632, 0.8535366772991113, 0.8875134718478532, 1.0357128852515667
1MXTa.pdb, 16, 16, 0.06048575547680869, 2.805347388331578, 0.6624570447584666, -, -, -, 1.531191567577715, 31.089855327546175, , Upper limit of R overestimation, -, -, -, -, -, -, -, -, -, -, -, -, -, -, -, -, -, -, -, -, -, -, -, -, -, -, -, -, -, -, -, -, -, -, -, -, -, -, -, -, -, -, -, -, -, -, -, -, -, -, -, -, -, -, -, -, -, -, -, -, -, -, -, -, -, -
1MXTa.pdb, 17, 17, 0.05759252595257127, 2.854362477467419, 0.6054453430189439, -, -, -, 1.5611435486596663, 29.13179937358545, , X, 14.237732077128266, 13.743425646791863, 13.268405766946714, 12.972805217639216, 12.924928378590792, 12.746018919590512, 12.477896418429383, 12.491034212324818, 12.68251410987613, 12.873994007427443, 13.065473904978756, 13.256953802530068, 13.448433700081381, 13.639913597632694, 13.720311552060382, 14.024647829193912, 14.348232212236631, 14.445979025151729, 14.543725838066827, 14.742865235401645, 15.11762705669054, 15.466594226849026, 15.665685328978306, 15.870942982947675, 15.727137574785548, 15.446544006570344, 15.170275158842873, 14.843013580532926, 14.475324378672557, 14.16693485175215, 13.85854532483174, 13.55015579791133, 13.399434493888714, 13.438731669376063, 13.478028844863411, 13.51732602035076, 13.701235557376629, 13.746643830318643, 13.790263981732545, 14.008582879650527, 14.22690177756851, 14.52257337706129, 14.860017642744536, 15.214071876876803, 15.147286074415652, 14.9005270183225, 14.881271740401974, 14.796220562006953, 14.64892881741189, 14.501637072816829, 14.548231535633493, 14.769158691145122, 14.828083064105776, 14.979418539295727, 15.214690477272466, 15.689261992824566, 16.16302849557985, 16.616887116336894, 17.070471705955953, 17.517247175213488, 17.7483253304971, 18.01887060105686
1MXTa.pdb, 17, 17, 0.05759252595257127, 2.854362477467419, 0.6054453430189439, -, -, -, 1.5611435486596663, 29.13179937358545, , Y, -0.7853796433822188, -0.8314823856278173, -0.8963595879796993, -0.9872447240019555, -1.0552259230602348, -1.169468740406465, -1.2463689162633482, -1.509887257338902, -1.7462980601710418, -1.9827088630031815, -2.219119665835321, -2.4555304686674613, -2.691941271499601, -2.928352074331741, -2.7652100503608144, -2.755419808605842, -2.780996144509692, -2.9739608916480607, -3.1669256387864295, -3.3976110816292517, -3.6927545034212543, -3.993230622612642, -4.329968849384288, -4.644652879065755, -5.0342578686774555, -5.435763917959143, -5.840334098693386, -6.173531131146563, -6.360979355657963, -6.505367962432217, -6.64975656920647, -6.794145175980725, -7.097941680684248, -7.593853285245496, -8.089764889806744, -8.585676494367993, -8.95851828902402, -9.31384956715329, -9.750843023122597, -10.200529500825782, -10.65021597852897, -11.045276918672737, -11.40994478131409, -11.758393161804518, -12.16858008958434, -12.556505415208402, -12.979028670046258, -13.424706170540393, -13.89228675844862, -14.359867346356847, -14.827612368549708, -15.248084653242135, -15.495970291172538, -15.892018711815005, -16.262539575339318, -16.419959308855123, -16.579295563450138, -16.533320382702755, -16.43936282501704, -16.401252045618357, -16.347532694077273, -16.61490114022083
1MXTa.pdb, 17, 17, 0.05759252595257127, 2.854362477467419, 0.6054453430189439, -, -, -, 1.5611435486596663, 29.13179937358545, , Z, 11.687499179862431, 11.74696084890661, 11.68850470964638, 11.368305866230472, 10.887757381970829, 10.570133313508281, 10.17001682950375, 9.91188881806098, 9.515094940666177, 9.118301063271373, 8.72150718587657, 8.324713308481767, 7.9279194310869645, 7.531125553692162, 7.075677657980916, 6.696545654113632, 6.324656443548069, 5.8738680597949315, 5.4230796760417945, 5.081686069492474, 4.9328947650204364, 4.7856721104907445, 4.4783221464567164, 4.148408131976543, 3.9751471930174986, 3.87484693446115, 3.776247914401442, 3.800126394436926, 3.695000022392347, 3.328874593174987, 2.9627491639576267, 2.596623734740267, 2.3737302191604304, 2.323456841909597, 2.2731834646587634, 2.2229100874079304, 2.0655820689044013, 1.8123561189210837, 1.7345478646622456, 1.7236423347448508, 1.712736804827456, 1.7445794562767265, 1.7997020534454042, 1.8448562032803737, 1.9774057527549151, 2.1720132413299136, 2.4386653243771454, 2.5177465271104875, 2.4193923925479774, 2.321038257985467, 2.2287559623499473, 2.082289179982529, 1.695932893062475, 1.6585910906793808, 1.5282225943869174, 1.52727173877397, 1.5279052859762856, 1.6917352737169367, 1.8799718201521174, 2.0925897934259763, 2.3940414046908454, 2.5581280193390334
1MXTa.pdb, 17, 17, 0.05759252595257127, 2.854362477467419, 0.6054453430189439, -, -, -, 1.5611435486596663, 29.13179937358545, , distance, 0.0, 0.5000000000000007, 0.9756592923778202, 1.3201037239920936, 1.5607233928036799, 1.9029553484297839, 2.3690262427819815, 2.5939654721153884, 2.8392617540243905, 3.145498012271588, 3.496699612855436, 3.880677598033906, 4.288637202797767, 4.714356742394438, 5.045428642825909, 5.36992367222258, 5.723178986705809, 6.215429307122659, 6.708825920368448, 7.12149418617252, 7.406195011802542, 7.709450498153398, 8.15937476941462, 8.625500657866988, 8.930378943742014, 9.171959184905235, 9.434516295485535, 9.571269069968299, 9.74801544087013, 10.128666427440745, 10.519313768553916, 10.918884591578516, 11.282618249599162, 11.605128344422065, 11.939871574469665, 12.28584805941979, 12.636032317414198, 13.057351085916329, 13.403022091774973, 13.710433961870818, 14.028934302114095, 14.290146230718948, 14.527117942266196, 14.772876694960654, 14.989678289928515, 15.150682219511875, 15.31796812798754, 15.62526313892082, 16.057954424622782, 16.494452171745717, 16.933650908068678, 17.36986786334615, 17.792734145099757, 18.147717217692797, 18.539358889001033, 18.70233253011044, 18.877814875609044, 18.80354520554952, 18.688477631072654, 18.619156164966647, 18.462752502884108, 18.66055136223496
1MXTa.pdb, 17, 17, 0.05759252595257127, 2.854362477467419, 0.6054453430189439, -, -, -, 1.5611435486596663, 29.13179937358545, , length, 0.0, 0.5, 1.0, 1.5, 2.0, 2.5, 3.0, 3.5, 4.0, 4.5, 5.0, 5.5, 6.0, 6.5, 7.0, 7.5, 8.0, 8.5, 9.0, 9.5, 10.0, 10.5, 11.0, 11.5, 12.0, 12.5, 13.0, 13.5, 14.0, 14.5, 15.0, 15.5, 16.0, 16.5, 17.0, 17.5, 18.0, 18.5, 19.0, 19.5, 20.0, 20.5, 21.0, 21.5, 22.0, 22.5, 23.0, 23.5, 24.0, 24.5, 25.0, 25.5, 26.0, 26.5, 27.0, 27.5, 28.0, 28.5, 29.0, 29.5, 30.0, 30.5
1MXTa.pdb, 17, 17, 0.05759252595257127, 2.854362477467419, 0.6054453430189439, -, -, -, 1.5611435486596663, 29.13179937358545, , R, 2.500215792498871, 2.5959603847013746, 2.73875137879819, 2.8546007350798837, 2.9005942718947075, 2.815309958971733, 2.7644278646527516, 2.58523428140715, 2.211673179875791, 1.8742526258308183, 1.5861343342652334, 1.3639929504028407, 1.2260204390852432, 1.1868578700884653, 1.1282427023619703, 0.9956394310455206, 0.933932430139196, 0.7853614751560376, 0.7569498607955549, 0.7906550553191718, 0.8371138336844328, 0.9096379036477729, 0.8735335995155695, 0.9483127093992694, 0.874052222512091, 0.810840304267, 0.8679977922632436, 0.9198663780031373, 0.8908820335307774, 0.8864035642055581, 0.9987205341556067, 1.2115688134294176, 1.2604599709363618, 1.1008503649975128, 1.043649156093308, 1.0965214279791164, 1.1235894356181475, 1.0334573414132515, 0.8353599120109247, 0.6580634177100921, 0.606131046475836, 0.6663873946635541, 0.8386383273789779, 1.090003458980738, 1.0624056267531714, 0.9487956191983942, 0.8953818283432604, 0.8127511593565055, 0.7057964921205853, 0.7269025168044443, 0.7651836055775898, 0.7709507616614577, 0.6964864716113757, 0.8139307307345651, 0.9187150526853054, 0.8668681424161664, 0.9328686181870689, 0.9145954121042614, 0.9806063713460687, 1.1364672527753734, 1.1481784262724062, 1.339234346696862
1MXTa.pdb, 17, 17, 0.05759252595257127, 2.854362477467419, 0.6054453430189439, -, -, -, 1.5611435486596663, 29.13179937358545, , Upper limit of R overestimation, -, -, -, -, -, -, -, -, -, -, -, -, -, -, -, -, -, -, -, -, -, -, -, -, -, -, -, -, -, -, -, -, -, -, -, -, -, -, -, -, -, -, -, -, -, -, -, -, -, -, -, -, -, -, -, -, -, -, -, -, -, -
1MXTa.pdb, 18, 18, 0.05261434379709301, 2.94476650065098, 0.6065543576498997, -, -, -, 1.3754261421242404, 26.38123337287183, , X, 14.237732077128266, 13.743425646791863, 13.268405766946714, 12.972805217639216, 12.946537046307942, 12.869837941616241, 13.093944799578741, 13.459006902822093, 13.824069006065443, 14.189131109308793, 14.554193212552144, 14.63370178285231, 14.881331692356547, 15.135901772298325, 15.390471852240102, 15.50476303886768, 15.521230000441195, 15.554592347828955, 15.597746720071777, 15.756881850035375, 15.421875108723512, 15.140274528407222, 15.142388063956528, 15.22208894343893, 15.336375119317262, 15.38183079850565, 15.427847258735456, 15.361988200525603, 14.987747196186316, 14.61350619184703, 14.231155190000147, 13.83083653660459, 13.506287697225803, 13.443492429927282, 13.251872973952187, 13.060253517977092, 12.868634062001997, 12.563172419831718, 12.356065060283886, 12.009222534725394, 11.634409326662507, 11.572460652122839, 11.503010030284967, 11.57860788006719, 11.673315451649769, 11.656218991396747, 11.501778280677017, 11.367924671236992, 11.349817567275332, 11.34137167694023, 11.236722991545818, 11.366321798711283, 11.635281358832101, 11.86650689653867, 12.011455781186632, 12.105903194528759
1MXTa.pdb, 18, 18, 0.05261434379709301, 2.94476650065098, 0.6065543576498997, -, -, -, 1.3754261421242404, 26.38123337287183, , Y, -0.7853796433822188, -0.8314823856278173, -0.8963595879796993, -0.9872447240019555, -1.1075145209419184, -1.509286576783861, -1.8533671768048467, -2.164400704188892, -2.4754342315729376, -2.7864677589569835, -3.097501286341029, -3.5728187112583187, -3.997801904623103, -4.419650404154981, -4.84149890368686, -5.254840345022571, -5.699571746058464, -6.166692008990063, -6.635807383592548, -7.105605103669035, -7.347889690223653, -7.701489657291754, -8.108886667757405, -8.590880675425627, -9.061254566007179, -9.544868044987677, -10.033728553251152, -10.433910880157905, -10.589654115050491, -10.745397349943076, -10.911477643992885, -10.945233530607737, -10.888346782398774, -11.122562622271234, -11.509535198591974, -11.896507774912715, -12.283480351233456, -12.417930411106784, -12.710477533396903, -13.031445639974335, -13.327210537181223, -13.698688381349685, -14.129885582703132, -14.573904664226461, -15.062769256146444, -15.53357094479634, -15.972332508896976, -16.41210751757381, -16.85817212625498, -17.316180237256685, -17.70702399783421, -18.15569127361827, -18.476363729612597, -18.83309468781338, -19.159887238695212, -19.434283610530226
1MXTa.pdb, 18, 18, 0.05261434379709301, 2.94476650065098, 0.6065543576498997, -, -, -, 1.3754261421242404, 26.38123337287183, , Z, 11.687499179862431, 11.74696084890661, 11.68850470964638, 11.368305866230472, 10.89653370296147, 10.60919858149901, 10.427869981832576, 10.286491745818049, 10.145113509803522, 10.003735273788994, 9.862357037774467, 9.920254280278726, 10.005078901358008, 10.090154854724044, 10.17523080809008, 10.33219369514966, 10.326616118693645, 10.151443022199087, 9.98565576756768, 9.941365446270943, 9.898339404095942, 9.715570554601715, 9.473669594016707, 9.368819832338495, 9.249838083948399, 9.15061810691828, 9.056289485342981, 8.909146435941304, 8.61642179492809, 8.323697153914877, 8.047913320821866, 7.788850982871245, 7.521904921707525, 7.1542259944769855, 6.902166062580825, 6.650106130684665, 6.398046198788505, 6.242957476611035, 6.591558570787308, 6.751834310629134, 6.79697679596468, 7.0613966761230795, 7.0621028476556535, 6.942676036684608, 6.919201782438203, 6.9890813289373614, 7.172483501062851, 7.362393246170433, 7.567794433404356, 7.367401725969433, 7.421816845764883, 7.260634613027617, 6.987084012614857, 7.0040011872073835, 7.335497973367949, 7.742666632816048
1MXTa.pdb, 18, 18, 0.05261434379709301, 2.94476650065098, 0.6065543576498997, -, -, -, 1.3754261421242404, 26.38123337287183, , distance, 0.0, 0.5000000000000007, 0.9756592923778202, 1.3201037239920936, 1.5480897495315527, 1.8862417116122927, 2.0088584878879945, 2.1144582789674917, 2.325157027520657, 2.6156789924918598, 2.962633622454481, 3.32411839441344, 3.6829899867853144, 4.070152534854379, 4.479717409748316, 4.839245744783612, 5.258198707478665, 5.749096648021259, 6.242869177903247, 6.730679677192161, 6.904333822852943, 7.248148943280829, 7.704102739822644, 8.201894824863196, 8.697086517197341, 9.190939262141828, 9.68873552950533, 10.103333649231159, 10.301351217140255, 10.519425981015662, 10.760320125291054, 10.889795808672087, 10.952494301140373, 11.315420201192417, 11.784686826004476, 12.256384166810927, 12.730242028410286, 12.952351978230753, 13.10409253401141, 13.39004013716367, 13.711018222551841, 13.973476257042156, 14.385716341845956, 14.822540619134067, 15.269471073157085, 15.692306611100918, 16.078381358068633, 16.466236969587268, 16.841813311270837, 17.32972919157569, 17.707177893886346, 18.15405885777641, 18.488849894596143, 18.79568782006269, 19.013646415598878, 19.180407122499528
1MXTa.pdb, 18, 18, 0.05261434379709301, 2.94476650065098, 0.6065543576498997, -, -, -, 1.3754261421242404, 26.38123337287183, , length, 0.0, 0.5, 1.0, 1.5, 2.0, 2.5, 3.0, 3.5, 4.0, 4.5, 5.0, 5.5, 6.0, 6.5, 7.0, 7.5, 8.0, 8.5, 9.0, 9.5, 10.0, 10.5, 11.0, 11.5, 12.0, 12.5, 13.0, 13.5, 14.0, 14.5, 15.0, 15.5, 16.0, 16.5, 17.0, 17.5, 18.0, 18.5, 19.0, 19.5, 20.0, 20.5, 21.0, 21.5, 22.0, 22.5, 23.0, 23.5, 24.0, 24.5, 25.0, 25.5, 26.0, 26.5, 27.0, 27.5
1MXTa.pdb, 18, 18, 0.05261434379709301, 2.94476650065098, 0.6065543576498997, -, -, -, 1.3754261421242404, 26.38123337287183, , R, 2.500215792498871, 2.5959603847013746, 2.73875137879819, 2.8546007350798837, 2.885069546452659, 2.718982019581839, 2.4262062458669043, 2.095103856815225, 1.8109877310997138, 1.5882583823002199, 1.44248415247885, 1.1815770590181043, 0.9566005143393157, 0.8315720090673466, 0.8257452647367278, 0.8415927734059803, 0.7030608626260635, 0.6191973333491012, 0.661836130314444, 0.7313798373398936, 0.7780744155087542, 0.8417231612664453, 0.8500102624772257, 0.6718608714670451, 0.6082371397151136, 0.629174893449751, 0.770113416463482, 0.8898146923716361, 0.75924884865327, 0.7519187107679404, 0.8629076166356471, 0.974560422553832, 1.0276783314768456, 0.9459400349049016, 0.7573469038904097, 0.6860952178856443, 0.7451229883204864, 0.6479964179615954, 0.6252975387787592, 0.676593349448164, 0.8124132337164325, 0.9194461744173219, 0.9371028185545367, 0.8548865613016352, 0.7803147151881271, 0.7816247434542982, 0.848273816515069, 1.014520398877923, 1.190632763654526, 1.2124191019907704, 1.2477974452948957, 1.3030941985908553, 1.3942391117233874, 1.3943395263159652, 1.2808852496428325, 1.208104384583072
1MXTa.pdb, 18, 18, 0.05261434379709301, 2.94476650065098, 0.6065543576498997, -, -, -, 1.3754261421242404, 26.38123337287183, , Upper limit of R overestimation, -, -, -, -, -, -, -, -, -, -, -, -, -, -, -, -, -, -, -, -, -, -, -, -, -, -, -, -, -, -, -, -, -, -, -, -, -, -, -, -, -, -, -, -, -, -, -, -, -, -, -, -, -, -, -, -
1MXTa.pdb, 19, 19, 0.04212845155383997, 3.167031957669981, 0.6798612345119566, -, -, -, 1.4343452728205213, 52.169949138786876, , X, 14.237732077128266, 14.154921134618851, 14.08474266557177, 14.353166680670583, 14.348440874860376, 14.369637481226937, 14.54348693299777, 14.707000692187075, 14.87051445137638, 15.034028210565685, 15.35849259159354, 15.451991665274916, 15.365899654311503, 15.734507948929696, 16.132266925911654, 16.5583667318755, 16.942806219730908, 17.246697437720567, 17.550588655710225, 17.878234167291982, 18.283615083325948, 18.71841792211875, 19.15322076091155, 19.58802359970435, 20.019179575449066, 20.43003748612238, 20.704352103209853, 21.09046352967109, 21.477317616378425, 21.855605675052434, 22.230949144965674, 22.57685651969874, 22.66090594178584, 22.97862872421656, 23.296351506647284, 23.614074289078005, 23.931797071508726, 24.286392400407582, 24.640788082578233, 24.925499380629937, 25.393509195343476, 25.87200838225296, 26.35050756916245, 26.829006756071934, 27.16736782141883, 27.493611801248658, 27.830635544721538, 28.26618383303821, 28.71597419634615, 28.959261495885684, 29.225419296397515, 29.56456259067948, 29.8596895834616, 30.246560304833164, 30.624329096715048, 30.989122568149188, 31.351381316655196, 31.684847015936946, 31.92370217336193, 32.21417260597896, 32.54345575025479, 32.83342016601432, 32.99527398425499, 33.02014363931268, 33.04501329437037, 33.077553070479055, 33.2752714073438, 33.472989744208554, 33.46516063891903, 33.42296613537876, 33.402958457117876, 33.3136087704149, 33.51460012578408, 33.60051689624202, 33.71280432983378, 33.82509176342554, 33.663386569740176, 33.441582405394136, 33.406029044990824, 33.1988381432793, 33.133107369345744, 33.067306894327785, 32.96604065837352, 32.839623572171305, 33.21422044833927, 33.525924040597964, 33.946407473773306, 34.44420789563727, 34.933682436221645, 35.38255626893417, 35.727314824286736, 36.06701828013856, 36.188822256582746, 36.097904156571865, 36.00698605656098, 35.9160679565501, 35.82514985653922, 35.73098865803355, 35.59186392579224, 35.5339130227609, 35.60948230841608, 35.67449050533515, 35.73233833030957, 35.78159360757161, 35.812536622398085, 35.82776309546125, 35.84527207592051, 36.047894525607866, 36.362342991466065
1MXTa.pdb, 19, 19, 0.04212845155383997, 3.167031957669981, 0.6798612345119566, -, -, -, 1.4343452728205213, 52.169949138786876, , Y, -0.7853796433822188, -0.6088730741871811, -0.4565776468642986, -0.2980006498865175, 0.02477530063481631, 0.3426858740847821, 0.6154625810969812, 0.8771350487964444, 1.1388075164959077, 1.400479984195371, 1.516515146157786, 1.909632593338745, 2.23686198567148, 2.434475578887321, 2.405593742399928, 2.1963335422012724, 2.018331347386452, 1.900765038984424, 1.7831987305823958, 1.5014623722952556, 1.482799004798368, 1.6068547238753583, 1.7309104429523485, 1.854966162029339, 1.978964096209417, 2.1009259082205145, 2.2084476622890064, 2.1742863639136076, 2.139183872572281, 1.8924752269168579, 1.5730265550463276, 1.2948463752616466, 1.2174875418472775, 0.9821171633230232, 0.746746784798769, 0.5113764062745147, 0.2760060277502604, 0.02746833367838772, -0.30211460357751874, -0.5857982739171137, -0.6954344987504084, -0.7951107497174819, -0.8947870006845553, -0.9944632516516289, -1.345663279246218, -1.7159142481982828, -2.0637343779306363, -2.2981611900687957, -2.4230368716435104, -2.706014458423588, -3.1158146704224685, -3.235506351336222, -3.0256351519197757, -2.8143262149293773, -2.6078606897523215, -2.3692632236621964, -2.1243887975782334, -2.1343764992143943, -2.479291973260966, -2.729086392833504, -2.7516032402967996, -2.7824469858765575, -2.7153411208596374, -2.7542236920493117, -2.793106263238986, -2.83828294067117, -3.0190052507565155, -3.1997275608418607, -3.4056007521410163, -3.536671495208157, -3.8262209881390867, -4.237279761639984, -4.312788079538324, -4.300139041960792, -4.281107818816279, -4.2620765956717666, -4.295672783259984, -4.531374921717168, -4.981831554374555, -5.169300919620122, -5.363768991199134, -5.558393141293437, -5.819383337376146, -6.040111589268722, -6.194867472822619, -6.300213180882616, -6.465919088945703, -6.471270337207281, -6.549276662131351, -6.764301995966021, -6.781686741631103, -6.789225414757118, -6.666928131776944, -6.417879861339075, -6.168831590901205, -5.9197833204633366, -5.670735050025467, -5.456291001609406, -5.615172794521988, -5.964399489872338, -6.411090763143336, -6.784118215670069, -6.819272776750769, -6.927291046812038, -7.076294211736819, -7.380662862476052, -7.667976104359788, -7.888288807473901, -8.105413116123488
1MXTa.pdb, 19, 19, 0.04212845155383997, 3.167031957669981, 0.6798612345119566, -, -, -, 1.4343452728205213, 52.169949138786876, , Z, 11.687499179862431, 12.147184215558083, 12.618226767031672, 12.841589497229664, 13.223418454387833, 13.602893273527442, 13.983512398608871, 14.37694698046951, 14.770381562330147, 15.163816144190786, 15.410689701731414, 15.696119581910711, 15.909227465920361, 16.17461662242466, 16.42517117129848, 16.58217156610815, 16.814934758198405, 17.19418176314041, 17.573428768082415, 17.81148711709141, 18.015459397166694, 18.2288994823007, 18.442339567434708, 18.655779652568718, 18.876475851744157, 19.121776210390014, 19.525744728042305, 19.841153183932565, 20.155973340052636, 20.173936316513846, 20.089854061348774, 20.06108384112438, 20.482459499565913, 20.78848730620745, 21.094515112848985, 21.400542919490523, 21.70657072613206, 21.907721117772674, 21.99125198458222, 22.288679373947037, 22.40444658653313, 22.509818181947217, 22.615189777361305, 22.720561372775393, 22.720577011746222, 22.76039036735167, 22.88366319529502, 22.89650646804542, 22.9694030369015, 22.811082567300662, 22.719969359130317, 22.481337162550282, 22.160499941851146, 21.925613341890855, 21.671324673654414, 21.426900073531524, 21.184402414613114, 21.124002141348342, 21.38858638086777, 21.639897701185856, 21.978530449444705, 22.373997410751713, 22.78309371005187, 23.280958798117894, 23.778823886183922, 24.27333104127857, 24.695524013632273, 25.11771698598598, 25.537099402961594, 25.967579260398054, 26.27742697907634, 26.535907484176334, 26.961747511590026, 27.45329278662902, 27.94014938235614, 28.42700597808326, 28.83763564776237, 29.20659007368077, 29.36878148703556, 29.764609045594035, 30.22052749717769, 30.676349885310792, 31.09021887118158, 31.520681133328438, 31.80705182549554, 32.13967724421057, 32.21006365842412, 32.256605082275314, 32.30295459800335, 32.34661643867845, 32.69830591538672, 33.06510931025899, 33.46081477963115, 33.8847355954474, 34.308656411263655, 34.73257722707991, 35.15649804289616, 35.58441720100311, 36.02903124093381, 36.3682045653131, 36.576417196454884, 36.79933740291298, 37.241325373266505, 37.72606040891793, 38.19720293601437, 38.593596526988335, 38.99949238962106, 39.290624176495925, 39.61308223099738
1MXTa.pdb, 19, 19, 0.04212845155383997, 3.167031957669981, 0.6798612345119566, -, -, -, 1.4343452728205213, 52.169949138786876, , distance, 0.0, 0.49932209365379815, 0.9988845551315974, 1.2580889839898668, 1.7400159450617598, 2.226806094246945, 2.706939539485506, 3.1964507828182467, 3.6887767001444733, 4.182923556566403, 4.518514292887754, 4.980617916604276, 5.313162548604577, 5.722065064828393, 6.018065248936928, 6.183346706321151, 6.439628641988606, 6.825891800257896, 7.226117954402345, 7.482387996387266, 7.845819536013234, 8.281862642312165, 8.724770109324643, 9.173547737653283, 9.63058238505434, 10.09672625072605, 10.59331250230369, 11.054484377550182, 11.518668548959178, 11.714201643077127, 11.834406045289759, 11.999385685802444, 12.341501608032884, 12.741872077236753, 13.14906635941324, 13.562469842025099, 13.981531758266962, 14.355808322299419, 14.65006625281937, 15.055006614554795, 15.469725755736032, 15.889589938739826, 16.313973209642132, 16.7425319276548, 17.006416573665913, 17.29720096319295, 17.65659378722632, 18.020205633189303, 18.427771723663287, 18.551182547141867, 18.755721629794415, 18.905602155780944, 18.94064534364744, 19.110682536452774, 19.274822192103336, 19.441545729343357, 19.617877226111883, 19.881378230574924, 20.24287455149827, 20.639298591338054, 21.091962426987415, 21.54040709709071, 21.87881047224762, 22.15995570616897, 22.448717694296253, 22.749866607375058, 23.16518286522674, 23.58378603416828, 23.840532588371865, 24.074125110381242, 24.27794495970586, 24.41884344549353, 24.846386339667905, 25.215693875687037, 25.605608630322433, 25.999291702393055, 26.149672871028383, 26.262880531305274, 26.413283804089822, 26.561705707763046, 26.860193503851672, 27.164517237778472, 27.43275901044941, 27.69472298860858, 28.180952222023524, 28.64854840549167, 29.015100672919374, 29.389098924784886, 29.774853017372873, 30.160408294884146, 30.64656367590066, 31.137856622873475, 31.47253159335952, 31.659271731003876, 31.85276641329712, 32.05289331437331, 32.25952900253079, 32.47830325429828, 32.73890700639054, 33.00737474812074, 33.28450951400989, 33.55776952225246, 33.93263911703475, 34.349202555660156, 34.75359248353856, 35.12214792073026, 35.49930833036004, 35.88965051657901, 36.37196017399562
1MXTa.pdb, 19, 19, 0.04212845155383997, 3.167031957669981, 0.6798612345119566, -, -, -, 1.4343452728205213, 52.169949138786876, , length, 0.0, 0.5, 1.0, 1.5, 2.0, 2.5, 3.0, 3.5, 4.0, 4.5, 5.0, 5.5, 6.0, 6.5, 7.0, 7.5, 8.0, 8.5, 9.0, 9.5, 10.0, 10.5, 11.0, 11.5, 12.0, 12.5, 13.0, 13.5, 14.0, 14.5, 15.0, 15.5, 16.0, 16.5, 17.0, 17.5, 18.0, 18.5, 19.0, 19.5, 20.0, 20.5, 21.0, 21.5, 22.0, 22.5, 23.0, 23.5, 24.0, 24.5, 25.0, 25.5, 26.0, 26.5, 27.0, 27.5, 28.0, 28.5, 29.0, 29.5, 30.0, 30.5, 31.0, 31.5, 32.0, 32.5, 33.0, 33.5, 34.0, 34.5, 35.0, 35.5, 36.0, 36.5, 37.0, 37.5, 38.0, 38.5, 39.0, 39.5, 40.0, 40.5, 41.0, 41.5, 42.0, 42.5, 43.0, 43.5, 44.0, 44.5, 45.0, 45.5, 46.0, 46.5, 47.0, 47.5, 48.0, 48.5, 49.0, 49.5, 50.0, 50.5, 51.0, 51.5, 52.0, 52.5, 53.0, 53.5, 54.0
1MXTa.pdb, 19, 19, 0.04212845155383997, 3.167031957669981, 0.6798612345119566, -, -, -, 1.4343452728205213, 52.169949138786876, , R, 2.500215792498871, 2.4246358585155043, 2.3877307358176907, 2.2843009278039466, 2.1525860098071847, 2.0828263289610502, 2.01028847831828, 2.0013037288542375, 2.0696695574215136, 2.210737818285355, 2.279897174652813, 2.2452730703798522, 2.2628978949506067, 2.2652407920055255, 2.2146657946110846, 2.160697744879694, 2.1347493375275457, 2.094108813119444, 2.1289266440103445, 2.2069473207963766, 2.1473905767876325, 2.0443723602292714, 2.01665670379552, 2.0661611546777117, 2.184421513129548, 2.3479095786777178, 2.4342110205604692, 2.56148710220749, 2.748277437109061, 2.8620121081198366, 2.9901369909746256, 3.157246784046155, 3.145695482435422, 2.88000258316157, 2.661058524698962, 2.4971779486110712, 2.395897194893287, 2.258166693481045, 2.0365615238204526, 1.806092972923236, 1.4860205615861004, 1.2170806713801288, 1.0293163720422267, 0.9441604420732184, 0.7824759594596267, 0.6927682332781311, 0.6990505075528197, 0.6924704097957259, 0.6993962232994066, 0.7672655259652306, 0.8287881522419152, 0.867998128803275, 0.8786562321542684, 0.8716265461707244, 0.9683054495007977, 1.152033946548139, 1.4166904131121776, 1.5464497253291405, 1.4620265868656415, 1.4554448589912055, 1.4155246662162109, 1.402078876145578, 1.2767171327329627, 1.1102562064852, 1.0450923641654064, 1.0827350832827374, 1.0752503451608775, 1.1754260261813123, 1.3168571416307195, 1.4523544620355746, 1.5206556741389863, 1.6542332403518658, 1.5742611768009531, 1.4369800398217893, 1.3954882769954133, 1.4494254210342878, 1.3062719956141076, 1.1384329434044422, 1.1575947968474003, 1.0128227460426162, 0.8623326093105261, 0.8272070346097748, 0.8792146137801222, 1.0201247179099078, 0.97521862626635, 0.9075901602726659, 0.9124589056359842, 0.867355165869651, 0.9284376180864917, 1.0720344556214834, 1.0059374161847165, 1.0361301686825868, 0.9652657573146184, 0.7881978829840217, 0.7280782774579053, 0.7955051656430108, 0.9786683749967173, 1.2323901887224535, 1.3415063952331885, 1.3511610943457784, 1.2718481261465764, 1.3012568622975922, 1.165675343407879, 1.0018450103375913, 0.91766979053185, 0.9026174278928114, 0.9853940118994633, 0.9918354856625238, 1.00292539158489
1MXTa.pdb, 19, 19, 0.04212845155383997, 3.167031957669981, 0.6798612345119566, -, -, -, 1.4343452728205213, 52.169949138786876, , Upper limit of R overestimation, -, -, -, -, -, -, -, -, -, -, -, -, -, -, -, -, -, -, -, -, -, -, -, -, -, -, -, -, -, -, -, -, -, -, -, -, -, -, -, -, -, -, -, -, -, -, -, -, -, -, -, -, -, -, -, -, -, -, -, -, -, -, -, -, -, -, -, -, -, -, -, -, -, -, -, -, -, -, -, -, -, -, -, -, -, -, -, -, -, -, -, -, -, -, -, -, -, -, -, -, -, -, -, -, -, -, -, -, -
1MXTa.pdb, 20, 20, 0.040760394486584, 3.2000443923971167, 0.6074725249216342, -, -, -, 2.101985875251737, 45.24315377163322, , X, 14.237732077128266, 13.743425646791863, 13.268405766946714, 12.972805217639216, 12.924928378590792, 12.62153865075313, 12.307723900463825, 11.937086760152532, 11.530044452079084, 11.12208165937527, 10.881319021485933, 10.600366565842123, 10.533453146888409, 10.466539727934695, 10.399626308980979, 10.332712890027265, 10.26579947107355, 10.198886052119835, 10.13197263316612, 10.23656566998812, 9.882158501128774, 9.935401995238127, 10.19623335396152, 10.454017989618315, 10.608178179658935, 10.677616428023367, 10.621973494723266, 10.193428973885368, 9.927448746693136, 9.919260281370926, 9.920798261596525, 9.78632935131169, 9.546525088697432, 9.531595792156573, 9.413655862363177, 9.29571593256978, 9.148615807096203, 8.926018049253555, 8.703420291410907, 8.48082253356826, 8.176849006700461, 7.861728484616466, 7.546607962532472, 7.497309000711694, 7.570682558054046, 7.612405783749401, 7.583882862675629, 7.555359941601855, 7.51677659370245, 7.462184654468357, 7.407592715234264, 7.568567700783962, 7.854972013478648, 8.150176288504198, 8.231838450197655, 8.32588006044474, 8.419921670691828, 8.498442813400198, 8.497082608134809, 8.483070822570628, 8.627180832430628, 8.844045259011525, 9.059623221092213, 9.229309885805858, 9.37755731963167, 9.571433976101146, 9.78653045739143, 10.120737079201984, 10.303918623016902, 10.54477588097461, 10.786418198776776, 10.936645163080824, 10.973622200559403, 11.179969762917354, 11.213016262956405, 11.221996272062865, 11.110477035141848, 11.289169926247183, 11.575839289897182, 11.833190581935293, 12.100753345498099, 12.295369804178058, 12.708597223554886, 13.159252974281095, 13.616279925081672, 14.07448774462496, 14.527779560608863, 14.911557975817903, 14.896105136949059, 14.842156411782177, 14.836014165487796, 14.847716691464734, 14.856165694262982, 14.816453761015485, 14.800879119617418
1MXTa.pdb, 20, 20, 0.040760394486584, 3.2000443923971167, 0.6074725249216342, -, -, -, 2.101985875251737, 45.24315377163322, , Y, -0.7853796433822188, -0.8314823856278173, -0.8963595879796993, -0.9872447240019555, -1.0552259230602348, -0.9154249779578036, -0.7654342161142936, -0.5406592879388874, -0.2679713782748117, 0.014353234133401055, 0.3545103320676721, 0.7150980401014376, 1.122358090687575, 1.5296181412737122, 1.9368781918598494, 2.344138242445987, 2.751398293032124, 3.1586583436182614, 3.565918394204399, 3.8915992641980424, 3.878455133859948, 4.20439814416605, 4.545722504225367, 4.8858479390141785, 5.239543954080852, 5.622832345429421, 5.925426222814913, 6.051669403640529, 6.473165733248475, 6.919720535037404, 7.367220789324161, 7.756165793648859, 7.950584670713373, 8.264167962639828, 8.668952646128016, 9.073737329616204, 9.492659942186036, 9.940301335486339, 10.387942728786644, 10.83558412208695, 11.105005931553361, 11.350014910613035, 11.59502388967271, 11.944227383966956, 12.341515027846922, 12.448296919098732, 12.280770373111215, 12.113243827123698, 11.862844663755588, 11.480574965719722, 11.098305267683855, 10.817691763509222, 10.596227723051825, 10.38321441950712, 10.055447029315262, 9.772317409841406, 9.48918779036755, 9.200102775779188, 9.190341788108778, 9.171760363854863, 9.057198872028788, 8.815030210574523, 8.486406535709195, 8.13399469992874, 7.760355788045074, 7.300446463868121, 6.929213685985134, 6.919966885504977, 7.180968076988495, 7.305519523920539, 7.428452524677187, 7.675903832053227, 8.048740457981063, 8.237849333986754, 8.566451175139088, 8.903112158198192, 9.195936151815442, 9.289796110661236, 9.352608324283485, 9.387133357708631, 9.417050816473227, 9.281172611120926, 9.156952314045819, 9.260081817164718, 9.426720353146564, 9.615882320815835, 9.811767817282218, 10.026311102275567, 10.295747221302845, 10.57650790912561, 10.849099792449028, 11.299033317009679, 11.734216174115248, 12.166990801846197, 12.604612465608525
1MXTa.pdb, 20, 20, 0.040760394486584, 3.2000443923971167, 0.6074725249216342, -, -, -, 2.101985875251737, 45.24315377163322, , Z, 11.687499179862431, 11.74696084890661, 11.68850470964638, 11.368305866230472, 10.887757381970829, 10.516094306794258, 10.156896486836418, 9.955808823672067, 9.85601972927154, 9.8209358406502, 9.674202457661782, 9.617514473262462, 9.899758774463569, 10.182003075664676, 10.464247376865785, 10.746491678066892, 11.028735979268, 11.310980280469108, 11.593224581670215, 11.93236472271607, 12.135775559088472, 12.470472452119836, 12.722874785156597, 12.968447092411232, 13.217853452696087, 13.531331264863876, 13.827700246651316, 14.037677914459202, 13.997735920645692, 13.781365291071877, 13.558338034822526, 13.41648171566481, 13.288881022319515, 12.903265258582588, 12.634491128552005, 12.365716998521423, 12.183692415691523, 12.191903457500452, 12.200114499309379, 12.208325541118308, 11.944478506301888, 11.643364480156233, 11.342250454010577, 11.04560553216916, 10.751023032513741, 10.37824594929368, 9.90801058337262, 9.437775217451563, 9.02643208657564, 8.708800856791433, 8.391169627007224, 8.05632722950762, 7.71147037738754, 7.369795195957229, 7.038030829484929, 6.6367905098275894, 6.235550190170249, 5.837177429117879, 5.4442439078633456, 4.944800095646719, 4.524819835042414, 4.228594652682828, 3.922209303998642, 3.6107412738250626, 3.3444646674444076, 3.3518695892405623, 3.280905278486952, 2.9091251948099788, 2.582749715556959, 2.163357255629423, 1.743242428978228, 1.3579194122321763, 1.0366570494161294, 0.6924796686380429, 0.3170748753462357, -0.04722589367628041, -0.4161750896258648, -0.8340532251817325, -1.23867466886075, -1.6659665299502255, -2.0869958578947005, -2.4666967117354326, -2.6460551228093, -2.836511679335573, -2.9373280372311203, -3.002622325625101, -3.0805024743673806, -3.2203582889150493, -3.636823077514196, -4.045200407482885, -4.275780535388459, -4.4314574462198815, -4.668725842561104, -4.915968807981933, -5.155117994478322
1MXTa.pdb, 20, 20, 0.040760394486584, 3.2000443923971167, 0.6074725249216342, -, -, -, 2.101985875251737, 45.24315377163322, , distance, 0.0, 0.5000000000000007, 0.9756592923778202, 1.3201037239920936, 1.5607233928036799, 2.0002955674477056, 2.4633460954480153, 2.8899149497196968, 3.30962242039521, 3.7189929954646246, 4.076545283428278, 4.4459754640443245, 4.534000596835909, 4.674144306430067, 4.861901745465127, 5.092008657473109, 5.359012572573919, 5.65769205049458, 5.983305351012415, 6.1598233297436735, 6.397134336367378, 6.634830340537455, 6.769517315261325, 6.936868323820056, 7.198287994397166, 7.5590555684047995, 7.917643974460176, 8.28401879203842, 8.752269258409424, 9.077557088881628, 9.412802420335513, 9.78582471176463, 10.044347629926255, 10.272298562860852, 10.656120500314408, 11.049239361598104, 11.47969554734339, 11.979522613597059, 12.479363535039397, 12.979216710944412, 13.348468492237293, 13.708507236916033, 14.07709949673251, 14.418329507081447, 14.752691299348905, 14.857297462050415, 14.770394892731225, 14.699994649610986, 14.568119261209972, 14.326001851498152, 14.097466413842593, 13.867026692307373, 13.641459500797415, 13.432736002536796, 13.23676082531663, 13.112002875395392, 13.005283605601111, 12.918032550793507, 13.093827202002783, 13.331344801583658, 13.403679065768468, 13.30018735211863, 13.155932393104726, 13.03355476435273, 12.89407296445763, 12.51549609389861, 12.247406546682056, 12.384743144879092, 12.721401145368148, 13.031111011540917, 13.351660896662077, 13.75466142955211, 14.217472677635612, 14.548505957672925, 15.029710385748583, 15.513391260030234, 15.997040973972807, 16.339903912347246, 16.641828133070675, 16.958092080850655, 17.274055080751065, 17.47711380147616, 17.511110675789443, 17.692408105419492, 17.848214483421774, 18.000349135668312, 18.179041083211036, 18.427992631615403, 18.922464964297635, 19.415860883252375, 19.76222033242653, 20.155046031714683, 20.60700940351259, 21.065943324741013, 21.52400465879193
1MXTa.pdb, 20, 20, 0.040760394486584, 3.2000443923971167, 0.6074725249216342, -, -, -, 2.101985875251737, 45.24315377163322, , length, 0.0, 0.5, 1.0, 1.5, 2.0, 2.5, 3.0, 3.5, 4.0, 4.5, 5.0, 5.5, 6.0, 6.5, 7.0, 7.5, 8.0, 8.5, 9.0, 9.5, 10.0, 10.5, 11.0, 11.5, 12.0, 12.5, 13.0, 13.5, 14.0, 14.5, 15.0, 15.5, 16.0, 16.5, 17.0, 17.5, 18.0, 18.5, 19.0, 19.5, 20.0, 20.5, 21.0, 21.5, 22.0, 22.5, 23.0, 23.5, 24.0, 24.5, 25.0, 25.5, 26.0, 26.5, 27.0, 27.5, 28.0, 28.5, 29.0, 29.5, 30.0, 30.5, 31.0, 31.5, 32.0, 32.5, 33.0, 33.5, 34.0, 34.5, 35.0, 35.5, 36.0, 36.5, 37.0, 37.5, 38.0, 38.5, 39.0, 39.5, 40.0, 40.5, 41.0, 41.5, 42.0, 42.5, 43.0, 43.5, 44.0, 44.5, 45.0, 45.5, 46.0, 46.5, 47.0
1MXTa.pdb, 20, 20, 0.040760394486584, 3.2000443923971167, 0.6074725249216342, -, -, -, 2.101985875251737, 45.24315377163322, , R, 2.500215792498871, 2.5959603847013746, 2.73875137879819, 2.8546007350798837, 2.9005942718947075, 2.894758942856618, 2.9435690633086873, 2.985699899746508, 3.044745146661228, 3.1325367909736253, 3.094132698208651, 3.0135161746780392, 2.6186880620778217, 2.251237238533144, 1.9208489931139054, 1.6404855921131316, 1.4262175005479818, 1.2951309226905703, 1.2605564985484274, 1.1761979460894476, 1.1660349544229403, 1.0546328090433963, 1.031550389416651, 1.1120132521792871, 1.2368680288173668, 1.4467299573105745, 1.6602511777536144, 1.7134458406110247, 1.6539517497560856, 1.5549496675750356, 1.5399972264174118, 1.6208084248210846, 1.632250270052736, 1.59089402261005, 1.5758441393069955, 1.6498301573970109, 1.7581766990764105, 1.8491488811225703, 2.0161791640926108, 2.24823258087906, 2.37176284612827, 2.536726740788363, 2.758378915877474, 2.8491861017024327, 2.9159143863315453, 2.8288482980513336, 2.5459590716879443, 2.3118086685939048, 2.094710224335108, 1.8715837568684714, 1.7178996022101527, 1.4959152573051184, 1.257914885908512, 1.0993947072137515, 0.8938066869610075, 0.7238976480953809, 0.6758299172183082, 0.7525142418696853, 0.6896850374169976, 0.6729692855269809, 0.6709258497229955, 0.6171736858725472, 0.61808016022738, 0.7271384895690418, 0.896553290993628, 0.9320535288275467, 1.0022124304717963, 0.8942234517653429, 0.7669718240747152, 0.7528886664289813, 0.8639380329398352, 1.0043699377573623, 1.148775728658128, 1.1476347735651975, 1.166609571308901, 1.2850061081010742, 1.3953082462751898, 1.2515535843550707, 1.1116072976878046, 1.0631692886174047, 1.1150697664444518, 1.0991650171701852, 1.0406587727816625, 0.8490303361437566, 0.706394890423435, 0.666761901646636, 0.7508302508788927, 0.8915965882465031, 0.825074159877732, 0.8404123696629309, 0.8469873991509929, 0.8399332300152802, 0.8718143346311107, 0.9945411732678486, 1.1936757575557404
1MXTa.pdb, 20, 20, 0.040760394486584, 3.2000443923971167, 0.6074725249216342, -, -, -, 2.101985875251737, 45.24315377163322, , Upper limit of R overestimation, -, -, -, -, -, -, -, -, -, -, -, -, -, -, -, -, -, -, -, -, -, -, -, -, -, -, -, -, -, -, -, -, -, -, -, -, -, -, -, -, -, -, -, -, -, -, -, -, -, -, -, -, -, -, -, -, -, -, -, -, -, -, -, -, -, -, -, -, -, -, -, -, -, -, -, -, -, -, -, -, -, -, -, -, -, -, -, -, -, -, -, -, -, -, -
1MXTa.pdb, 21, 21, 0.03837797739633486, 3.2602714892093063, 0.6798612345119566, -, -, -, 1.4388122552644755, 48.5873515946199, , X, 14.237732077128266, 14.154921134618851, 14.08474266557177, 14.353166680670583, 14.348440874860376, 14.369637481226937, 14.54348693299777, 14.707000692187075, 14.87051445137638, 15.034028210565685, 15.35849259159354, 15.451991665274916, 15.365899654311503, 15.734507948929696, 16.132266925911654, 16.5583667318755, 16.942806219730908, 17.246697437720567, 17.550588655710225, 17.878234167291982, 18.283615083325948, 18.71841792211875, 19.15322076091155, 19.58802359970435, 20.019179575449066, 20.43003748612238, 20.704352103209853, 21.09046352967109, 21.477317616378425, 21.855605675052434, 22.230949144965674, 22.57685651969874, 22.66090594178584, 22.97862872421656, 23.296351506647284, 23.614074289078005, 23.931797071508726, 24.286392400407582, 24.640788082578233, 24.925499380629937, 25.393509195343476, 25.87200838225296, 26.35050756916245, 26.829006756071934, 27.16736782141883, 27.493611801248658, 27.830635544721538, 28.26618383303821, 28.71597419634615, 28.959261495885684, 29.225419296397515, 29.56456259067948, 29.8596895834616, 30.246560304833164, 30.624329096715048, 30.989122568149188, 31.351381316655196, 31.684847015936946, 31.92370217336193, 32.21417260597896, 32.54345575025479, 32.83342016601432, 32.99527398425499, 33.02014363931268, 33.04501329437037, 33.077553070479055, 33.2752714073438, 33.472989744208554, 33.74708722086218, 34.07758872851009, 34.348575582761036, 34.507100584194895, 34.77937418821236, 35.06638714531549, 35.3610155150873, 35.61945659289766, 35.86334987077757, 36.12305039058756, 36.52675153875067, 36.874882475866414, 37.2104754299722, 37.708689143996224, 38.20690285802026, 38.68290527145543, 39.043324071961855, 39.26749030861554, 39.488377232397, 39.76858343318607, 40.021300261613, 40.267490667299846, 40.70762532600755, 40.96289330644262, 41.172093303176965, 41.44044866174071, 41.61979100224484, 41.89718729602406, 42.250258130243814, 42.65821020356571, 43.085180431695676, 43.56959011159544, 44.054522796592124, 44.54090559757451
1MXTa.pdb, 21, 21, 0.03837797739633486, 3.2602714892093063, 0.6798612345119566, -, -, -, 1.4388122552644755, 48.5873515946199, , Y, -0.7853796433822188, -0.6088730741871811, -0.4565776468642986, -0.2980006498865175, 0.02477530063481631, 0.3426858740847821, 0.6154625810969812, 0.8771350487964444, 1.1388075164959077, 1.400479984195371, 1.516515146157786, 1.909632593338745, 2.23686198567148, 2.434475578887321, 2.405593742399928, 2.1963335422012724, 2.018331347386452, 1.900765038984424, 1.7831987305823958, 1.5014623722952556, 1.482799004798368, 1.6068547238753583, 1.7309104429523485, 1.854966162029339, 1.978964096209417, 2.1009259082205145, 2.2084476622890064, 2.1742863639136076, 2.139183872572281, 1.8924752269168579, 1.5730265550463276, 1.2948463752616466, 1.2174875418472775, 0.9821171633230232, 0.746746784798769, 0.5113764062745147, 0.2760060277502604, 0.02746833367838772, -0.30211460357751874, -0.5857982739171137, -0.6954344987504084, -0.7951107497174819, -0.8947870006845553, -0.9944632516516289, -1.345663279246218, -1.7159142481982828, -2.0637343779306363, -2.2981611900687957, -2.4230368716435104, -2.706014458423588, -3.1158146704224685, -3.235506351336222, -3.0256351519197757, -2.8143262149293773, -2.6078606897523215, -2.3692632236621964, -2.1243887975782334, -2.1343764992143943, -2.479291973260966, -2.729086392833504, -2.7516032402967996, -2.7824469858765575, -2.7153411208596374, -2.7542236920493117, -2.793106263238986, -2.83828294067117, -3.0190052507565155, -3.1997275608418607, -3.16145916578642, -2.961471765327637, -2.8147634174464486, -2.664442112687933, -2.2769670515187697, -2.181556071023754, -2.0735667338393875, -1.7018854240083043, -1.2657882670821854, -0.8503668751127244, -0.7685174615108187, -0.753152072786696, -0.6240365275251771, -0.5818099035075441, -0.5395832794899111, -0.5899280715882883, -0.7452872214992623, -0.8993036213799611, -1.2121718797592493, -1.6084219196500502, -1.9648202555268712, -2.298803395878345, -2.477566122106316, -2.82448020300899, -3.2347138227049634, -3.5645398090821403, -4.017823431523707, -4.1826597631608635, -4.273265796794233, -4.352203273676295, -4.344266549459628, -4.378268563340705, -4.414180174906429, -4.500193109165221
1MXTa.pdb, 21, 21, 0.03837797739633486, 3.2602714892093063, 0.6798612345119566, -, -, -, 1.4388122552644755, 48.5873515946199, , Z, 11.687499179862431, 12.147184215558083, 12.618226767031672, 12.841589497229664, 13.223418454387833, 13.602893273527442, 13.983512398608871, 14.37694698046951, 14.770381562330147, 15.163816144190786, 15.410689701731414, 15.696119581910711, 15.909227465920361, 16.17461662242466, 16.42517117129848, 16.58217156610815, 16.814934758198405, 17.19418176314041, 17.573428768082415, 17.81148711709141, 18.015459397166694, 18.2288994823007, 18.442339567434708, 18.655779652568718, 18.876475851744157, 19.121776210390014, 19.525744728042305, 19.841153183932565, 20.155973340052636, 20.173936316513846, 20.089854061348774, 20.06108384112438, 20.482459499565913, 20.78848730620745, 21.094515112848985, 21.400542919490523, 21.70657072613206, 21.907721117772674, 21.99125198458222, 22.288679373947037, 22.40444658653313, 22.509818181947217, 22.615189777361305, 22.720561372775393, 22.720577011746222, 22.76039036735167, 22.88366319529502, 22.89650646804542, 22.9694030369015, 22.811082567300662, 22.719969359130317, 22.481337162550282, 22.160499941851146, 21.925613341890855, 21.671324673654414, 21.426900073531524, 21.184402414613114, 21.124002141348342, 21.38858638086777, 21.639897701185856, 21.978530449444705, 22.373997410751713, 22.78309371005187, 23.280958798117894, 23.778823886183922, 24.27333104127857, 24.695524013632273, 25.11771698598598, 25.47965937521371, 25.797108257870743, 26.13445174680282, 26.392212360977627, 26.5393805807511, 26.93752666858306, 27.288985897804316, 27.40745770510381, 27.425769961271524, 27.45964435610315, 27.677942325183718, 28.008629089024254, 28.32050456255142, 28.320590483782606, 28.320676405013792, 28.421373667673446, 28.19122505450174, 27.78172464435073, 27.55098864526238, 27.43069570729057, 27.58601434933202, 27.86095724800302, 28.016923173498927, 27.98626441618653, 27.792832300643244, 27.57859509404713, 27.46737332221826, 27.20673420942682, 26.87836060779381, 26.60175394954945, 26.366275044409626, 26.247148535724794, 26.131751297926158, 26.118989614908777
1MXTa.pdb, 21, 21, 0.03837797739633486, 3.2602714892093063, 0.6798612345119566, -, -, -, 1.4388122552644755, 48.5873515946199, , distance, 0.0, 0.49932209365379815, 0.9988845551315974, 1.2580889839898668, 1.7400159450617598, 2.226806094246945, 2.706939539485506, 3.1964507828182467, 3.6887767001444733, 4.182923556566403, 4.518514292887754, 4.980617916604276, 5.313162548604577, 5.722065064828393, 6.018065248936928, 6.183346706321151, 6.439628641988606, 6.825891800257896, 7.226117954402345, 7.482387996387266, 7.845819536013234, 8.281862642312165, 8.724770109324643, 9.173547737653283, 9.63058238505434, 10.09672625072605, 10.59331250230369, 11.054484377550182, 11.518668548959178, 11.714201643077127, 11.834406045289759, 11.999385685802444, 12.341501608032884, 12.741872077236753, 13.14906635941324, 13.562469842025099, 13.981531758266962, 14.355808322299419, 14.65006625281937, 15.055006614554795, 15.469725755736032, 15.889589938739826, 16.313973209642132, 16.7425319276548, 17.006416573665913, 17.29720096319295, 17.65659378722632, 18.020205633189303, 18.427771723663287, 18.551182547141867, 18.755721629794415, 18.905602155780944, 18.94064534364744, 19.110682536452774, 19.274822192103336, 19.441545729343357, 19.617877226111883, 19.881378230574924, 20.24287455149827, 20.639298591338054, 21.091962426987415, 21.54040709709071, 21.87881047224762, 22.15995570616897, 22.448717694296253, 22.749866607375058, 23.16518286522674, 23.58378603416828, 24.010089022645413, 24.442511270423648, 24.845097373162226, 25.111884938763176, 25.392169556027262, 25.85237936773631, 26.291803228201985, 26.554382353003135, 26.750538398164657, 26.976507269884628, 27.431641308487404, 27.907362797353922, 28.362472332595242, 28.76781174504409, 29.17608864086074, 29.624774247095633, 29.794159987515737, 29.7577866969513, 29.82327162450799, 30.00583287387418, 30.31412629576192, 30.68256067539234, 31.14753331565428, 31.369442488732957, 31.47762391777044, 31.626546605078143, 31.768384783785294, 31.897235477721317, 32.05665666625661, 32.29366506112407, 32.562361914659945, 32.94313488286991, 33.32935074909329, 33.76906988166348
1MXTa.pdb, 21, 21, 0.03837797739633486, 3.2602714892093063, 0.6798612345119566, -, -, -, 1.4388122552644755, 48.5873515946199, , length, 0.0, 0.5, 1.0, 1.5, 2.0, 2.5, 3.0, 3.5, 4.0, 4.5, 5.0, 5.5, 6.0, 6.5, 7.0, 7.5, 8.0, 8.5, 9.0, 9.5, 10.0, 10.5, 11.0, 11.5, 12.0, 12.5, 13.0, 13.5, 14.0, 14.5, 15.0, 15.5, 16.0, 16.5, 17.0, 17.5, 18.0, 18.5, 19.0, 19.5, 20.0, 20.5, 21.0, 21.5, 22.0, 22.5, 23.0, 23.5, 24.0, 24.5, 25.0, 25.5, 26.0, 26.5, 27.0, 27.5, 28.0, 28.5, 29.0, 29.5, 30.0, 30.5, 31.0, 31.5, 32.0, 32.5, 33.0, 33.5, 34.0, 34.5, 35.0, 35.5, 36.0, 36.5, 37.0, 37.5, 38.0, 38.5, 39.0, 39.5, 40.0, 40.5, 41.0, 41.5, 42.0, 42.5, 43.0, 43.5, 44.0, 44.5, 45.0, 45.5, 46.0, 46.5, 47.0, 47.5, 48.0, 48.5, 49.0, 49.5, 50.0, 50.5
1MXTa.pdb, 21, 21, 0.03837797739633486, 3.2602714892093063, 0.6798612345119566, -, -, -, 1.4388122552644755, 48.5873515946199, , R, 2.500215792498871, 2.4246358585155043, 2.3877307358176907, 2.2843009278039466, 2.1525860098071847, 2.0828263289610502, 2.01028847831828, 2.0013037288542375, 2.0696695574215136, 2.210737818285355, 2.279897174652813, 2.2452730703798522, 2.2628978949506067, 2.2652407920055255, 2.2146657946110846, 2.160697744879694, 2.1347493375275457, 2.094108813119444, 2.1289266440103445, 2.2069473207963766, 2.1473905767876325, 2.0443723602292714, 2.01665670379552, 2.0661611546777117, 2.184421513129548, 2.3479095786777178, 2.4342110205604692, 2.56148710220749, 2.748277437109061, 2.8620121081198366, 2.9901369909746256, 3.157246784046155, 3.145695482435422, 2.88000258316157, 2.661058524698962, 2.4971779486110712, 2.395897194893287, 2.258166693481045, 2.0365615238204526, 1.806092972923236, 1.4860205615861004, 1.2170806713801288, 1.0293163720422267, 0.9441604420732184, 0.7824759594596267, 0.6927682332781311, 0.6990505075528197, 0.6924704097957259, 0.6993962232994066, 0.7672655259652306, 0.8287881522419152, 0.867998128803275, 0.8786562321542684, 0.8716265461707244, 0.9683054495007977, 1.152033946548139, 1.4166904131121776, 1.5464497253291405, 1.4620265868656415, 1.4554448589912055, 1.4155246662162109, 1.402078876145578, 1.2767171327329627, 1.1102562064852, 1.0450923641654064, 1.0827350832827374, 1.0752503451608775, 1.1754260261813123, 1.2101440763549716, 1.2257686275952853, 1.341089790813114, 1.4199549712925028, 1.4584783238565457, 1.496321243317923, 1.5991733773968415, 1.4542942616200116, 1.2911654427666817, 1.2139691468340243, 1.1372630198192348, 1.0361503488834918, 0.9414400073970735, 0.7936849311750656, 0.7656535565323492, 0.7707072819496366, 0.7398715941446268, 0.7784176741999309, 0.7505886822089474, 0.7782084963767935, 0.7987749168460148, 0.877891682025097, 0.8821001452549286, 0.8681229532140258, 0.8240455352727685, 0.8399408623516862, 1.0126628461741787, 1.0361653843896665, 0.8829120622108546, 0.7794133631229168, 0.7033506546844954, 0.7028096191193407, 0.8285933305748487, 1.0345183953922297
1MXTa.pdb, 21, 21, 0.03837797739633486, 3.2602714892093063, 0.6798612345119566, -, -, -, 1.4388122552644755, 48.5873515946199, , Upper limit of R overestimation, -, -, -, -, -, -, -, -, -, -, -, -, -, -, -, -, -, -, -, -, -, -, -, -, -, -, -, -, -, -, -, -, -, -, -, -, -, -, -, -, -, -, -, -, -, -, -, -, -, -, -, -, -, -, -, -, -, -, -, -, -, -, -, -, -, -, -, -, -, -, -, -, -, -, -, -, -, -, -, -, -, -, -, -, -, -, -, -, -, -, -, -, -, -, -, -, -, -, -, -, -, -
1MXTa.pdb, 22, 22, 0.03438649500300177, 3.3700913788073255, 0.6841336754471152, -, -, -, 1.3997176046770399, 42.99352414352983, , X, 14.237732077128266, 14.672947485549923, 15.16974456376044, 15.666541641970959, 16.16333872018148, 16.660135798391998, 17.00480315716177, 17.33034838133091, 17.66333717897688, 17.996325976622856, 18.329314774268827, 18.6623035719148, 18.848915907823777, 19.00123545716288, 19.284373078796108, 19.581607908781894, 19.97240294566629, 20.46656459963521, 20.960726253604125, 21.454887907573042, 21.948761745726426, 22.332493064536358, 22.71917750431053, 23.134528456587788, 23.43061777423951, 23.741616486458152, 23.9846221914396, 24.45276404729685, 24.932920357949236, 25.413076668601626, 25.87298296571895, 26.324422822438326, 26.727997592327, 27.099000380275196, 27.474058654568204, 27.8274860875661, 27.914717871419608, 27.958171635435548, 28.16091578760499, 28.41876030557743, 28.791641004489932, 29.17607688543352, 29.554251634574506, 29.946931719631614, 30.4030453379825, 30.885812086952345, 31.341988677258854, 31.68327769411117, 32.0888347524791, 32.53870809917669, 32.988042947734314, 33.29523410011303, 33.59855773712563, 33.901881374138235, 34.14269251332382, 34.23103320198067, 34.212483659043855, 34.2537092371775, 34.27941782305677, 34.36984644183153, 34.80605312060534, 35.206100383543735, 35.59233758937617, 36.02149656140142, 36.50324549891763, 36.98499443643384, 37.46674337395005, 37.84236658727005, 38.09171095156843, 38.337322516462756, 38.582934081357074, 38.78288589814303, 38.81475503113735, 39.089306733264685, 39.10909238994182, 39.042297839242295, 38.763429373517425, 39.05384011197333, 39.472443395090494, 39.911762526434444, 40.30319078251669, 40.67631803105006, 41.10777286023965, 41.52337083098703, 41.823142177126606, 42.16124221361272, 42.500094596006406, 42.80953210145005, 43.17923550509091, 43.65264916516174
1MXTa.pdb, 22, 22, 0.03438649500300177, 3.3700913788073255, 0.6841336754471152, -, -, -, 1.3997176046770399, 42.99352414352983, , Y, -0.7853796433822188, -0.7838584535200216, -0.8332008828024948, -0.8825433120849681, -0.9318857413674414, -0.9812281706499146, -1.272949080144373, -1.6006409458179192, -1.748245425548384, -1.8958499052788484, -2.043454385009313, -2.191058864739778, -2.603926378292615, -3.078939188266764, -3.3582773125592236, -3.587267101318702, -3.8393298767106447, -3.9018640294800004, -3.964398182249356, -4.026932335018712, -4.092350945654331, -4.248145939415117, -4.44005730008269, -4.510241939481171, -4.910850870979508, -5.278906973941728, -5.636840774070165, -5.729487527238805, -5.825619861077653, -5.921752194916502, -5.826938034637204, -5.622346213964959, -5.390521209076959, -5.192592244622064, -4.950665451434637, -4.717316416123987, -4.412204239519076, -3.9230098798756727, -3.4921861927774716, -3.1230406485582836, -3.022449714865383, -3.003384849653458, -3.170153097146394, -3.0193702036825636, -3.118793896103962, -3.0457497733142342, -2.9453724629890847, -2.7268971890349083, -2.5136331708174415, -2.3262768322008287, -2.2493967323093758, -2.1341406487843804, -2.0574448486594066, -1.9807490485344326, -1.825408961092238, -1.6923945004936887, -1.7049797475258504, -1.7675548182105087, -1.8812150419298925, -2.0055628362358884, -2.1870108398311667, -2.418567375707493, -2.6692614356922295, -2.8026283317052343, -2.811482061085301, -2.820335790465368, -2.8291895198454347, -3.029382238587918, -3.208779583495318, -3.334881292707708, -3.460983001920098, -3.717792514989012, -4.192283637998252, -4.587633432719083, -5.01868809331249, -5.417178847667393, -5.6977240484551555, -6.051421083678252, -6.3021416540568165, -6.423659729543432, -6.635325018721651, -6.928217891988247, -6.826421858116173, -6.620545981189905, -6.696666589743778, -6.576436998159191, -6.42314182277234, -6.210025166842224, -6.074984791668857, -6.080141074629698
1MXTa.pdb, 22, 22, 0.03438649500300177, 3.3700913788073255, 0.6841336754471152, -, -, -, 1.3997176046770399, 42.99352414352983, , Z, 11.687499179862431, 11.45307860296524, 11.425547025567717, 11.398015448170193, 11.37048387077267, 11.342952293375149, 11.248853319263535, 11.308043408027613, 11.650580089575428, 11.99311677112324, 12.335653452671055, 12.67819013421887, 12.770819873158556, 12.80490191021029, 13.013357200520076, 13.343834329058812, 13.324799942647353, 13.368317059786733, 13.411834176926114, 13.455351294065494, 13.49033828152182, 13.211891314241322, 12.970236486242653, 12.837412213529499, 12.795406492345892, 12.927297186860043, 12.798783538720295, 12.684574220647026, 12.583537139674824, 12.482500058702621, 12.512815275693832, 12.57872614489766, 12.749128978898153, 12.594932450325235, 12.36953786826435, 12.121995211317438, 11.940879269803727, 12.033196927079397, 11.92984590175212, 11.76546502214242, 11.447909596370298, 11.175085521023465, 11.023576956176548, 11.293885797760051, 11.18070423697191, 11.288411350084118, 11.430924690134995, 11.723824607592524, 11.755940161407427, 11.667048080712206, 11.787281017606945, 12.157376222023052, 12.547392279990717, 12.937408337958384, 13.335477229802684, 13.755312686466825, 14.253202577160916, 14.746406800751947, 15.23263763292546, 15.668018827664476, 15.831726968526203, 16.017982898180644, 16.212850312386095, 16.317420616289176, 16.45098547947582, 16.58455034266246, 16.718115205849102, 16.855309017191207, 17.21849115173343, 17.635352421371035, 18.052213691008642, 18.337071450350933, 18.427401028618554, 18.328072595683643, 18.083653430692515, 17.84940278177924, 17.597669373682102, 17.399797477342883, 17.358586373411796, 17.50225952537701, 17.46990608859456, 17.362025917852968, 17.26445849128849, 17.15131159071658, 17.362189010745254, 17.6850846142358, 18.019269670977174, 18.348014655720725, 18.611338705189826, 18.772127135135406
1MXTa.pdb, 22, 22, 0.03438649500300177, 3.3700913788073255, 0.6841336754471152, -, -, -, 1.3997176046770399, 42.99352414352983, , distance, 0.0, 0.49433568819076623, 0.9693054613059927, 1.4610743930465029, 1.9570190818473885, 2.4546097432002068, 2.843732847621748, 3.2207007434792723, 3.558545186941617, 3.931103460348351, 4.329423169940793, 4.747023862682556, 5.073826196475849, 5.403699538216485, 5.817756208944619, 6.257078260461261, 6.700284754092282, 7.164912997915934, 7.634012100428443, 8.106805982091286, 8.581740299643448, 8.935305100754068, 9.324001303401676, 9.713386892709515, 10.136869285086986, 10.585495067994893, 10.944107772188561, 11.39233248969388, 11.857232300992905, 12.324880369548596, 12.70738056843039, 13.049085189426297, 13.35444193182376, 13.625680915770854, 13.892988299854094, 14.153809651482542, 14.15196094321805, 14.078873964438781, 14.1859288827043, 14.372623256168486, 14.726783448505694, 15.110799464774576, 15.515273394256237, 15.872132771814519, 16.34071650847949, 16.805567893816328, 17.242012449033986, 17.553286637863817, 17.934698524061254, 18.36574272262238, 18.80764366411119, 19.11094775359169, 19.421615181723112, 19.740059485557886, 20.000123564650586, 20.12040304064859, 20.159841245250156, 20.272171210277346, 20.382296961104508, 20.55809846469639, 21.02843371539435, 21.473072924877933, 21.90997467054125, 22.3615263317222, 22.85933027604941, 23.357228034480304, 23.855213732849194, 24.267685850106485, 24.606443213209, 24.95329990574594, 25.305282151505853, 25.598445904532767, 25.711151841978733, 26.00298275311815, 26.02722139304271, 25.97477819953756, 25.70157713347717, 26.003860526610563, 26.44591742292472, 26.921320170409025, 27.332512289852122, 27.729650965917646, 28.099746580486606, 28.43252529159109, 28.776731371440363, 29.141547568227637, 29.506555459626274, 29.835163852226067, 30.224660412782804, 30.715855826825745
1MXTa.pdb, 22, 22, 0.03438649500300177, 3.3700913788073255, 0.6841336754471152, -, -, -, 1.3997176046770399, 42.99352414352983, , length, 0.0, 0.5, 1.0, 1.5, 2.0, 2.5, 3.0, 3.5, 4.0, 4.5, 5.0, 5.5, 6.0, 6.5, 7.0, 7.5, 8.0, 8.5, 9.0, 9.5, 10.0, 10.5, 11.0, 11.5, 12.0, 12.5, 13.0, 13.5, 14.0, 14.5, 15.0, 15.5, 16.0, 16.5, 17.0, 17.5, 18.0, 18.5, 19.0, 19.5, 20.0, 20.5, 21.0, 21.5, 22.0, 22.5, 23.0, 23.5, 24.0, 24.5, 25.0, 25.5, 26.0, 26.5, 27.0, 27.5, 28.0, 28.5, 29.0, 29.5, 30.0, 30.5, 31.0, 31.5, 32.0, 32.5, 33.0, 33.5, 34.0, 34.5, 35.0, 35.5, 36.0, 36.5, 37.0, 37.5, 38.0, 38.5, 39.0, 39.5, 40.0, 40.5, 41.0, 41.5, 42.0, 42.5, 43.0, 43.5, 44.0, 44.5
1MXTa.pdb, 22, 22, 0.03438649500300177, 3.3700913788073255, 0.6841336754471152, -, -, -, 1.3997176046770399, 42.99352414352983, , R, 2.5002157924988815, 2.4584576060236802, 2.2895943409350332, 2.186772102385854, 2.1560664300207746, 2.1994320837348216, 2.170857474036681, 2.060854426590497, 1.8904770381998006, 1.7948163642977517, 1.7810739320068831, 1.8503571135715189, 1.8721806358946889, 1.9445467079039835, 1.9728310333150214, 1.972268878933891, 1.7472759266544207, 1.5007560329508498, 1.3301642063716257, 1.2514034088431678, 1.266989445492506, 1.1420465701333218, 1.0992522649240468, 1.0111424678507122, 1.1322425361962731, 1.198451086973498, 1.2494521039978042, 1.0480632363181377, 0.9256829775767319, 0.9173728835124384, 0.8857442520138885, 0.8782075202772448, 0.9856969317715942, 0.9999087658696861, 1.058368448926447, 1.1979047553292028, 1.1622644310967793, 1.1189965600083533, 1.045900398163673, 1.038228431722234, 1.0147457943685432, 1.0233787301825907, 0.9443836893099491, 0.7167482171507897, 0.7069561240326006, 0.7018228842045668, 0.8009328427402986, 0.9179983240122438, 1.0578083008628154, 1.232898969393487, 1.2879061167289338, 1.1508659138353992, 1.0901778441135381, 1.1373614548254884, 1.2466503293748168, 1.2909449462053877, 1.2364898647402118, 1.2127050942503501, 1.2514796196817277, 1.3285340608919276, 1.176630526142277, 1.1090926804105699, 1.1426896011012062, 1.1191064245585636, 0.9520850260266542, 0.8939640183316142, 0.9535785708645073, 0.9921875742693336, 0.8875408282356994, 0.8707830072266021, 0.9722011454941126, 1.0348798941645196, 1.0168239159440027, 0.8100299606148782, 0.7040098420468961, 0.7019837183877247, 0.7970019707712437, 0.8028537801446751, 0.7946296901956709, 0.7576909066952398, 0.8450354929909871, 1.0408347583523365, 0.9795277338254256, 0.8811556128458433, 0.9969287960946855, 0.804856103362799, 0.7087208605146063, 0.7240032946254864, 0.8112576126126017, 0.9363391726983068
1MXTa.pdb, 22, 22, 0.03438649500300177, 3.3700913788073255, 0.6841336754471152, -, -, -, 1.3997176046770399, 42.99352414352983, , Upper limit of R overestimation, -, -, -, -, -, -, -, -, -, -, -, -, -, -, -, -, -, -, -, -, -, -, -, -, -, -, -, -, -, -, -, -, -, -, -, -, -, -, -, -, -, -, -, -, -, -, -, -, -, -, -, -, -, -, -, -, -, -, -, -, -, -, -, -, -, -, -, -, -, -, -, -, -, -, -, -, -, -, -, -, -, -, -, -, -, -, -, -, -, -
1MXTa.pdb, 23, 23, 0.016446869700593347, 4.107620111635773, 0.6359492376148659, -, -, -, 1.8197885908871474, 63.93966869710908, , X, 14.237732077128266, 14.154921134618851, 14.08474266557177, 14.353166680670583, 14.348440874860376, 14.369637481226937, 14.54348693299777, 14.707000692187075, 14.87051445137638, 15.034028210565685, 15.35849259159354, 15.451991665274916, 15.365899654311503, 15.734507948929696, 16.132266925911654, 16.5583667318755, 16.942806219730908, 17.246697437720567, 17.550588655710225, 17.878234167291982, 18.283615083325948, 18.71841792211875, 19.15322076091155, 19.58802359970435, 20.019179575449066, 20.43003748612238, 20.704352103209853, 21.09046352967109, 21.477317616378425, 21.720991784408838, 21.799092967219075, 21.639232147368457, 21.479620998888628, 21.3200098504088, 21.16039870192897, 21.000787553449143, 20.841176404969314, 20.87134145200107, 20.979540551087908, 21.083229403903136, 21.045375909159475, 21.06423754307814, 20.731560451617565, 20.435176786480987, 20.246329272129238, 20.193729555969128, 20.21996715409809, 20.25307087016259, 20.44855333870853, 20.650655182680136, 20.852757026651744, 21.05778976490063, 21.40016518926756, 21.345697729569476, 21.417444110115312, 21.52721642398152, 21.645697944299123, 21.804297715299356, 21.86160391985341, 21.901909029085825, 21.97038464728139, 22.250139278288245, 22.41891873227485, 22.587698186261456, 22.618676907235212, 22.61744434961416, 22.648959881323847, 23.023261509844158, 23.379975067171095, 23.60112511544244, 23.698636803168007, 23.91399167060833, 24.344231981371994, 24.77447229213566, 25.12725824114652, 25.375515245532725, 25.623772249918932, 25.86855691213134, 26.061519661877643, 26.316803488518993, 26.440868941488628, 26.738535606014644, 27.10422217997668, 27.46990875393872, 27.69007676929382, 27.764230103287087, 27.964400499387498, 28.182051128294308, 28.468853286220117, 28.954299818075462, 29.382581932214784, 29.838509104436934, 30.304628872358276, 30.770748640279617, 31.236868408200962, 31.658010533597157, 31.882801387197908, 32.069521649736245, 32.24686361370574, 32.394316037035516, 32.68635342469997, 32.96086924137087, 33.379483576557284, 33.542458880073205, 33.70543418358912, 33.86840948710504, 34.03138479062096, 34.22737153489997, 34.46908767430102, 34.70855590672856, 34.964657858760646, 34.93677934513032, 35.00679210021088, 35.193099210036756, 35.37940631986264, 35.598472867134646, 35.848593711137795, 35.993098832826846, 36.08256159098287, 36.35568753768921, 36.79184365455824, 37.26248619598638, 37.74507323299358, 38.228407878518965, 38.64101368992962, 39.04517610157062, 39.49458885875615, 39.92374281118317, 40.35289676361019, 40.78205071603721, 41.211204668464234, 41.43306145842754, 41.602170036515524, 41.98054463927727
1MXTa.pdb, 23, 23, 0.016446869700593347, 4.107620111635773, 0.6359492376148659, -, -, -, 1.8197885908871474, 63.93966869710908, , Y, -0.7853796433822188, -0.6088730741871811, -0.4565776468642986, -0.2980006498865175, 0.02477530063481631, 0.3426858740847821, 0.6154625810969812, 0.8771350487964444, 1.1388075164959077, 1.400479984195371, 1.516515146157786, 1.909632593338745, 2.23686198567148, 2.434475578887321, 2.405593742399928, 2.1963335422012724, 2.018331347386452, 1.900765038984424, 1.7831987305823958, 1.5014623722952556, 1.482799004798368, 1.6068547238753583, 1.7309104429523485, 1.854966162029339, 1.978964096209417, 2.1009259082205145, 2.2084476622890064, 2.1742863639136076, 2.139183872572281, 2.1319335420173404, 2.0789573458363324, 2.106004025248874, 2.1407854063148117, 2.17556678738075, 2.2103481684466875, 2.245129549512625, 2.279910930578563, 2.1420496714014625, 2.0694610043618784, 1.9142790916048182, 1.8177619295023983, 1.6704365469975342, 1.8841521175319338, 2.0945051091264117, 2.3928014052970403, 2.666345592990926, 2.8646156829623166, 3.0528768507941786, 3.1799219069393603, 3.4106046439529654, 3.6412873809665705, 3.869332155905104, 3.9086641821189834, 4.065351109053356, 4.48256843660205, 4.914008327987602, 5.343818808370012, 5.773853976498627, 6.234105359504144, 6.695568498407261, 7.133139295649496, 7.400161261786376, 7.772266541450189, 8.144371821114001, 8.613013327171142, 9.10922397464173, 9.584069962637264, 9.842697991741522, 10.165217688824834, 10.567390436159306, 10.887047138336245, 11.06456885778003, 11.256315312383434, 11.448061766986838, 11.71956800450318, 12.152035451869832, 12.584502899236483, 13.01778937962786, 13.235205570923444, 13.333234958759535, 13.186316200834527, 13.019972503994058, 12.85089736516131, 12.681822226328563, 12.438687598636838, 12.168458572974082, 11.984439410588493, 11.550317670478078, 11.277951438715935, 11.175242167264699, 10.987539605701162, 10.856731251872423, 10.731524578665574, 10.606317905458724, 10.481111232251875, 10.299008643268548, 9.86852519669733, 9.554596918357936, 9.114235374152535, 8.64432241330396, 8.242447531945766, 7.8317062844123395, 7.816091705691211, 7.5286122282704575, 7.2411327508497045, 6.953653273428951, 6.666173796008198, 6.461786804005731, 6.835387757356088, 7.23472765460178, 7.6199113602731865, 7.742820300982413, 8.017044051366003, 8.467531180339066, 8.918018309312128, 9.148650085994232, 9.117294246676245, 9.257903058230612, 9.472759454556515, 9.618578069439419, 9.74101218605769, 9.900411144846032, 10.030468146132888, 10.158474329335734, 10.18426824668846, 10.097116738223242, 10.16928436592729, 10.398500981690823, 10.627717597454359, 10.856934213217892, 11.086150828981427, 11.350025585230746, 11.633532390844106, 11.679860218709486
1MXTa.pdb, 23, 23, 0.016446869700593347, 4.107620111635773, 0.6359492376148659, -, -, -, 1.8197885908871474, 63.93966869710908, , Z, 11.687499179862431, 12.147184215558083, 12.618226767031672, 12.841589497229664, 13.223418454387833, 13.602893273527442, 13.983512398608871, 14.37694698046951, 14.770381562330147, 15.163816144190786, 15.410689701731414, 15.696119581910711, 15.909227465920361, 16.17461662242466, 16.42517117129848, 16.58217156610815, 16.814934758198405, 17.19418176314041, 17.573428768082415, 17.81148711709141, 18.015459397166694, 18.2288994823007, 18.442339567434708, 18.655779652568718, 18.876475851744157, 19.121776210390014, 19.525744728042305, 19.841153183932565, 20.155973340052636, 20.57930424044342, 21.03123764542534, 21.50290053414355, 21.97546220928458, 22.44802388442561, 22.92058555956664, 23.39314723470767, 23.8657089098487, 24.328073360064295, 24.769670113990976, 25.149257278131184, 25.63185022522579, 26.053634036051953, 26.315247671913138, 26.644721717242184, 26.949936386746923, 27.329052479731462, 27.78731066009179, 28.245782915170132, 28.66747876826435, 29.062371563219116, 29.457264358173884, 29.851858049914835, 30.166876028453814, 30.520830634115434, 30.746064244579127, 30.97368159723415, 31.199081708147244, 31.396183725215934, 31.261103938757376, 31.072882607332254, 30.925430004035377, 30.957694673187227, 30.669508697195507, 30.381322721203787, 30.263944351755413, 30.202515741657745, 30.12762687098911, 29.924563031974227, 29.8682464326428, 30.066614115119116, 30.3426084747968, 30.608803184429323, 30.776512969895197, 30.944222755361075, 31.098987187663173, 31.135598207061165, 31.172209226459152, 31.208766973822016, 31.424328740133472, 31.782429373327115, 32.24335150188958, 32.59997649793209, 32.89609628290532, 33.192216067878554, 33.5134570214083, 33.902059056653236, 34.28073213087754, 34.398720321907874, 34.559298728950615, 34.58445313560983, 34.52116619347684, 34.423934556442084, 34.29333727110496, 34.16273998576783, 34.0321427004307, 33.94805786677106, 34.06702456112545, 33.823712014890205, 33.774192341902825, 33.703254162124054, 33.65862982823341, 33.712764901776545, 33.54055011985296, 33.16532405398628, 32.790097988119605, 32.41487192225293, 32.03964585638625, 31.651906583587134, 31.454788093414457, 31.272627142259086, 31.09602928615217, 30.612173749063363, 30.294462079789728, 30.183326993260163, 30.072191906730595, 29.82417548256286, 29.39603035246569, 28.94549169745722, 28.50296130995715, 28.2010703831667, 28.175693928028785, 28.224589295330734, 28.226417872490156, 28.224990463405437, 28.10298520942721, 28.114877439820642, 27.943092862997535, 28.05836050014769, 28.173628137297843, 28.288895774447997, 28.40416341159815, 28.717057625077835, 29.087693345294973, 29.279437647805782
1MXTa.pdb, 23, 23, 0.016446869700593347, 4.107620111635773, 0.6359492376148659, -, -, -, 1.8197885908871474, 63.93966869710908, , distance, 0.0, 0.49932209365379815, 0.9988845551315974, 1.2580889839898668, 1.7400159450617598, 2.226806094246945, 2.706939539485506, 3.1964507828182467, 3.6887767001444733, 4.182923556566403, 4.518514292887754, 4.980617916604276, 5.313162548604577, 5.722065064828393, 6.018065248936928, 6.183346706321151, 6.439628641988606, 6.825891800257896, 7.226117954402345, 7.482387996387266, 7.845819536013234, 8.281862642312165, 8.724770109324643, 9.173547737653283, 9.63058238505434, 10.09672625072605, 10.59331250230369, 11.054484377550182, 11.518668548959178, 11.982240579444593, 12.356538892863176, 12.628713574811005, 12.917026761137441, 13.217970878363513, 13.530703157433871, 13.854425348166414, 14.188385233043299, 14.5725334563569, 14.991507361613897, 15.341705316964541, 15.73420753227181, 16.094037428308607, 16.22551178627483, 16.4444690746134, 16.707664843539614, 17.089368119038742, 17.558859077325902, 18.03034314618073, 18.509933115784776, 18.989946214647784, 19.47096532069238, 19.953031397735508, 20.36717614775918, 20.706210136446114, 21.036360050542694, 21.39103638273171, 21.75193979184844, 22.106757060798916, 22.147744689640042, 22.147173275185313, 22.194477699512625, 22.417452652305165, 22.37145074927526, 22.336549282200092, 22.442244582451846, 22.603729710183185, 22.76647859399664, 22.863334393244948, 23.10921373588051, 23.5446465990097, 23.9534416737079, 24.33242742584166, 24.729217642259766, 25.129691322470553, 25.529617357692317, 25.877702352121172, 26.230699487809513, 26.587279998220822, 26.942924928301103, 27.3686949620457, 27.68876845904496, 28.00338451615559, 28.30722892300884, 28.616583902338764, 28.848118965353944, 29.056062085333163, 29.358880765871117, 29.366869560489153, 29.515554920716802, 29.730528764601996, 29.82187878164578, 29.931062186073376, 30.030121066953196, 30.137150811003032, 30.25206681723441, 30.362184345719562, 30.425274289465786, 30.247309852890304, 30.168745599233507, 30.054521946123355, 30.076300887932604, 30.164919447579546, 30.297653295604352, 30.051487469038545, 29.81167561514978, 29.578372282193822, 29.351732670239205, 29.166499106847688, 29.293848433881916, 29.44408237043836, 29.613264090609512, 29.31422964439292, 29.241333511034416, 29.442136758217416, 29.650012618473035, 29.730543571736337, 29.64261066485562, 29.529676866447904, 29.414040200058917, 29.49820882243765, 29.855542869750682, 30.295226958892002, 30.710152769817817, 31.125698114851478, 31.389831313542565, 31.681173636992114, 31.971202730515248, 32.447733875170385, 32.92496109689508, 33.402854561103446, 33.88138607596218, 34.305391136948344, 34.72475482910943, 35.135767427763945
1MXTa.pdb, 23, 23, 0.016446869700593347, 4.107620111635773, 0.6359492376148659, -, -, -, 1.8197885908871474, 63.93966869710908, , length, 0.0, 0.5, 1.0, 1.5, 2.0, 2.5, 3.0, 3.5, 4.0, 4.5, 5.0, 5.5, 6.0, 6.5, 7.0, 7.5, 8.0, 8.5, 9.0, 9.5, 10.0, 10.5, 11.0, 11.5, 12.0, 12.5, 13.0, 13.5, 14.0, 14.5, 15.0, 15.5, 16.0, 16.5, 17.0, 17.5, 18.0, 18.5, 19.0, 19.5, 20.0, 20.5, 21.0, 21.5, 22.0, 22.5, 23.0, 23.5, 24.0, 24.5, 25.0, 25.5, 26.0, 26.5, 27.0, 27.5, 28.0, 28.5, 29.0, 29.5, 30.0, 30.5, 31.0, 31.5, 32.0, 32.5, 33.0, 33.5, 34.0, 34.5, 35.0, 35.5, 36.0, 36.5, 37.0, 37.5, 38.0, 38.5, 39.0, 39.5, 40.0, 40.5, 41.0, 41.5, 42.0, 42.5, 43.0, 43.5, 44.0, 44.5, 45.0, 45.5, 46.0, 46.5, 47.0, 47.5, 48.0, 48.5, 49.0, 49.5, 50.0, 50.5, 51.0, 51.5, 52.0, 52.5, 53.0, 53.5, 54.0, 54.5, 55.0, 55.5, 56.0, 56.5, 57.0, 57.5, 58.0, 58.5, 59.0, 59.5, 60.0, 60.5, 61.0, 61.5, 62.0, 62.5, 63.0, 63.5, 64.0, 64.5, 65.0, 65.5, 66.0, 66.5
1MXTa.pdb, 23, 23, 0.016446869700593347, 4.107620111635773, 0.6359492376148659, -, -, -, 1.8197885908871474, 63.93966869710908, , R, 2.500215792498871, 2.4246358585155043, 2.3877307358176907, 2.2843009278039466, 2.1525860098071847, 2.0828263289610502, 2.01028847831828, 2.0013037288542375, 2.0696695574215136, 2.210737818285355, 2.279897174652813, 2.2452730703798522, 2.2628978949506067, 2.2652407920055255, 2.2146657946110846, 2.160697744879694, 2.1347493375275457, 2.094108813119444, 2.1289266440103445, 2.2069473207963766, 2.1473905767876325, 2.0443723602292714, 2.01665670379552, 2.0661611546777117, 2.184421513129548, 2.3479095786777178, 2.4342110205604692, 2.56148710220749, 2.748277437109061, 2.8976907208454046, 2.946582860985129, 2.714778528308522, 2.5306482279167817, 2.406935191434939, 2.3499615138709578, 2.362930258188922, 2.445094964396861, 2.5217351678745876, 2.5543781648706982, 2.4853903905007932, 2.4658612156861635, 2.4765556553084442, 2.5665369606410273, 2.604978720407777, 2.5936101685822495, 2.4947145746631776, 2.3736061512770172, 2.3135233409319227, 2.156583068254263, 2.05517473466596, 2.0288814181267183, 2.0763855061160488, 1.999708578062317, 2.140139223399636, 2.0670685604788686, 2.0353070214197118, 2.0728378725898065, 2.137656814404754, 2.080944062126415, 2.068189151240917, 2.128501661608091, 2.149907696454986, 2.1403211370658592, 2.204938916146597, 2.124346259860486, 2.0574061033185016, 2.039145261979643, 1.7970488299375147, 1.578564929907975, 1.4452014508470816, 1.419711110581343, 1.289883145833542, 1.1102088622853141, 1.0303837999002068, 0.980907449576444, 0.8194305052022568, 0.7748017184175344, 0.8525234303781624, 0.844141095577563, 0.8343500263220338, 0.7537232322803573, 0.6723532538329962, 0.6673404936582898, 0.792037733420976, 0.9809653530698699, 1.1694710527153853, 1.334615000368425, 1.3538254939579677, 1.415682627861148, 1.3102270997951633, 1.2561482750993986, 1.0108492651635876, 0.8425969680503493, 0.7891079092152344, 0.8593441128467891, 0.9709152153433058, 0.8787430844844375, 0.8865065443522486, 0.933108426848787, 1.017143492676979, 1.0747558850103769, 1.185491564724633, 1.0621807670147534, 0.8124515489312294, 0.6661352177535091, 0.6479610561600535, 0.7614941955632757, 0.9382935435720998, 0.8170522377542502, 0.7952694257429676, 0.8817406026095445, 0.8169744025215631, 0.7459836113189184, 0.6412834274976322, 0.6691701648680999, 0.70615084738608, 0.7103749476040793, 0.7738305837486099, 0.9243219697517115, 0.964923982009638, 0.8821469705315061, 0.8951961811058367, 1.0143097028890107, 1.2317980631385212, 1.4480608150481362, 1.3973388547331618, 1.2627039565342983, 1.0264096405925265, 0.885399002089766, 0.8593392406572191, 0.9524096306940069, 0.9988852554251675, 1.066648728827331, 1.1565040735439795
1MXTa.pdb, 23, 23, 0.016446869700593347, 4.107620111635773, 0.6359492376148659, -, -, -, 1.8197885908871474, 63.93966869710908, , Upper limit of R overestimation, -, -, -, -, -, -, -, -, -, -, -, -, -, -, -, -, -, -, -, -, -, -, -, -, -, -, -, -, -, -, -, -, -, -, -, -, -, -, -, -, -, -, -, -, -, -, -, -, -, -, -, -, -, -, -, -, -, -, -, -, -, -, -, -, -, -, -, -, -, -, -, -, -, -, -, -, -, -, -, -, -, -, -, -, -, -, -, -, -, -, -, -, -, -, -, -, -, -, -, -, -, -, -, -, -, -, -, -, -, -, -, -, -, -, -, -, -, -, -, -, -, -, -, -, -, -, -, -, -, -, -, -, -, -
1MXTa.pdb, 24, 24, 0.010103047448103947, 4.594918173110478, 0.6008577412787339, -, -, -, 1.693973857436578, 65.87157292143398, , X, 14.237732077128266, 14.154921134618851, 14.08474266557177, 14.353166680670583, 14.348440874860376, 14.369637481226937, 14.54348693299777, 14.707000692187075, 14.87051445137638, 15.034028210565685, 15.35849259159354, 15.451991665274916, 15.365899654311503, 15.734507948929696, 16.132266925911654, 16.5583667318755, 16.942806219730908, 17.246697437720567, 17.550588655710225, 17.878234167291982, 18.283615083325948, 18.71841792211875, 19.15322076091155, 19.58802359970435, 20.019179575449066, 20.43003748612238, 20.704352103209853, 21.09046352967109, 21.477317616378425, 21.720991784408838, 21.799092967219075, 21.639232147368457, 21.479620998888628, 21.3200098504088, 21.16039870192897, 21.000787553449143, 20.841176404969314, 20.87134145200107, 20.979540551087908, 21.083229403903136, 21.045375909159475, 21.06423754307814, 20.731560451617565, 20.435176786480987, 20.246329272129238, 20.193729555969128, 20.21996715409809, 20.25307087016259, 20.44855333870853, 20.650655182680136, 20.852757026651744, 21.05778976490063, 21.40016518926756, 21.345697729569476, 21.417444110115312, 21.52721642398152, 21.645697944299123, 21.804297715299356, 21.86160391985341, 21.901909029085825, 21.97038464728139, 22.250139278288245, 22.41891873227485, 22.587698186261456, 22.618676907235212, 22.61744434961416, 22.648959881323847, 23.023261509844158, 23.379975067171095, 23.60112511544244, 23.698636803168007, 23.91399167060833, 24.344231981371994, 24.77447229213566, 25.12725824114652, 25.375515245532725, 25.623772249918932, 25.86855691213134, 26.061519661877643, 26.316803488518993, 26.440868941488628, 26.738535606014644, 27.10422217997668, 27.46990875393872, 27.69007676929382, 27.764230103287087, 27.964400499387498, 28.182051128294308, 28.468853286220117, 28.954299818075462, 29.382581932214784, 29.838509104436934, 30.304628872358276, 30.770748640279617, 31.236868408200962, 31.658010533597157, 31.882801387197908, 32.069521649736245, 32.24686361370574, 32.394316037035516, 32.68635342469997, 32.96086924137087, 33.150451333781255, 33.47994889387968, 33.8094464539781, 34.139399772686666, 34.40600101864085, 34.55658380480028, 34.281112232945425, 34.00294480446555, 33.831884155109606, 33.94497181967659, 34.05805948424358, 34.11267697471697, 34.20667415583445, 34.62268042145036, 35.01810567755145, 35.3249203008696, 35.51123367321621, 35.516693967122144, 35.34649025867411, 35.16198612783655, 35.20459451605675, 35.39021961428166, 35.57584471250658, 35.94177888099474, 36.37957949164228, 36.58638729080788, 36.76821467236692, 36.956595044149736, 37.316416276186565, 37.81252510639623, 38.284242355492786, 38.628432669730834, 38.972622983968876, 39.28793139606601, 39.422769659697174, 39.34919941560641
1MXTa.pdb, 24, 24, 0.010103047448103947, 4.594918173110478, 0.6008577412787339, -, -, -, 1.693973857436578, 65.87157292143398, , Y, -0.7853796433822188, -0.6088730741871811, -0.4565776468642986, -0.2980006498865175, 0.02477530063481631, 0.3426858740847821, 0.6154625810969812, 0.8771350487964444, 1.1388075164959077, 1.400479984195371, 1.516515146157786, 1.909632593338745, 2.23686198567148, 2.434475578887321, 2.405593742399928, 2.1963335422012724, 2.018331347386452, 1.900765038984424, 1.7831987305823958, 1.5014623722952556, 1.482799004798368, 1.6068547238753583, 1.7309104429523485, 1.854966162029339, 1.978964096209417, 2.1009259082205145, 2.2084476622890064, 2.1742863639136076, 2.139183872572281, 2.1319335420173404, 2.0789573458363324, 2.106004025248874, 2.1407854063148117, 2.17556678738075, 2.2103481684466875, 2.245129549512625, 2.279910930578563, 2.1420496714014625, 2.0694610043618784, 1.9142790916048182, 1.8177619295023983, 1.6704365469975342, 1.8841521175319338, 2.0945051091264117, 2.3928014052970403, 2.666345592990926, 2.8646156829623166, 3.0528768507941786, 3.1799219069393603, 3.4106046439529654, 3.6412873809665705, 3.869332155905104, 3.9086641821189834, 4.065351109053356, 4.48256843660205, 4.914008327987602, 5.343818808370012, 5.773853976498627, 6.234105359504144, 6.695568498407261, 7.133139295649496, 7.400161261786376, 7.772266541450189, 8.144371821114001, 8.613013327171142, 9.10922397464173, 9.584069962637264, 9.842697991741522, 10.165217688824834, 10.567390436159306, 10.887047138336245, 11.06456885778003, 11.256315312383434, 11.448061766986838, 11.71956800450318, 12.152035451869832, 12.584502899236483, 13.01778937962786, 13.235205570923444, 13.333234958759535, 13.186316200834527, 13.019972503994058, 12.85089736516131, 12.681822226328563, 12.438687598636838, 12.168458572974082, 11.984439410588493, 11.550317670478078, 11.277951438715935, 11.175242167264699, 10.987539605701162, 10.856731251872423, 10.731524578665574, 10.606317905458724, 10.481111232251875, 10.299008643268548, 9.86852519669733, 9.554596918357936, 9.114235374152535, 8.64432241330396, 8.242447531945766, 7.8317062844123395, 7.675545507263481, 7.5430717148248165, 7.4105979223861524, 7.386777399738078, 7.426763202353154, 7.439803041298452, 7.1676677628205585, 6.801908727132304, 6.4003071543075585, 5.928962092647239, 5.457617030986919, 4.9628093614477224, 4.498337246368133, 4.266685462932314, 4.021133489761517, 3.7673143755260345, 3.411659919270331, 3.055690752807154, 2.7298979199660374, 2.3735106719878374, 2.0708019796137163, 1.7181249112679922, 1.365447842922268, 1.3865164046654619, 1.6165688382668102, 1.820785520300372, 2.022208228533616, 2.20837648657242, 2.3186030216021365, 2.2689971434528426, 2.190745021353651, 1.9627212354496781, 1.734697449545705, 1.5817589328363666, 1.3757610113151975, 1.0486553729068084
1MXTa.pdb, 24, 24, 0.010103047448103947, 4.594918173110478, 0.6008577412787339, -, -, -, 1.693973857436578, 65.87157292143398, , Z, 11.687499179862431, 12.147184215558083, 12.618226767031672, 12.841589497229664, 13.223418454387833, 13.602893273527442, 13.983512398608871, 14.37694698046951, 14.770381562330147, 15.163816144190786, 15.410689701731414, 15.696119581910711, 15.909227465920361, 16.17461662242466, 16.42517117129848, 16.58217156610815, 16.814934758198405, 17.19418176314041, 17.573428768082415, 17.81148711709141, 18.015459397166694, 18.2288994823007, 18.442339567434708, 18.655779652568718, 18.876475851744157, 19.121776210390014, 19.525744728042305, 19.841153183932565, 20.155973340052636, 20.57930424044342, 21.03123764542534, 21.50290053414355, 21.97546220928458, 22.44802388442561, 22.92058555956664, 23.39314723470767, 23.8657089098487, 24.328073360064295, 24.769670113990976, 25.149257278131184, 25.63185022522579, 26.053634036051953, 26.315247671913138, 26.644721717242184, 26.949936386746923, 27.329052479731462, 27.78731066009179, 28.245782915170132, 28.66747876826435, 29.062371563219116, 29.457264358173884, 29.851858049914835, 30.166876028453814, 30.520830634115434, 30.746064244579127, 30.97368159723415, 31.199081708147244, 31.396183725215934, 31.261103938757376, 31.072882607332254, 30.925430004035377, 30.957694673187227, 30.669508697195507, 30.381322721203787, 30.263944351755413, 30.202515741657745, 30.12762687098911, 29.924563031974227, 29.8682464326428, 30.066614115119116, 30.3426084747968, 30.608803184429323, 30.776512969895197, 30.944222755361075, 31.098987187663173, 31.135598207061165, 31.172209226459152, 31.208766973822016, 31.424328740133472, 31.782429373327115, 32.24335150188958, 32.59997649793209, 32.89609628290532, 33.192216067878554, 33.5134570214083, 33.902059056653236, 34.28073213087754, 34.398720321907874, 34.559298728950615, 34.58445313560983, 34.52116619347684, 34.423934556442084, 34.29333727110496, 34.16273998576783, 34.0321427004307, 33.94805786677106, 34.06702456112545, 33.823712014890205, 33.774192341902825, 33.703254162124054, 33.65862982823341, 33.712764901776545, 34.11221076878689, 34.46417959156258, 34.81614841433827, 35.14564234882281, 35.48341890898287, 35.96002649087047, 36.201855936329444, 36.39894274346095, 36.535111930186126, 36.657770044353974, 36.78042815852183, 36.76027687916397, 36.733371894645806, 36.606146076617485, 36.4247326891357, 36.13302736380728, 36.042529981107066, 36.3313224101068, 36.659475558652446, 36.95771431398516, 37.314366541407864, 37.6162973420428, 37.91822814267774, 38.090990537057934, 38.16451946409169, 38.550672659589914, 38.970634200595, 39.37873652969933, 39.61660992579554, 39.65423020544675, 39.73109139647153, 40.01311653834142, 40.295141680211316, 40.60633474520391, 40.96984209906095, 41.32122994342311
1MXTa.pdb, 24, 24, 0.010103047448103947, 4.594918173110478, 0.6008577412787339, -, -, -, 1.693973857436578, 65.87157292143398, , distance, 0.0, 0.49932209365379815, 0.9988845551315974, 1.2580889839898668, 1.7400159450617598, 2.226806094246945, 2.706939539485506, 3.1964507828182467, 3.6887767001444733, 4.182923556566403, 4.518514292887754, 4.980617916604276, 5.313162548604577, 5.722065064828393, 6.018065248936928, 6.183346706321151, 6.439628641988606, 6.825891800257896, 7.226117954402345, 7.482387996387266, 7.845819536013234, 8.281862642312165, 8.724770109324643, 9.173547737653283, 9.63058238505434, 10.09672625072605, 10.59331250230369, 11.054484377550182, 11.518668548959178, 11.982240579444593, 12.356538892863176, 12.628713574811005, 12.917026761137441, 13.217970878363513, 13.530703157433871, 13.854425348166414, 14.188385233043299, 14.5725334563569, 14.991507361613897, 15.341705316964541, 15.73420753227181, 16.094037428308607, 16.22551178627483, 16.4444690746134, 16.707664843539614, 17.089368119038742, 17.558859077325902, 18.03034314618073, 18.509933115784776, 18.989946214647784, 19.47096532069238, 19.953031397735508, 20.36717614775918, 20.706210136446114, 21.036360050542694, 21.39103638273171, 21.75193979184844, 22.106757060798916, 22.147744689640042, 22.147173275185313, 22.194477699512625, 22.417452652305165, 22.37145074927526, 22.336549282200092, 22.442244582451846, 22.603729710183185, 22.76647859399664, 22.863334393244948, 23.10921373588051, 23.5446465990097, 23.9534416737079, 24.33242742584166, 24.729217642259766, 25.129691322470553, 25.529617357692317, 25.877702352121172, 26.230699487809513, 26.587279998220822, 26.942924928301103, 27.3686949620457, 27.68876845904496, 28.00338451615559, 28.30722892300884, 28.616583902338764, 28.848118965353944, 29.056062085333163, 29.358880765871117, 29.366869560489153, 29.515554920716802, 29.730528764601996, 29.82187878164578, 29.931062186073376, 30.030121066953196, 30.137150811003032, 30.25206681723441, 30.362184345719562, 30.425274289465786, 30.247309852890304, 30.168745599233507, 30.054521946123355, 30.076300887932604, 30.164919447579546, 30.531064408766436, 30.95808748333167, 31.38726600580224, 31.829938874231225, 32.25591663510258, 32.70573264415769, 32.6487631970838, 32.54052891351269, 32.449479961928546, 32.51110749058756, 32.58029267409173, 32.50691146627172, 32.464935730090176, 32.58847102894337, 32.66278030365083, 32.603379858618034, 32.608964052523994, 32.78515005772928, 32.88672152369714, 32.960381801914345, 33.23407024068422, 33.55589125920621, 33.88203434914457, 34.24802382557933, 34.59860353493483, 35.0411840000057, 35.494713017467895, 35.943204312428, 36.3633826782243, 36.70474258438763, 37.06123364108375, 37.48064744074182, 37.9020161225676, 38.33294772663316, 38.6834881286878, 38.885826149120604
1MXTa.pdb, 24, 24, 0.010103047448103947, 4.594918173110478, 0.6008577412787339, -, -, -, 1.693973857436578, 65.87157292143398, , length, 0.0, 0.5, 1.0, 1.5, 2.0, 2.5, 3.0, 3.5, 4.0, 4.5, 5.0, 5.5, 6.0, 6.5, 7.0, 7.5, 8.0, 8.5, 9.0, 9.5, 10.0, 10.5, 11.0, 11.5, 12.0, 12.5, 13.0, 13.5, 14.0, 14.5, 15.0, 15.5, 16.0, 16.5, 17.0, 17.5, 18.0, 18.5, 19.0, 19.5, 20.0, 20.5, 21.0, 21.5, 22.0, 22.5, 23.0, 23.5, 24.0, 24.5, 25.0, 25.5, 26.0, 26.5, 27.0, 27.5, 28.0, 28.5, 29.0, 29.5, 30.0, 30.5, 31.0, 31.5, 32.0, 32.5, 33.0, 33.5, 34.0, 34.5, 35.0, 35.5, 36.0, 36.5, 37.0, 37.5, 38.0, 38.5, 39.0, 39.5, 40.0, 40.5, 41.0, 41.5, 42.0, 42.5, 43.0, 43.5, 44.0, 44.5, 45.0, 45.5, 46.0, 46.5, 47.0, 47.5, 48.0, 48.5, 49.0, 49.5, 50.0, 50.5, 51.0, 51.5, 52.0, 52.5, 53.0, 53.5, 54.0, 54.5, 55.0, 55.5, 56.0, 56.5, 57.0, 57.5, 58.0, 58.5, 59.0, 59.5, 60.0, 60.5, 61.0, 61.5, 62.0, 62.5, 63.0, 63.5, 64.0, 64.5, 65.0, 65.5, 66.0, 66.5, 67.0, 67.5, 68.0, 68.5
1MXTa.pdb, 24, 24, 0.010103047448103947, 4.594918173110478, 0.6008577412787339, -, -, -, 1.693973857436578, 65.87157292143398, , R, 2.500215792498871, 2.4246358585155043, 2.3877307358176907, 2.2843009278039466, 2.1525860098071847, 2.0828263289610502, 2.01028847831828, 2.0013037288542375, 2.0696695574215136, 2.210737818285355, 2.279897174652813, 2.2452730703798522, 2.2628978949506067, 2.2652407920055255, 2.2146657946110846, 2.160697744879694, 2.1347493375275457, 2.094108813119444, 2.1289266440103445, 2.2069473207963766, 2.1473905767876325, 2.0443723602292714, 2.01665670379552, 2.0661611546777117, 2.184421513129548, 2.3479095786777178, 2.4342110205604692, 2.56148710220749, 2.748277437109061, 2.8976907208454046, 2.946582860985129, 2.714778528308522, 2.5306482279167817, 2.406935191434939, 2.3499615138709578, 2.362930258188922, 2.445094964396861, 2.5217351678745876, 2.5543781648706982, 2.4853903905007932, 2.4658612156861635, 2.4765556553084442, 2.5665369606410273, 2.604978720407777, 2.5936101685822495, 2.4947145746631776, 2.3736061512770172, 2.3135233409319227, 2.156583068254263, 2.05517473466596, 2.0288814181267183, 2.0763855061160488, 1.999708578062317, 2.140139223399636, 2.0670685604788686, 2.0353070214197118, 2.0728378725898065, 2.137656814404754, 2.080944062126415, 2.068189151240917, 2.128501661608091, 2.149907696454986, 2.1403211370658592, 2.204938916146597, 2.124346259860486, 2.0574061033185016, 2.039145261979643, 1.7970488299375147, 1.578564929907975, 1.4452014508470816, 1.419711110581343, 1.289883145833542, 1.1102088622853141, 1.0303837999002068, 0.980907449576444, 0.8194305052022568, 0.7748017184175344, 0.8525234303781624, 0.844141095577563, 0.8343500263220338, 0.7537232322803573, 0.6723532538329962, 0.6673404936582898, 0.792037733420976, 0.9809653530698699, 1.1694710527153853, 1.334615000368425, 1.3538254939579677, 1.415682627861148, 1.3102270997951633, 1.2561482750993986, 1.0108492651635876, 0.8425969680503493, 0.7891079092152344, 0.8593441128467891, 0.9709152153433058, 0.8787430844844375, 0.8865065443522486, 0.933108426848787, 1.017143492676979, 1.0747558850103769, 1.185491564724633, 1.0241307197280032, 0.9224196389047934, 0.9360179748259865, 0.9557656551780827, 0.9958686833681172, 1.1431112231968144, 1.0372477590355553, 0.9270192014987322, 0.8240155431387624, 0.6674664738518332, 0.6379943261756449, 0.6238463576986628, 0.7145860191694346, 0.6715494380791098, 0.7209967783195885, 0.803584941913065, 0.839335318940339, 0.7888241478650988, 0.684578668756811, 0.6867883188393931, 0.7029015426489027, 0.6907103147043343, 0.8071214978777774, 0.7926805791070977, 0.7685940804346998, 0.6353815109015553, 0.6064700284020574, 0.6834544347423108, 0.7997975954490262, 0.9019380293289279, 1.0724450861404635, 1.1462525551911449, 1.319086230353775, 1.5050492552793437, 1.5568900048085081, 1.6586835369849176
1MXTa.pdb, 24, 24, 0.010103047448103947, 4.594918173110478, 0.6008577412787339, -, -, -, 1.693973857436578, 65.87157292143398, , Upper limit of R overestimation, -, -, -, -, -, -, -, -, -, -, -, -, -, -, -, -, -, -, -, -, -, -, -, -, -, -, -, -, -, -, -, -, -, -, -, -, -, -, -, -, -, -, -, -, -, -, -, -, -, -, -, -, -, -, -, -, -, -, -, -, -, -, -, -, -, -, -, -, -, -, -, -, -, -, -, -, -, -, -, -, -, -, -, -, -, -, -, -, -, -, -, -, -, -, -, -, -, -, -, -, -, -, -, -, -, -, -, -, -, -, -, -, -, -, -, -, -, -, -, -, -, -, -, -, -, -, -, -, -, -, -, -, -, -, -, -, -, -
1MXTa.pdb, 25, 25, 0.0035434550122964608, 5.642653035633004, 0.6254115899926322, -, -, -, 2.2353883357109505, 51.82363726689072, , X, 14.237732077128266, 13.743425646791863, 13.268405766946714, 12.972805217639216, 12.924928378590792, 12.746018919590512, 12.477896418429383, 12.491034212324818, 12.68251410987613, 12.873994007427443, 13.065473904978756, 13.256953802530068, 13.448433700081381, 13.639913597632694, 13.720311552060382, 14.024647829193912, 14.348232212236631, 14.445979025151729, 14.543725838066827, 14.742865235401645, 15.11762705669054, 15.466594226849026, 15.665685328978306, 15.870942982947675, 15.727137574785548, 15.446544006570344, 15.170275158842873, 14.843013580532926, 14.475324378672557, 14.16693485175215, 13.85854532483174, 13.55015579791133, 13.491408973856247, 13.248449029575655, 12.972841598177194, 12.971288162478233, 13.193621277012866, 13.481535741647114, 13.743564800007976, 13.998118643983577, 14.081990677216371, 14.310769735808607, 14.777004600470272, 15.107057880250208, 15.518315024219818, 15.956794518334558, 16.37629220231343, 16.779614227118525, 17.214311321654115, 17.60703981496087, 17.94050828269427, 18.092610303223136, 18.133801131974433, 18.17499196072573, 18.132220016628974, 18.09277173416541, 18.284681166865457, 18.36784754986797, 18.295797063681764, 18.14217248987483, 17.977078930116946, 17.706308357713272, 17.757046223831807, 17.94559704920639, 17.875344896358172, 17.74014282973049, 17.507464842051668, 17.413926543478, 17.476787927186525, 17.539649310895054, 17.648229562843834, 17.960454650742363, 18.003344188993232, 17.8947988754222, 18.04498339286523, 18.21043857411825, 18.362612769716627, 18.116366299128938, 17.982311657774034, 18.07330241732722, 18.002119729379494, 17.79928942744215, 17.530350832565123, 17.210692370127745, 16.879551857853674, 16.585384191022417, 16.267445245190018, 16.126869590381236, 15.821504400847276, 15.898686572663504, 15.696250169197329, 15.479368426019727, 15.195474019248199, 15.091869604734047, 14.975974813755606, 14.860080022777165, 14.82673422838851, 14.867037129798266, 14.892337083527455, 15.211769570626885, 15.604760137453429, 16.03790834177833, 16.26682507324966, 16.321591428490077, 16.521630680644915, 16.586323400642808, 16.61950871087531, 16.56270131068716, 16.506440926945515
1MXTa.pdb, 25, 25, 0.0035434550122964608, 5.642653035633004, 0.6254115899926322, -, -, -, 2.2353883357109505, 51.82363726689072, , Y, -0.7853796433822188, -0.8314823856278173, -0.8963595879796993, -0.9872447240019555, -1.0552259230602348, -1.169468740406465, -1.2463689162633482, -1.509887257338902, -1.7462980601710418, -1.9827088630031815, -2.219119665835321, -2.4555304686674613, -2.691941271499601, -2.928352074331741, -2.7652100503608144, -2.755419808605842, -2.780996144509692, -2.9739608916480607, -3.1669256387864295, -3.3976110816292517, -3.6927545034212543, -3.993230622612642, -4.329968849384288, -4.644652879065755, -5.0342578686774555, -5.435763917959143, -5.840334098693386, -6.173531131146563, -6.360979355657963, -6.505367962432217, -6.64975656920647, -6.794145175980725, -6.807000776129758, -6.518889818086367, -6.25569718645289, -6.24746931647964, -6.365728876963576, -6.531555658530565, -6.57552601447311, -6.613883264776574, -6.841538998706065, -7.137502729547761, -7.217732965111326, -7.261063130929187, -7.358938984776622, -7.362587569963558, -7.281853977187791, -7.322084340037587, -7.134684007764165, -6.917176834343037, -6.5788888816698, -6.151650006514583, -5.668947740860968, -5.186245475207354, -4.842887883546242, -4.4737921693599585, -4.06714571465361, -3.5896562955851867, -3.1088067289940304, -2.6591464867674013, -2.2173470934103694, -1.8295420930307538, -1.4125005538048172, -1.0073104524468313, -0.7745115111402724, -0.6131789308333644, -0.35456567875608497, 0.022391060125125997, 0.32124331916763066, 0.6200955782101355, 0.8432997748525259, 0.8179626244091569, 1.291502669946207, 1.7126950970769146, 2.1435484202422543, 2.5749719455171456, 2.9330117178682666, 3.3213558632208855, 3.5667388911018287, 3.5803117526966997, 3.951277277445872, 4.160186080993864, 4.135269875678709, 4.129655335944769, 4.128410340075885, 3.986080716548844, 3.879559276966568, 3.9531576326130917, 4.075269241780819, 4.4363387518693, 4.719605526762327, 4.998154577886555, 5.220137884782597, 5.376285152588203, 5.501908819213121, 5.627532485838039, 5.754894766073882, 5.833867926364437, 5.970244742162776, 6.1807577877719, 6.423468165539896, 6.594904755109089, 6.861395785637937, 7.146919174375618, 7.428965139985165, 7.886152868445841, 8.330957679495421, 8.548335373929394, 8.764219415034246
1MXTa.pdb, 25, 25, 0.0035434550122964608, 5.642653035633004, 0.6254115899926322, -, -, -, 2.2353883357109505, 51.82363726689072, , Z, 11.687499179862431, 11.74696084890661, 11.68850470964638, 11.368305866230472, 10.887757381970829, 10.570133313508281, 10.17001682950375, 9.91188881806098, 9.515094940666177, 9.118301063271373, 8.72150718587657, 8.324713308481767, 7.9279194310869645, 7.531125553692162, 7.075677657980916, 6.696545654113632, 6.324656443548069, 5.8738680597949315, 5.4230796760417945, 5.081686069492474, 4.9328947650204364, 4.7856721104907445, 4.4783221464567164, 4.148408131976543, 3.9751471930174986, 3.87484693446115, 3.776247914401442, 3.800126394436926, 3.695000022392347, 3.328874593174987, 2.9627491639576267, 2.596623734740267, 2.2094659635040124, 1.9733260689256569, 1.6673774144644113, 1.1879406360248048, 0.7571497183478879, 0.40759355417367255, 0.015756910541910224, -0.3981725102059581, -0.8065433602203419, -1.110542965641567, -1.2707318837027497, -1.5979533417425178, -1.8599113167481462, -2.0987889087731615, -2.352430333275079, -2.2063758681167087, -2.068974450551478, -1.8534804950986252, -1.7042251258155272, -1.7092953684567385, -1.5855947687829752, -1.4618941691092122, -1.1199975806850457, -0.813455938504251, -0.594802261390182, -0.4916367711962903, -0.556044716626626, -0.7094406084201774, -0.8754448630518812, -0.7509360231765619, -0.6682594450349233, -0.5603965246310056, -0.12659821203818838, 0.3251294919693617, 0.6422241982940398, 0.8807999258835293, 1.276698617095613, 1.6725973083076964, 2.0612809688406446, 2.3654734196151948, 2.244328331569599, 1.997721652362587, 1.8035797468025252, 1.6125343992121794, 1.3022813551366283, 1.3146900592418302, 1.0895852003334454, 0.6003390318629389, 0.460937832599858, 0.21778669953449312, -0.20298784211252924, -0.586132299285215, -0.9607579939674558, -1.3324045712960162, -1.667868677507881, -2.134438510771612, -2.507504147559858, -2.7958426418012614, -3.146697822910923, -3.5007779488627144, -3.805160149050161, -4.246897463897842, -4.716777333447257, -5.186657202996671, -5.663192103551421, -6.155268231901169, -6.6317990573659635, -6.83640223417899, -7.02563387866161, -7.1252105199658535, -7.382744173540935, -7.7748601113281435, -8.134566365014333, -8.283747172713543, -8.421736533138551, -8.867951794874372, -9.315421179321488
1MXTa.pdb, 25, 25, 0.0035434550122964608, 5.642653035633004, 0.6254115899926322, -, -, -, 2.2353883357109505, 51.82363726689072, , distance, 0.0, 0.5000000000000007, 0.9756592923778202, 1.3201037239920936, 1.5607233928036799, 1.9029553484297839, 2.3690262427819815, 2.5939654721153884, 2.8392617540243905, 3.145498012271588, 3.496699612855436, 3.880677598033906, 4.288637202797767, 4.714356742394438, 5.045428642825909, 5.36992367222258, 5.723178986705809, 6.215429307122659, 6.708825920368448, 7.12149418617252, 7.406195011802542, 7.709450498153398, 8.15937476941462, 8.625500657866988, 8.930378943742014, 9.171959184905235, 9.434516295485535, 9.571269069968299, 9.74801544087013, 10.128666427440745, 10.519313768553916, 10.918884591578516, 11.253889678294472, 11.323293650738643, 11.485954994651987, 11.902900209670973, 12.316777349716157, 12.681744462782168, 13.038388086641572, 13.419848332305065, 13.885331127276766, 14.287920946011683, 14.476938088101944, 14.805183304730859, 15.112375930438263, 15.371290741154635, 15.617209703167088, 15.56372182366971, 15.440668918630921, 15.24169616483028, 15.053689939742853, 14.937571687464041, 14.669819849350892, 14.414443482378763, 13.987937042371529, 13.591894518077188, 13.341765781757255, 13.162567146063326, 13.106127269430146, 13.131632542618709, 13.185628869731342, 12.955152138654823, 12.862489024143123, 12.798768109600424, 12.361441757506979, 11.891172317719448, 11.527135483050035, 11.292716837123987, 10.959054043974103, 10.6384339784588, 10.34157467669509, 10.16511357843558, 10.376258978576438, 10.65393371053832, 10.989342361683303, 11.339280181898138, 11.776834222766023, 11.811191684250128, 12.053156959547351, 12.517826542487299, 12.753125611625576, 12.988364618961421, 13.282989557243658, 13.55131327354229, 13.823999178627885, 14.064003629965933, 14.291509412265322, 14.733245996172963, 15.087490242705872, 15.485228547189719, 15.889793499775072, 16.299530393555234, 16.64349733350935, 17.105573956305715, 17.583380973953542, 18.062389448125025, 18.55178160979449, 19.041397326593604, 19.53621397450111, 19.8144074689503, 20.10018908657187, 20.28859972093779, 20.646175781650232, 21.119831048326414, 21.577903872169113, 21.89890495398932, 22.207247174708293, 22.69471926982557, 23.18328159765071
1MXTa.pdb, 25, 25, 0.0035434550122964608, 5.642653035633004, 0.6254115899926322, -, -, -, 2.2353883357109505, 51.82363726689072, , length, 0.0, 0.5, 1.0, 1.5, 2.0, 2.5, 3.0, 3.5, 4.0, 4.5, 5.0, 5.5, 6.0, 6.5, 7.0, 7.5, 8.0, 8.5, 9.0, 9.5, 10.0, 10.5, 11.0, 11.5, 12.0, 12.5, 13.0, 13.5, 14.0, 14.5, 15.0, 15.5, 16.0, 16.5, 17.0, 17.5, 18.0, 18.5, 19.0, 19.5, 20.0, 20.5, 21.0, 21.5, 22.0, 22.5, 23.0, 23.5, 24.0, 24.5, 25.0, 25.5, 26.0, 26.5, 27.0, 27.5, 28.0, 28.5, 29.0, 29.5, 30.0, 30.5, 31.0, 31.5, 32.0, 32.5, 33.0, 33.5, 34.0, 34.5, 35.0, 35.5, 36.0, 36.5, 37.0, 37.5, 38.0, 38.5, 39.0, 39.5, 40.0, 40.5, 41.0, 41.5, 42.0, 42.5, 43.0, 43.5, 44.0, 44.5, 45.0, 45.5, 46.0, 46.5, 47.0, 47.5, 48.0, 48.5, 49.0, 49.5, 50.0, 50.5, 51.0, 51.5, 52.0, 52.5, 53.0, 53.5, 54.0
1MXTa.pdb, 25, 25, 0.0035434550122964608, 5.642653035633004, 0.6254115899926322, -, -, -, 2.2353883357109505, 51.82363726689072, , R, 2.500215792498871, 2.5959603847013746, 2.73875137879819, 2.8546007350798837, 2.9005942718947075, 2.815309958971733, 2.7644278646527516, 2.58523428140715, 2.211673179875791, 1.8742526258308183, 1.5861343342652334, 1.3639929504028407, 1.2260204390852432, 1.1868578700884653, 1.1282427023619703, 0.9956394310455206, 0.933932430139196, 0.7853614751560376, 0.7569498607955549, 0.7906550553191718, 0.8371138336844328, 0.9096379036477729, 0.8735335995155695, 0.9483127093992694, 0.874052222512091, 0.810840304267, 0.8679977922632436, 0.9198663780031373, 0.8908820335307774, 0.8864035642055581, 0.9987205341556067, 1.2115688134294176, 1.3543345276398318, 1.241991021062218, 1.1453986587734117, 1.0181672325542446, 0.8955358041224202, 0.8647540047282967, 0.8754393363789028, 0.94956280003066, 0.8824305283829792, 0.8711767204682321, 0.721126265365676, 0.671250047729685, 0.6621360806033587, 0.6894809505008921, 0.7630826402676265, 0.8045695865528277, 0.7748413183025205, 0.7846391642304427, 0.8400574932780474, 0.862768117159695, 0.6951127028413939, 0.6514567258704902, 0.6502596575229183, 0.6724220968864729, 0.6614648378258492, 0.6784070411603245, 0.6843360716260587, 0.7435190391095421, 0.9118179369390991, 1.0025190086653246, 1.0154349834907823, 1.010193281639238, 0.9404099448871654, 0.9467091049837302, 0.8981394140724095, 0.7685040979673488, 0.6596939438000011, 0.6819975413104411, 0.7951207960200193, 0.8130644502047459, 0.7131248738788936, 0.7208261718874707, 0.7284286436801102, 0.8539168823195566, 0.9898983915598472, 1.0517333089630576, 1.0776441711111937, 1.0676570772500849, 1.080327575386064, 0.969379593452586, 0.775248792418622, 0.6521075334944992, 0.6496642334897975, 0.7245399643701897, 0.8257762937064144, 0.8440273963222424, 0.8115547513318304, 0.7383686663009399, 0.8017152718971647, 0.9821703257293526, 1.2192662791755502, 1.0075289153952387, 0.8594965887230253, 0.827281057381408, 0.8345890481755689, 0.8851850164909496, 0.9936520440208734, 0.9633131581706535, 0.90502481037507, 0.8426759041218836, 0.7623881787031093, 0.778334968125119, 0.8280196987993642, 0.7348692822159142, 0.731612747629806, 0.6304688621697707, 0.6610439146626426
1MXTa.pdb, 25, 25, 0.0035434550122964608, 5.642653035633004, 0.6254115899926322, -, -, -, 2.2353883357109505, 51.82363726689072, , Upper limit of R overestimation, -, -, -, -, -, -, -, -, -, -, -, -, -, -, -, -, -, -, -, -, -, -, -, -, -, -, -, -, -, -, -, -, -, -, -, -, -, -, -, -, -, -, -, -, -, -, -, -, -, -, -, -, -, -, -, -, -, -, -, -, -, -, -, -, -, -, -, -, -, -, -, -, -, -, -, -, -, -, -, -, -, -, -, -, -, -, -, -, -, -, -, -, -, -, -, -, -, -, -, -, -, -, -, -, -, -, -, -, -
